,left_rutting,right_rutting,avg_rutting,event_start,event_end,survey_code,rut_point_x,rut_point_y,iri left (m/km),iri right (m/km),iri,iri_lane,chainage,max_chainage,min_chainage,pic_count,frame_num,frame_num_ch
0,2.08,0.03,1.06,0,5,20240726RUN02,13.85304028354161,100.44380158132739,3.865406539264777,3.4828627603501685,3.6741346498074727,3.5099850461120052,0,6180,0,880,,
1,1.21,0.0,0.6,5,10,20240726RUN02,13.852995888056395,100.44381023000214,3.865406539264777,3.4828627603501685,3.6741346498074727,3.3557482153516767,5,6180,0,880,1,7.0
2,1.95,0.0,0.98,10,15,20240726RUN02,13.852951440434422,100.44381859289754,3.865406539264777,3.4828627603501685,3.6741346498074727,3.7085485219386682,10,6180,0,880,2,14.0
3,1.69,0.0,0.84,15,20,20240726RUN02,13.852906914273223,100.44382650560011,3.865406539264777,3.4828627603501685,3.6741346498074727,4.035523891224493,15,6180,0,880,,
4,2.73,0.04,1.38,20,25,20240726RUN02,13.852862297709654,100.44383386464293,3.547611056116506,3.629723586448253,3.5886673212823794,3.7095514958464153,20,6180,0,880,3,22.0
5,2.68,0.09,1.38,25,30,20240726RUN02,13.852817578271644,100.44384053707677,3.547611056116506,3.629723586448253,3.5886673212823794,3.3585817916745,25,6180,0,880,4,29.0
6,2.29,0.0,1.14,30,35,20240726RUN02,13.85277275869537,100.44384646329635,3.547611056116506,3.629723586448253,3.5886673212823794,3.381753756038706,30,6180,0,880,,
7,2.38,0.0,1.19,35,40,20240726RUN02,13.852727845148072,100.44385159083728,3.547611056116506,3.629723586448253,3.5886673212823794,3.9202830218391025,35,6180,0,880,5,36.0
8,1.5,0.0,0.75,40,45,20240726RUN02,13.852682866203637,100.44385608107295,3.097305452524143,3.022079386010456,3.059692419267299,2.9856356999391114,40,6180,0,880,6,43.0
9,3.24,0.02,1.63,45,50,20240726RUN02,13.852637860805169,100.44386028656974,3.097305452524143,3.022079386010456,3.059692419267299,2.75427460057448,45,6180,0,880,,
10,3.32,0.12,1.72,50,55,20240726RUN02,13.85259284129585,100.4438643305818,3.097305452524143,3.022079386010456,3.059692419267299,3.248792355324598,50,6180,0,880,7,50.0
11,1.83,0.11,0.97,55,60,20240726RUN02,13.852547794550016,100.44386804146905,3.097305452524143,3.022079386010456,3.059692419267299,3.28750653805072,55,6180,0,880,8,58.0
12,1.96,0.0,0.98,60,65,20240726RUN02,13.852502709125142,100.4438712208596,4.105207947256428,3.3772046963093,3.741206321782864,3.905382651399302,60,6180,0,880,,
13,3.1,0.0,1.55,65,70,20240726RUN02,13.852457592145454,100.44387389281685,4.105207947256428,3.3772046963093,3.741206321782864,3.4784479554059424,65,6180,0,880,9,65.0
14,4.27,0.0,2.13,70,75,20240726RUN02,13.852412462656087,100.44387633671104,4.105207947256428,3.3772046963093,3.741206321782864,3.808917987145657,70,6180,0,880,10,72.0
15,1.69,0.0,0.84,75,80,20240726RUN02,13.852367336415364,100.44387884224432,4.105207947256428,3.3772046963093,3.741206321782864,3.7177861559336574,75,6180,0,880,11,79.0
16,2.04,0.0,1.02,80,85,20240726RUN02,13.852322219674766,100.4438815209843,2.856758524703284,2.991037715175761,2.9238981199395226,2.957693351288354,80,6180,0,880,,
17,1.6,0.06,0.83,85,90,20240726RUN02,13.852277112099785,100.44388435685407,2.856758524703284,2.991037715175761,2.9238981199395226,2.7586666906095805,85,6180,0,880,12,87.0
18,1.47,0.0,0.74,90,95,20240726RUN02,13.852232009990903,100.44388728264697,2.856758524703284,2.991037715175761,2.9238981199395226,3.21476045999036,90,6180,0,880,13,94.0
19,4.16,0.36,2.26,95,100,20240726RUN02,13.852186911021505,100.44389025868941,2.856758524703284,2.991037715175761,2.9238981199395226,2.969982461281558,95,6180,0,880,,
20,3.32,0.02,1.67,100,105,20240726RUN02,13.85214181661213,100.44389330623052,3.510839565936596,3.3710786296403863,3.4409590977884914,3.412086117454946,100,6180,0,880,14,101.0
21,3.27,0.0,1.64,105,110,20240726RUN02,13.852096718520079,100.44389629538983,3.510839565936596,3.3710786296403863,3.4409590977884914,3.7376067080523314,105,6180,0,880,15,108.0
22,2.36,0.0,1.18,110,115,20240726RUN02,13.85205159160522,100.44389877967905,3.510839565936596,3.3710786296403863,3.4409590977884914,3.4550219156513253,110,6180,0,880,,
23,1.45,0.0,0.72,115,120,20240726RUN02,13.852006430523643,100.44390049507977,3.510839565936596,3.3710786296403863,3.4409590977884914,3.4369046798981686,115,6180,0,880,16,115.0
24,0.85,0.0,0.42,120,125,20240726RUN02,13.85196125489248,100.44390176243395,2.151149890683065,2.561596956347516,2.3563734235152904,2.449563596075017,120,6180,0,880,17,123.0
25,0.03,0.0,0.02,125,130,20240726RUN02,13.85191608398857,100.44390319151988,2.151149890683065,2.561596956347516,2.3563734235152904,2.1845065650385775,125,6180,0,880,,
26,0.24,0.0,0.12,130,135,20240726RUN02,13.851870930920315,100.44390511877391,2.151149890683065,2.561596956347516,2.3563734235152904,2.208244394318119,130,6180,0,880,18,130.0
27,0.48,0.0,0.24,135,140,20240726RUN02,13.851825804126767,100.443907610242,2.151149890683065,2.561596956347516,2.3563734235152904,2.4312458033321507,135,6180,0,880,19,137.0
28,0.42,0.0,0.21,140,145,20240726RUN02,13.851780705450286,100.44391058837239,2.446332920019519,1.9753593322250984,2.2108461261223087,2.1409847386704937,140,6180,0,880,20,144.0
29,0.84,0.0,0.42,145,150,20240726RUN02,13.851735631212799,100.44391393246532,2.446332920019519,1.9753593322250984,2.2108461261223087,2.057019137065243,145,6180,0,880,,
30,1.68,0.0,0.84,150,155,20240726RUN02,13.85169058620975,100.44391766575161,2.446332920019519,1.9753593322250984,2.2108461261223087,2.3238959138169153,150,6180,0,880,21,151.0
31,2.03,0.0,1.01,155,160,20240726RUN02,13.851645576550581,100.44392182193042,2.446332920019519,1.9753593322250984,2.2108461261223087,2.1881044500174744,155,6180,0,880,22,159.0
32,1.69,0.0,0.84,160,165,20240726RUN02,13.851600592445484,100.44392625949378,1.805057705288903,2.3691752014345298,2.087116453361716,2.0268060823084753,160,6180,0,880,,
33,1.54,0.0,0.77,165,170,20240726RUN02,13.851555622357255,100.4439308437103,1.805057705288903,2.3691752014345298,2.087116453361716,2.135398498811371,165,6180,0,880,23,166.0
34,1.71,0.0,0.86,170,175,20240726RUN02,13.851510659399201,100.44393550069954,1.805057705288903,2.3691752014345298,2.087116453361716,2.1576426675716207,170,6180,0,880,24,173.0
35,1.54,0.0,0.77,175,180,20240726RUN02,13.851465694135571,100.44394013422219,1.805057705288903,2.3691752014345298,2.087116453361716,2.060661841279556,175,6180,0,880,,
36,1.18,0.0,0.59,180,185,20240726RUN02,13.851420709714354,100.44394456806984,2.071429872987615,2.9801079598450144,2.5257689164163146,2.3945894233908236,180,6180,0,880,25,180.0
37,1.63,0.0,0.82,185,190,20240726RUN02,13.851375697642379,100.4439486973693,2.071429872987615,2.9801079598450144,2.5257689164163146,2.4727409712457864,185,6180,0,880,26,187.0
38,2.23,0.0,1.12,190,195,20240726RUN02,13.851330661308069,100.44395253980558,2.071429872987615,2.9801079598450144,2.5257689164163146,2.4634113956265242,190,6180,0,880,,
39,1.93,0.0,0.96,195,200,20240726RUN02,13.851285603806362,100.44395611298575,2.071429872987615,2.9801079598450144,2.5257689164163146,2.7662422796873414,195,6180,0,880,27,195.0
40,1.89,0.0,0.94,200,205,20240726RUN02,13.851240529718412,100.44395946024393,3.0263365150985666,2.042154610613609,2.534245562856088,2.4441107148202503,200,6180,0,880,28,202.0
41,1.83,0.0,0.92,205,210,20240726RUN02,13.851195440792182,100.44396259075421,3.0263365150985666,2.042154610613609,2.534245562856088,2.539914677884809,205,6180,0,880,29,209.0
42,1.86,0.0,0.93,210,215,20240726RUN02,13.851150328697388,100.44396534688286,3.0263365150985666,2.042154610613609,2.534245562856088,2.6864393833028575,210,6180,0,880,,
43,1.02,0.0,0.51,215,220,20240726RUN02,13.851105184369747,100.4439674734205,3.0263365150985666,2.042154610613609,2.534245562856088,2.636294738856959,215,6180,0,880,30,216.0
44,0.59,0.0,0.3,220,225,20240726RUN02,13.851060010876264,100.44396879729857,2.9131710714919405,2.095995175554725,2.5045831235233327,2.336636469777639,220,6180,0,880,31,224.0
45,2.1,0.0,1.05,225,230,20240726RUN02,13.85101482161858,100.44396931842576,2.9131710714919405,2.095995175554725,2.5045831235233327,2.5941070169347507,225,6180,0,880,,
46,2.17,0.0,1.08,230,235,20240726RUN02,13.850969629265341,100.44396923315419,2.9131710714919405,2.095995175554725,2.5045831235233327,2.6894322378816704,230,6180,0,880,32,231.0
47,2.2,0.0,1.1,235,240,20240726RUN02,13.850924439047484,100.4439687653048,2.9131710714919405,2.095995175554725,2.5045831235233327,2.4364551375269166,235,6180,0,880,33,238.0
48,0.95,0.0,0.48,240,245,20240726RUN02,13.850879254645587,100.44396789454882,2.66771521808695,2.899286747420988,2.783500982753969,2.763230085291459,240,6180,0,880,,
49,1.41,0.0,0.7,245,250,20240726RUN02,13.850834080877156,100.44396656331413,2.66771521808695,2.899286747420988,2.783500982753969,2.751379991935401,245,6180,0,880,34,245.0
50,0.61,0.0,0.3,250,255,20240726RUN02,13.850788916378033,100.44396493295208,2.66771521808695,2.899286747420988,2.783500982753969,2.9394472685761706,250,6180,0,880,35,252.0
51,0.77,0.0,0.38,255,260,20240726RUN02,13.85074375955509,100.44396309332836,2.66771521808695,2.899286747420988,2.783500982753969,2.5309783745858057,255,6180,0,880,,
52,0.43,0.0,0.22,260,265,20240726RUN02,13.85069861157004,100.44396103871276,2.3565217219930776,2.1494371113668618,2.2529794166799695,2.4076724128684495,260,6180,0,880,36,260.0
53,0.19,0.0,0.1,265,270,20240726RUN02,13.850653473316962,100.44395877142856,2.3565217219930776,2.1494371113668618,2.2529794166799695,2.293361789435914,265,6180,0,880,37,267.0
54,0.23,0.0,0.12,270,275,20240726RUN02,13.850608343798365,100.44395632833353,2.3565217219930776,2.1494371113668618,2.2529794166799695,2.0998942049542997,270,6180,0,880,38,274.0
55,0.85,0.0,0.42,275,280,20240726RUN02,13.850563219406135,100.44395378762036,2.3565217219930776,2.1494371113668618,2.2529794166799695,2.0904325255326275,275,6180,0,880,,
56,1.34,0.0,0.67,280,285,20240726RUN02,13.850518101931788,100.44395112185204,2.657813850039807,3.3350448863569917,2.9964293681983993,2.866749531052535,280,6180,0,880,39,281.0
57,0.72,0.0,0.36,285,290,20240726RUN02,13.850472998521392,100.44394821792395,2.657813850039807,3.3350448863569917,2.9964293681983993,2.8523188537315467,285,6180,0,880,40,288.0
58,2.84,0.0,1.42,290,295,20240726RUN02,13.850427908361803,100.44394510526384,2.657813850039807,3.3350448863569917,2.9964293681983993,3.1167798546631538,290,6180,0,880,,
59,0.36,0.0,0.18,295,300,20240726RUN02,13.8503828222343,100.44394193173301,2.657813850039807,3.3350448863569917,2.9964293681983993,3.001124551260023,295,6180,0,880,41,296.0
60,0.73,0.0,0.36,300,305,20240726RUN02,13.850337733745924,100.44393879353926,2.8484932696763208,3.4066172685949927,3.127555269135657,3.2332431437735862,300,6180,0,880,42,303.0
61,1.03,0.0,0.52,305,310,20240726RUN02,13.850292636152187,100.4439357967056,2.8484932696763208,3.4066172685949927,3.127555269135657,3.3825569115132734,305,6180,0,880,,
62,1.39,0.0,0.7,310,315,20240726RUN02,13.850247513595127,100.44393322647053,2.8484932696763208,3.4066172685949927,3.127555269135657,3.275054985675263,310,6180,0,880,43,310.0
63,0.6,0.0,0.3,315,320,20240726RUN02,13.850202366330326,100.443931158814,2.8484932696763208,3.4066172685949927,3.127555269135657,2.8358962004975283,315,6180,0,880,44,317.0
64,0.87,0.0,0.44,320,325,20240726RUN02,13.850157204979297,100.4439294404202,4.939829422012081,3.251696722051731,4.095763072031906,3.8203105994837787,320,6180,0,880,,
65,0.63,0.0,0.32,325,330,20240726RUN02,13.850112036465896,100.4439279307375,4.939829422012081,3.251696722051731,4.095763072031906,3.9824966935009902,325,6180,0,880,45,325.0
66,0.75,0.0,0.38,330,335,20240726RUN02,13.850066866869858,100.44392645469519,4.939829422012081,3.251696722051731,4.095763072031906,4.416732183912885,330,6180,0,880,46,332.0
67,2.83,0.0,1.42,335,340,20240726RUN02,13.850021702755082,100.44392481424767,4.939829422012081,3.251696722051731,4.095763072031906,4.172864192256103,335,6180,0,880,47,339.0
68,2.52,0.0,1.26,340,345,20240726RUN02,13.849976554138092,100.44392278091387,6.052585615075358,4.796384503257629,5.424485059166494,4.902445481004479,340,6180,0,880,,
69,2.17,0.0,1.08,345,350,20240726RUN02,13.849931448174898,100.443919936484,6.052585615075358,4.796384503257629,5.424485059166494,5.648393226790088,345,6180,0,880,48,346.0
70,2.63,0.0,1.32,350,355,20240726RUN02,13.849886435997206,100.44391582860236,6.052585615075358,4.796384503257629,5.424485059166494,5.7775314805843205,350,6180,0,880,49,353.0
71,3.19,0.68,1.94,355,360,20240726RUN02,13.849841595648298,100.44391009283866,6.052585615075358,4.796384503257629,5.424485059166494,5.342225676574627,355,6180,0,880,,
72,2.49,0.0,1.25,360,365,20240726RUN02,13.849797067315313,100.44390221917243,11.194308633088214,9.128670952124311,10.161489792606263,10.664313691004798,360,6180,0,880,50,361.0
73,1.86,1.5,1.68,365,370,20240726RUN02,13.84975301651273,100.4438919195774,11.194308633088214,9.128670952124311,10.161489792606263,10.379311426707018,365,6180,0,880,51,368.0
74,2.2,2.09,2.14,370,375,20240726RUN02,13.849709686973585,100.44387880084778,11.194308633088214,9.128670952124311,10.161489792606263,9.916036000423583,370,6180,0,880,,
75,4.85,4.08,4.46,375,380,20240726RUN02,13.84966673510254,100.44386442042972,11.194308633088214,9.128670952124311,10.161489792606263,9.448396459927164,375,6180,0,880,52,375.0
76,0.21,9.29,4.75,380,385,20240726RUN02,13.849622684882307,100.44385443095467,9.519646601016348,15.146543882359406,12.333095241687877,13.426554691358344,380,6180,0,880,53,382.0
77,2.34,0.77,1.56,385,390,20240726RUN02,13.849577821552664,100.443857373417,9.519646601016348,15.146543882359406,12.333095241687877,12.027835568547463,385,6180,0,880,54,389.0
78,3.9,0.0,1.95,390,395,20240726RUN02,13.849537132645732,100.44387691197953,9.519646601016348,15.146543882359406,12.333095241687877,12.20813159938991,390,6180,0,880,,
79,4.08,0.0,2.04,395,400,20240726RUN02,13.849504819228327,100.44390901190762,9.519646601016348,15.146543882359406,12.333095241687877,11.607666296930592,395,6180,0,880,55,397.0
80,3.9,0.0,1.95,400,405,20240726RUN02,13.849480010596768,100.44394762241357,3.671420707259813,3.271595778401421,3.471508242830617,3.3773657310087692,400,6180,0,880,56,404.0
81,4.16,0.0,2.08,405,410,20240726RUN02,13.84945875306435,100.44398843229146,3.671420707259813,3.271595778401421,3.471508242830617,3.2731773909951136,405,6180,0,880,,
82,2.93,0.0,1.46,410,415,20240726RUN02,13.849438776490151,100.44402991962046,3.671420707259813,3.271595778401421,3.471508242830617,3.7510447459901144,410,6180,0,880,57,411.0
83,3.2,0.1,1.65,415,420,20240726RUN02,13.849419205364294,100.44407160944247,3.671420707259813,3.271595778401421,3.471508242830617,3.6713830778437084,415,6180,0,880,58,418.0
84,2.72,0.0,1.36,420,425,20240726RUN02,13.849399755056266,100.44411335850022,3.351976798046972,3.228432942616786,3.290204870331879,3.263725731495004,420,6180,0,880,,
85,2.85,0.28,1.56,425,430,20240726RUN02,13.849380242006497,100.44415507686446,3.351976798046972,3.228432942616786,3.290204870331879,3.159064846330647,425,6180,0,880,59,425.0
86,4.72,0.0,2.36,430,435,20240726RUN02,13.849360560211878,100.44419671204665,3.351976798046972,3.228432942616786,3.290204870331879,3.446968637116522,430,6180,0,880,60,433.0
87,5.83,0.0,2.92,435,440,20240726RUN02,13.849340621206192,100.44423821884747,3.351976798046972,3.228432942616786,3.290204870331879,3.39489228720762,435,6180,0,880,,
88,6.05,0.0,3.02,440,445,20240726RUN02,13.84932048670501,100.44427962674209,2.6764693813203526,2.6918683291456658,2.6841688552330094,2.7235016087910555,440,6180,0,880,61,440.0
89,5.47,0.0,2.74,445,450,20240726RUN02,13.849300310538831,100.4443210134018,2.6764693813203526,2.6918683291456658,2.6841688552330094,2.5450230225271766,445,6180,0,880,62,447.0
90,2.94,0.0,1.47,450,455,20240726RUN02,13.849280181788139,100.44436242422303,2.6764693813203526,2.6918683291456658,2.6841688552330094,2.8786739543422946,450,6180,0,880,63,454.0
91,3.33,0.07,1.7,455,460,20240726RUN02,13.84926017945489,100.44440389912444,2.6764693813203526,2.6918683291456658,2.6841688552330094,2.5691268487424654,455,6180,0,880,,
92,3.22,0.0,1.61,460,465,20240726RUN02,13.849240334135173,100.4444454529707,2.515375498915831,2.590933978704485,2.553154738810158,2.4096121003452664,460,6180,0,880,64,462.0
93,1.83,0.04,0.94,465,470,20240726RUN02,13.849220555713092,100.44448704022601,2.515375498915831,2.590933978704485,2.553154738810158,2.559471312183748,465,6180,0,880,65,469.0
94,2.27,0.1,1.18,470,475,20240726RUN02,13.849200808290796,100.44452864290237,2.515375498915831,2.590933978704485,2.553154738810158,2.6044519519352463,470,6180,0,880,,
95,2.74,0.09,1.42,475,480,20240726RUN02,13.849181156510454,100.44457029297081,2.515375498915831,2.590933978704485,2.553154738810158,2.6968290397320263,475,6180,0,880,66,476.0
96,3.0,0.04,1.52,480,485,20240726RUN02,13.849161611139131,100.44461199544969,4.154842023561736,2.812250911438527,3.4835464675001315,3.648771171410988,480,6180,0,880,67,483.0
97,2.87,0.01,1.44,485,490,20240726RUN02,13.849142116016168,100.4446537225626,4.154842023561736,2.812250911438527,3.4835464675001315,3.3268941174471762,485,6180,0,880,,
98,2.66,0.0,1.33,490,495,20240726RUN02,13.849122607218753,100.44469544298032,4.154842023561736,2.812250911438527,3.4835464675001315,3.6678543140946704,490,6180,0,880,68,490.0
99,3.93,0.0,1.96,495,500,20240726RUN02,13.849103100967762,100.44473716465207,4.154842023561736,2.812250911438527,3.4835464675001315,3.517839032104096,495,6180,0,880,69,498.0
100,4.48,0.0,2.24,500,505,20240726RUN02,13.849083569328343,100.4447788738634,3.549816420024374,3.645236696925413,3.597526558474893,3.863362711270426,500,6180,0,880,,
101,3.06,0.02,1.54,505,510,20240726RUN02,13.849063965047822,100.44482054735093,3.549816420024374,3.645236696925413,3.597526558474893,3.6352798346395088,505,6180,0,880,70,505.0
102,3.04,0.0,1.52,510,515,20240726RUN02,13.8490443633838,100.44486222213676,3.549816420024374,3.645236696925413,3.597526558474893,3.3810224775484237,510,6180,0,880,71,512.0
103,1.04,0.0,0.52,515,520,20240726RUN02,13.849024854619152,100.44490394254025,3.549816420024374,3.645236696925413,3.597526558474893,3.445784554352048,515,6180,0,880,72,519.0
104,1.98,0.0,0.99,520,525,20240726RUN02,13.849005430500453,100.44494570430545,5.596521322826516,2.934254304852057,4.265387813839286,4.55319570198966,520,6180,0,880,,
105,3.0,0.0,1.5,525,530,20240726RUN02,13.84898604831562,100.44498748645735,5.596521322826516,2.934254304852057,4.265387813839286,4.150418211798673,525,6180,0,880,73,526.0
106,4.24,0.0,2.12,530,535,20240726RUN02,13.848966758117788,100.445029313171,5.596521322826516,2.934254304852057,4.265387813839286,4.340168221511958,530,6180,0,880,74,534.0
107,2.59,0.12,1.36,535,540,20240726RUN02,13.848947557899525,100.44507118321398,5.596521322826516,2.934254304852057,4.265387813839286,3.953652061598659,535,6180,0,880,,
108,0.31,0.0,0.16,540,545,20240726RUN02,13.848928462254511,100.44511310331872,2.66006087920893,3.678186414779104,3.1691236469940174,2.9707048322333396,540,6180,0,880,75,541.0
109,0.11,0.0,0.06,545,550,20240726RUN02,13.848909473849675,100.44515507442432,2.66006087920893,3.678186414779104,3.1691236469940174,3.049237300966638,545,6180,0,880,76,548.0
110,0.86,0.0,0.43,550,555,20240726RUN02,13.848890494398873,100.44519704977243,2.66006087920893,3.678186414779104,3.1691236469940174,3.2126747824377717,550,6180,0,880,,
111,1.0,0.14,0.57,555,560,20240726RUN02,13.848871519885153,100.44523902744389,2.66006087920893,3.678186414779104,3.1691236469940174,3.4142414071222316,555,6180,0,880,77,555.0
112,1.04,0.01,0.52,560,565,20240726RUN02,13.848852502894992,100.44528098496693,3.10279787004923,3.10651123474517,3.1046545523972,3.0768085530646814,560,6180,0,880,78,562.0
113,1.05,0.05,0.55,565,570,20240726RUN02,13.848833373851743,100.44532288909592,3.10279787004923,3.10651123474517,3.1046545523972,2.8138887024070285,565,6180,0,880,,
114,0.38,0.0,0.19,570,575,20240726RUN02,13.848814170374975,100.4453647575647,3.10279787004923,3.10651123474517,3.1046545523972,3.3349919244081505,570,6180,0,880,79,570.0
115,1.67,0.01,0.84,575,580,20240726RUN02,13.84879497133108,100.44540662816621,3.10279787004923,3.10651123474517,3.1046545523972,3.3663497812085668,575,6180,0,880,80,577.0
116,0.72,0.0,0.36,580,585,20240726RUN02,13.848775821432646,100.44544852231964,3.845132512362396,3.8535470983113855,3.849339805336891,4.18246534667855,580,6180,0,880,81,584.0
117,0.52,0.08,0.3,585,590,20240726RUN02,13.848756690562341,100.44549042558863,3.845132512362396,3.8535470983113855,3.849339805336891,4.097871408463828,585,6180,0,880,,
118,0.94,0.0,0.47,590,595,20240726RUN02,13.848737553068519,100.44553232568512,3.845132512362396,3.8535470983113855,3.849339805336891,3.4771135530793074,590,6180,0,880,82,591.0
119,1.33,0.0,0.66,595,600,20240726RUN02,13.848718372101414,100.44557420494655,3.845132512362396,3.8535470983113855,3.849339805336891,3.816839436548725,595,6180,0,880,83,599.0
120,1.15,0.0,0.57,600,605,20240726RUN02,13.848699165557505,100.44561607193926,3.279951652836104,3.4023644576283294,3.3411580552322167,3.6198192337905386,600,6180,0,880,,
121,0.88,0.0,0.44,605,610,20240726RUN02,13.848680028254844,100.4456579720943,3.279951652836104,3.4023644576283294,3.3411580552322167,3.2229577516645858,605,6180,0,880,84,606.0
122,1.36,0.02,0.69,610,615,20240726RUN02,13.848661009930169,100.44569992893842,3.279951652836104,3.4023644576283294,3.3411580552322167,3.3570442939914424,610,6180,0,880,85,613.0
123,0.39,0.0,0.2,615,620,20240726RUN02,13.848642081694642,100.44574192843983,3.279951652836104,3.4023644576283294,3.3411580552322167,3.3888079156626825,615,6180,0,880,,
124,0.07,0.0,0.04,620,625,20240726RUN02,13.84862325559382,100.44578397598693,2.627472506256874,3.205079526985968,2.916276016621421,2.7387294374157882,620,6180,0,880,86,620.0
125,0.05,0.0,0.02,625,630,20240726RUN02,13.848604560026045,100.44582608450793,2.627472506256874,3.205079526985968,2.916276016621421,3.0791990919734893,625,6180,0,880,87,627.0
126,0.36,0.0,0.18,630,635,20240726RUN02,13.848585941832484,100.4458682289411,2.627472506256874,3.205079526985968,2.916276016621421,2.8223184583007797,630,6180,0,880,,
127,0.59,0.18,0.38,635,640,20240726RUN02,13.848567384861209,100.44591040162426,2.627472506256874,3.205079526985968,2.916276016621421,2.942772607263779,635,6180,0,880,88,635.0
128,0.25,0.0,0.12,640,645,20240726RUN02,13.84854888581229,100.44595260095055,2.507415486941369,3.34124282399366,2.9243291554675146,2.8405449996785563,640,6180,0,880,89,642.0
129,0.2,0.0,0.1,645,650,20240726RUN02,13.84853038586586,100.44599479986942,2.507415486941369,3.34124282399366,2.9243291554675146,2.7549203213147493,645,6180,0,880,90,649.0
130,0.67,0.0,0.34,650,655,20240726RUN02,13.84851195028392,100.44603702824371,2.507415486941369,3.34124282399366,2.9243291554675146,3.2093510643427314,650,6180,0,880,,
131,0.62,0.0,0.31,655,660,20240726RUN02,13.848493692078991,100.44607933724284,2.507415486941369,3.34124282399366,2.9243291554675146,2.7985053069244725,655,6180,0,880,91,656.0
132,0.18,0.04,0.11,660,665,20240726RUN02,13.848475551702933,100.44612169932999,3.318304099909513,3.8028208792806737,3.5605624895950934,3.313745621420593,660,6180,0,880,92,663.0
133,1.01,0.09,0.55,665,670,20240726RUN02,13.848457439272684,100.4461640739405,3.318304099909513,3.8028208792806737,3.5605624895950934,3.3826282989270924,665,6180,0,880,,
134,0.99,0.0,0.5,670,675,20240726RUN02,13.848439367852299,100.44620646687719,3.318304099909513,3.8028208792806737,3.5605624895950934,3.726712913351035,670,6180,0,880,93,671.0
135,1.14,0.0,0.57,675,680,20240726RUN02,13.848421334316837,100.44624887671851,3.318304099909513,3.8028208792806737,3.5605624895950934,3.6282999624974126,675,6180,0,880,94,678.0
136,2.33,0.17,1.25,680,685,20240726RUN02,13.848403311397451,100.44629129127566,3.769759725724877,5.272310579545119,4.5210351526349974,4.587719251605029,680,6180,0,880,,
137,1.27,0.0,0.64,685,690,20240726RUN02,13.848385268263073,100.44633369681654,3.769759725724877,5.272310579545119,4.5210351526349974,4.19667092510479,685,6180,0,880,95,685.0
138,1.67,0.76,1.21,690,695,20240726RUN02,13.848367138883502,100.44637606381488,3.769759725724877,5.272310579545119,4.5210351526349974,4.582627477003422,690,6180,0,880,96,692.0
139,1.49,0.12,0.8,695,700,20240726RUN02,13.848349010731859,100.44641843134342,3.769759725724877,5.272310579545119,4.5210351526349974,4.46608996110218,695,6180,0,880,97,699.0
140,2.26,0.26,1.26,700,705,20240726RUN02,13.84833097416238,100.4464608398078,4.023146102262897,4.166016805037035,4.094581453649966,4.301689656108766,700,6180,0,880,,
141,2.35,0.24,1.3,705,710,20240726RUN02,13.848312969177588,100.44650326234867,4.023146102262897,4.166016805037035,4.094581453649966,4.035224433939216,705,6180,0,880,98,707.0
142,2.17,0.04,1.1,710,715,20240726RUN02,13.848295021973216,100.44654571052249,4.023146102262897,4.166016805037035,4.094581453649966,4.455296336628412,710,6180,0,880,99,714.0
143,1.17,0.18,0.68,715,720,20240726RUN02,13.848277170809554,100.44658820108413,4.023146102262897,4.166016805037035,4.094581453649966,3.7795420996324003,715,6180,0,880,,
144,1.77,0.57,1.17,720,725,20240726RUN02,13.848259443048992,100.4466307457225,3.6316847284382527,3.602249579490758,3.6169671539645054,3.8352530618274643,720,6180,0,880,100,721.0
145,2.3,0.18,1.24,725,730,20240726RUN02,13.848241787781417,100.4466733219725,3.6316847284382527,3.602249579490758,3.6169671539645054,3.259065208491315,725,6180,0,880,101,728.0
146,1.94,0.01,0.98,730,735,20240726RUN02,13.848224020453575,100.44671584932237,3.6316847284382527,3.602249579490758,3.6169671539645054,3.6200992678100574,730,6180,0,880,,
147,1.25,0.0,0.62,735,740,20240726RUN02,13.84820597667014,100.44675825449954,3.6316847284382527,3.602249579490758,3.6169671539645054,3.577580374426677,735,6180,0,880,102,736.0
148,1.28,0.0,0.64,740,745,20240726RUN02,13.84818760712198,100.4468005129844,2.7752150323394726,3.161626814937554,2.9684209236385133,2.767440156771534,740,6180,0,880,103,743.0
149,2.05,0.0,1.02,745,750,20240726RUN02,13.848169019336277,100.44684267148183,2.7752150323394726,3.161626814937554,2.9684209236385133,3.054177342336086,745,6180,0,880,,
150,1.58,0.0,0.79,750,755,20240726RUN02,13.848150347973993,100.44688479131491,2.7752150323394726,3.161626814937554,2.9684209236385133,3.1614765213099822,750,6180,0,880,104,750.0
151,1.96,0.0,0.98,755,760,20240726RUN02,13.848131601010278,100.44692687596775,2.7752150323394726,3.161626814937554,2.9684209236385133,2.9789525633883227,755,6180,0,880,105,757.0
152,1.39,0.02,0.7,760,765,20240726RUN02,13.848112775620987,100.44696892393796,3.0302616858994127,2.9391529605399693,2.9847073232196912,2.78584389363136,760,6180,0,880,106,764.0
153,0.78,0.0,0.39,765,770,20240726RUN02,13.848093875169784,100.44701093663367,3.0302616858994127,2.9391529605399693,2.9847073232196912,2.936075541494264,765,6180,0,880,,
154,1.03,0.35,0.69,770,775,20240726RUN02,13.848074856560496,100.44705289342734,3.0302616858994127,2.9391529605399693,2.9847073232196912,3.039989760868931,770,6180,0,880,107,772.0
155,1.07,0.01,0.54,775,780,20240726RUN02,13.848055709373288,100.44709478895271,3.0302616858994127,2.9391529605399693,2.9847073232196912,3.070080703885029,775,6180,0,880,108,779.0
156,0.96,0.0,0.48,780,785,20240726RUN02,13.848036457793553,100.447136634358,2.803748812300861,4.154183927342356,3.4789663698216087,3.663123328456288,780,6180,0,880,,
157,1.54,0.0,0.77,785,790,20240726RUN02,13.848017084830866,100.44717842104407,2.803748812300861,4.154183927342356,3.4789663698216087,3.5233830486864632,785,6180,0,880,109,786.0
158,0.85,0.0,0.42,790,795,20240726RUN02,13.847997604065652,100.44722015522431,2.803748812300861,4.154183927342356,3.4789663698216087,3.324284577521624,790,6180,0,880,110,793.0
159,1.5,0.0,0.75,795,800,20240726RUN02,13.84797805409643,100.44726185548697,2.803748812300861,4.154183927342356,3.4789663698216087,3.3277720802433284,795,6180,0,880,,
160,1.97,0.0,0.98,800,805,20240726RUN02,13.847958475321745,100.44730354159837,3.278019823538916,3.261397012756082,3.2697084181474994,3.277713409181127,800,6180,0,880,111,800.0
161,1.39,0.0,0.7,805,810,20240726RUN02,13.847938951256506,100.44734525457243,3.278019823538916,3.261397012756082,3.2697084181474994,2.998862059008211,805,6180,0,880,112,808.0
162,1.88,0.0,0.94,810,815,20240726RUN02,13.84791948938564,100.44738699798911,3.278019823538916,3.261397012756082,3.2697084181474994,3.2524346707760907,810,6180,0,880,,
163,1.37,0.0,0.68,815,820,20240726RUN02,13.847900019811515,100.4474287376373,3.278019823538916,3.261397012756082,3.2697084181474994,3.3616517955718437,815,6180,0,880,113,815.0
164,1.48,0.0,0.74,820,825,20240726RUN02,13.847880549676761,100.44747047702906,3.570084201301785,3.970384624849917,3.770234413075851,3.6168239007729346,820,6180,0,880,114,822.0
165,2.46,0.01,1.23,825,830,20240726RUN02,13.847861127919941,100.44751224003075,3.570084201301785,3.970384624849917,3.770234413075851,4.020528304574563,825,6180,0,880,115,829.0
166,1.42,0.0,0.71,830,835,20240726RUN02,13.847841771987335,100.44755403502863,3.570084201301785,3.970384624849917,3.770234413075851,3.4204427290659654,830,6180,0,880,,
167,1.43,0.0,0.72,835,840,20240726RUN02,13.847822457578216,100.44759585015488,3.570084201301785,3.970384624849917,3.770234413075851,3.8670692509030475,835,6180,0,880,116,836.0
168,2.04,0.0,1.02,840,845,20240726RUN02,13.847803108983806,100.44763764869752,2.6599462576823805,3.300615616219495,2.9802809369509378,3.1112737876074874,840,6180,0,880,117,844.0
169,1.89,0.0,0.94,845,850,20240726RUN02,13.847783691499608,100.4476794137664,2.6599462576823805,3.300615616219495,2.9802809369509378,2.7766232576147876,845,6180,0,880,,
170,1.82,0.0,0.91,850,855,20240726RUN02,13.847764195146649,100.44772114032358,2.6599462576823805,3.300615616219495,2.9802809369509378,2.9608407218572306,850,6180,0,880,118,851.0
171,2.07,0.0,1.03,855,860,20240726RUN02,13.847744602716233,100.44776281972526,2.6599462576823805,3.300615616219495,2.9802809369509378,3.208234882342415,855,6180,0,880,119,858.0
172,1.6,0.0,0.8,860,865,20240726RUN02,13.84772495891107,100.44780447379654,3.131507915577844,3.720721518936271,3.4261147172570574,3.5305949755869057,860,6180,0,880,,
173,1.75,0.0,0.88,865,870,20240726RUN02,13.847705303754909,100.4478461222424,3.131507915577844,3.720721518936271,3.4261147172570574,3.535291656935767,865,6180,0,880,120,865.0
174,1.72,0.0,0.86,870,875,20240726RUN02,13.847685644966125,100.44788776887846,3.131507915577844,3.720721518936271,3.4261147172570574,3.3143219319685553,870,6180,0,880,121,873.0
175,1.65,0.01,0.83,875,880,20240726RUN02,13.84766600463714,100.44792942463269,3.131507915577844,3.720721518936271,3.4261147172570574,3.0849679438210202,875,6180,0,880,,
176,1.33,0.0,0.66,880,885,20240726RUN02,13.847646389506451,100.44797109280184,3.3113148828189365,3.373884575558799,3.342599729188868,3.4518388777868796,880,6180,0,880,122,880.0
177,1.36,0.0,0.68,885,890,20240726RUN02,13.847626794625272,100.44801277094152,3.3113148828189365,3.373884575558799,3.342599729188868,3.4303940503357797,885,6180,0,880,123,887.0
178,1.09,0.0,0.55,890,895,20240726RUN02,13.847607214090733,100.44805445615575,3.3113148828189365,3.373884575558799,3.342599729188868,3.448770010839812,890,6180,0,880,124,894.0
179,1.35,0.0,0.68,895,900,20240726RUN02,13.84758765251885,100.44809615065724,3.3113148828189365,3.373884575558799,3.342599729188868,3.0103501222592466,895,6180,0,880,,
180,1.78,0.0,0.89,900,905,20240726RUN02,13.84756810380343,100.44813785144444,2.630171155504657,2.459466884653384,2.5448190200790206,2.456706583537865,900,6180,0,880,125,901.0
181,2.12,0.04,1.08,905,910,20240726RUN02,13.847548558712033,100.44817955397556,2.630171155504657,2.459466884653384,2.5448190200790206,2.4934923773368385,905,6180,0,880,126,909.0
182,1.75,0.0,0.88,910,915,20240726RUN02,13.84752899610382,100.44822124788851,2.630171155504657,2.459466884653384,2.5448190200790206,2.602817557362017,910,6180,0,880,,
183,1.98,0.0,0.99,915,920,20240726RUN02,13.847509414223,100.44826293230517,2.630171155504657,2.459466884653384,2.5448190200790206,2.634381845009839,915,6180,0,880,127,916.0
184,1.91,0.0,0.96,920,925,20240726RUN02,13.847489818350574,100.448304609818,3.00452422495453,3.0597338181742773,3.032129021564404,3.117689280589982,920,6180,0,880,128,923.0
185,2.06,0.0,1.03,925,930,20240726RUN02,13.847470217246393,100.44834628474638,3.00452422495453,3.0597338181742773,3.032129021564404,3.1744275755742786,925,6180,0,880,,
186,2.25,0.0,1.12,930,935,20240726RUN02,13.84745062977967,100.44838796637055,3.00452422495453,3.0597338181742773,3.032129021564404,2.820197998793194,930,6180,0,880,129,930.0
187,2.76,0.0,1.38,935,940,20240726RUN02,13.84743105258988,100.44842965302051,3.00452422495453,3.0597338181742773,3.032129021564404,3.2949695047573235,935,6180,0,880,130,937.0
188,2.07,0.01,1.04,940,945,20240726RUN02,13.84741140893467,100.44847130687559,2.872882148707667,2.797452386391438,2.8351672675495525,3.1008639522406987,940,6180,0,880,,
189,1.88,0.0,0.94,945,950,20240726RUN02,13.847391641097238,100.44851289908488,2.872882148707667,2.797452386391438,2.8351672675495525,2.882113364398246,945,6180,0,880,131,945.0
190,2.24,0.01,1.12,950,955,20240726RUN02,13.847371760837522,100.44855443514518,2.872882148707667,2.797452386391438,2.8351672675495525,2.5764951116002175,950,6180,0,880,132,952.0
191,1.16,0.0,0.58,955,960,20240726RUN02,13.8473518154217,100.44859593845229,2.872882148707667,2.797452386391438,2.8351672675495525,2.5868082052378956,955,6180,0,880,133,959.0
192,1.72,0.0,0.86,960,965,20240726RUN02,13.847331860296709,100.44863743686857,4.427084400754685,4.232509015909775,4.32979670833223,4.696763115871815,960,6180,0,880,,
193,2.31,0.0,1.16,965,970,20240726RUN02,13.847311945998225,100.44867895580173,4.427084400754685,4.232509015909775,4.32979670833223,4.538019010607535,965,6180,0,880,134,966.0
194,2.09,0.58,1.34,970,975,20240726RUN02,13.847292088304123,100.4487205030987,4.427084400754685,4.232509015909775,4.32979670833223,3.99058401576561,970,6180,0,880,135,974.0
195,0.89,0.01,0.45,975,980,20240726RUN02,13.847272283236764,100.44876207663377,4.427084400754685,4.232509015909775,4.32979670833223,3.98855393142351,975,6180,0,880,,
196,0.51,0.0,0.26,980,985,20240726RUN02,13.847252509799937,100.44880366591794,2.457661140883125,2.4887542359669323,2.4732076884250285,2.509606477012146,980,6180,0,880,136,981.0
197,0.47,0.0,0.24,985,990,20240726RUN02,13.847232736539954,100.4488452552666,2.457661140883125,2.4887542359669323,2.4732076884250285,2.3970623358728287,985,6180,0,880,137,988.0
198,0.39,0.0,0.2,990,995,20240726RUN02,13.84721299497133,100.44888686037764,2.457661140883125,2.4887542359669323,2.4732076884250285,2.6945392197038744,990,6180,0,880,,
199,1.86,0.3,1.08,995,1000,20240726RUN02,13.847193306959491,100.44892849202891,2.457661140883125,2.4887542359669323,2.4732076884250285,2.480469979114406,995,6180,0,880,138,995.0
200,2.26,0.27,1.26,1000,1005,20240726RUN02,13.847173656426403,100.44897014219937,3.3352447963684533,3.6447225220691184,3.489983659218786,3.419385590774962,1000,6180,0,880,139,1002.0
201,0.67,0.0,0.34,1005,1010,20240726RUN02,13.847154042842876,100.44901181057047,3.3352447963684533,3.6447225220691184,3.489983659218786,3.5487755913829524,1005,6180,0,880,,
202,0.16,0.03,0.1,1010,1015,20240726RUN02,13.847134432197743,100.4490534803534,3.3352447963684533,3.6447225220691184,3.489983659218786,3.301101862836787,1010,6180,0,880,140,1010.0
203,0.53,0.0,0.26,1015,1020,20240726RUN02,13.847114819554735,100.44909514915258,3.3352447963684533,3.6447225220691184,3.489983659218786,3.4680391617916286,1015,6180,0,880,141,1017.0
204,0.65,0.01,0.33,1020,1025,20240726RUN02,13.847095229562377,100.44913682909667,3.3123149816477166,3.266453920996398,3.289384451322057,2.9651496052883157,1020,6180,0,880,142,1024.0
205,0.3,0.06,0.18,1025,1030,20240726RUN02,13.847075658144188,100.44917851816025,3.3123149816477166,3.266453920996398,3.289384451322057,3.5067842349896314,1025,6180,0,880,,
206,0.7,0.02,0.36,1030,1035,20240726RUN02,13.847056067082338,100.44922019754492,3.3123149816477166,3.266453920996398,3.289384451322057,3.505887220516361,1030,6180,0,880,143,1031.0
207,0.33,0.0,0.16,1035,1040,20240726RUN02,13.847036455357664,100.44926186674917,3.3123149816477166,3.266453920996398,3.289384451322057,3.2786224716918126,1035,6180,0,880,144,1038.0
208,0.62,0.0,0.31,1040,1045,20240726RUN02,13.847016859818252,100.44930354393048,2.3520405114608374,2.466440702851738,2.4092406071562875,2.421578824573676,1040,6180,0,880,,
209,1.35,0.0,0.68,1045,1050,20240726RUN02,13.846997253454639,100.44934521575178,2.3520405114608374,2.466440702851738,2.4092406071562875,2.390023247566587,1045,6180,0,880,145,1046.0
210,0.51,0.0,0.26,1050,1055,20240726RUN02,13.846977623976967,100.4493868761744,2.3520405114608374,2.466440702851738,2.4092406071562875,2.4181806375031045,1050,6180,0,880,146,1053.0
211,0.96,0.0,0.48,1055,1060,20240726RUN02,13.846957976419201,100.44942852764564,2.3520405114608374,2.466440702851738,2.4092406071562875,2.3311131758703634,1055,6180,0,880,,
212,1.46,0.0,0.73,1060,1065,20240726RUN02,13.846938295066373,100.44947016239846,3.45644607174692,4.1973118063106245,3.8268789390287723,3.9196029296184687,1060,6180,0,880,147,1060.0
213,1.26,0.0,0.63,1065,1070,20240726RUN02,13.84691858316854,100.44951178202125,3.45644607174692,4.1973118063106245,3.8268789390287723,3.5099414850938593,1065,6180,0,880,148,1067.0
214,1.33,0.0,0.66,1070,1075,20240726RUN02,13.846898855553535,100.44955339385191,3.45644607174692,4.1973118063106245,3.8268789390287723,3.87469240571001,1070,6180,0,880,149,1074.0
215,1.35,0.0,0.68,1075,1080,20240726RUN02,13.84687911466947,100.44959499904664,3.45644607174692,4.1973118063106245,3.8268789390287723,4.055902635366012,1075,6180,0,880,,
216,0.97,0.0,0.48,1080,1085,20240726RUN02,13.84685930935581,100.44963657216948,2.702205815765504,3.124854648419176,2.9135302320923397,2.6923133071841225,1080,6180,0,880,150,1082.0
217,0.59,0.0,0.3,1085,1090,20240726RUN02,13.846839406403037,100.44967809642874,2.702205815765504,3.124854648419176,2.9135302320923397,2.891740921209238,1085,6180,0,880,151,1089.0
218,0.94,0.0,0.47,1090,1095,20240726RUN02,13.846819389737707,100.44971956338476,2.702205815765504,3.124854648419176,2.9135302320923397,3.163211276710828,1090,6180,0,880,,
219,0.58,0.0,0.29,1095,1100,20240726RUN02,13.846799239333961,100.44976096244208,2.702205815765504,3.124854648419176,2.9135302320923397,2.8372839216311316,1095,6180,0,880,152,1096.0
220,1.26,0.0,0.63,1100,1105,20240726RUN02,13.846778964723539,100.44980229794766,2.870850743586078,2.982598798612921,2.9267247710994995,2.882058749690003,1100,6180,0,880,153,1103.0
221,0.73,0.0,0.36,1105,1110,20240726RUN02,13.846758587077943,100.44984358033655,2.870850743586078,2.982598798612921,2.9267247710994995,3.084457198305808,1105,6180,0,880,,
222,0.34,0.0,0.17,1110,1115,20240726RUN02,13.846738136947641,100.44988482519382,2.870850743586078,2.982598798612921,2.9267247710994995,3.0213010526678397,1110,6180,0,880,154,1111.0
223,0.51,0.0,0.26,1115,1120,20240726RUN02,13.846717621689633,100.44992603613353,2.870850743586078,2.982598798612921,2.9267247710994995,2.8026196347153203,1115,6180,0,880,155,1118.0
224,0.12,0.0,0.06,1120,1125,20240726RUN02,13.846697010998739,100.44996719717467,3.913390098796088,4.7379237997740535,4.3256569492850705,4.354049381883485,1120,6180,0,880,,
225,0.75,0.0,0.38,1125,1130,20240726RUN02,13.846676241495771,100.45000827449519,3.913390098796088,4.7379237997740535,4.3256569492850705,4.0137339703344415,1125,6180,0,880,156,1125.0
226,0.16,0.0,0.08,1130,1135,20240726RUN02,13.846655318374344,100.45004927011843,3.913390098796088,4.7379237997740535,4.3256569492850705,3.9255786375304247,1130,6180,0,880,157,1132.0
227,0.35,0.04,0.19,1135,1140,20240726RUN02,13.846634299930148,100.45009021465802,3.913390098796088,4.7379237997740535,4.3256569492850705,4.71141228720541,1135,6180,0,880,158,1139.0
228,0.09,0.0,0.04,1140,1145,20240726RUN02,13.846613207575441,100.45013111935296,3.380707010053027,3.666860587298694,3.5237837986758604,3.1957920889030667,1140,6180,0,880,,
229,0.14,0.0,0.07,1145,1150,20240726RUN02,13.846592045369176,100.45017198631206,3.380707010053027,3.666860587298694,3.5237837986758604,3.363536004033081,1145,6180,0,880,159,1147.0
230,0.07,0.0,0.04,1150,1155,20240726RUN02,13.84657079764899,100.45021280676211,3.380707010053027,3.666860587298694,3.5237837986758604,3.83399296875004,1150,6180,0,880,160,1154.0
231,0.0,0.0,0.0,1155,1160,20240726RUN02,13.846549425789684,100.45025355929847,3.380707010053027,3.666860587298694,3.5237837986758604,3.838890225396322,1155,6180,0,880,,
232,0.02,0.0,0.01,1160,1165,20240726RUN02,13.846527864478208,100.45029420718144,2.893864690278087,2.4763980330426074,2.685131361660347,2.616116076140303,1160,6180,0,880,161,1161.0
233,0.0,0.0,0.0,1165,1170,20240726RUN02,13.846506115922203,100.45033475046651,2.893864690278087,2.4763980330426074,2.685131361660347,2.796445545289107,1165,6180,0,880,162,1168.0
234,0.01,0.08,0.04,1170,1175,20240726RUN02,13.846484197849517,100.45037519805177,2.893864690278087,2.4763980330426074,2.685131361660347,2.9144281726756267,1170,6180,0,880,,
235,0.0,0.0,0.0,1175,1180,20240726RUN02,13.846462145754808,100.45041556928724,2.893864690278087,2.4763980330426074,2.685131361660347,2.5874922460399197,1175,6180,0,880,163,1175.0
236,0.0,0.0,0.0,1180,1185,20240726RUN02,13.846439997485584,100.45045588536797,2.330299760689664,2.724350069755493,2.5273249152225787,2.681332945194612,1180,6180,0,880,164,1183.0
237,0.12,0.0,0.06,1185,1190,20240726RUN02,13.846417786419526,100.4504961652548,2.330299760689664,2.724350069755493,2.5273249152225787,2.429915264592437,1185,6180,0,880,,
238,0.31,0.0,0.16,1190,1195,20240726RUN02,13.846395574141987,100.45053644441998,2.330299760689664,2.724350069755493,2.5273249152225787,2.4798382555788696,1190,6180,0,880,165,1190.0
239,1.25,0.0,0.62,1195,1200,20240726RUN02,13.846373447636173,100.45057677298723,2.330299760689664,2.724350069755493,2.5273249152225787,2.547092840237778,1195,6180,0,880,166,1197.0
240,0.49,0.0,0.24,1200,1205,20240726RUN02,13.846351399577953,100.45061714653549,2.7770170641986147,2.7077494646024904,2.7423832644005524,2.7213524273670577,1200,6180,0,880,167,1204.0
241,0.93,0.0,0.46,1205,1210,20240726RUN02,13.846329379224564,100.45065753591955,2.7770170641986147,2.7077494646024904,2.7423832644005524,2.796008490796048,1205,6180,0,880,,
242,0.33,0.0,0.16,1210,1215,20240726RUN02,13.846307409663405,100.45069795423663,2.7770170641986147,2.7077494646024904,2.7423832644005524,2.9515585044665373,1210,6180,0,880,168,1211.0
243,0.35,0.0,0.18,1215,1220,20240726RUN02,13.846285539590015,100.45073842901186,2.7770170641986147,2.7077494646024904,2.7423832644005524,2.7604871841898944,1215,6180,0,880,169,1219.0
244,0.23,0.0,0.12,1220,1225,20240726RUN02,13.846263829062389,100.45077899364276,1.5617307957684403,1.643518417771439,1.6026246067699397,1.7180969950655216,1220,6180,0,880,,
245,0.13,0.0,0.06,1225,1230,20240726RUN02,13.846242288202854,100.45081965292563,1.5617307957684403,1.643518417771439,1.6026246067699397,1.5320478052833584,1225,6180,0,880,170,1226.0
246,0.35,0.0,0.18,1230,1235,20240726RUN02,13.846220901773382,100.45086039750949,1.5617307957684403,1.643518417771439,1.6026246067699397,1.5631904063626696,1230,6180,0,880,171,1233.0
247,1.01,0.01,0.51,1235,1240,20240726RUN02,13.846199692694169,100.45090123903957,1.5617307957684403,1.643518417771439,1.6026246067699397,1.4910719082031705,1235,6180,0,880,,
248,0.98,0.34,0.66,1240,1245,20240726RUN02,13.846178712276124,100.4509422040584,2.1202575234557246,1.97905442890608,2.0496559761809023,2.10250096577908,1240,6180,0,880,172,1240.0
249,0.93,0.04,0.49,1245,1250,20240726RUN02,13.846157960076402,100.4509832906725,2.1202575234557246,1.97905442890608,2.0496559761809023,2.2476584078107904,1245,6180,0,880,173,1248.0
250,0.89,0.0,0.44,1250,1255,20240726RUN02,13.846137371880701,100.45102446366597,2.1202575234557246,1.97905442890608,2.0496559761809023,1.9033218059180768,1250,6180,0,880,,
251,1.91,0.14,1.02,1255,1260,20240726RUN02,13.846116865135498,100.4510656792376,2.1202575234557246,1.97905442890608,2.0496559761809023,1.9829068321760068,1255,6180,0,880,174,1255.0
252,2.12,0.0,1.06,1260,1265,20240726RUN02,13.84609643736766,100.45110693581732,3.1622039451510595,2.6140636176066168,2.888133781378838,3.1108242644124697,1260,6180,0,880,175,1262.0
253,1.64,0.11,0.88,1265,1270,20240726RUN02,13.846076129164977,100.45114825416833,3.1622039451510595,2.6140636176066168,2.888133781378838,3.0997025675086975,1265,6180,0,880,176,1269.0
254,1.4,0.06,0.73,1270,1275,20240726RUN02,13.846055909117023,100.45118961778408,3.1622039451510595,2.6140636176066168,2.888133781378838,2.7279575402115452,1270,6180,0,880,,
255,1.17,0.2,0.68,1275,1280,20240726RUN02,13.84603575958961,100.45123101744356,3.1622039451510595,2.6140636176066168,2.888133781378838,2.792887664116639,1275,6180,0,880,177,1276.0
256,1.16,1.11,1.14,1280,1285,20240726RUN02,13.84601572795476,100.45127247695224,2.192160557203551,1.997727031761372,2.094943794482462,1.9838061273867493,1280,6180,0,880,178,1284.0
257,0.73,2.06,1.4,1285,1290,20240726RUN02,13.845995832788198,100.45131400525408,2.192160557203551,1.997727031761372,2.094943794482462,1.9496297083168341,1285,6180,0,880,,
258,0.95,1.21,1.08,1290,1295,20240726RUN02,13.845976017358968,100.45135557349408,2.192160557203551,1.997727031761372,2.094943794482462,1.9979118629668902,1290,6180,0,880,179,1291.0
259,1.84,1.93,1.88,1295,1300,20240726RUN02,13.84595619368282,100.45139713760798,2.192160557203551,1.997727031761372,2.094943794482462,2.241012023033504,1295,6180,0,880,180,1298.0
260,1.11,2.41,1.76,1300,1305,20240726RUN02,13.845936312337072,100.45143867283915,3.698541642357865,4.075114027739809,3.886827835048837,3.951358035651366,1300,6180,0,880,,
261,0.99,4.4,2.7,1305,1310,20240726RUN02,13.845916360375856,100.4514801725708,3.698541642357865,4.075114027739809,3.886827835048837,4.067233740165406,1305,6180,0,880,181,1305.0
262,0.1,3.39,1.74,1310,1315,20240726RUN02,13.845896365101341,100.45152165047816,3.698541642357865,4.075114027739809,3.886827835048837,3.7789527725227803,1310,6180,0,880,182,1312.0
263,0.5,3.7,2.1,1315,1320,20240726RUN02,13.845876353813297,100.45156312032394,3.698541642357865,4.075114027739809,3.886827835048837,3.691905447023089,1315,6180,0,880,,
264,0.33,2.61,1.47,1320,1325,20240726RUN02,13.845856388473724,100.45160461331962,3.134511945547069,3.424445717231196,3.2794788313891328,3.0771324195189704,1320,6180,0,880,183,1320.0
265,0.24,2.77,1.5,1325,1330,20240726RUN02,13.845836509630677,100.4516461498046,3.134511945547069,3.424445717231196,3.2794788313891328,3.4750774296092573,1325,6180,0,880,184,1327.0
266,0.75,2.18,1.46,1330,1335,20240726RUN02,13.845816700657995,100.4516877212117,3.134511945547069,3.424445717231196,3.2794788313891328,3.3182406650154372,1330,6180,0,880,185,1334.0
267,0.18,1.82,1.0,1335,1340,20240726RUN02,13.845796949723248,100.45172932155118,3.134511945547069,3.424445717231196,3.2794788313891328,3.3690242425315677,1335,6180,0,880,,
268,0.78,3.98,2.38,1340,1345,20240726RUN02,13.845777220985003,100.45177093292843,3.9763220072261296,4.009336162297159,3.9928290847616443,4.052367830854069,1340,6180,0,880,186,1341.0
269,0.42,1.43,0.92,1345,1350,20240726RUN02,13.845757508793135,100.4518125524833,3.9763220072261296,4.009336162297159,3.9928290847616443,3.634541543090994,1345,6180,0,880,187,1348.0
270,0.15,4.02,2.08,1350,1355,20240726RUN02,13.845737836369493,100.451854191761,3.9763220072261296,4.009336162297159,3.9928290847616443,4.388044346195672,1350,6180,0,880,,
271,0.27,3.72,2.0,1355,1360,20240726RUN02,13.845718222817798,100.45189586004811,3.9763220072261296,4.009336162297159,3.9928290847616443,3.7683633706026467,1355,6180,0,880,188,1356.0
272,0.38,3.29,1.84,1360,1365,20240726RUN02,13.845698588796054,100.45193751828279,3.60350469402189,4.043674289138558,3.8235894915802238,3.720907552131012,1360,6180,0,880,189,1363.0
273,0.06,5.96,3.01,1365,1370,20240726RUN02,13.845678890722828,100.45197914482294,3.60350469402189,4.043674289138558,3.8235894915802238,3.9008442668031704,1365,6180,0,880,,
274,0.52,6.75,3.64,1370,1375,20240726RUN02,13.845659231415368,100.45202079053168,3.60350469402189,4.043674289138558,3.8235894915802238,3.553705815246278,1370,6180,0,880,190,1370.0
275,0.06,3.94,2.0,1375,1380,20240726RUN02,13.845639667995997,100.45206248353645,3.60350469402189,4.043674289138558,3.8235894915802238,3.8659653999770303,1375,6180,0,880,191,1377.0
276,0.0,2.17,1.08,1380,1385,20240726RUN02,13.845620139472581,100.45210419367595,2.5885196441032896,2.7035304551261445,2.646025049614717,2.851907601600358,1380,6180,0,880,,
277,0.05,3.12,1.58,1385,1390,20240726RUN02,13.84560054614683,100.45214587197502,2.5885196441032896,2.7035304551261445,2.646025049614717,2.5252641962917513,1385,6180,0,880,192,1385.0
278,0.0,3.77,1.88,1390,1395,20240726RUN02,13.845580881799002,100.45218751520649,2.5885196441032896,2.7035304551261445,2.646025049614717,2.441577440142788,1390,6180,0,880,193,1392.0
279,0.0,5.23,2.62,1395,1400,20240726RUN02,13.845561190509208,100.4522291451083,2.5885196441032896,2.7035304551261445,2.646025049614717,2.6059779928871576,1395,6180,0,880,194,1399.0
280,0.0,4.9,2.45,1400,1405,20240726RUN02,13.845541490757546,100.45227077078795,2.3514969302887403,2.225481831094873,2.2884893806918067,2.3827047541025452,1400,6180,0,880,,
281,0.0,3.58,1.79,1405,1410,20240726RUN02,13.845521783021873,100.4523123925322,2.3514969302887403,2.225481831094873,2.2884893806918067,2.107442630123432,1405,6180,0,880,195,1406.0
282,0.0,5.2,2.6,1410,1415,20240726RUN02,13.84550210318085,100.45235402808038,2.3514969302887403,2.225481831094873,2.2884893806918067,2.194170601005469,1410,6180,0,880,196,1413.0
283,0.0,5.49,2.74,1415,1420,20240726RUN02,13.845482527053857,100.4523957148351,2.3514969302887403,2.225481831094873,2.2884893806918067,2.4460802029742386,1415,6180,0,880,,
284,0.0,5.45,2.72,1420,1425,20240726RUN02,13.845463058479718,100.45243745432427,4.109233717637229,4.8206090812677616,4.464921399452495,4.545437158818151,1420,6180,0,880,197,1421.0
285,0.38,3.65,2.02,1425,1430,20240726RUN02,13.845443643068132,100.45247921972498,4.109233717637229,4.8206090812677616,4.464921399452495,4.886205214749879,1425,6180,0,880,198,1428.0
286,1.84,1.2,1.52,1430,1435,20240726RUN02,13.84542426789026,100.45252100472106,4.109233717637229,4.8206090812677616,4.464921399452495,4.188663504087671,1430,6180,0,880,,
287,2.8,0.0,1.4,1435,1440,20240726RUN02,13.845404891956786,100.45256278938129,4.109233717637229,4.8206090812677616,4.464921399452495,4.497397652868551,1435,6180,0,880,199,1435.0
288,1.9,0.0,0.95,1440,1445,20240726RUN02,13.845385482019969,100.45260455755893,2.719172973718597,3.883963205186255,3.301568089452426,3.2702338734302403,1440,6180,0,880,200,1442.0
289,4.54,0.17,2.36,1445,1450,20240726RUN02,13.845366047060745,100.4526463135588,2.719172973718597,3.883963205186255,3.301568089452426,3.244595790516409,1445,6180,0,880,201,1449.0
290,4.21,0.44,2.33,1450,1455,20240726RUN02,13.845346577675564,100.45268805273544,2.719172973718597,3.883963205186255,3.301568089452426,3.2942988745317905,1450,6180,0,880,,
291,1.47,1.51,1.49,1455,1460,20240726RUN02,13.845327120804916,100.45272979794437,2.719172973718597,3.883963205186255,3.301568089452426,3.2881268233390477,1455,6180,0,880,202,1457.0
292,0.09,2.83,1.46,1460,1465,20240726RUN02,13.845307688328313,100.45277155503693,2.399481134001312,1.9121581420959448,2.1558196380486283,2.194741175783156,1460,6180,0,880,203,1464.0
293,0.01,3.11,1.56,1465,1470,20240726RUN02,13.845288232056598,100.45281330048974,2.399481134001312,1.9121581420959448,2.1558196380486283,2.0214862527000634,1465,6180,0,880,,
294,0.11,1.84,0.98,1470,1475,20240726RUN02,13.845268800125735,100.45285505779843,2.399481134001312,1.9121581420959448,2.1558196380486283,2.2013487245207797,1470,6180,0,880,204,1471.0
295,0.45,5.18,2.82,1475,1480,20240726RUN02,13.845249470070023,100.45289686456398,2.399481134001312,1.9121581420959448,2.1558196380486283,2.2255980326754816,1475,6180,0,880,205,1478.0
296,0.13,5.87,3.0,1480,1485,20240726RUN02,13.845230294287553,100.45293874561526,2.377192522327948,3.0019580620295,2.689575292178724,2.8176275483474154,1480,6180,0,880,,
297,0.11,3.99,2.05,1485,1490,20240726RUN02,13.845211433160078,100.4529807759126,2.377192522327948,3.0019580620295,2.689575292178724,2.7132139438071214,1485,6180,0,880,206,1486.0
298,0.44,3.02,1.73,1490,1495,20240726RUN02,13.845193072715947,100.45302303758575,2.377192522327948,3.0019580620295,2.689575292178724,2.574000361173158,1490,6180,0,880,207,1493.0
299,2.03,2.19,2.11,1495,1500,20240726RUN02,13.845175268376503,100.45306554772364,2.377192522327948,3.0019580620295,2.689575292178724,2.6630316285989566,1495,6180,0,880,,
300,3.43,1.08,2.26,1500,1505,20240726RUN02,13.845158039019466,100.45310830529543,2.746152093713708,2.058382797118637,2.4022674454161725,2.179242616707872,1500,6180,0,880,208,1500.0
301,2.38,1.86,2.12,1505,1510,20240726RUN02,13.84514142878488,100.4531513186107,2.746152093713708,2.058382797118637,2.4022674454161725,2.6325206567463333,1505,6180,0,880,209,1507.0
302,2.42,1.04,1.73,1510,1515,20240726RUN02,13.8451254899648,100.45319459706548,2.746152093713708,2.058382797118637,2.4022674454161725,2.389172148663997,1510,6180,0,880,210,1514.0
303,1.1,1.84,1.47,1515,1520,20240726RUN02,13.845110374272137,100.45323818335105,2.746152093713708,2.058382797118637,2.4022674454161725,2.391605188926217,1515,6180,0,880,,
304,1.88,4.19,3.04,1520,1525,20240726RUN02,13.845096214066238,100.45328210454221,14.372236727223497,14.713889062398492,14.543062894810994,15.976679496367726,1520,6180,0,880,211,1522.0
305,0.39,4.48,2.44,1525,1530,20240726RUN02,13.845082307977925,100.45332611122213,14.372236727223497,14.713889062398492,14.543062894810994,14.631368885662232,1525,6180,0,880,212,1529.0
306,0.02,3.69,1.86,1530,1535,20240726RUN02,13.845068568438085,100.45337017231795,14.372236727223497,14.713889062398492,14.543062894810994,14.501281042162054,1530,6180,0,880,,
307,0.22,2.94,1.58,1535,1540,20240726RUN02,13.845056969096262,100.45341485682914,14.372236727223497,14.713889062398492,14.543062894810994,13.226649443958838,1535,6180,0,880,213,1536.0
308,2.2,1.59,1.9,1540,1545,20240726RUN02,13.84504854977145,100.45346029305365,3.4075274419746227,3.740763769363884,3.574145605669253,3.8680530849382624,1540,6180,0,880,214,1543.0
309,2.47,1.01,1.74,1545,1550,20240726RUN02,13.845041216048726,100.45350593110392,3.4075274419746227,3.740763769363884,3.574145605669253,3.293166496673789,1545,6180,0,880,,
310,0.94,2.47,1.7,1550,1555,20240726RUN02,13.84503395211184,100.4535515808689,3.4075274419746227,3.740763769363884,3.574145605669253,3.804263788253076,1550,6180,0,880,215,1550.0
311,0.05,6.51,3.28,1555,1560,20240726RUN02,13.845026770958455,100.45359724428995,3.4075274419746227,3.740763769363884,3.574145605669253,3.3701469811811764,1555,6180,0,880,216,1558.0
312,0.4,8.93,4.66,1560,1565,20240726RUN02,13.845019740698577,100.45364293227726,2.530829897466009,2.396259857125973,2.463544877295991,2.2663523583802387,1560,6180,0,880,,
313,0.27,8.36,4.31,1565,1570,20240726RUN02,13.845012741096888,100.45368862516676,2.530829897466009,2.396259857125973,2.463544877295991,2.6773657377400335,1565,6180,0,880,217,1565.0
314,0.18,4.55,2.36,1570,1575,20240726RUN02,13.84500566517313,100.45373430575181,2.530829897466009,2.396259857125973,2.463544877295991,2.4696512873587144,1570,6180,0,880,218,1572.0
315,0.21,5.1,2.66,1575,1580,20240726RUN02,13.844998488358737,100.45377996985093,2.530829897466009,2.396259857125973,2.463544877295991,2.548141589120561,1575,6180,0,880,219,1579.0
316,0.35,5.24,2.8,1580,1585,20240726RUN02,13.844991215065447,100.4538256179245,2.475710784789542,2.219452394196054,2.347581589492798,2.465715031931783,1580,6180,0,880,,
317,0.06,4.94,2.5,1585,1590,20240726RUN02,13.84498385508897,100.45387125142973,2.475710784789542,2.219452394196054,2.347581589492798,2.5211285008619058,1585,6180,0,880,220,1586.0
318,0.31,6.66,3.48,1590,1595,20240726RUN02,13.844976457919342,100.45391687867239,2.475710784789542,2.219452394196054,2.347581589492798,2.3616126702783107,1590,6180,0,880,221,1594.0
319,0.05,6.36,3.2,1595,1600,20240726RUN02,13.84496905105359,100.45396250423212,2.475710784789542,2.219452394196054,2.347581589492798,2.341063116691092,1595,6180,0,880,,
320,0.44,5.48,2.96,1600,1605,20240726RUN02,13.844961634238329,100.45400812812736,2.9497793586475685,1.8940350939140933,2.421907226280831,2.3094657215394685,1600,6180,0,880,222,1601.0
321,0.1,4.76,2.43,1605,1610,20240726RUN02,13.844954245441738,100.45405375677394,2.9497793586475685,1.8940350939140933,2.421907226280831,2.455577981809478,1605,6180,0,880,223,1608.0
322,0.0,3.04,1.52,1610,1615,20240726RUN02,13.844946894599623,100.45409939185221,2.9497793586475685,1.8940350939140933,2.421907226280831,2.3622686566010183,1610,6180,0,880,,
323,0.03,2.65,1.34,1615,1620,20240726RUN02,13.84493953961112,100.45414502622947,2.9497793586475685,1.8940350939140933,2.421907226280831,2.404067643400239,1615,6180,0,880,224,1615.0
324,0.06,3.02,1.54,1620,1625,20240726RUN02,13.844932196351335,100.45419066257611,5.141417199352793,3.916252075512208,4.5288346374325,4.3375304180293615,1620,6180,0,880,225,1623.0
325,0.0,4.88,2.44,1625,1630,20240726RUN02,13.844924850801455,100.45423629854618,5.141417199352793,3.916252075512208,4.5288346374325,4.370058176514788,1625,6180,0,880,,
326,0.0,5.31,2.66,1630,1635,20240726RUN02,13.844917459312544,100.45428192669223,5.141417199352793,3.916252075512208,4.5288346374325,4.37924569922985,1630,6180,0,880,226,1630.0
327,0.04,3.94,1.99,1635,1640,20240726RUN02,13.844910036971257,100.45432754964799,5.141417199352793,3.916252075512208,4.5288346374325,4.979691680395772,1635,6180,0,880,227,1637.0
328,0.0,3.67,1.84,1640,1645,20240726RUN02,13.844902660568456,100.4543731803756,3.40773154735395,2.837238032073995,3.1224847897139725,2.8912260533936585,1640,6180,0,880,228,1644.0
329,0.0,3.27,1.64,1645,1650,20240726RUN02,13.844895365419832,100.45441882485865,3.40773154735395,2.837238032073995,3.1224847897139725,3.2172937697614383,1645,6180,0,880,,
330,0.0,3.83,1.92,1650,1655,20240726RUN02,13.844888103199512,100.454464474819,3.40773154735395,2.837238032073995,3.1224847897139725,3.274919799662506,1650,6180,0,880,229,1651.0
331,0.03,4.49,2.26,1655,1660,20240726RUN02,13.844880892409359,100.4545101333325,3.40773154735395,2.837238032073995,3.1224847897139725,3.357685518273992,1655,6180,0,880,230,1659.0
332,0.0,3.35,1.68,1660,1665,20240726RUN02,13.844873810402342,100.45455581289782,3.095514709010642,1.7103456442868312,2.4029301766487365,2.51490210790338,1660,6180,0,880,,
333,0.0,4.45,2.22,1665,1670,20240726RUN02,13.84486672141491,100.45460149131985,3.095514709010642,1.7103456442868312,2.4029301766487365,2.4659004741084094,1665,6180,0,880,231,1666.0
334,0.0,4.31,2.15,1670,1675,20240726RUN02,13.844859435842876,100.4546471373321,3.095514709010642,1.7103456442868312,2.4029301766487365,2.1829561505916177,1670,6180,0,880,232,1673.0
335,0.0,4.67,2.34,1675,1680,20240726RUN02,13.844851957972134,100.45469275083683,3.095514709010642,1.7103456442868312,2.4029301766487365,2.522603806825786,1675,6180,0,880,,
336,0.0,4.3,2.15,1680,1685,20240726RUN02,13.844844362814648,100.45473834403141,2.084528152481132,1.8490613879232125,1.9667947702021722,1.899282044958195,1680,6180,0,880,233,1680.0
337,0.0,3.52,1.76,1685,1690,20240726RUN02,13.844836692168215,100.4547839239784,2.084528152481132,1.8490613879232125,1.9667947702021722,2.13220647692613,1685,6180,0,880,234,1687.0
338,0.0,3.04,1.52,1690,1695,20240726RUN02,13.844829027008956,100.45482950490137,2.084528152481132,1.8490613879232125,1.9667947702021722,1.962158226123388,1690,6180,0,880,,
339,0.0,3.41,1.7,1695,1700,20240726RUN02,13.844821448281293,100.45487510094867,2.084528152481132,1.8490613879232125,1.9667947702021722,2.100862102097204,1695,6180,0,880,235,1695.0
340,0.0,3.29,1.64,1700,1705,20240726RUN02,13.844813958734864,100.45492071241816,1.9087001230446123,2.5142810885921434,2.211490605818378,2.160504572092077,1700,6180,0,880,236,1702.0
341,0.11,3.76,1.93,1705,1710,20240726RUN02,13.844806452600338,100.45496632104617,1.9087001230446123,2.5142810885921434,2.211490605818378,2.0934919587788916,1705,6180,0,880,237,1709.0
342,0.06,3.51,1.78,1710,1715,20240726RUN02,13.844798888385819,100.45501191960693,1.9087001230446123,2.5142810885921434,2.211490605818378,2.300496086487025,1710,6180,0,880,,
343,0.03,3.2,1.62,1715,1720,20240726RUN02,13.84479127616642,100.45505750980246,1.9087001230446123,2.5142810885921434,2.211490605818378,2.0532013676939243,1715,6180,0,880,238,1716.0
344,0.06,1.55,0.8,1720,1725,20240726RUN02,13.844783601333203,100.45510308900778,1.910604799356788,3.1472071505672945,2.5289059749620413,2.344394631877864,1720,6180,0,880,239,1723.0
345,1.01,0.87,0.94,1725,1730,20240726RUN02,13.844775929482212,100.45514866875355,1.910604799356788,3.1472071505672945,2.5289059749620413,2.753297637458356,1725,6180,0,880,,
346,0.66,0.02,0.34,1730,1735,20240726RUN02,13.84476840263266,100.45519427375362,1.910604799356788,3.1472071505672945,2.5289059749620413,2.4724639430899313,1730,6180,0,880,240,1731.0
347,2.42,0.0,1.21,1735,1740,20240726RUN02,13.844761047958864,100.45523990818965,1.910604799356788,3.1472071505672945,2.5289059749620413,2.468686922078328,1735,6180,0,880,241,1738.0
348,3.1,0.02,1.56,1740,1745,20240726RUN02,13.844753743153515,100.45528555102445,2.8926580144129304,2.2655294584653616,2.579093736439146,2.4068276921356944,1740,6180,0,880,,
349,1.92,0.01,0.96,1745,1750,20240726RUN02,13.84474641623757,100.45533119014179,2.8926580144129304,2.2655294584653616,2.579093736439146,2.58149034912538,1745,6180,0,880,242,1745.0
350,2.59,0.08,1.34,1750,1755,20240726RUN02,13.84473905676774,100.4553768237659,2.8926580144129304,2.2655294584653616,2.579093736439146,2.8106395446957304,1750,6180,0,880,243,1752.0
351,2.28,0.45,1.36,1755,1760,20240726RUN02,13.844731658984143,100.45542245087258,2.8926580144129304,2.2655294584653616,2.579093736439146,2.656494657458051,1755,6180,0,880,,
352,0.66,0.27,0.46,1760,1765,20240726RUN02,13.84472421613489,100.45546807030698,2.893827418645057,2.790343732747707,2.842085575696382,3.0776752887212164,1760,6180,0,880,244,1760.0
353,0.48,2.0,1.24,1765,1770,20240726RUN02,13.84471671172911,100.45551367923737,2.893827418645057,2.790343732747707,2.842085575696382,2.5590553253838797,1765,6180,0,880,245,1767.0
354,0.88,2.41,1.64,1770,1775,20240726RUN02,13.84470918264647,100.45555928385376,2.893827418645057,2.790343732747707,2.842085575696382,2.7662343051370852,1770,6180,0,880,246,1774.0
355,0.25,4.11,2.18,1775,1780,20240726RUN02,13.844701674725062,100.45560489211597,2.893827418645057,2.790343732747707,2.842085575696382,3.1249847664462926,1775,6180,0,880,,
356,0.12,8.99,4.56,1780,1785,20240726RUN02,13.844694170064509,100.45565050096252,3.062733484074612,2.679657693330097,2.8711955887023546,2.995401222596477,1780,6180,0,880,247,1781.0
357,0.0,11.85,5.92,1785,1790,20240726RUN02,13.844686652185652,100.45569610749658,3.062733484074612,2.679657693330097,2.8711955887023546,2.785539105828697,1785,6180,0,880,248,1788.0
358,0.21,4.43,2.32,1790,1795,20240726RUN02,13.844679087810212,100.45574170602569,3.062733484074612,2.679657693330097,2.8711955887023546,2.624493161762746,1790,6180,0,880,,
359,0.01,2.99,1.5,1795,1800,20240726RUN02,13.844671472875259,100.45578729570974,3.062733484074612,2.679657693330097,2.8711955887023546,2.9333904905221284,1795,6180,0,880,249,1796.0
360,4.6,2.03,3.31,1800,1805,20240726RUN02,13.844663908350132,100.45583289417482,5.076202791742573,5.039528215755791,5.057865503749182,5.1411684578682975,1800,6180,0,880,250,1803.0
361,6.94,0.02,3.48,1805,1810,20240726RUN02,13.844656443487196,100.45587850989337,5.076202791742573,5.039528215755791,5.057865503749182,4.947748647368853,1805,6180,0,880,,
362,6.67,0.41,3.54,1810,1815,20240726RUN02,13.844648966352269,100.45592412349824,5.076202791742573,5.039528215755791,5.057865503749182,4.991091907001731,1810,6180,0,880,251,1810.0
363,4.21,0.2,2.2,1815,1820,20240726RUN02,13.84464147989729,100.45596973540478,5.076202791742573,5.039528215755791,5.057865503749182,5.371351175165466,1815,6180,0,880,252,1817.0
364,7.95,0.26,4.11,1820,1825,20240726RUN02,13.844634067746643,100.45601536005888,4.530514389912572,3.1492626334599825,3.839888511686277,3.6342974496848903,1820,6180,0,880,253,1824.0
365,5.56,1.2,3.38,1825,1830,20240726RUN02,13.84462670224133,100.45606099262926,4.530514389912572,3.1492626334599825,3.839888511686277,4.156339378181128,1825,6180,0,880,,
366,0.98,8.95,4.96,1830,1835,20240726RUN02,13.844619358569593,100.4561066289048,4.530514389912572,3.1492626334599825,3.839888511686277,4.112832979059622,1830,6180,0,880,254,1832.0
367,0.07,4.87,2.47,1835,1840,20240726RUN02,13.844612012698002,100.45615226482686,4.530514389912572,3.1492626334599825,3.839888511686277,3.4729298367529555,1835,6180,0,880,255,1839.0
368,0.37,3.16,1.76,1840,1845,20240726RUN02,13.844604612371098,100.4561978915146,2.092565388691511,1.9656190859459013,2.0290922373187064,2.0985259026760077,1840,6180,0,880,,
369,0.18,0.02,0.1,1845,1850,20240726RUN02,13.844597158382157,100.45624350906239,2.092565388691511,1.9656190859459013,2.0290922373187064,2.1088969559689743,1845,6180,0,880,256,1846.0
370,0.14,0.41,0.28,1850,1855,20240726RUN02,13.844589607952814,100.45628910996858,2.092565388691511,1.9656190859459013,2.0290922373187064,2.1606110660377538,1850,6180,0,880,257,1853.0
371,0.34,1.57,0.96,1855,1860,20240726RUN02,13.844581976064582,100.4563346966611,2.092565388691511,1.9656190859459013,2.0290922373187064,1.8376460768736804,1855,6180,0,880,,
372,0.01,0.16,0.08,1860,1865,20240726RUN02,13.844574412250042,100.45638029523303,2.7730683705650785,2.485343463832102,2.62920591719859,2.583859339622875,1860,6180,0,880,258,1860.0
373,0.05,2.04,1.04,1865,1870,20240726RUN02,13.844566933548453,100.45642590854531,2.7730683705650785,2.485343463832102,2.62920591719859,2.589096346216291,1865,6180,0,880,259,1868.0
374,0.12,0.92,0.52,1870,1875,20240726RUN02,13.84455948923274,100.45647152774697,2.7730683705650785,2.485343463832102,2.62920591719859,2.778392837036602,1870,6180,0,880,,
375,0.11,1.23,0.67,1875,1880,20240726RUN02,13.844552074990503,100.45651715210063,2.7730683705650785,2.485343463832102,2.62920591719859,2.7643073079176594,1875,6180,0,880,260,1875.0
376,0.2,0.54,0.37,1880,1885,20240726RUN02,13.844544676356909,100.4565627790485,1.8606517036148968,1.774168083849461,1.817409893732179,1.9445936908242938,1880,6180,0,880,261,1882.0
377,0.0,0.5,0.25,1885,1890,20240726RUN02,13.844537313577677,100.45660841208891,1.8606517036148968,1.774168083849461,1.817409893732179,1.9749361518661548,1885,6180,0,880,262,1889.0
378,0.53,1.91,1.22,1890,1895,20240726RUN02,13.844530038772577,100.45665405990518,1.8606517036148968,1.774168083849461,1.817409893732179,1.885714923094729,1890,6180,0,880,,
379,0.77,0.39,0.58,1895,1900,20240726RUN02,13.844522887068988,100.45669972806715,1.8606517036148968,1.774168083849461,1.817409893732179,1.6545058267374797,1895,6180,0,880,263,1897.0
380,0.47,0.72,0.6,1900,1905,20240726RUN02,13.844515826321581,100.45674541104826,2.1345493337422847,1.9903083829411088,2.062428858341697,2.086862401699467,1900,6180,0,880,264,1904.0
381,1.16,0.1,0.63,1905,1910,20240726RUN02,13.844508785041121,100.45679109717334,2.1345493337422847,1.9903083829411088,2.062428858341697,2.2158350637219137,1905,6180,0,880,,
382,2.35,0.23,1.29,1910,1915,20240726RUN02,13.84450177891834,100.4568367889879,2.1345493337422847,1.9903083829411088,2.062428858341697,2.0617340477264854,1910,6180,0,880,265,1911.0
383,2.08,0.01,1.04,1915,1920,20240726RUN02,13.844494794260688,100.45688248423446,2.1345493337422847,1.9903083829411088,2.062428858341697,2.094467509899606,1915,6180,0,880,266,1918.0
384,2.5,0.02,1.26,1920,1925,20240726RUN02,13.844487765851783,100.45692817242849,2.312597946768717,1.7675931238661553,2.040095535317436,1.9157302957731885,1920,6180,0,880,,
385,3.15,0.01,1.58,1925,1930,20240726RUN02,13.844480642531133,100.4569738452378,2.312597946768717,1.7675931238661553,2.040095535317436,1.940652289345202,1925,6180,0,880,267,1925.0
386,2.54,0.0,1.27,1930,1935,20240726RUN02,13.844473402308891,100.45701949874679,2.312597946768717,1.7675931238661553,2.040095535317436,2.021431377796169,1930,6180,0,880,268,1933.0
387,2.46,0.0,1.23,1935,1940,20240726RUN02,13.844466056991973,100.45706513471926,2.312597946768717,1.7675931238661553,2.040095535317436,2.132357467598689,1935,6180,0,880,,
388,3.19,0.02,1.6,1940,1945,20240726RUN02,13.844458582470562,100.45711074870422,2.8407616403754523,2.52379319564846,2.682277418011956,2.857090983078142,1940,6180,0,880,269,1940.0
389,2.06,0.0,1.03,1945,1950,20240726RUN02,13.844450980157081,100.45715634056917,2.8407616403754523,2.52379319564846,2.682277418011956,2.4934043811158726,1945,6180,0,880,270,1947.0
390,0.87,0.0,0.44,1950,1955,20240726RUN02,13.84444330514588,100.45720191970257,2.8407616403754523,2.52379319564846,2.682277418011956,2.770876386554777,1950,6180,0,880,271,1954.0
391,1.42,0.0,0.71,1955,1960,20240726RUN02,13.844435603966774,100.45724749417883,2.8407616403754523,2.52379319564846,2.682277418011956,2.4993518614615464,1955,6180,0,880,,
392,1.51,0.0,0.76,1960,1965,20240726RUN02,13.844427919982856,100.45729307168074,2.916305890706089,3.5339192411568527,3.2251125659314708,3.2776806075801854,1960,6180,0,880,272,1961.0
393,1.25,0.0,0.62,1965,1970,20240726RUN02,13.844420288735673,100.45733865844826,2.916305890706089,3.5339192411568527,3.2251125659314708,3.1751529913701524,1965,6180,0,880,273,1969.0
394,0.74,0.0,0.37,1970,1975,20240726RUN02,13.844412726088805,100.45738425717516,2.916305890706089,3.5339192411568527,3.2251125659314708,3.108268786860707,1970,6180,0,880,,
395,2.23,0.0,1.12,1975,1980,20240726RUN02,13.84440519388852,100.45742986123753,2.916305890706089,3.5339192411568527,3.2251125659314708,3.4909993941802884,1975,6180,0,880,274,1976.0
396,1.57,0.0,0.78,1980,1985,20240726RUN02,13.844397650957204,100.45747546341553,1.985149982807545,1.759222262917874,1.8721861228627095,2.0353723233889514,1980,6180,0,880,275,1983.0
397,1.38,0.13,0.75,1985,1990,20240726RUN02,13.84439015444893,100.45752107363727,1.985149982807545,1.759222262917874,1.8721861228627095,2.0169838556002206,1985,6180,0,880,,
398,1.39,0.01,0.7,1990,1995,20240726RUN02,13.844382770653441,100.45756670305926,1.985149982807545,1.759222262917874,1.8721861228627095,1.7429946464176105,1990,6180,0,880,276,1990.0
399,1.64,0.0,0.82,1995,2000,20240726RUN02,13.844375509929645,100.45761235315658,1.985149982807545,1.759222262917874,1.8721861228627095,1.9323248418703107,1995,6180,0,880,277,1998.0
400,1.04,0.0,0.52,2000,2005,20240726RUN02,13.84436836495177,100.45765802238235,2.444752435076397,2.2984952669819227,2.3716238510291596,2.515621316705729,2000,6180,0,880,,
401,1.76,0.0,0.88,2005,2010,20240726RUN02,13.844361324415642,100.4577037086336,2.444752435076397,2.2984952669819227,2.3716238510291596,2.3082881522914303,2005,6180,0,880,278,2005.0
402,2.27,0.03,1.15,2010,2015,20240726RUN02,13.84435435507369,100.45774940629396,2.444752435076397,2.2984952669819227,2.3716238510291596,2.515223173168268,2010,6180,0,880,279,2012.0
403,1.49,0.0,0.74,2015,2020,20240726RUN02,13.844347416767029,100.45779510887846,2.444752435076397,2.2984952669819227,2.3716238510291596,2.3032158421662112,2015,6180,0,880,280,2019.0
404,2.83,0.0,1.42,2020,2025,20240726RUN02,13.844340522355264,100.45784081846168,2.030817120265929,2.3115944497617806,2.171205785013855,1.997023673573102,2020,6180,0,880,,
405,2.99,0.04,1.52,2025,2030,20240726RUN02,13.844333681969273,100.45788653652542,2.030817120265929,2.3115944497617806,2.171205785013855,2.0005729244737895,2025,6180,0,880,281,2026.0
406,1.33,0.0,0.66,2030,2035,20240726RUN02,13.844326817407698,100.45793225075329,2.030817120265929,2.3115944497617806,2.171205785013855,2.2122072412610962,2030,6180,0,880,282,2034.0
407,2.05,0.0,1.02,2035,2040,20240726RUN02,13.84431977185478,100.45797793611582,2.030817120265929,2.3115944497617806,2.171205785013855,2.2625703734318927,2035,6180,0,880,,
408,1.45,0.04,0.74,2040,2045,20240726RUN02,13.844312456900779,100.45802357710076,1.7893363258504331,1.550366786098299,1.669851555974366,1.5941473171982472,2040,6180,0,880,283,2041.0
409,2.43,0.01,1.22,2045,2050,20240726RUN02,13.844304912315291,100.45806917895918,1.7893363258504331,1.550366786098299,1.669851555974366,1.5294187283813456,2045,6180,0,880,284,2048.0
410,2.04,0.0,1.02,2050,2055,20240726RUN02,13.84429717251068,100.45811474651202,1.7893363258504331,1.550366786098299,1.669851555974366,1.519690576058614,2050,6180,0,880,,
411,1.75,0.0,0.88,2055,2060,20240726RUN02,13.844289300146393,100.45816029029386,1.7893363258504331,1.550366786098299,1.669851555974366,1.8292155449206615,2055,6180,0,880,285,2055.0
412,1.68,0.0,0.84,2060,2065,20240726RUN02,13.84428138306035,100.45820582596203,2.2840592055537043,2.471386870223399,2.3777230378885514,2.4007103120797657,2060,6180,0,880,286,2062.0
413,4.47,0.0,2.24,2065,2070,20240726RUN02,13.844273475564442,100.45825136339045,2.2840592055537043,2.471386870223399,2.3777230378885514,2.534885430898675,2065,6180,0,880,,
414,2.48,0.07,1.27,2070,2075,20240726RUN02,13.844265599681052,100.45829690652727,2.2840592055537043,2.471386870223399,2.3777230378885514,2.487432335134244,2070,6180,0,880,287,2070.0
415,1.81,0.0,0.9,2075,2080,20240726RUN02,13.844257747522589,100.45834245394654,2.2840592055537043,2.471386870223399,2.3777230378885514,2.2253509596603465,2075,6180,0,880,288,2077.0
416,2.04,0.0,1.02,2080,2085,20240726RUN02,13.844249889628665,100.4583880003656,2.297661547535951,2.014724875519628,2.1561932115277895,2.3575520225594286,2080,6180,0,880,289,2084.0
417,1.21,0.0,0.6,2085,2090,20240726RUN02,13.844242024224844,100.45843354538421,2.297661547535951,2.014724875519628,2.1561932115277895,2.354348277386307,2085,6180,0,880,,
418,1.57,0.0,0.78,2090,2095,20240726RUN02,13.844234160558797,100.4584790907401,2.297661547535951,2.014724875519628,2.1561932115277895,2.0132858984322968,2090,6180,0,880,290,2091.0
419,1.58,0.05,0.82,2095,2100,20240726RUN02,13.844226294568946,100.45852463567272,2.297661547535951,2.014724875519628,2.1561932115277895,2.1743645826897473,2095,6180,0,880,291,2098.0
420,1.29,0.0,0.64,2100,2105,20240726RUN02,13.844218404201046,100.45857017617895,3.1378810630583205,2.58023104866008,2.8590560558592,2.757454107181095,2100,6180,0,880,,
421,0.62,0.23,0.42,2105,2110,20240726RUN02,13.844210508153937,100.45861571570737,3.1378810630583205,2.58023104866008,2.8590560558592,2.668218675554272,2105,6180,0,880,292,2106.0
422,1.11,0.05,0.58,2110,2115,20240726RUN02,13.844202639926896,100.45866126022077,3.1378810630583205,2.58023104866008,2.8590560558592,3.016379057552245,2110,6180,0,880,293,2113.0
423,1.54,0.11,0.82,2115,2120,20240726RUN02,13.844194784142044,100.45870680695447,3.1378810630583205,2.58023104866008,2.8590560558592,2.798057636533702,2115,6180,0,880,,
424,0.29,0.0,0.14,2120,2125,20240726RUN02,13.844186949794986,100.4587523576084,2.336555532304972,1.864020974118733,2.1002882532118523,1.9794460332719437,2120,6180,0,880,294,2120.0
425,0.75,0.06,0.4,2125,2130,20240726RUN02,13.844179116384987,100.4587979084311,2.336555532304972,1.864020974118733,2.1002882532118523,2.300879205704936,2125,6180,0,880,295,2127.0
426,0.26,0.0,0.13,2130,2135,20240726RUN02,13.844171267768889,100.45884345648346,2.336555532304972,1.864020974118733,2.1002882532118523,2.055740877870348,2130,6180,0,880,,
427,0.5,0.0,0.25,2135,2140,20240726RUN02,13.844163414013668,100.45888900364905,2.336555532304972,1.864020974118733,2.1002882532118523,2.1314332304412513,2135,6180,0,880,296,2135.0
428,0.8,0.0,0.4,2140,2145,20240726RUN02,13.84415555987942,100.45893455072745,2.413087554909992,1.7258862364533825,2.0694868956816874,1.944392429261791,2140,6180,0,880,297,2142.0
429,0.88,0.07,0.48,2145,2150,20240726RUN02,13.844147719384901,100.45898010026055,2.413087554909992,1.7258862364533825,2.0694868956816874,2.192022871685234,2145,6180,0,880,298,2149.0
430,1.14,0.1,0.62,2150,2155,20240726RUN02,13.844139871512596,100.45902564841104,2.413087554909992,1.7258862364533825,2.0694868956816874,2.266171196929782,2150,6180,0,880,,
431,1.44,0.4,0.92,2155,2160,20240726RUN02,13.844131998819487,100.45907119210105,2.413087554909992,1.7258862364533825,2.0694868956816874,1.8948896914237714,2155,6180,0,880,299,2156.0
432,0.6,0.26,0.43,2160,2165,20240726RUN02,13.844124104362233,100.45911673182287,2.506870170231874,2.728874603309792,2.6178723867708333,2.374911134851796,2160,6180,0,880,300,2163.0
433,0.46,0.0,0.23,2165,2170,20240726RUN02,13.844116196717101,100.45916226920106,2.506870170231874,2.728874603309792,2.6178723867708333,2.7137599499721192,2165,6180,0,880,,
434,0.28,0.31,0.3,2170,2175,20240726RUN02,13.844108306961855,100.45920780983312,2.506870170231874,2.728874603309792,2.6178723867708333,2.4631277229270356,2170,6180,0,880,301,2171.0
435,0.16,0.11,0.14,2175,2180,20240726RUN02,13.8441004918062,100.45925336390347,2.506870170231874,2.728874603309792,2.6178723867708333,2.730420119033848,2175,6180,0,880,302,2178.0
436,0.51,0.34,0.43,2180,2185,20240726RUN02,13.84409273583955,100.4592989285611,3.7355068409257246,4.887473421861816,4.31149013139377,4.082856111124703,2180,6180,0,880,,
437,0.54,0.4,0.47,2185,2190,20240726RUN02,13.844084929177724,100.4593444841725,3.7355068409257246,4.887473421861816,4.31149013139377,4.4494220683209145,2185,6180,0,880,303,2185.0
438,0.82,0.37,0.6,2190,2195,20240726RUN02,13.844077031475614,100.45939002333364,3.7355068409257246,4.887473421861816,4.31149013139377,4.429944600660166,2190,6180,0,880,304,2192.0
439,0.58,1.12,0.85,2195,2200,20240726RUN02,13.844069109448911,100.45943555814719,3.7355068409257246,4.887473421861816,4.31149013139377,4.304299992985236,2195,6180,0,880,305,2199.0
440,0.57,0.13,0.35,2200,2205,20240726RUN02,13.844061184692475,100.45948109243379,2.17777603871634,2.737994217411784,2.457885128064062,2.5960669840159656,2200,6180,0,880,,
441,0.94,0.05,0.5,2205,2210,20240726RUN02,13.844053263338663,100.45952662727596,2.17777603871634,2.737994217411784,2.457885128064062,2.3287694074281275,2205,6180,0,880,306,2207.0
442,0.36,0.23,0.3,2210,2215,20240726RUN02,13.844045393076902,100.45957217136488,2.17777603871634,2.737994217411784,2.457885128064062,2.47762977161281,2210,6180,0,880,307,2214.0
443,0.24,0.0,0.12,2215,2220,20240726RUN02,13.8440375683105,100.45961772366144,2.17777603871634,2.737994217411784,2.457885128064062,2.279721476980094,2215,6180,0,880,,
444,0.31,0.0,0.16,2220,2225,20240726RUN02,13.844029782527926,100.45966328297997,1.7954437226002784,2.098024362792269,1.9467340426962736,1.8791688833020646,2220,6180,0,880,308,2221.0
445,0.36,0.01,0.18,2225,2230,20240726RUN02,13.844022074959398,100.4597088562499,1.7954437226002784,2.098024362792269,1.9467340426962736,2.0017405851672296,2225,6180,0,880,309,2228.0
446,0.85,0.07,0.46,2230,2235,20240726RUN02,13.844014416001528,100.45975443810796,1.7954437226002784,2.098024362792269,1.9467340426962736,1.8456073973846348,2230,6180,0,880,,
447,0.89,0.02,0.46,2235,2240,20240726RUN02,13.84400673122268,100.4598000153921,1.7954437226002784,2.098024362792269,1.9467340426962736,2.04285188460171,2235,6180,0,880,310,2235.0
448,1.37,0.12,0.75,2240,2245,20240726RUN02,13.843999014493576,100.45984558704387,3.03808076102173,2.8698217256082166,2.9539512433149735,2.7334823676051787,2240,6180,0,880,311,2243.0
449,1.36,0.12,0.74,2245,2250,20240726RUN02,13.843991319343289,100.45989116250423,3.03808076102173,2.8698217256082166,2.9539512433149735,3.2429746477130257,2245,6180,0,880,,
450,0.86,0.0,0.43,2250,2255,20240726RUN02,13.843983708065094,100.45993675270397,3.03808076102173,2.8698217256082166,2.9539512433149735,2.767781804700399,2250,6180,0,880,312,2250.0
451,1.78,0.01,0.9,2255,2260,20240726RUN02,13.843976092846336,100.45998234218169,3.03808076102173,2.8698217256082166,2.9539512433149735,3.0758572851329897,2255,6180,0,880,313,2257.0
452,1.52,0.0,0.76,2260,2265,20240726RUN02,13.843968370761218,100.4600279128309,1.6770310382844569,1.7696383618871168,1.7233347000857868,1.6556573881301127,2260,6180,0,880,314,2264.0
453,2.32,0.01,1.16,2265,2270,20240726RUN02,13.843960566394477,100.46007346880161,1.6770310382844569,1.7696383618871168,1.7233347000857868,1.6323065742625027,2265,6180,0,880,,
454,2.05,0.0,1.02,2270,2275,20240726RUN02,13.843952691957512,100.46011901211037,1.6770310382844569,1.7696383618871168,1.7233347000857868,1.8590467891629707,2270,6180,0,880,315,2272.0
455,0.65,0.0,0.32,2275,2280,20240726RUN02,13.843944707244653,100.46016453531047,1.6770310382844569,1.7696383618871168,1.7233347000857868,1.8619824281691792,2275,6180,0,880,316,2279.0
456,2.03,0.1,1.06,2280,2285,20240726RUN02,13.843936648609818,100.46021004488463,1.910835307323079,2.693154884228219,2.301995095775649,2.421961000002245,2280,6180,0,880,,
457,0.75,0.0,0.38,2285,2290,20240726RUN02,13.843928614701927,100.46025555904124,1.910835307323079,2.693154884228219,2.301995095775649,2.1973339080918377,2285,6180,0,880,317,2286.0
458,0.02,0.0,0.01,2290,2295,20240726RUN02,13.843920600942583,100.46030107691757,1.910835307323079,2.693154884228219,2.301995095775649,2.425429489553916,2290,6180,0,880,318,2293.0
459,0.23,0.38,0.3,2295,2300,20240726RUN02,13.843912593603601,100.46034659598332,1.910835307323079,2.693154884228219,2.301995095775649,2.335182181121421,2295,6180,0,880,,
460,0.41,0.14,0.28,2300,2305,20240726RUN02,13.843904635791379,100.46039212413473,1.9038149386107937,2.0418778536691766,1.9728463961399851,1.9282744792391036,2300,6180,0,880,319,2300.0
461,0.73,0.0,0.36,2305,2310,20240726RUN02,13.843896713712693,100.4604376588214,1.9038149386107937,2.0418778536691766,1.9728463961399851,1.8328691354944038,2305,6180,0,880,320,2308.0
462,1.19,0.29,0.74,2310,2315,20240726RUN02,13.84388881126416,100.46048319711205,1.9038149386107937,2.0418778536691766,1.9728463961399851,1.9328261804830493,2310,6180,0,880,,
463,0.57,0.08,0.32,2315,2320,20240726RUN02,13.843880954760012,100.46052874369737,1.9038149386107937,2.0418778536691766,1.9728463961399851,2.1365432588342688,2315,6180,0,880,321,2315.0
464,0.71,0.0,0.36,2320,2325,20240726RUN02,13.843873144464542,100.46057429862715,2.441068669443819,2.466633735477894,2.4538512024608563,2.4106763265476787,2320,6180,0,880,322,2322.0
465,0.51,0.0,0.26,2325,2330,20240726RUN02,13.843865371758776,100.4606198602588,2.441068669443819,2.466633735477894,2.4538512024608563,2.5158660035696983,2325,6180,0,880,323,2329.0
466,1.71,0.0,0.86,2330,2335,20240726RUN02,13.84385763586705,100.46066542847038,2.441068669443819,2.466633735477894,2.4538512024608563,2.2202550261711345,2330,6180,0,880,,
467,2.07,0.06,1.06,2335,2340,20240726RUN02,13.843849919066981,100.46071100006024,2.441068669443819,2.466633735477894,2.4538512024608563,2.592719980945608,2335,6180,0,880,324,2336.0
468,2.39,0.09,1.24,2340,2345,20240726RUN02,13.843842213254497,100.46075657355753,2.3509578411477428,1.681352795946074,2.0161553185469083,2.0072883568122255,2340,6180,0,880,325,2344.0
469,0.69,0.0,0.34,2345,2350,20240726RUN02,13.843834515784428,100.46080214851388,2.3509578411477428,1.681352795946074,2.0161553185469083,2.120427858519979,2345,6180,0,880,,
470,1.24,0.0,0.62,2350,2355,20240726RUN02,13.843826791240945,100.46084771868053,2.3509578411477428,1.681352795946074,2.0161553185469083,2.148462511232492,2350,6180,0,880,326,2351.0
471,1.56,0.0,0.78,2355,2360,20240726RUN02,13.843819037182556,100.46089328358,2.3509578411477428,1.681352795946074,2.0161553185469083,1.9640706908174197,2355,6180,0,880,327,2358.0
472,0.83,0.03,0.43,2360,2365,20240726RUN02,13.843811309916305,100.46093885331746,3.0476763145855346,2.1259423577395955,2.586809336162565,2.441811056912492,2360,6180,0,880,,
473,0.94,0.0,0.47,2365,2370,20240726RUN02,13.843803586058021,100.46098442359495,3.0476763145855346,2.1259423577395955,2.586809336162565,2.4829935987248772,2365,6180,0,880,328,2365.0
474,0.53,0.0,0.26,2370,2375,20240726RUN02,13.843795780293831,100.46102997927828,3.0476763145855346,2.1259423577395955,2.586809336162565,2.707147555984836,2370,6180,0,880,329,2372.0
475,3.95,0.18,2.06,2375,2380,20240726RUN02,13.843787854699197,100.46107551328143,3.0476763145855346,2.1259423577395955,2.586809336162565,2.7737818070445828,2375,6180,0,880,,
476,3.93,0.52,2.22,2380,2385,20240726RUN02,13.843779794028721,100.46112102240667,4.01446411977356,3.789772423404939,3.9021182715892495,3.6667440853935274,2380,6180,0,880,330,2380.0
477,1.57,0.34,0.96,2385,2390,20240726RUN02,13.843771662581618,100.46116651840207,4.01446411977356,3.789772423404939,3.9021182715892495,3.817536516220701,2385,6180,0,880,331,2387.0
478,2.27,1.15,1.71,2390,2395,20240726RUN02,13.843763523695625,100.46121201299661,4.01446411977356,3.789772423404939,3.9021182715892495,3.95727799097767,2390,6180,0,880,332,2394.0
479,1.87,2.35,2.11,2395,2400,20240726RUN02,13.843755390439066,100.46125750871172,4.01446411977356,3.789772423404939,3.9021182715892495,4.090945128540707,2395,6180,0,880,,
480,0.67,3.57,2.12,2400,2405,20240726RUN02,13.843747344403114,100.46130302055312,3.4226977680025503,3.4411829802997937,3.4319403741511723,3.293236126949688,2400,6180,0,880,333,2401.0
481,3.54,6.36,4.95,2405,2410,20240726RUN02,13.843739450999237,100.4613485603522,3.4226977680025503,3.4411829802997937,3.4319403741511723,3.580477664432843,2405,6180,0,880,334,2409.0
482,3.74,1.24,2.49,2410,2415,20240726RUN02,13.843731644444247,100.4613941158734,3.4226977680025503,3.4411829802997937,3.4319403741511723,3.5922163578884363,2410,6180,0,880,,
483,1.62,2.44,2.03,2415,2420,20240726RUN02,13.843723826643668,100.46143966944142,3.4226977680025503,3.4411829802997937,3.4319403741511723,3.2556234141105596,2415,6180,0,880,335,2416.0
484,0.37,0.09,0.23,2420,2425,20240726RUN02,13.843716008604716,100.46148522297565,2.206105535045367,1.4844478418569105,1.845276688451139,1.9230349895006547,2420,6180,0,880,336,2423.0
485,0.11,0.05,0.08,2425,2430,20240726RUN02,13.843708175803355,100.46153077379064,2.206105535045367,1.4844478418569105,1.845276688451139,1.993495945510153,2425,6180,0,880,,
486,0.08,0.13,0.11,2430,2435,20240726RUN02,13.84370024883772,100.4615763075335,2.206105535045367,1.4844478418569105,1.845276688451139,1.6708574976101065,2430,6180,0,880,337,2430.0
487,0.16,0.03,0.1,2435,2440,20240726RUN02,13.84369226339132,100.46162183061168,2.206105535045367,1.4844478418569105,1.845276688451139,1.8435338899341065,2435,6180,0,880,338,2437.0
488,0.05,0.02,0.04,2440,2445,20240726RUN02,13.843684271444157,100.46166735250463,1.7773376996150771,1.8829742628504067,1.830155981232742,1.9821441889581068,2440,6180,0,880,,
489,0.25,0.18,0.22,2445,2450,20240726RUN02,13.843676262167898,100.46171287119022,1.7773376996150771,1.8829742628504067,1.830155981232742,1.721299686520288,2445,6180,0,880,339,2445.0
490,0.25,0.13,0.19,2450,2455,20240726RUN02,13.843668237379498,100.46175838699612,1.7773376996150771,1.8829742628504067,1.830155981232742,1.66332238536086,2450,6180,0,880,340,2452.0
491,0.12,0.86,0.49,2455,2460,20240726RUN02,13.843660235197806,100.46180390693733,1.7773376996150771,1.8829742628504067,1.830155981232742,1.7401785471357882,2455,6180,0,880,341,2459.0
492,0.02,0.16,0.09,2460,2465,20240726RUN02,13.8436522886332,100.46184943709218,2.070031324801578,1.9254533978933548,1.9977423613474663,1.9591936524938165,2460,6180,0,880,,
493,0.03,1.26,0.64,2465,2470,20240726RUN02,13.843644400246772,100.4618949778655,2.070031324801578,1.9254533978933548,1.9977423613474663,1.828475254442451,2465,6180,0,880,342,2466.0
494,0.12,0.19,0.16,2470,2475,20240726RUN02,13.843636573822927,100.46194052983495,2.070031324801578,1.9254533978933548,1.9977423613474663,1.934235026706849,2470,6180,0,880,343,2473.0
495,0.09,0.0,0.04,2475,2480,20240726RUN02,13.843628769471382,100.46198608576513,2.070031324801578,1.9254533978933548,1.9977423613474663,2.014944088545395,2475,6180,0,880,,
496,0.26,0.67,0.46,2480,2485,20240726RUN02,13.84362091697961,100.46203163305569,2.902557255772206,2.3881278659673306,2.6453425608697683,2.5862703769712247,2480,6180,0,880,344,2481.0
497,0.45,0.7,0.57,2485,2490,20240726RUN02,13.843613076694988,100.46207718251452,2.902557255772206,2.3881278659673306,2.6453425608697683,2.8859278666383164,2485,6180,0,880,345,2488.0
498,0.35,0.11,0.23,2490,2495,20240726RUN02,13.843605317294456,100.46212274646876,2.902557255772206,2.3881278659673306,2.6453425608697683,2.393752488460659,2490,6180,0,880,,
499,1.24,0.47,0.86,2495,2500,20240726RUN02,13.843597586886077,100.46216831557302,2.902557255772206,2.3881278659673306,2.6453425608697683,2.790194720146497,2495,6180,0,880,346,2495.0
500,0.29,0.57,0.43,2500,2505,20240726RUN02,13.843589871299343,100.46221388729856,2.1036345826566496,2.4433919790152085,2.273513280835929,2.0935151884789325,2500,6180,0,880,347,2502.0
501,0.46,0.08,0.27,2505,2510,20240726RUN02,13.843582147748503,100.46225945760303,2.1036345826566496,2.4433919790152085,2.273513280835929,2.0798817569619192,2505,6180,0,880,348,2509.0
502,0.55,0.0,0.28,2510,2515,20240726RUN02,13.84357440696047,100.4623050248924,2.1036345826566496,2.4433919790152085,2.273513280835929,2.29865856435501,2510,6180,0,880,,
503,0.31,0.06,0.18,2515,2520,20240726RUN02,13.843566673281185,100.46235059344224,2.1036345826566496,2.4433919790152085,2.273513280835929,2.462642470719983,2515,6180,0,880,349,2517.0
504,0.6,0.47,0.53,2520,2525,20240726RUN02,13.843558936469597,100.4623961614311,2.258081275321693,2.283113085247468,2.2705971802845806,2.0549192810133263,2520,6180,0,880,350,2524.0
505,0.94,1.3,1.12,2525,2530,20240726RUN02,13.84355119108102,100.46244172785546,2.258081275321693,2.283113085247468,2.2705971802845806,2.307322736186109,2525,6180,0,880,,
506,0.81,0.48,0.64,2530,2535,20240726RUN02,13.84354343845339,100.46248729295817,2.258081275321693,2.283113085247468,2.2705971802845806,2.4431755158016006,2530,6180,0,880,351,2531.0
507,0.16,1.98,1.07,2535,2540,20240726RUN02,13.84353569307036,100.46253285934351,2.258081275321693,2.283113085247468,2.2705971802845806,2.073516440580733,2535,6180,0,880,352,2538.0
508,0.28,1.66,0.97,2540,2545,20240726RUN02,13.843527914165188,100.46257841978415,1.8306442002385064,2.008906826794743,1.9197755135166248,2.058258444157705,2540,6180,0,880,,
509,0.26,0.84,0.55,2545,2550,20240726RUN02,13.843520111684098,100.46262397601679,1.8306442002385064,2.008906826794743,1.9197755135166248,2.100237833341428,2545,6180,0,880,353,2546.0
510,0.05,0.02,0.04,2550,2555,20240726RUN02,13.843512384362796,100.46266954566423,1.8306442002385064,2.008906826794743,1.9197755135166248,1.8327066767901854,2550,6180,0,880,354,2553.0
511,0.11,0.24,0.18,2555,2560,20240726RUN02,13.843504729056704,100.46271512804576,1.8306442002385064,2.008906826794743,1.9197755135166248,1.87669758277455,2555,6180,0,880,,
512,0.49,0.0,0.24,2560,2565,20240726RUN02,13.843497154120456,100.46276072442784,2.9771595108113167,2.0414521572045925,2.5093058340079546,2.504878662724848,2560,6180,0,880,355,2560.0
513,0.32,1.95,1.14,2565,2570,20240726RUN02,13.843489736473508,100.46280634789993,2.9771595108113167,2.0414521572045925,2.5093058340079546,2.4654266610737383,2565,6180,0,880,356,2567.0
514,0.03,1.48,0.76,2570,2575,20240726RUN02,13.843482513784217,100.46285200403845,2.9771595108113167,2.0414521572045925,2.5093058340079546,2.386766150124426,2570,6180,0,880,357,2574.0
515,0.02,0.37,0.2,2575,2580,20240726RUN02,13.84347554059773,100.46289770081616,2.9771595108113167,2.0414521572045925,2.5093058340079546,2.5799400751191652,2575,6180,0,880,,
516,0.0,0.27,0.14,2580,2585,20240726RUN02,13.843468879678694,100.46294344630897,2.033877269081496,2.056962333668039,2.0454198013747673,2.1434503375119096,2580,6180,0,880,358,2582.0
517,0.62,2.43,1.52,2585,2590,20240726RUN02,13.843462574361439,100.46298924453419,2.033877269081496,2.056962333668039,2.0454198013747673,1.9450352350275528,2585,6180,0,880,359,2589.0
518,0.46,1.03,0.74,2590,2595,20240726RUN02,13.843456649054232,100.4630350958559,2.033877269081496,2.056962333668039,2.0454198013747673,2.138485179514424,2590,6180,0,880,,
519,0.33,0.37,0.35,2595,2600,20240726RUN02,13.843451041353012,100.46308098907481,2.033877269081496,2.056962333668039,2.0454198013747673,1.9492938886461497,2595,6180,0,880,360,2596.0
520,0.78,0.73,0.76,2600,2605,20240726RUN02,13.843445699014751,100.46312691547519,3.0842227841040497,2.205725687659278,2.644974235881664,2.512275647522649,2600,6180,0,880,361,2603.0
521,0.21,0.59,0.4,2605,2610,20240726RUN02,13.843440568388486,100.46317286714805,3.0842227841040497,2.205725687659278,2.644974235881664,2.4351807548612494,2605,6180,0,880,,
522,0.02,0.39,0.2,2610,2615,20240726RUN02,13.843435535554828,100.4632188301682,3.0842227841040497,2.205725687659278,2.644974235881664,2.6539287041926656,2610,6180,0,880,362,2610.0
523,0.09,1.04,0.57,2615,2620,20240726RUN02,13.843430587872218,100.46326480283606,3.0842227841040497,2.205725687659278,2.644974235881664,2.715771619623586,2615,6180,0,880,363,2618.0
524,0.23,6.38,3.3,2620,2625,20240726RUN02,13.843425816535644,100.46331079499154,3.1491181630525418,2.9058434039051573,3.0274807834788495,2.9701337468025786,2620,6180,0,880,,
525,0.03,4.18,2.1,2625,2630,20240726RUN02,13.843421280881431,100.4633568120936,3.1491181630525418,2.9058434039051573,3.0274807834788495,3.213685793312748,2625,6180,0,880,364,2625.0
526,0.0,4.18,2.09,2630,2635,20240726RUN02,13.843416937826314,100.46340284876752,3.1491181630525418,2.9058434039051573,3.0274807834788495,3.178813132664639,2630,6180,0,880,365,2632.0
527,0.24,6.03,3.14,2635,2640,20240726RUN02,13.8434126983957,100.46344889562874,3.1491181630525418,2.9058434039051573,3.0274807834788495,2.789468412744725,2635,6180,0,880,366,2639.0
528,0.16,4.74,2.45,2640,2645,20240726RUN02,13.843408532227707,100.46349494961463,3.1030176652257757,2.6950370374247297,2.8990273513252527,3.173254366372862,2640,6180,0,880,,
529,2.42,2.43,2.42,2645,2650,20240726RUN02,13.843404466232359,100.46354101295776,3.1030176652257757,2.6950370374247297,2.8990273513252527,2.7038134459420715,2645,6180,0,880,367,2647.0
530,2.39,1.1,1.74,2650,2655,20240726RUN02,13.84340057057643,100.46358709163103,3.1030176652257757,2.6950370374247297,2.8990273513252527,2.9097706776775483,2650,6180,0,880,368,2654.0
531,0.95,3.05,2.0,2655,2660,20240726RUN02,13.843396942022991,100.46363319302674,3.1030176652257757,2.6950370374247297,2.8990273513252527,2.8632400043227,2655,6180,0,880,,
532,4.77,1.74,3.26,2660,2665,20240726RUN02,13.843393581947032,100.46367931575433,3.954364739613281,3.2681835184509755,3.611274129032128,3.3405654506441786,2660,6180,0,880,369,2661.0
533,5.07,0.0,2.54,2665,2670,20240726RUN02,13.843390427824671,100.46372545391503,3.954364739613281,3.2681835184509755,3.611274129032128,3.680753241256155,2665,6180,0,880,370,2668.0
534,4.69,0.0,2.35,2670,2675,20240726RUN02,13.843387464690966,100.46377160531286,3.954364739613281,3.2681835184509755,3.611274129032128,3.7997348910646354,2670,6180,0,880,,
535,9.19,0.0,4.6,2675,2680,20240726RUN02,13.843384751909966,100.46381777273245,3.954364739613281,3.2681835184509755,3.611274129032128,3.765657316869183,2675,6180,0,880,371,2675.0
536,5.13,0.0,2.56,2680,2685,20240726RUN02,13.843382327910458,100.46386395692166,3.135951980617563,3.792336408111957,3.46414419436476,3.420864612594126,2680,6180,0,880,372,2683.0
537,5.9,0.0,2.95,2685,2690,20240726RUN02,13.843380178548493,100.46391015541586,3.135951980617563,3.792336408111957,3.46414419436476,3.5360865677653432,2685,6180,0,880,,
538,5.95,0.0,2.98,2690,2695,20240726RUN02,13.843378331596407,100.4639563675436,3.135951980617563,3.792336408111957,3.46414419436476,3.555835797627822,2690,6180,0,880,373,2690.0
539,5.35,0.29,2.82,2695,2700,20240726RUN02,13.84337683786421,100.4640025931563,3.135951980617563,3.792336408111957,3.46414419436476,3.228909888352289,2695,6180,0,880,374,2697.0
540,4.86,0.54,2.7,2700,2705,20240726RUN02,13.843375654631078,100.46404882831939,3.201421877919566,3.830368462189656,3.515895170054611,3.812819492123848,2700,6180,0,880,375,2704.0
541,2.79,0.38,1.58,2705,2710,20240726RUN02,13.843374772751478,100.46409507061539,3.201421877919566,3.830368462189656,3.515895170054611,3.392798482974022,2705,6180,0,880,,
542,3.15,0.19,1.67,2710,2715,20240726RUN02,13.843374246070375,100.46414131856118,3.201421877919566,3.830368462189656,3.515895170054611,3.401777575981974,2710,6180,0,880,376,2711.0
543,1.7,0.44,1.07,2715,2720,20240726RUN02,13.843374015859322,100.46418756913941,3.201421877919566,3.830368462189656,3.515895170054611,3.3075824810165897,2715,6180,0,880,377,2719.0
544,2.77,0.12,1.44,2720,2725,20240726RUN02,13.84337401961275,100.4642338202668,4.531083758397516,3.733691886680838,4.132387822539177,4.1203677039343285,2720,6180,0,880,,
545,2.49,0.79,1.64,2725,2730,20240726RUN02,13.843374287197594,100.46428007040345,4.531083758397516,3.733691886680838,4.132387822539177,3.8573408660394373,2725,6180,0,880,378,2726.0
546,3.42,0.82,2.12,2730,2735,20240726RUN02,13.843374763272784,100.46432631877266,4.531083758397516,3.733691886680838,4.132387822539177,4.513984047611385,2730,6180,0,880,379,2733.0
547,1.14,1.21,1.17,2735,2740,20240726RUN02,13.843375355123076,100.4643725656018,4.531083758397516,3.733691886680838,4.132387822539177,3.9468698856840443,2735,6180,0,880,,
548,2.6,0.83,1.72,2740,2745,20240726RUN02,13.843376087622227,100.46441881029368,8.169397770017419,7.730500775899712,7.949949272958565,8.324861273366283,2740,6180,0,880,380,2740.0
549,1.25,1.0,1.12,2745,2750,20240726RUN02,13.843376922116477,100.46446505319341,8.169397770017419,7.730500775899712,7.949949272958565,8.64798660911139,2745,6180,0,880,381,2747.0
550,1.25,1.48,1.36,2750,2755,20240726RUN02,13.84337781202988,100.4645112950071,8.169397770017419,7.730500775899712,7.949949272958565,7.44805254323642,2750,6180,0,880,,
551,7.46,4.91,6.18,2755,2760,20240726RUN02,13.843378832250695,100.46455753385791,8.169397770017419,7.730500775899712,7.949949272958565,7.332830097779654,2755,6180,0,880,382,2755.0
552,4.47,2.0,3.24,2760,2765,20240726RUN02,13.84338005568765,100.46460376738396,6.669026278715871,7.727434065370611,7.198230172043241,6.56317747849195,2760,6180,0,880,383,2762.0
553,3.44,2.59,3.01,2765,2770,20240726RUN02,13.843381528886457,100.46464999331705,6.669026278715871,7.727434065370611,7.198230172043241,7.467748858908606,2765,6180,0,880,384,2769.0
554,1.12,4.72,2.92,2770,2775,20240726RUN02,13.84338323256402,100.46469621101068,6.669026278715871,7.727434065370611,7.198230172043241,7.5619335153335765,2770,6180,0,880,,
555,4.86,1.22,3.04,2775,2780,20240726RUN02,13.843385122305254,100.46474242114687,6.669026278715871,7.727434065370611,7.198230172043241,7.060621702276817,2775,6180,0,880,385,2776.0
556,3.88,0.22,2.05,2780,2785,20240726RUN02,13.843387184595601,100.46478862327683,8.32755183547885,9.314327863730584,8.820939849604716,7.95916939867501,2780,6180,0,880,386,2784.0
557,4.54,0.4,2.47,2785,2790,20240726RUN02,13.843389407269093,100.46483481746515,8.32755183547885,9.314327863730584,8.820939849604716,8.944123571433455,2785,6180,0,880,,
558,2.24,0.41,1.33,2790,2795,20240726RUN02,13.843391816363333,100.46488100182629,8.32755183547885,9.314327863730584,8.820939849604716,9.055687153305369,2790,6180,0,880,387,2791.0
559,0.99,0.55,0.77,2795,2800,20240726RUN02,13.843394495453682,100.46492717085327,8.32755183547885,9.314327863730584,8.820939849604716,9.130955011304641,2795,6180,0,880,388,2798.0
560,0.06,0.2,0.13,2800,2805,20240726RUN02,13.843397497711598,100.464973319192,6.007869270403639,7.7039649542906705,6.855917112347155,6.920344694156028,2800,6180,0,880,,
561,1.06,0.78,0.92,2805,2810,20240726RUN02,13.843400875594154,100.46501944000943,6.007869270403639,7.7039649542906705,6.855917112347155,6.372517664509347,2805,6180,0,880,389,2805.0
562,0.1,1.77,0.94,2810,2815,20240726RUN02,13.84340462897349,100.4650655304814,6.007869270403639,7.7039649542906705,6.855917112347155,7.015165673814444,2810,6180,0,880,390,2812.0
563,0.14,2.05,1.1,2815,2820,20240726RUN02,13.843408675526735,100.46511159512008,6.007869270403639,7.7039649542906705,6.855917112347155,7.101831430642442,2815,6180,0,880,,
564,0.43,3.97,2.2,2820,2825,20240726RUN02,13.843413019838454,100.4651576313724,3.1199460782180317,2.648273830839867,2.8841099545289492,2.7163112292363802,2820,6180,0,880,391,2820.0
565,0.11,2.18,1.14,2825,2830,20240726RUN02,13.843417616051163,100.4652036420673,3.1199460782180317,2.648273830839867,2.8841099545289492,3.1315688143974545,2825,6180,0,880,392,2827.0
566,0.19,1.11,0.65,2830,2835,20240726RUN02,13.84342244729095,100.46524962756416,3.1199460782180317,2.648273830839867,2.8841099545289492,2.803373070343474,2830,6180,0,880,393,2834.0
567,0.24,0.22,0.23,2835,2840,20240726RUN02,13.843427569553738,100.4652955801112,3.1199460782180317,2.648273830839867,2.8841099545289492,2.94213984297673,2835,6180,0,880,,
568,0.19,0.4,0.3,2840,2845,20240726RUN02,13.843433006121149,100.46534149489959,2.017745472855308,1.7178970099650273,1.8678212414101676,1.9124171861027008,2840,6180,0,880,394,2841.0
569,0.4,0.02,0.21,2845,2850,20240726RUN02,13.843438702010877,100.46538737674723,2.017745472855308,1.7178970099650273,1.8678212414101676,1.743748060191718,2845,6180,0,880,395,2848.0
570,0.74,0.17,0.46,2850,2855,20240726RUN02,13.843444572342719,100.46543323557673,2.017745472855308,1.7178970099650273,1.8678212414101676,1.9216242049299137,2850,6180,0,880,,
571,0.96,0.0,0.48,2855,2860,20240726RUN02,13.843450489768012,100.46547908808637,2.017745472855308,1.7178970099650273,1.8678212414101676,1.976274541173764,2855,6180,0,880,396,2856.0
572,0.89,0.0,0.44,2860,2865,20240726RUN02,13.84345636630159,100.46552494610958,3.014200442004661,2.7474723410840385,2.88083639154435,3.0332032692957336,2860,6180,0,880,397,2863.0
573,0.7,0.0,0.35,2865,2870,20240726RUN02,13.843462326068085,100.46557079286318,3.014200442004661,2.7474723410840385,2.88083639154435,2.9999547552201404,2865,6180,0,880,,
574,0.67,0.08,0.38,2870,2875,20240726RUN02,13.843468577285622,100.46561659886389,3.014200442004661,2.7474723410840385,2.88083639154435,2.7750450119578507,2870,6180,0,880,398,2870.0
575,0.61,0.0,0.3,2875,2880,20240726RUN02,13.843475319594704,100.46566233170384,3.014200442004661,2.7474723410840385,2.88083639154435,2.764682817578759,2875,6180,0,880,399,2877.0
576,1.03,0.0,0.52,2880,2885,20240726RUN02,13.843482511580568,100.46570799279971,2.211372450808293,1.926301683366613,2.0688370670874527,1.97931257935633,2880,6180,0,880,400,2884.0
577,1.98,0.2,1.09,2885,2890,20240726RUN02,13.843490138296259,100.46575357992357,2.211372450808293,1.926301683366613,2.0688370670874527,1.9185975693751531,2885,6180,0,880,,
578,0.71,0.0,0.36,2890,2895,20240726RUN02,13.84349815101125,100.46579909776467,2.211372450808293,1.926301683366613,2.0688370670874527,2.0432128642579923,2890,6180,0,880,401,2892.0
579,1.22,0.0,0.61,2895,2900,20240726RUN02,13.84350637560311,100.46584457609586,2.211372450808293,1.926301683366613,2.0688370670874527,2.2737996286801363,2895,6180,0,880,402,2899.0
580,2.1,0.09,1.1,2900,2905,20240726RUN02,13.843514605491714,100.46589005346425,3.276046956379528,3.0796883661840635,3.1778676612817955,3.360665442722459,2900,6180,0,880,,
581,1.55,0.09,0.82,2905,2910,20240726RUN02,13.843522761432883,100.46593554479618,3.276046956379528,3.0796883661840635,3.1778676612817955,3.186329275148456,2905,6180,0,880,403,2906.0
582,0.91,0.0,0.46,2910,2915,20240726RUN02,13.84353092352307,100.46598103500098,3.276046956379528,3.0796883661840635,3.1778676612817955,3.3038613490532835,2910,6180,0,880,404,2913.0
583,1.46,0.02,0.74,2915,2920,20240726RUN02,13.843539219297353,100.46602649982057,3.276046956379528,3.0796883661840635,3.1778676612817955,3.0225929986324096,2915,6180,0,880,,
584,1.33,0.0,0.66,2920,2925,20240726RUN02,13.84354776393007,100.46607191628804,2.507127459249026,2.117248605569128,2.312188032409077,2.48035622194051,2920,6180,0,880,405,2921.0
585,1.48,0.0,0.74,2925,2930,20240726RUN02,13.84355659571272,100.46611727517843,2.507127459249026,2.117248605569128,2.312188032409077,2.27484249047581,2925,6180,0,880,406,2928.0
586,1.78,0.03,0.9,2930,2935,20240726RUN02,13.843565751509475,100.46616256678439,2.507127459249026,2.117248605569128,2.312188032409077,2.2336469533626944,2930,6180,0,880,,
587,1.58,0.0,0.79,2935,2940,20240726RUN02,13.843575226820455,100.46620778947727,2.507127459249026,2.117248605569128,2.312188032409077,2.3260132331212966,2935,6180,0,880,407,2935.0
588,2.35,0.0,1.18,2940,2945,20240726RUN02,13.843584971397517,100.46625295225245,3.076804781852972,3.2780422614783813,3.1774235216656765,3.088091906702505,2940,6180,0,880,408,2942.0
589,1.98,0.0,0.99,2945,2950,20240726RUN02,13.843594930068372,100.46629806609593,3.076804781852972,3.2780422614783813,3.1774235216656765,3.0576906442925216,2945,6180,0,880,409,2949.0
590,3.01,0.0,1.5,2950,2955,20240726RUN02,13.843605071002678,100.46634313741217,3.076804781852972,3.2780422614783813,3.1774235216656765,2.9621305510361324,2950,6180,0,880,,
591,2.88,0.0,1.44,2955,2960,20240726RUN02,13.843615435559412,100.46638815533584,3.076804781852972,3.2780422614783813,3.1774235216656765,3.4671390199030365,2955,6180,0,880,410,2957.0
592,2.2,0.0,1.1,2960,2965,20240726RUN02,13.843626028225788,100.46643311765598,2.5210175211504717,2.415264424585023,2.4681409728677473,2.6958881224291127,2960,6180,0,880,411,2964.0
593,2.35,0.0,1.18,2965,2970,20240726RUN02,13.843636819228259,100.46647803055443,2.5210175211504717,2.415264424585023,2.4681409728677473,2.271073927153607,2965,6180,0,880,,
594,2.75,0.04,1.4,2970,2975,20240726RUN02,13.84364777452759,100.46652290176782,2.5210175211504717,2.415264424585023,2.4681409728677473,2.504174656210526,2970,6180,0,880,412,2971.0
595,2.31,0.0,1.16,2975,2980,20240726RUN02,13.843658835851532,100.46656774576306,2.5210175211504717,2.415264424585023,2.4681409728677473,2.430158920154133,2975,6180,0,880,413,2978.0
596,2.31,0.0,1.16,2980,2985,20240726RUN02,13.843669948104743,100.46661257659042,2.559242772369921,2.122366223198753,2.3408044977843367,2.308601358564991,2980,6180,0,880,,
597,1.02,0.03,0.52,2985,2990,20240726RUN02,13.843681147635928,100.4666573846493,2.559242772369921,2.122366223198753,2.3408044977843367,2.53787089212756,2985,6180,0,880,414,2985.0
598,0.65,0.0,0.32,2990,2995,20240726RUN02,13.843692507761737,100.46670215035878,2.559242772369921,2.122366223198753,2.3408044977843367,2.350112152399434,2990,6180,0,880,415,2993.0
599,0.93,0.23,0.58,2995,3000,20240726RUN02,13.843704035096138,100.46674687126527,2.559242772369921,2.122366223198753,2.3408044977843367,2.222939437740713,2995,6180,0,880,,
600,0.29,0.1,0.2,3000,3005,20240726RUN02,13.843715757362448,100.4667915390646,2.0853869900561217,2.202547936727827,2.1439674633919745,1.9426337010178012,3000,6180,0,880,416,3000.0
601,0.21,0.09,0.15,3005,3010,20240726RUN02,13.843727685185804,100.46683614986243,2.0853869900561217,2.202547936727827,2.1439674633919745,2.210051832715501,3005,6180,0,880,417,3007.0
602,0.11,0.0,0.06,3010,3015,20240726RUN02,13.843739754929304,100.46688072069477,2.0853869900561217,2.202547936727827,2.1439674633919745,2.14029786289806,3010,6180,0,880,418,3014.0
603,0.02,0.02,0.02,3015,3020,20240726RUN02,13.843751927479914,100.46692526222424,2.0853869900561217,2.202547936727827,2.1439674633919745,2.3463371328676756,3015,6180,0,880,,
604,0.12,0.34,0.23,3020,3025,20240726RUN02,13.843764328858084,100.4669697374545,1.940096738632157,2.060285654226914,2.0001911964295354,1.85671887295565,3020,6180,0,880,419,3021.0
605,0.05,0.02,0.04,3025,3030,20240726RUN02,13.843777115031369,100.46701409833409,1.940096738632157,2.060285654226914,2.0001911964295354,2.1788745634060716,3025,6180,0,880,420,3029.0
606,0.13,0.1,0.12,3030,3035,20240726RUN02,13.843790339660885,100.46705832440178,1.940096738632157,2.060285654226914,2.0001911964295354,1.9722602187300673,3030,6180,0,880,,
607,0.03,0.0,0.02,3035,3040,20240726RUN02,13.843803959606124,100.46710242466699,1.940096738632157,2.060285654226914,2.0001911964295354,1.8460170672295884,3035,6180,0,880,421,3036.0
608,0.1,0.56,0.33,3040,3045,20240726RUN02,13.843817888715614,100.46714642375528,2.8242115898198508,2.9091523821320786,2.8666819859759647,2.9566243346266865,3040,6180,0,880,422,3043.0
609,0.06,0.0,0.03,3045,3050,20240726RUN02,13.843832011048374,100.46719035829939,2.8242115898198508,2.9091523821320786,2.8666819859759647,2.724151430342109,3045,6180,0,880,,
610,0.05,1.56,0.8,3050,3055,20240726RUN02,13.843846202409805,100.4672342695536,2.8242115898198508,2.9091523821320786,2.8666819859759647,2.7505944740836172,3050,6180,0,880,423,3050.0
611,0.34,0.48,0.41,3055,3060,20240726RUN02,13.843860330313479,100.46727820225664,2.8242115898198508,2.9091523821320786,2.8666819859759647,2.814196636918314,3055,6180,0,880,424,3058.0
612,0.64,0.9,0.77,3060,3065,20240726RUN02,13.843874320550269,100.46732218105679,1.5895853670941429,2.0832123362584296,1.8363988516762864,1.6851722704393137,3060,6180,0,880,,
613,1.13,1.19,1.16,3065,3070,20240726RUN02,13.843888235126096,100.46736618497371,1.5895853670941429,2.0832123362584296,1.8363988516762864,1.8675746362143673,3065,6180,0,880,425,3065.0
614,0.4,1.91,1.16,3070,3075,20240726RUN02,13.84390217848391,100.46741017935864,1.5895853670941429,2.0832123362584296,1.8363988516762864,1.7734457284763077,3070,6180,0,880,426,3072.0
615,0.66,0.68,0.67,3075,3080,20240726RUN02,13.843916124832324,100.46745417277614,1.5895853670941429,2.0832123362584296,1.8363988516762864,1.755500374534485,3075,6180,0,880,427,3079.0
616,0.58,0.52,0.55,3080,3085,20240726RUN02,13.843930035791505,100.46749817793926,1.0487472581686963,1.5972408999842571,1.3229940790764767,1.2955043665378254,3080,6180,0,880,,
617,0.49,0.76,0.62,3085,3090,20240726RUN02,13.843943930011273,100.46754218865817,1.0487472581686963,1.5972408999842571,1.3229940790764767,1.4278249304502237,3085,6180,0,880,428,3086.0
618,0.5,0.05,0.28,3090,3095,20240726RUN02,13.843957835589276,100.46758619566079,1.0487472581686963,1.5972408999842571,1.3229940790764767,1.2552992779538672,3090,6180,0,880,429,3094.0
619,0.51,0.07,0.29,3095,3100,20240726RUN02,13.843971819644022,100.46763017661237,1.0487472581686963,1.5972408999842571,1.3229940790764767,1.2439257611600798,3095,6180,0,880,,
620,0.38,0.0,0.19,3100,3105,20240726RUN02,13.843985901681966,100.46767412482487,1.724962299851156,1.813323152705682,1.769142726278419,1.9293851065429322,3100,6180,0,880,430,3101.0
621,0.12,0.16,0.14,3105,3110,20240726RUN02,13.844000038023587,100.46771805478055,1.724962299851156,1.813323152705682,1.769142726278419,1.7013282835432908,3105,6180,0,880,431,3108.0
622,0.18,0.93,0.56,3110,3115,20240726RUN02,13.844014243720405,100.46776196128734,1.724962299851156,1.813323152705682,1.769142726278419,1.804300967704911,3110,6180,0,880,,
623,0.87,0.0,0.44,3115,3120,20240726RUN02,13.84402854514687,100.46780583524611,1.724962299851156,1.813323152705682,1.769142726278419,1.7168013105867377,3115,6180,0,880,432,3115.0
624,0.31,0.0,0.16,3120,3125,20240726RUN02,13.844042886028685,100.4678496957268,1.9825059994342509,2.4039033929386235,2.193204696186437,2.373875840463396,3120,6180,0,880,433,3122.0
625,0.75,0.0,0.38,3125,3130,20240726RUN02,13.844057224704907,100.46789355698888,1.9825059994342509,2.4039033929386235,2.193204696186437,2.2565182511928867,3125,6180,0,880,,
626,1.39,0.0,0.7,3130,3135,20240726RUN02,13.844071528482468,100.46793743016664,1.9825059994342509,2.4039033929386235,2.193204696186437,2.087995554830424,3130,6180,0,880,434,3130.0
627,1.32,0.0,0.66,3135,3140,20240726RUN02,13.84408580789561,100.46798131169514,1.9825059994342509,2.4039033929386235,2.193204696186437,2.0559986065224702,3135,6180,0,880,435,3137.0
628,1.7,0.02,0.86,3140,3145,20240726RUN02,13.84410014553824,100.46802517331837,2.1275356478665417,2.134905105645067,2.1312203767558042,2.144973764864873,3140,6180,0,880,436,3144.0
629,1.81,0.0,0.9,3145,3150,20240726RUN02,13.844114577923918,100.46806900235782,2.1275356478665417,2.134905105645067,2.1312203767558042,2.079300873262265,3145,6180,0,880,,
630,1.33,0.0,0.66,3150,3155,20240726RUN02,13.844128975597995,100.46811284338908,2.1275356478665417,2.134905105645067,2.1312203767558042,1.9203156047153007,3150,6180,0,880,437,3151.0
631,0.4,0.0,0.2,3155,3160,20240726RUN02,13.844143154565694,100.4681567589889,2.1275356478665417,2.134905105645067,2.1312203767558042,2.154053788364756,3155,6180,0,880,438,3159.0
632,0.56,0.16,0.36,3160,3165,20240726RUN02,13.844157066963348,100.46820076381292,2.3823451238096784,3.01823172021664,2.700288422013159,2.8262231802000874,3160,6180,0,880,,
633,0.23,0.04,0.14,3165,3170,20240726RUN02,13.844170724530514,100.4682448521583,2.3823451238096784,3.01823172021664,2.700288422013159,2.5787688564556586,3165,6180,0,880,439,3166.0
634,0.56,0.0,0.28,3170,3175,20240726RUN02,13.844184189306906,100.46828900270415,2.3823451238096784,3.01823172021664,2.700288422013159,2.7778234517857197,3170,6180,0,880,440,3173.0
635,0.6,0.0,0.3,3175,3180,20240726RUN02,13.84419763897987,100.46833315807466,2.3823451238096784,3.01823172021664,2.700288422013159,2.7468141521975715,3175,6180,0,880,,
636,1.11,0.0,0.56,3180,3185,20240726RUN02,13.844211253902564,100.46837726029607,1.7192025907416348,1.7171991225421717,1.7182008566419031,1.5614796839949852,3180,6180,0,880,441,3180.0
637,0.42,0.0,0.21,3185,3190,20240726RUN02,13.844225221958377,100.46842124656177,1.7192025907416348,1.7171991225421717,1.7182008566419031,1.779591212203209,3185,6180,0,880,442,3187.0
638,0.42,0.0,0.21,3190,3195,20240726RUN02,13.844239580076644,100.46846510125611,1.7192025907416348,1.7171991225421717,1.7182008566419031,1.748455805967533,3190,6180,0,880,,
639,1.12,0.0,0.56,3195,3200,20240726RUN02,13.844254092518888,100.46850890278198,1.7192025907416348,1.7171991225421717,1.7182008566419031,1.7262484755063454,3195,6180,0,880,443,3195.0
640,0.91,0.0,0.46,3200,3205,20240726RUN02,13.84426864913032,100.46855268897717,2.0626519254652487,1.7106017523346977,1.8866268388999732,1.7490786500644793,3200,6180,0,880,444,3202.0
641,1.4,0.14,0.77,3205,3210,20240726RUN02,13.844283219264991,100.46859647047135,2.0626519254652487,1.7106017523346977,1.8866268388999732,1.9697060840903897,3205,6180,0,880,445,3209.0
642,2.4,0.31,1.36,3210,3215,20240726RUN02,13.844297754991917,100.46864026389343,2.0626519254652487,1.7106017523346977,1.8866268388999732,1.7305089547355024,3210,6180,0,880,,
643,1.93,0.14,1.03,3215,3220,20240726RUN02,13.844312253958455,100.46868407008316,2.0626519254652487,1.7106017523346977,1.8866268388999732,1.9690424561397233,3215,6180,0,880,446,3216.0
644,2.51,0.39,1.45,3220,3225,20240726RUN02,13.844326694573839,100.4687278964641,5.51239359142895,4.527391014826359,5.019892303127655,5.121995659023566,3220,6180,0,880,447,3223.0
645,2.8,0.45,1.62,3225,3230,20240726RUN02,13.84434107080226,100.46877174499402,5.51239359142895,4.527391014826359,5.019892303127655,5.51681659146229,3225,6180,0,880,,
646,2.28,0.16,1.22,3230,3235,20240726RUN02,13.844355388408312,100.46881561358263,5.51239359142895,4.527391014826359,5.019892303127655,4.831177196054102,3230,6180,0,880,448,3231.0
647,3.64,0.36,2.0,3235,3240,20240726RUN02,13.844369610684822,100.46885951457426,5.51239359142895,4.527391014826359,5.019892303127655,4.6161506588444094,3235,6180,0,880,449,3238.0
648,2.75,0.29,1.52,3240,3245,20240726RUN02,13.844383771773437,100.46890343623451,3.753316934088621,3.419394241046253,3.5863555875674367,3.7534696176731295,3240,6180,0,880,,
649,4.11,0.62,2.37,3245,3250,20240726RUN02,13.84439793363026,100.46894735761072,3.753316934088621,3.419394241046253,3.5863555875674367,3.7218230639048446,3245,6180,0,880,450,3245.0
650,4.16,0.6,2.38,3250,3255,20240726RUN02,13.84441208423883,100.4689912827481,3.753316934088621,3.419394241046253,3.5863555875674367,3.4202844786170123,3250,6180,0,880,451,3252.0
651,3.77,0.31,2.04,3255,3260,20240726RUN02,13.844426224963907,100.4690352112335,3.753316934088621,3.419394241046253,3.5863555875674367,3.5808463455974855,3255,6180,0,880,452,3259.0
652,4.08,0.0,2.04,3260,3265,20240726RUN02,13.844440351369139,100.46907914451107,1.4895237456316577,1.094161465603578,1.2918426056176178,1.4106186219190469,3260,6180,0,880,,
653,1.67,0.01,0.84,3265,3270,20240726RUN02,13.844454432223415,100.46912309307699,1.4895237456316577,1.094161465603578,1.2918426056176178,1.172890015286231,3265,6180,0,880,453,3267.0
654,1.81,0.03,0.92,3270,3275,20240726RUN02,13.844468454068908,100.46916706139298,1.4895237456316577,1.094161465603578,1.2918426056176178,1.2806367845207147,3270,6180,0,880,454,3274.0
655,2.09,0.02,1.06,3275,3280,20240726RUN02,13.844482432682618,100.4692110441219,1.4895237456316577,1.094161465603578,1.2918426056176178,1.3124824702284759,3275,6180,0,880,,
656,1.69,0.0,0.84,3280,3285,20240726RUN02,13.84449638267758,100.4692550363759,1.9056727133202809,1.044079349652737,1.474876031486509,1.5057134787292594,3280,6180,0,880,455,3281.0
657,2.05,0.01,1.03,3285,3290,20240726RUN02,13.8445103002469,100.46929903936447,1.9056727133202809,1.044079349652737,1.474876031486509,1.4469594932964334,3285,6180,0,880,456,3288.0
658,1.39,0.0,0.7,3290,3295,20240726RUN02,13.844524186893606,100.46934305260245,1.9056727133202809,1.044079349652737,1.474876031486509,1.5794407215770934,3290,6180,0,880,,
659,1.87,0.0,0.94,3295,3300,20240726RUN02,13.844538033988902,100.46938707890594,1.9056727133202809,1.044079349652737,1.474876031486509,1.4592415925919382,3295,6180,0,880,457,3296.0
660,1.36,0.0,0.68,3300,3305,20240726RUN02,13.844551859907734,100.46943111217978,1.649924626426153,1.210103003430024,1.4300138149280883,1.4346185762299437,3300,6180,0,880,458,3303.0
661,1.34,0.0,0.67,3305,3310,20240726RUN02,13.844565680711876,100.4694751471773,1.649924626426153,1.210103003430024,1.4300138149280883,1.3009340295884224,3305,6180,0,880,,
662,0.93,0.0,0.46,3310,3315,20240726RUN02,13.844579473405462,100.46951919140814,1.649924626426153,1.210103003430024,1.4300138149280883,1.4311687426968411,3310,6180,0,880,459,3310.0
663,1.65,0.0,0.82,3315,3320,20240726RUN02,13.844593258291741,100.46956323821293,1.649924626426153,1.210103003430024,1.4300138149280883,1.338647477103395,3315,6180,0,880,460,3317.0
664,2.61,0.0,1.3,3320,3325,20240726RUN02,13.844607090065306,100.46960726958106,1.579713116130114,1.2105146811923533,1.3951138986612337,1.450397012626182,3320,6180,0,880,461,3324.0
665,0.95,0.0,0.48,3325,3330,20240726RUN02,13.844620938079766,100.4696512956109,1.579713116130114,1.2105146811923533,1.3951138986612337,1.3324946698812346,3325,6180,0,880,,
666,1.45,0.0,0.72,3330,3335,20240726RUN02,13.844634809928193,100.469695313813,1.579713116130114,1.2105146811923533,1.3951138986612337,1.4035089695970844,3330,6180,0,880,462,3332.0
667,1.41,0.0,0.7,3335,3340,20240726RUN02,13.844648751392828,100.46973930894124,1.579713116130114,1.2105146811923533,1.3951138986612337,1.262925891548393,3335,6180,0,880,463,3339.0
668,2.15,0.0,1.08,3340,3345,20240726RUN02,13.844662722566214,100.46978329421296,2.6112607738266047,2.16967722887648,2.3904690013515424,2.3267083316652264,3340,6180,0,880,,
669,2.44,0.0,1.22,3345,3350,20240726RUN02,13.844676687635982,100.46982728153607,2.6112607738266047,2.16967722887648,2.3904690013515424,2.4514007657756505,3345,6180,0,880,464,3346.0
670,3.07,0.0,1.54,3350,3355,20240726RUN02,13.844690654295311,100.46987126832465,2.6112607738266047,2.16967722887648,2.3904690013515424,2.540896527066062,3350,6180,0,880,465,3353.0
671,1.86,0.0,0.93,3355,3360,20240726RUN02,13.844704643608816,100.46991524757334,2.6112607738266047,2.16967722887648,2.3904690013515424,2.3632297772319553,3355,6180,0,880,,
672,2.28,0.0,1.14,3360,3365,20240726RUN02,13.844718622700873,100.4699592302599,2.0125675980736526,1.8679377156016168,1.9402526568376346,1.9357443463990698,3360,6180,0,880,466,3360.0
673,3.33,0.0,1.66,3365,3370,20240726RUN02,13.844732563546636,100.47000322564634,2.0125675980736526,1.8679377156016168,1.9402526568376346,1.7813236846305767,3365,6180,0,880,467,3368.0
674,2.9,0.0,1.45,3370,3375,20240726RUN02,13.844746508443846,100.47004721972935,2.0125675980736526,1.8679377156016168,1.9402526568376346,1.985657218965822,3370,6180,0,880,,
675,2.47,0.04,1.26,3375,3380,20240726RUN02,13.844760473101752,100.4700912072553,2.0125675980736526,1.8679377156016168,1.9402526568376346,1.7629496384242684,3375,6180,0,880,468,3375.0
676,2.72,0.0,1.36,3380,3385,20240726RUN02,13.844774461415875,100.4701351869216,1.5960739144680165,1.5757788650199616,1.585926389743989,1.5631358514298395,3380,6180,0,880,469,3382.0
677,1.83,0.0,0.92,3385,3390,20240726RUN02,13.844788442674076,100.4701791689293,1.5960739144680165,1.5757788650199616,1.585926389743989,1.7158611917086763,3385,6180,0,880,470,3389.0
678,1.15,0.0,0.57,3390,3395,20240726RUN02,13.844802371850328,100.47022316822101,1.5960739144680165,1.5757788650199616,1.585926389743989,1.6070466239290124,3390,6180,0,880,,
679,0.44,0.0,0.22,3395,3400,20240726RUN02,13.844816287399748,100.47026717205247,1.5960739144680165,1.5757788650199616,1.585926389743989,1.4874556488403705,3395,6180,0,880,471,3396.0
680,0.87,0.1,0.48,3400,3405,20240726RUN02,13.844830181492563,100.47031118293636,2.0836348598463426,1.3963165880025412,1.739975723924442,1.722266931451947,3400,6180,0,880,472,3404.0
681,0.79,0.01,0.4,3405,3410,20240726RUN02,13.84484397438927,100.47035522715858,2.0836348598463426,1.3963165880025412,1.739975723924442,1.8470368199828953,3405,6180,0,880,,
682,1.64,0.0,0.82,3410,3415,20240726RUN02,13.844857705677066,100.47039929158078,2.0836348598463426,1.3963165880025412,1.739975723924442,1.667492443800816,3410,6180,0,880,473,3411.0
683,1.47,0.0,0.74,3415,3420,20240726RUN02,13.84487152468519,100.4704433272275,2.0836348598463426,1.3963165880025412,1.739975723924442,1.6840523848865048,3415,6180,0,880,474,3418.0
684,1.24,0.01,0.62,3420,3425,20240726RUN02,13.844885548637516,100.47048729491522,1.58681554261725,1.4246380926654023,1.5057268176413263,1.508772107662436,3420,6180,0,880,,
685,1.4,0.0,0.7,3425,3430,20240726RUN02,13.844899735296869,100.47053120794106,1.58681554261725,1.4246380926654023,1.5057268176413263,1.6305067439898169,3425,6180,0,880,475,3425.0
686,1.34,0.0,0.67,3430,3435,20240726RUN02,13.844913988970086,100.47057509821475,1.58681554261725,1.4246380926654023,1.5057268176413263,1.435367818155075,3430,6180,0,880,476,3433.0
687,1.58,0.0,0.79,3435,3440,20240726RUN02,13.844928288288964,100.470618972952,1.58681554261725,1.4246380926654023,1.5057268176413263,1.4599621890740688,3435,6180,0,880,,
688,1.81,0.0,0.9,3440,3445,20240726RUN02,13.844942615317148,100.47066283821052,2.738510135136136,2.2480098165819857,2.493259975859061,2.5797668903107147,3440,6180,0,880,477,3440.0
689,1.49,0.0,0.74,3445,3450,20240726RUN02,13.844956897292066,100.47070671887377,2.738510135136136,2.2480098165819857,2.493259975859061,2.5515583802635406,3445,6180,0,880,478,3447.0
690,1.23,0.0,0.62,3450,3455,20240726RUN02,13.844971100000004,100.47075062644235,2.738510135136136,2.2480098165819857,2.493259975859061,2.3003709789113005,3450,6180,0,880,479,3454.0
691,1.62,0.0,0.81,3455,3460,20240726RUN02,13.844985327336403,100.47079452569119,2.738510135136136,2.2480098165819857,2.493259975859061,2.709216183270372,3455,6180,0,880,,
692,2.25,0.0,1.12,3460,3465,20240726RUN02,13.844999649456142,100.47083839260779,3.119638957840819,2.088203178166967,2.603921068003893,2.6947749984028033,3460,6180,0,880,480,3461.0
693,3.85,0.0,1.92,3465,3470,20240726RUN02,13.845014073687572,100.47088222448573,3.119638957840819,2.088203178166967,2.603921068003893,2.733277904266349,3465,6180,0,880,481,3469.0
694,3.6,0.0,1.8,3470,3475,20240726RUN02,13.845028674244755,100.47092599518251,3.119638957840819,2.088203178166967,2.603921068003893,2.4116930116724524,3470,6180,0,880,,
695,3.41,0.0,1.7,3475,3480,20240726RUN02,13.84504336865192,100.47096973300916,3.119638957840819,2.088203178166967,2.603921068003893,2.7959124585878063,3475,6180,0,880,482,3476.0
696,2.23,0.0,1.12,3480,3485,20240726RUN02,13.845057980301554,100.47101349984644,3.381543608948053,2.328283039654543,2.854913324301298,2.9205119555085552,3480,6180,0,880,483,3483.0
697,2.79,0.0,1.4,3485,3490,20240726RUN02,13.845072339808594,100.47105735389312,3.381543608948053,2.328283039654543,2.854913324301298,2.736098538044436,3485,6180,0,880,,
698,2.68,0.0,1.34,3490,3495,20240726RUN02,13.845086290853889,100.47110134570214,3.381543608948053,2.328283039654543,2.854913324301298,2.9213260050932517,3490,6180,0,880,484,3490.0
699,2.0,0.0,1.0,3495,3500,20240726RUN02,13.84509973564005,100.47114550223655,3.381543608948053,2.328283039654543,2.854913324301298,2.9489060202077493,3495,6180,0,880,485,3497.0
700,1.91,0.0,0.96,3500,3505,20240726RUN02,13.845112617588113,100.47118983422524,2.6804532322131687,3.1773591061578688,2.9289061691855185,3.150440125497364,3500,6180,0,880,,
701,0.7,0.0,0.35,3505,3510,20240726RUN02,13.845125309411745,100.47123422386854,2.6804532322131687,3.1773591061578688,2.9289061691855185,2.738537822848184,3505,6180,0,880,486,3505.0
702,0.8,0.0,0.4,3510,3515,20240726RUN02,13.845138373641177,100.47127850000184,2.6804532322131687,3.1773591061578688,2.9289061691855185,2.7643946182907273,3510,6180,0,880,487,3512.0
703,0.49,0.0,0.24,3515,3520,20240726RUN02,13.84515184093767,100.47132264968991,2.6804532322131687,3.1773591061578688,2.9289061691855185,3.1432852614424256,3515,6180,0,880,488,3519.0
704,0.72,0.0,0.36,3520,3525,20240726RUN02,13.845165395487262,100.47136677152713,3.316107977203848,3.5613072982303144,3.4387076377170813,3.265508211654592,3520,6180,0,880,,
705,1.72,0.24,0.98,3525,3530,20240726RUN02,13.845178962489932,100.47141088928782,3.316107977203848,3.5613072982303144,3.4387076377170813,3.733984910215439,3525,6180,0,880,489,3526.0
706,0.81,0.11,0.46,3530,3535,20240726RUN02,13.84519257693545,100.47145499162826,3.316107977203848,3.5613072982303144,3.4387076377170813,3.2636685511532293,3530,6180,0,880,490,3533.0
707,1.36,0.0,0.68,3535,3540,20240726RUN02,13.845206265649772,100.4714990699319,3.316107977203848,3.5613072982303144,3.4387076377170813,3.6982516460287043,3535,6180,0,880,,
708,0.73,0.0,0.36,3540,3545,20240726RUN02,13.84522004742928,100.4715431178404,2.214741626943255,2.9937339180531204,2.6042377724981876,2.722906176506634,3540,6180,0,880,491,3541.0
709,0.55,0.0,0.28,3545,3550,20240726RUN02,13.845233896863782,100.47158714359928,2.214741626943255,2.9937339180531204,2.6042377724981876,2.4479934310236366,3545,6180,0,880,492,3548.0
710,0.73,0.0,0.36,3550,3555,20240726RUN02,13.845247774651849,100.47163116001248,2.214741626943255,2.9937339180531204,2.6042377724981876,2.4480115035834156,3550,6180,0,880,,
711,0.73,0.29,0.51,3555,3560,20240726RUN02,13.84526167102976,100.47167517032682,2.214741626943255,2.9937339180531204,2.6042377724981876,2.6446095103755822,3555,6180,0,880,493,3555.0
712,0.63,0.02,0.32,3560,3565,20240726RUN02,13.845275542357697,100.47171918895174,2.471054030729019,3.127029000529413,2.7990415156292157,2.574507647445171,3560,6180,0,880,494,3562.0
713,1.14,0.12,0.63,3565,3570,20240726RUN02,13.845289431970219,100.47176320161208,2.471054030729019,3.127029000529413,2.7990415156292157,2.841525267040896,3565,6180,0,880,,
714,1.31,0.0,0.66,3570,3575,20240726RUN02,13.845303398155787,100.47180718889597,2.471054030729019,3.127029000529413,2.7990415156292157,2.976783921142586,3570,6180,0,880,495,3570.0
715,0.35,0.0,0.18,3575,3580,20240726RUN02,13.845317451291244,100.47185114732443,2.471054030729019,3.127029000529413,2.7990415156292157,2.602253271994945,3575,6180,0,880,496,3577.0
716,0.49,0.0,0.24,3580,3585,20240726RUN02,13.845331593882465,100.47189507582746,2.685892205776732,3.784225152061144,3.235058678918938,3.1438265851971496,3580,6180,0,880,497,3584.0
717,0.15,0.0,0.08,3585,3590,20240726RUN02,13.845345850441065,100.4719389658282,2.685892205776732,3.784225152061144,3.235058678918938,3.1114645980923155,3585,6180,0,880,,
718,0.11,0.0,0.06,3590,3595,20240726RUN02,13.84536028181275,100.47198279595779,2.685892205776732,3.784225152061144,3.235058678918938,3.045234117849338,3590,6180,0,880,498,3591.0
719,1.53,1.02,1.27,3595,3600,20240726RUN02,13.845374853732938,100.4720265773509,2.685892205776732,3.784225152061144,3.235058678918938,3.380545796214257,3595,6180,0,880,499,3598.0
720,0.56,0.1,0.33,3600,3605,20240726RUN02,13.845389530024011,100.47207032210886,3.342699806586836,4.645787233084692,3.994243519835764,4.269245621175059,3600,6180,0,880,,
721,0.41,0.0,0.2,3605,3610,20240726RUN02,13.845404252051972,100.47211405079814,3.342699806586836,4.645787233084692,3.994243519835764,3.862399624972643,3605,6180,0,880,500,3606.0
722,1.23,0.02,0.62,3610,3615,20240726RUN02,13.845418982266239,100.47215777662237,3.342699806586836,4.645787233084692,3.994243519835764,3.810124167920163,3610,6180,0,880,501,3613.0
723,0.82,0.0,0.41,3615,3620,20240726RUN02,13.845433793297063,100.47220147379136,3.342699806586836,4.645787233084692,3.994243519835764,4.320963022112942,3615,6180,0,880,,
724,1.33,0.0,0.66,3620,3625,20240726RUN02,13.845448706211082,100.47224513465763,2.5322562972240235,4.1462151895572585,3.339235743390641,3.29351960713138,3620,6180,0,880,502,3620.0
725,1.77,0.0,0.88,3625,3630,20240726RUN02,13.845463726740359,100.4722887568545,2.5322562972240235,4.1462151895572585,3.339235743390641,3.455733981240782,3625,6180,0,880,503,3627.0
726,0.75,0.0,0.38,3630,3635,20240726RUN02,13.84547887424232,100.47233233317071,2.5322562972240235,4.1462151895572585,3.339235743390641,3.477164279167219,3630,6180,0,880,504,3634.0
727,1.4,0.0,0.7,3635,3640,20240726RUN02,13.8454942050133,100.47237584239927,2.5322562972240235,4.1462151895572585,3.339235743390641,3.371460894457982,3635,6180,0,880,,
728,1.66,0.0,0.83,3640,3645,20240726RUN02,13.845509819384562,100.47241924586541,2.1887767779087395,3.003600927558891,2.5961888527338153,2.586164098145721,3640,6180,0,880,505,3642.0
729,1.01,0.0,0.5,3645,3650,20240726RUN02,13.845525719922659,100.47246254050273,2.1887767779087395,3.003600927558891,2.5961888527338153,2.621146316906985,3645,6180,0,880,506,3649.0
730,1.39,0.0,0.7,3650,3655,20240726RUN02,13.845541839975922,100.47250575007017,2.1887767779087395,3.003600927558891,2.5961888527338153,2.8163566117682235,3650,6180,0,880,,
731,1.66,0.0,0.83,3655,3660,20240726RUN02,13.845558288940904,100.47254882947175,2.1887767779087395,3.003600927558891,2.5961888527338153,2.4860859129243185,3655,6180,0,880,507,3656.0
732,0.75,0.0,0.38,3660,3665,20240726RUN02,13.84557518581981,100.47259172686559,3.154994531591368,3.8992838658010776,3.527139198696223,3.4521188505539135,3660,6180,0,880,508,3663.0
733,0.31,0.0,0.16,3665,3670,20240726RUN02,13.845592506301466,100.47263444702365,3.154994531591368,3.8992838658010776,3.527139198696223,3.5148850599122032,3665,6180,0,880,,
734,0.4,0.0,0.2,3670,3675,20240726RUN02,13.845610232556192,100.47267699241871,3.154994531591368,3.8992838658010776,3.527139198696223,3.5507230401198853,3670,6180,0,880,509,3671.0
735,0.38,0.0,0.19,3675,3680,20240726RUN02,13.845628399473322,100.47271934267015,3.154994531591368,3.8992838658010776,3.527139198696223,3.4234047859618917,3675,6180,0,880,510,3678.0
736,0.02,0.0,0.01,3680,3685,20240726RUN02,13.84564704825132,100.47276147287468,3.3387555183735884,4.773349012021381,4.056052265197485,4.059917038083858,3680,6180,0,880,,
737,0.18,0.0,0.09,3685,3690,20240726RUN02,13.84566619248106,100.4728033697745,3.3387555183735884,4.773349012021381,4.056052265197485,4.330789320614748,3685,6180,0,880,511,3685.0
738,0.41,0.0,0.2,3690,3695,20240726RUN02,13.845685806127332,100.47284503868748,3.3387555183735884,4.773349012021381,4.056052265197485,3.6550290328127786,3690,6180,0,880,512,3692.0
739,0.47,0.0,0.24,3695,3700,20240726RUN02,13.845705869842899,100.47288648247867,3.3387555183735884,4.773349012021381,4.056052265197485,4.096615971123539,3695,6180,0,880,513,3699.0
740,0.2,0.0,0.1,3700,3705,20240726RUN02,13.845726404827698,100.4729276836973,3.384003302255153,3.3438903545408687,3.363946828398011,3.2205638675554344,3700,6180,0,880,,
741,0.26,0.0,0.13,3705,3710,20240726RUN02,13.845747440583542,100.47296861933658,3.384003302255153,3.3438903545408687,3.363946828398011,3.375602686792158,3705,6180,0,880,514,3707.0
742,0.23,0.03,0.13,3710,3715,20240726RUN02,13.845768980461642,100.47300927953896,3.384003302255153,3.3438903545408687,3.363946828398011,3.687796519577198,3710,6180,0,880,515,3714.0
743,0.24,0.0,0.12,3715,3720,20240726RUN02,13.845791000089113,100.47304966984565,3.384003302255153,3.3438903545408687,3.363946828398011,3.0691393034546697,3715,6180,0,880,,
744,0.28,0.0,0.14,3720,3725,20240726RUN02,13.845813448521008,100.4730898122172,2.8277388075987897,3.839334199290553,3.3335365034446713,3.0931256670498772,3720,6180,0,880,516,3721.0
745,0.43,0.02,0.22,3725,3730,20240726RUN02,13.845836284394949,100.47312972501865,2.8277388075987897,3.839334199290553,3.3335365034446713,3.075406218451612,3725,6180,0,880,517,3728.0
746,0.32,0.0,0.16,3730,3735,20240726RUN02,13.845859513998873,100.47316939913956,2.8277388075987897,3.839334199290553,3.3335365034446713,3.4864518351063025,3730,6180,0,880,,
747,0.29,0.0,0.14,3735,3740,20240726RUN02,13.845883156511082,100.47320881690501,2.8277388075987897,3.839334199290553,3.3335365034446713,3.5289780969531357,3735,6180,0,880,518,3735.0
748,0.19,0.0,0.1,3740,3745,20240726RUN02,13.845907186295623,100.47324798856953,2.934677594820754,2.65344401879037,2.794060806805562,2.949916436933736,3740,6180,0,880,519,3743.0
749,0.12,0.0,0.06,3745,3750,20240726RUN02,13.845931571486162,100.4732869295454,2.934677594820754,2.65344401879037,2.794060806805562,2.6274948182388735,3745,6180,0,880,,
750,0.29,0.0,0.14,3750,3755,20240726RUN02,13.845956297000601,100.47332564515733,2.934677594820754,2.65344401879037,2.794060806805562,2.5824336483008836,3750,6180,0,880,520,3750.0
751,0.44,0.0,0.22,3755,3760,20240726RUN02,13.845981369198991,100.47336412650553,2.934677594820754,2.65344401879037,2.794060806805562,2.8605485121304843,3755,6180,0,880,521,3757.0
752,0.01,0.0,0.0,3760,3765,20240726RUN02,13.846006783461739,100.47340237211655,3.926480232641193,3.771552724688988,3.8490164786650904,4.15605071920084,3760,6180,0,880,522,3764.0
753,0.35,0.0,0.18,3765,3770,20240726RUN02,13.846032553622347,100.47344036743154,3.926480232641193,3.771552724688988,3.8490164786650904,3.9875238564430453,3765,6180,0,880,,
754,0.63,0.16,0.4,3770,3775,20240726RUN02,13.846058675860267,100.47347811002557,3.926480232641193,3.771552724688988,3.8490164786650904,3.918453701027742,3770,6180,0,880,523,3771.0
755,0.29,0.83,0.56,3775,3780,20240726RUN02,13.846085151394039,100.47351559381895,3.926480232641193,3.771552724688988,3.8490164786650904,3.5729359519110724,3775,6180,0,880,524,3779.0
756,0.23,0.22,0.22,3780,3785,20240726RUN02,13.84611198842077,100.4735528072285,3.391357197625468,2.7297628667108604,3.0605600321681643,3.1532423489576815,3780,6180,0,880,,
757,0.25,0.4,0.32,3785,3790,20240726RUN02,13.846139195835558,100.47358973792703,3.391357197625468,2.7297628667108604,3.0605600321681643,3.11115225551965,3785,6180,0,880,525,3786.0
758,0.22,0.0,0.11,3790,3795,20240726RUN02,13.846166798468255,100.47362636005883,3.391357197625468,2.7297628667108604,3.0605600321681643,3.0303281274584632,3790,6180,0,880,526,3793.0
759,0.52,0.18,0.35,3795,3800,20240726RUN02,13.846194773242567,100.47366268526386,3.391357197625468,2.7297628667108604,3.0605600321681643,2.924976742017095,3795,6180,0,880,,
760,0.53,0.44,0.48,3800,3805,20240726RUN02,13.846223080937076,100.47369873933596,2.2448973853466825,2.3446047445626688,2.2947510649546756,2.520767713314461,3800,6180,0,880,527,3800.0
761,0.6,0.38,0.49,3805,3810,20240726RUN02,13.846251718899662,100.47373451903488,2.2448973853466825,2.3446047445626688,2.2947510649546756,2.1996699289595982,3805,6180,0,880,528,3808.0
762,0.52,0.01,0.26,3810,3815,20240726RUN02,13.846280699122973,100.47377000891336,2.2448973853466825,2.3446047445626688,2.2947510649546756,2.2781299039285434,3810,6180,0,880,,
763,0.3,0.19,0.24,3815,3820,20240726RUN02,13.84631005439591,100.47380517443958,2.2448973853466825,2.3446047445626688,2.2947510649546756,2.2450443917680794,3815,6180,0,880,529,3815.0
764,0.18,0.27,0.22,3820,3825,20240726RUN02,13.84633977299542,100.47384001880108,1.8225534075870284,2.413672716009972,2.1181130617985002,2.076613066173731,3820,6180,0,880,530,3822.0
765,0.15,0.41,0.28,3825,3830,20240726RUN02,13.846369884988057,100.47387450749972,1.8225534075870284,2.413672716009972,2.1181130617985002,2.1077061113911184,3825,6180,0,880,531,3829.0
766,0.3,0.52,0.41,3830,3835,20240726RUN02,13.84640040308603,100.47390862018433,1.8225534075870284,2.413672716009972,2.1181130617985002,2.018944294084654,3830,6180,0,880,,
767,0.98,0.34,0.66,3835,3840,20240726RUN02,13.846431309191107,100.47394236497121,1.8225534075870284,2.413672716009972,2.1181130617985002,2.2957866701635816,3835,6180,0,880,532,3836.0
768,0.96,0.29,0.62,3840,3845,20240726RUN02,13.84646258298157,100.47397575306157,1.4900332715775706,1.4422709083879892,1.46615208998278,1.3421251445820845,3840,6180,0,880,533,3844.0
769,0.53,0.36,0.44,3845,3850,20240726RUN02,13.84649417035535,100.47400883059018,1.4900332715775706,1.4422709083879892,1.46615208998278,1.5676913135206747,3845,6180,0,880,,
770,1.06,0.49,0.78,3850,3855,20240726RUN02,13.846526040451744,100.47404162285603,1.4900332715775706,1.4422709083879892,1.46615208998278,1.3876202426121076,3850,6180,0,880,534,3851.0
771,1.09,0.37,0.73,3855,3860,20240726RUN02,13.84655819526864,100.47407412268328,1.4900332715775706,1.4422709083879892,1.46615208998278,1.601818135596262,3855,6180,0,880,535,3858.0
772,1.22,0.43,0.82,3860,3865,20240726RUN02,13.84659061763549,100.47410634296489,2.54389383884682,2.3490743144668493,2.4464840766568345,2.5240403868298684,3860,6180,0,880,,
773,1.12,0.26,0.69,3865,3870,20240726RUN02,13.846623266656886,100.47413832268654,2.54389383884682,2.3490743144668493,2.4464840766568345,2.2557275158424703,3865,6180,0,880,536,3865.0
774,0.67,0.01,0.34,3870,3875,20240726RUN02,13.846656136069578,100.4741700650528,2.54389383884682,2.3490743144668493,2.4464840766568345,2.6089088472655106,3870,6180,0,880,537,3872.0
775,1.17,0.94,1.06,3875,3880,20240726RUN02,13.846689210550986,100.47420158360026,2.54389383884682,2.3490743144668493,2.4464840766568345,2.225145308479901,3875,6180,0,880,,
776,0.18,0.15,0.16,3880,3885,20240726RUN02,13.846722472680216,100.47423289466248,3.870005052131329,3.30178209654584,3.5858935743385842,3.3301366930001315,3880,6180,0,880,538,3880.0
777,0.75,0.39,0.57,3885,3890,20240726RUN02,13.846755891360612,100.47426403067611,3.870005052131329,3.30178209654584,3.5858935743385842,3.861846962417849,3885,6180,0,880,539,3887.0
778,1.27,0.94,1.1,3890,3895,20240726RUN02,13.846789463539851,100.47429499316017,3.870005052131329,3.30178209654584,3.5858935743385842,3.6329651379948467,3890,6180,0,880,540,3894.0
779,0.35,0.09,0.22,3895,3900,20240726RUN02,13.846823220551899,100.47432574438601,3.870005052131329,3.30178209654584,3.5858935743385842,3.6693351757375683,3895,6180,0,880,,
780,0.92,0.15,0.54,3900,3905,20240726RUN02,13.846857123753312,100.47435632672949,2.542398624365733,3.799195057207779,3.170796840786756,3.1175454852581987,3900,6180,0,880,541,3901.0
781,0.51,0.01,0.26,3905,3910,20240726RUN02,13.846891106935583,100.47438681605492,2.542398624365733,3.799195057207779,3.170796840786756,2.989200330856021,3905,6180,0,880,542,3908.0
782,0.97,0.42,0.7,3910,3915,20240726RUN02,13.846925135409792,100.47441725244876,2.542398624365733,3.799195057207779,3.170796840786756,2.9492867905194853,3910,6180,0,880,,
783,0.22,0.14,0.18,3915,3920,20240726RUN02,13.846959217151463,100.47444762628153,2.542398624365733,3.799195057207779,3.170796840786756,3.403000119526503,3915,6180,0,880,543,3916.0
784,0.61,0.15,0.38,3920,3925,20240726RUN02,13.846993357785795,100.47447793079168,2.0523903146859253,3.1645559618903976,2.6084731382881614,2.563146701098855,3920,6180,0,880,544,3923.0
785,0.48,0.09,0.28,3925,3930,20240726RUN02,13.847027530684036,100.47450819720822,2.0523903146859253,3.1645559618903976,2.6084731382881614,2.704327488818779,3925,6180,0,880,,
786,1.13,0.47,0.8,3930,3935,20240726RUN02,13.847061735275627,100.47453842610028,2.0523903146859253,3.1645559618903976,2.6084731382881614,2.3996750225846344,3930,6180,0,880,545,3930.0
787,0.69,0.09,0.39,3935,3940,20240726RUN02,13.847095956123484,100.47456863572698,2.0523903146859253,3.1645559618903976,2.6084731382881614,2.8660971626085665,3935,6180,0,880,546,3937.0
788,0.54,0.05,0.3,3940,3945,20240726RUN02,13.847130136401502,100.47459889343567,2.079211399271805,2.826928149111623,2.453069774191714,2.6150937152847873,3940,6180,0,880,,
789,0.7,0.56,0.63,3945,3950,20240726RUN02,13.847164240112576,100.4746292414603,2.079211399271805,2.826928149111623,2.453069774191714,2.5930712975574006,3945,6180,0,880,547,3945.0
790,0.45,0.03,0.24,3950,3955,20240726RUN02,13.847198287175338,100.4746596560703,2.079211399271805,2.826928149111623,2.453069774191714,2.350675545584282,3950,6180,0,880,548,3952.0
791,0.55,0.43,0.49,3955,3960,20240726RUN02,13.847232279888967,100.4746901343001,2.079211399271805,2.826928149111623,2.453069774191714,2.4120007702064683,3955,6180,0,880,549,3959.0
792,0.83,0.31,0.57,3960,3965,20240726RUN02,13.847266216905368,100.47472067748146,1.8343140530869224,2.887637075058775,2.3609755640728487,2.5335368604442405,3960,6180,0,880,,
793,0.62,0.25,0.44,3965,3970,20240726RUN02,13.847300120880192,100.47475125906176,1.8343140530869224,2.887637075058775,2.3609755640728487,2.1582307602418087,3965,6180,0,880,550,3966.0
794,0.32,0.03,0.18,3970,3975,20240726RUN02,13.847334004284109,100.4747818645444,1.8343140530869224,2.887637075058775,2.3609755640728487,2.274257118014835,3970,6180,0,880,551,3973.0
795,0.25,0.7,0.48,3975,3980,20240726RUN02,13.847367862299524,100.4748124994456,1.8343140530869224,2.887637075058775,2.3609755640728487,2.2984510899860116,3975,6180,0,880,,
796,0.47,0.29,0.38,3980,3985,20240726RUN02,13.847401709824462,100.47484314645614,2.3412781698384943,2.3114734464583053,2.3263758081484,2.2299709364190203,3980,6180,0,880,552,3981.0
797,0.11,0.15,0.13,3985,3990,20240726RUN02,13.847435584684607,100.47487376180884,2.3412781698384943,2.3114734464583053,2.3263758081484,2.4482065990653505,3985,6180,0,880,553,3988.0
798,0.71,1.58,1.14,3990,3995,20240726RUN02,13.847469491384189,100.47490434022973,2.3412781698384943,2.3114734464583053,2.3263758081484,2.3687570467122,3990,6180,0,880,,
799,0.21,0.48,0.34,3995,4000,20240726RUN02,13.847503430289056,100.47493488124721,2.3412781698384943,2.3114734464583053,2.3263758081484,2.14397315289784,3995,6180,0,880,554,3995.0
800,0.27,0.0,0.14,4000,4005,20240726RUN02,13.847537373056156,100.47496541777876,1.6751691221805616,2.5874524211638663,2.131310771672214,2.2921698063469957,4000,6180,0,880,555,4002.0
801,0.29,0.38,0.34,4005,4010,20240726RUN02,13.847571303442603,100.4749959687302,1.6751691221805616,2.5874524211638663,2.131310771672214,2.0771964984618596,4005,6180,0,880,556,4009.0
802,0.2,0.0,0.1,4010,4015,20240726RUN02,13.847605245104289,100.47502650655741,1.6751691221805616,2.5874524211638663,2.131310771672214,2.049061050031685,4010,6180,0,880,,
803,0.62,0.32,0.47,4015,4020,20240726RUN02,13.847639211682559,100.47505701535833,1.6751691221805616,2.5874524211638663,2.131310771672214,2.113847486634878,4015,6180,0,880,557,4017.0
804,0.08,0.07,0.08,4020,4025,20240726RUN02,13.847673223095454,100.47508747176572,2.306978521159266,3.54498192734837,2.925980224253818,3.060656201861367,4020,6180,0,880,558,4024.0
805,0.05,0.02,0.04,4025,4030,20240726RUN02,13.847707288446392,100.47511786497728,2.306978521159266,3.54498192734837,2.925980224253818,3.1135912396725347,4025,6180,0,880,,
806,0.34,0.7,0.52,4030,4035,20240726RUN02,13.847741394673333,100.47514821016553,2.306978521159266,3.54498192734837,2.925980224253818,2.7411329079111715,4030,6180,0,880,559,4031.0
807,0.14,0.04,0.09,4035,4040,20240726RUN02,13.847775546395784,100.47517850168173,2.306978521159266,3.54498192734837,2.925980224253818,2.8898208469909057,4035,6180,0,880,560,4038.0
808,0.77,0.36,0.56,4040,4045,20240726RUN02,13.847809748424213,100.47520873374361,2.5248007366737584,3.1590864179375355,2.841943577305647,3.045207254167036,4040,6180,0,880,,
809,0.12,0.14,0.13,4045,4050,20240726RUN02,13.847844001326903,100.4752389054098,2.5248007366737584,3.1590864179375355,2.841943577305647,2.8227423811764467,4045,6180,0,880,561,4045.0
810,0.32,0.12,0.22,4050,4055,20240726RUN02,13.847878314636983,100.47526900506952,2.5248007366737584,3.1590864179375355,2.841943577305647,2.5713970092873515,4050,6180,0,880,562,4053.0
811,0.52,0.33,0.43,4055,4060,20240726RUN02,13.847912674799717,100.47529904868966,2.5248007366737584,3.1590864179375355,2.841943577305647,2.743126255369152,4055,6180,0,880,,
812,0.55,0.11,0.33,4060,4065,20240726RUN02,13.847947066161144,100.47532905491158,1.745601717325837,2.5570765357335747,2.151339126529706,2.304581271079131,4060,6180,0,880,563,4060.0
813,0.68,0.44,0.56,4065,4070,20240726RUN02,13.847981457590471,100.47535906103056,1.745601717325837,2.5570765357335747,2.151339126529706,2.1186179742374027,4065,6180,0,880,564,4067.0
814,1.11,0.08,0.6,4070,4075,20240726RUN02,13.848015812667194,100.47538911078297,1.745601717325837,2.5570765357335747,2.151339126529706,2.0100605423683184,4070,6180,0,880,565,4074.0
815,0.77,0.03,0.4,4075,4080,20240726RUN02,13.848050143218284,100.47541918985247,1.745601717325837,2.5570765357335747,2.151339126529706,2.011729594926032,4075,6180,0,880,,
816,1.29,0.47,0.88,4080,4085,20240726RUN02,13.848084447252795,100.47544930060491,2.178314569117433,2.449306019669112,2.3138102943932726,2.2913091711947255,4080,6180,0,880,566,4082.0
817,1.61,0.47,1.04,4085,4090,20240726RUN02,13.848118743841685,100.47547942024299,2.178314569117433,2.449306019669112,2.3138102943932726,2.2318978779807823,4085,6180,0,880,567,4089.0
818,1.02,0.0,0.51,4090,4095,20240726RUN02,13.848153055966831,100.4755095213296,2.178314569117433,2.449306019669112,2.3138102943932726,2.2504461483812648,4090,6180,0,880,,
819,1.26,0.49,0.88,4095,4100,20240726RUN02,13.848187368400005,100.47553962209973,2.178314569117433,2.449306019669112,2.3138102943932726,2.4061127652976246,4095,6180,0,880,568,4096.0
820,1.2,0.07,0.64,4100,4105,20240726RUN02,13.848221674789507,100.47556973006972,2.5199136406390026,3.083033277619931,2.8014734591294665,2.8457524360841058,4100,6180,0,880,569,4103.0
821,1.54,0.06,0.8,4105,4110,20240726RUN02,13.848255927692065,100.47559990178024,2.5199136406390026,3.083033277619931,2.8014734591294665,2.807738018115573,4105,6180,0,880,,
822,1.56,0.17,0.86,4110,4115,20240726RUN02,13.848290097900673,100.47563017147858,2.5199136406390026,3.083033277619931,2.8014734591294665,2.8436640953387617,4110,6180,0,880,570,4110.0
823,1.03,0.01,0.52,4115,4120,20240726RUN02,13.848324194991918,100.47566052748122,2.5199136406390026,3.083033277619931,2.8014734591294665,2.9597086672874777,4115,6180,0,880,571,4118.0
824,2.34,0.99,1.66,4120,4125,20240726RUN02,13.848358238453905,100.47569094649114,2.285698277919865,2.7031177092639123,2.4944079935918886,2.4921009894960746,4120,6180,0,880,,
825,1.49,0.45,0.97,4125,4130,20240726RUN02,13.848392278285809,100.47572136973469,2.285698277919865,2.7031177092639123,2.4944079935918886,2.7429173219072256,4125,6180,0,880,572,4125.0
826,1.04,0.03,0.54,4130,4135,20240726RUN02,13.848426326236387,100.47575178345011,2.285698277919865,2.7031177092639123,2.4944079935918886,2.5778561277558905,4130,6180,0,880,573,4132.0
827,1.14,0.02,0.58,4135,4140,20240726RUN02,13.848460384083413,100.47578218561728,2.285698277919865,2.7031177092639123,2.4944079935918886,2.3101160653066857,4135,6180,0,880,574,4139.0
828,1.12,0.0,0.56,4140,4145,20240726RUN02,13.848494437713,100.47581259277047,2.678125991634692,3.3102457402402194,2.994185865937456,2.9746141566841993,4140,6180,0,880,,
829,2.02,0.16,1.09,4145,4150,20240726RUN02,13.84852847684877,100.47584301686625,2.678125991634692,3.3102457402402194,2.994185865937456,3.160764174006105,4145,6180,0,880,575,4146.0
830,1.5,0.43,0.96,4150,4155,20240726RUN02,13.848562517279753,100.47587343945929,2.678125991634692,3.3102457402402194,2.994185865937456,2.877048825814092,4150,6180,0,880,576,4154.0
831,1.62,0.56,1.09,4155,4160,20240726RUN02,13.848596583926613,100.475903831303,2.678125991634692,3.3102457402402194,2.994185865937456,3.170646477016558,4155,6180,0,880,,
832,1.37,0.07,0.72,4160,4165,20240726RUN02,13.848630694126388,100.47593417187994,2.409568071214528,3.0955223156999625,2.7525451934572454,2.7169776286261254,4160,6180,0,880,577,4161.0
833,1.3,0.25,0.78,4165,4170,20240726RUN02,13.848664825036648,100.47596448811925,2.409568071214528,3.0955223156999625,2.7525451934572454,2.9557628683690353,4165,6180,0,880,578,4168.0
834,1.88,0.61,1.24,4170,4175,20240726RUN02,13.848698950208407,100.4759948111086,2.409568071214528,3.0955223156999625,2.7525451934572454,2.611210370820274,4170,6180,0,880,,
835,1.07,0.2,0.64,4175,4180,20240726RUN02,13.848733082382504,100.47602512579789,2.409568071214528,3.0955223156999625,2.7525451934572454,2.5068270456596498,4175,6180,0,880,579,4175.0
836,1.94,1.24,1.59,4180,4185,20240726RUN02,13.848767208345343,100.47605544783158,2.745897109204267,2.285757098991802,2.515827104098035,2.301894387681502,4180,6180,0,880,580,4182.0
837,1.03,0.36,0.7,4185,4190,20240726RUN02,13.848801290855995,100.47608582101577,2.745897109204267,2.285757098991802,2.515827104098035,2.3972326479755885,4185,6180,0,880,,
838,0.67,0.23,0.45,4190,4195,20240726RUN02,13.848835301349702,100.47611627865989,2.745897109204267,2.285757098991802,2.515827104098035,2.552565322014825,4190,6180,0,880,581,4190.0
839,0.74,0.17,0.46,4195,4200,20240726RUN02,13.848869254482208,100.47614680327614,2.745897109204267,2.285757098991802,2.515827104098035,2.7496295672911324,4195,6180,0,880,582,4197.0
840,1.42,0.58,1.0,4200,4205,20240726RUN02,13.848903199402956,100.47617733746661,1.6240507238201327,2.7227428966135374,2.1733968102168353,2.029411287754943,4200,6180,0,880,583,4204.0
841,0.67,0.1,0.38,4205,4210,20240726RUN02,13.848937167719075,100.47620784439262,1.6240507238201327,2.7227428966135374,2.1733968102168353,1.9955688768365434,4205,6180,0,880,,
842,1.2,0.7,0.95,4210,4215,20240726RUN02,13.848971169019455,100.4762383128119,1.6240507238201327,2.7227428966135374,2.1733968102168353,2.3693942796775085,4210,6180,0,880,584,4211.0
843,0.91,0.95,0.93,4215,4220,20240726RUN02,13.849005199199917,100.47626874742053,1.6240507238201327,2.7227428966135374,2.1733968102168353,2.1764376058437804,4215,6180,0,880,585,4219.0
844,0.88,0.76,0.82,4220,4225,20240726RUN02,13.84903923066601,100.47629918053853,2.0358532039087325,3.154092469548321,2.5949728367285267,2.455392668254972,4220,6180,0,880,,
845,1.19,1.73,1.46,4225,4230,20240726RUN02,13.849073247599296,100.47632963065993,2.0358532039087325,3.154092469548321,2.5949728367285267,2.650477659184678,4225,6180,0,880,586,4226.0
846,0.28,1.28,0.78,4230,4235,20240726RUN02,13.849107252092903,100.47636009529661,2.0358532039087325,3.154092469548321,2.5949728367285267,2.3691796492310924,4230,6180,0,880,587,4233.0
847,0.58,1.92,1.25,4235,4240,20240726RUN02,13.84914124356365,100.47639057516889,2.0358532039087325,3.154092469548321,2.5949728367285267,2.6397522039521473,4235,6180,0,880,,
848,0.47,2.55,1.51,4240,4245,20240726RUN02,13.849175227700128,100.47642106361789,2.271696897867437,3.655239688784373,2.9634682933259047,2.935288816642973,4240,6180,0,880,588,4240.0
849,0.94,3.06,2.0,4245,4250,20240726RUN02,13.849209215402507,100.47645154789805,2.271696897867437,3.655239688784373,2.9634682933259047,3.0369828286201037,4245,6180,0,880,589,4247.0
850,0.76,2.84,1.8,4250,4255,20240726RUN02,13.849243235450686,100.47648199427834,2.271696897867437,3.655239688784373,2.9634682933259047,3.0298452989248545,4250,6180,0,880,,
851,0.03,2.12,1.08,4255,4260,20240726RUN02,13.849277296801418,100.47651239229177,2.271696897867437,3.655239688784373,2.9634682933259047,2.835333489926386,4255,6180,0,880,590,4255.0
852,0.71,2.25,1.48,4260,4265,20240726RUN02,13.849311389027626,100.47654275407287,1.98284407452108,2.9528382332156564,2.467841153868368,2.2874257038710053,4260,6180,0,880,591,4262.0
853,0.43,1.8,1.12,4265,4270,20240726RUN02,13.84934550929688,100.4765730828098,1.98284407452108,2.9528382332156564,2.467841153868368,2.586607731056611,4265,6180,0,880,592,4269.0
854,0.21,1.8,1.01,4270,4275,20240726RUN02,13.849379675625832,100.47660335720236,1.98284407452108,2.9528382332156564,2.467841153868368,2.229555574991345,4270,6180,0,880,,
855,0.03,2.31,1.17,4275,4280,20240726RUN02,13.849413854537552,100.47663361672527,1.98284407452108,2.9528382332156564,2.467841153868368,2.61837712801385,4275,6180,0,880,593,4276.0
856,0.03,2.39,1.21,4280,4285,20240726RUN02,13.849448023983467,100.47666388746258,2.02152945089482,2.911633547730532,2.4665814993126762,2.490587855075738,4280,6180,0,880,594,4283.0
857,0.06,1.95,1.0,4285,4290,20240726RUN02,13.849482194045864,100.47669415745449,2.02152945089482,2.911633547730532,2.4665814993126762,2.493620874742147,4285,6180,0,880,,
858,0.0,1.38,0.69,4290,4295,20240726RUN02,13.84951635490466,100.4767244383434,2.02152945089482,2.911633547730532,2.4665814993126762,2.4350821778647167,4290,6180,0,880,595,4291.0
859,0.01,1.83,0.92,4295,4300,20240726RUN02,13.849550520272523,100.47675471392705,2.02152945089482,2.911633547730532,2.4665814993126762,2.603572703660317,4295,6180,0,880,596,4298.0
860,0.13,1.3,0.72,4300,4305,20240726RUN02,13.849584709000077,100.47678496186701,3.051289921039042,3.4211614652363247,3.2362256931376834,3.494260552080929,4300,6180,0,880,,
861,0.03,0.93,0.48,4305,4310,20240726RUN02,13.849618913314373,100.47681519132188,3.051289921039042,3.4211614652363247,3.2362256931376834,3.3235826410786466,4305,6180,0,880,597,4305.0
862,0.0,0.12,0.06,4310,4315,20240726RUN02,13.849653105337724,100.4768454353568,3.051289921039042,3.4211614652363247,3.2362256931376834,2.9866673731775917,4310,6180,0,880,598,4312.0
863,0.08,0.76,0.42,4315,4320,20240726RUN02,13.849687254885557,100.47687572964844,3.051289921039042,3.4211614652363247,3.2362256931376834,3.338488802417234,4315,6180,0,880,,
864,0.2,1.15,0.68,4320,4325,20240726RUN02,13.849721338137451,100.47690610207576,2.681704680476048,3.4625804937127302,3.072142587094389,3.17590865905909,4320,6180,0,880,599,4320.0
865,0.01,0.89,0.45,4325,4330,20240726RUN02,13.849755369324164,100.47693653551283,2.681704680476048,3.4625804937127302,3.072142587094389,3.0027697117712675,4325,6180,0,880,600,4327.0
866,0.0,0.77,0.38,4330,4335,20240726RUN02,13.849789350504407,100.47696702742503,2.681704680476048,3.4625804937127302,3.072142587094389,2.8178726739903897,4330,6180,0,880,601,4334.0
867,0.0,1.19,0.6,4335,4340,20240726RUN02,13.849823282835882,100.47699757627595,2.681704680476048,3.4625804937127302,3.072142587094389,3.3224489253725857,4335,6180,0,880,,
868,0.06,1.4,0.73,4340,4345,20240726RUN02,13.849857208565568,100.47702813278845,1.5130864522691598,1.8496325358854664,1.681359494077313,1.6987601688346086,4340,6180,0,880,602,4341.0
869,0.13,1.82,0.98,4345,4350,20240726RUN02,13.849891134264697,100.47705868936727,1.5130864522691598,1.8496325358854664,1.681359494077313,1.5328989614552904,4345,6180,0,880,603,4348.0
870,0.0,1.09,0.55,4350,4355,20240726RUN02,13.84992505613574,100.47708925037779,1.5130864522691598,1.8496325358854664,1.681359494077313,1.7511278843057503,4350,6180,0,880,,
871,0.0,1.2,0.6,4355,4360,20240726RUN02,13.849958976599774,100.4771198130817,1.5130864522691598,1.8496325358854664,1.681359494077313,1.5449974772207835,4355,6180,0,880,604,4356.0
872,0.46,1.47,0.96,4360,4365,20240726RUN02,13.849992900218325,100.47715037210322,2.9919560905166835,2.579676203210238,2.7858161468634606,2.8710821224539864,4360,6180,0,880,605,4363.0
873,1.72,2.09,1.9,4365,4370,20240726RUN02,13.850026847178032,100.47718090398877,2.9919560905166835,2.579676203210238,2.7858161468634606,2.7012694760627856,4365,6180,0,880,,
874,1.14,1.24,1.19,4370,4375,20240726RUN02,13.850060809004168,100.47721141851184,2.9919560905166835,2.579676203210238,2.7858161468634606,2.6130562827655193,4370,6180,0,880,606,4370.0
875,0.23,0.46,0.34,4375,4380,20240726RUN02,13.850094777556558,100.47724192522918,2.9919560905166835,2.579676203210238,2.7858161468634606,2.849053013907964,4375,6180,0,880,607,4377.0
876,0.72,1.17,0.94,4380,4385,20240726RUN02,13.850128753997188,100.47727242277632,2.243612278890312,3.1301816119587533,2.6868969454245324,2.7415360350323894,4380,6180,0,880,608,4384.0
877,1.53,0.75,1.14,4385,4390,20240726RUN02,13.850162732784453,100.47730291759811,2.243612278890312,3.1301816119587533,2.6868969454245324,2.4631697468983482,4385,6180,0,880,,
878,1.94,1.3,1.62,4390,4395,20240726RUN02,13.850196707709989,100.47733341698176,2.243612278890312,3.1301816119587533,2.6868969454245324,2.9459785648054186,4390,6180,0,880,609,4392.0
879,1.84,1.92,1.88,4395,4400,20240726RUN02,13.8502306921404,100.47736390524487,2.243612278890312,3.1301816119587533,2.6868969454245324,2.5287947379696147,4395,6180,0,880,610,4399.0
880,0.55,1.4,0.98,4400,4405,20240726RUN02,13.850264686030926,100.47739438235847,2.840915508792632,2.8269051880854787,2.8339103484390553,2.8233581548904008,4400,6180,0,880,,
881,0.14,1.22,0.68,4405,4410,20240726RUN02,13.850298662014225,100.47742488037319,2.840915508792632,2.8269051880854787,2.8339103484390553,2.7229389798364516,4405,6180,0,880,611,4406.0
882,0.02,1.68,0.85,4410,4415,20240726RUN02,13.850332628018402,100.47745539004451,2.840915508792632,2.8269051880854787,2.8339103484390553,2.8644843273416356,4410,6180,0,880,612,4413.0
883,0.02,2.28,1.15,4415,4420,20240726RUN02,13.850366632662544,100.47748585456728,2.840915508792632,2.8269051880854787,2.8339103484390553,2.9193451212853323,4415,6180,0,880,,
884,0.0,2.23,1.12,4420,4425,20240726RUN02,13.850400685278348,100.47751626302339,2.2475467475162234,3.0568078587683445,2.6521773031422837,2.7097457338445468,4420,6180,0,880,613,4420.0
885,0.0,1.88,0.94,4425,4430,20240726RUN02,13.850434742851478,100.47754666566996,2.2475467475162234,3.0568078587683445,2.6521773031422837,2.5482048433964755,4425,6180,0,880,614,4428.0
886,0.13,2.51,1.32,4430,4435,20240726RUN02,13.850468794642325,100.47757707510223,2.2475467475162234,3.0568078587683445,2.6521773031422837,2.8484208132505424,4430,6180,0,880,,
887,0.1,2.63,1.36,4435,4440,20240726RUN02,13.850502872728585,100.47760745359574,2.2475467475162234,3.0568078587683445,2.6521773031422837,2.6046774214100554,4435,6180,0,880,615,4435.0
888,0.08,3.15,1.62,4440,4445,20240726RUN02,13.850536981548595,100.47763779598638,2.844771073046298,3.6804961740925553,3.2626336235694264,3.3329207120306226,4440,6180,0,880,616,4442.0
889,0.3,2.73,1.52,4445,4450,20240726RUN02,13.85057109575539,100.47766813204352,2.844771073046298,3.6804961740925553,3.2626336235694264,3.536584965001497,4445,6180,0,880,617,4449.0
890,0.98,2.67,1.82,4450,4455,20240726RUN02,13.850605212382728,100.47769846529565,2.844771073046298,3.6804961740925553,3.2626336235694264,2.956790221414205,4450,6180,0,880,,
891,3.62,3.28,3.45,4455,4460,20240726RUN02,13.850639358722676,100.47772876345522,2.844771073046298,3.6804961740925553,3.2626336235694264,3.494947855787646,4455,6180,0,880,618,4457.0
892,0.92,2.5,1.71,4460,4465,20240726RUN02,13.85067355395557,100.47775900378069,4.348330726090111,4.854271666463444,4.601301196276777,4.658155375613766,4460,6180,0,880,619,4464.0
893,1.07,1.83,1.45,4465,4470,20240726RUN02,13.850707757941066,100.47778923384446,4.348330726090111,4.854271666463444,4.601301196276777,4.331473541572148,4465,6180,0,880,,
894,1.76,0.8,1.28,4470,4475,20240726RUN02,13.850741948347068,100.47781947991339,4.348330726090111,4.854271666463444,4.601301196276777,4.5638582027644485,4470,6180,0,880,620,4471.0
895,1.28,0.2,0.74,4475,4480,20240726RUN02,13.850776148290745,100.47784971467081,4.348330726090111,4.854271666463444,4.601301196276777,4.647944245381087,4475,6180,0,880,621,4478.0
896,0.97,0.3,0.64,4480,4485,20240726RUN02,13.850810345145153,100.4778799532088,2.5597846798285806,2.2664863356426883,2.4131355077356345,2.6186314171486345,4480,6180,0,880,,
897,1.35,1.47,1.41,4485,4490,20240726RUN02,13.850844550370425,100.47791018173906,2.5597846798285806,2.2664863356426883,2.4131355077356345,2.498016882354451,4485,6180,0,880,622,4485.0
898,1.25,1.78,1.52,4490,4495,20240726RUN02,13.850878767849775,100.47794039571974,2.5597846798285806,2.2664863356426883,2.4131355077356345,2.2338344119928544,4490,6180,0,880,623,4493.0
899,0.58,1.02,0.8,4495,4500,20240726RUN02,13.850912970911951,100.47797062679136,2.5597846798285806,2.2664863356426883,2.4131355077356345,2.213956963226442,4495,6180,0,880,,
900,1.67,0.93,1.3,4500,4505,20240726RUN02,13.850947137158233,100.47800090144125,1.923462857154384,2.1365487865739685,2.0300058218641763,2.131624596463536,4500,6180,0,880,624,4500.0
901,1.48,1.14,1.31,4505,4510,20240726RUN02,13.8509812702584,100.47803121521287,1.923462857154384,2.1365487865739685,2.0300058218641763,1.941306184218344,4505,6180,0,880,625,4507.0
902,1.81,0.36,1.08,4510,4515,20240726RUN02,13.851015402692942,100.47806152978417,1.923462857154384,2.1365487865739685,2.0300058218641763,2.0426485492293347,4510,6180,0,880,626,4514.0
903,1.47,0.21,0.84,4515,4520,20240726RUN02,13.85104953657602,100.47809184262685,1.923462857154384,2.1365487865739685,2.0300058218641763,1.852313781317446,4515,6180,0,880,,
904,1.51,0.05,0.78,4520,4525,20240726RUN02,13.851083656383393,100.47812217214596,2.093613181751695,1.820069518169224,1.9568413499604596,2.074741271629847,4520,6180,0,880,627,4521.0
905,2.26,0.08,1.17,4525,4530,20240726RUN02,13.851117731581892,100.47815255416909,2.093613181751695,1.820069518169224,1.9568413499604596,2.122367731715623,4525,6180,0,880,628,4529.0
906,1.53,0.22,0.88,4530,4535,20240726RUN02,13.851151756675945,100.47818299495874,2.093613181751695,1.820069518169224,1.9568413499604596,1.823864706109182,4530,6180,0,880,,
907,1.23,0.06,0.64,4535,4540,20240726RUN02,13.851185757079222,100.47821346464133,2.093613181751695,1.820069518169224,1.9568413499604596,1.9554044292968713,4535,6180,0,880,629,4536.0
908,0.59,0.14,0.36,4540,4545,20240726RUN02,13.85121974413583,100.47824394985396,2.795073291576593,2.042712714659482,2.4188930031180376,2.2747355458026797,4540,6180,0,880,630,4543.0
909,0.4,0.04,0.22,4545,4550,20240726RUN02,13.851253704827473,100.4782744658485,2.795073291576593,2.042712714659482,2.4188930031180376,2.5618580297024507,4545,6180,0,880,,
910,1.07,0.06,0.57,4550,4555,20240726RUN02,13.851287647355035,100.47830500300903,2.795073291576593,2.042712714659482,2.4188930031180376,2.2853088225564595,4550,6180,0,880,631,4550.0
911,0.64,0.21,0.42,4555,4560,20240726RUN02,13.851321595027422,100.47833553416568,2.795073291576593,2.042712714659482,2.4188930031180376,2.578247226865294,4555,6180,0,880,632,4557.0
912,0.58,0.22,0.4,4560,4565,20240726RUN02,13.851355574609304,100.47836602813993,2.534047268432541,2.5908270696904543,2.5624371690614973,2.548572640944688,4560,6180,0,880,,
913,0.59,0.01,0.3,4565,4570,20240726RUN02,13.851389624997543,100.47839643924029,2.534047268432541,2.5908270696904543,2.5624371690614973,2.738614656789271,4565,6180,0,880,633,4565.0
914,0.78,0.02,0.4,4570,4575,20240726RUN02,13.851423747919224,100.47842676514868,2.534047268432541,2.5908270696904543,2.5624371690614973,2.4402750714615533,4570,6180,0,880,634,4572.0
915,0.27,0.1,0.18,4575,4580,20240726RUN02,13.851457902794035,100.47845705336935,2.534047268432541,2.5908270696904543,2.5624371690614973,2.4183619694830885,4575,6180,0,880,635,4579.0
916,0.63,0.0,0.32,4580,4585,20240726RUN02,13.851492094882461,100.4784872975691,2.811071252513055,2.996072486520548,2.9035718695168016,2.9635046125639604,4580,6180,0,880,,
917,0.47,0.0,0.24,4585,4590,20240726RUN02,13.851526338692619,100.47851748045217,2.811071252513055,2.996072486520548,2.9035718695168016,2.6705160048429066,4585,6180,0,880,636,4586.0
918,0.53,0.0,0.26,4590,4595,20240726RUN02,13.851560605869455,100.4785476355238,2.811071252513055,2.996072486520548,2.9035718695168016,2.777122239940653,4590,6180,0,880,637,4594.0
919,0.19,0.06,0.12,4595,4600,20240726RUN02,13.851594860419976,100.47857780561426,2.811071252513055,2.996072486520548,2.9035718695168016,2.9270345222151657,4595,6180,0,880,,
920,0.28,2.1,1.19,4600,4605,20240726RUN02,13.85162909067322,100.47860800453918,2.209648820659515,2.7808809274673902,2.4952648740634524,2.4934845145526574,4600,6180,0,880,638,4601.0
921,0.69,7.13,3.91,4605,4610,20240726RUN02,13.851663352010219,100.47863816638902,2.209648820659515,2.7808809274673902,2.4952648740634524,2.6215240031704954,4605,6180,0,880,639,4608.0
922,0.02,4.53,2.28,4610,4615,20240726RUN02,13.851697691518751,100.4786682348824,2.209648820659515,2.7808809274673902,2.4952648740634524,2.7121622268941494,4610,6180,0,880,,
923,0.06,1.97,1.01,4615,4620,20240726RUN02,13.85173211789361,100.47869819921841,2.209648820659515,2.7808809274673902,2.4952648740634524,2.413163210688389,4615,6180,0,880,640,4615.0
924,0.41,4.21,2.31,4620,4625,20240726RUN02,13.851766669811798,100.47872801178984,2.0070445412245745,2.50505325171374,2.2560488964691574,2.202773538028707,4620,6180,0,880,641,4622.0
925,0.4,1.26,0.83,4625,4630,20240726RUN02,13.851801381230517,100.47875762972762,2.0070445412245745,2.50505325171374,2.2560488964691574,2.4137401584148903,4625,6180,0,880,,
926,1.03,5.83,3.43,4630,4635,20240726RUN02,13.851836198269394,100.47878711775327,2.0070445412245745,2.50505325171374,2.2560488964691574,2.4130419438301045,4630,6180,0,880,642,4630.0
927,1.3,4.27,2.78,4635,4640,20240726RUN02,13.851871017141981,100.47881660350627,2.0070445412245745,2.50505325171374,2.2560488964691574,2.227149451310338,4635,6180,0,880,643,4637.0
928,0.54,0.68,0.61,4640,4645,20240726RUN02,13.851905786595239,100.47884615036968,1.840375045239111,2.176248861814085,2.008311953526598,2.1778300826124055,4640,6180,0,880,644,4644.0
929,0.91,0.17,0.54,4645,4650,20240726RUN02,13.851940488831493,100.47887577990289,1.840375045239111,2.176248861814085,2.008311953526598,1.9958050038713013,4645,6180,0,880,,
930,1.04,0.0,0.52,4650,4655,20240726RUN02,13.851975104789537,100.47890551509083,1.840375045239111,2.176248861814085,2.008311953526598,1.958736011056815,4650,6180,0,880,645,4651.0
931,1.08,0.0,0.54,4655,4660,20240726RUN02,13.85200962155107,100.4789353708517,1.840375045239111,2.176248861814085,2.008311953526598,1.9149656951798397,4655,6180,0,880,646,4658.0
932,1.23,0.23,0.73,4660,4665,20240726RUN02,13.852044014802532,100.47896537562414,2.885462190968081,2.381714553985681,2.633588372476881,2.7206817795703033,4660,6180,0,880,,
933,0.72,0.03,0.38,4665,4670,20240726RUN02,13.852078301604003,100.47899550772853,2.885462190968081,2.381714553985681,2.633588372476881,2.5291634448311497,4665,6180,0,880,647,4666.0
934,0.63,0.09,0.36,4670,4675,20240726RUN02,13.852112507514548,100.479025736096,2.885462190968081,2.381714553985681,2.633588372476881,2.793604370172027,4670,6180,0,880,648,4673.0
935,0.37,0.0,0.18,4675,4680,20240726RUN02,13.852146664798866,100.47905602215121,2.885462190968081,2.381714553985681,2.633588372476881,2.53799036250552,4675,6180,0,880,,
936,0.5,0.15,0.32,4680,4685,20240726RUN02,13.852180777177265,100.47908636114947,2.298559209670393,2.115441446441084,2.2070003280557384,2.2621012629658903,4680,6180,0,880,649,4680.0
937,0.4,0.08,0.24,4685,4690,20240726RUN02,13.85221482797681,100.47911677251268,2.298559209670393,2.115441446441084,2.2070003280557384,2.054053465921448,4685,6180,0,880,650,4687.0
938,0.26,0.13,0.2,4690,4695,20240726RUN02,13.852248850335169,100.47914721727781,2.298559209670393,2.115441446441084,2.2070003280557384,2.2549256603114283,4690,6180,0,880,651,4694.0
939,0.46,0.29,0.38,4695,4700,20240726RUN02,13.852282883846458,100.47917764902203,2.298559209670393,2.115441446441084,2.2070003280557384,2.163928434429394,4695,6180,0,880,,
940,0.58,0.07,0.32,4700,4705,20240726RUN02,13.852316949683823,100.47920804296453,1.3152282744479138,1.7959612227985464,1.5555947486232302,1.5278736265046993,4700,6180,0,880,652,4702.0
941,0.51,0.0,0.26,4705,4710,20240726RUN02,13.852351028912233,100.47923842118746,1.3152282744479138,1.7959612227985464,1.5555947486232302,1.4129259296931218,4705,6180,0,880,653,4709.0
942,1.63,0.07,0.85,4710,4715,20240726RUN02,13.852385154712684,100.47926874465536,1.3152282744479138,1.7959612227985464,1.5555947486232302,1.588303707552399,4710,6180,0,880,,
943,1.04,0.04,0.54,4715,4720,20240726RUN02,13.852419367662888,100.47929896509619,1.3152282744479138,1.7959612227985464,1.5555947486232302,1.6870135619348483,4715,6180,0,880,654,4716.0
944,0.83,0.0,0.42,4720,4725,20240726RUN02,13.852453615611244,100.47932914403607,2.457498584460062,2.3466412720163783,2.40206992823822,2.3782249495154155,4720,6180,0,880,655,4723.0
945,0.46,0.0,0.23,4725,4730,20240726RUN02,13.852487857221291,100.47935933048062,2.457498584460062,2.3466412720163783,2.40206992823822,2.3443691708684904,4725,6180,0,880,,
946,0.7,0.0,0.35,4730,4735,20240726RUN02,13.85252208951192,100.47938952799777,2.457498584460062,2.3466412720163783,2.40206992823822,2.5884431091184386,4730,6180,0,880,656,4731.0
947,0.21,0.0,0.1,4735,4740,20240726RUN02,13.852556316395061,100.47941973188826,2.457498584460062,2.3466412720163783,2.40206992823822,2.3678704330892377,4735,6180,0,880,657,4738.0
948,0.91,0.2,0.56,4740,4745,20240726RUN02,13.852590527004851,100.47944995505415,2.597145438755632,2.5543751683464304,2.5757603035510312,2.327429095686353,4740,6180,0,880,,
949,1.49,0.0,0.74,4745,4750,20240726RUN02,13.852624726808306,100.47948019102387,2.597145438755632,2.5543751683464304,2.5757603035510312,2.7263050437550853,4745,6180,0,880,658,4745.0
950,1.07,0.0,0.54,4750,4755,20240726RUN02,13.852658902240801,100.47951045583264,2.597145438755632,2.5543751683464304,2.5757603035510312,2.6908950063996633,4750,6180,0,880,659,4752.0
951,1.78,0.0,0.89,4755,4760,20240726RUN02,13.852693008396203,100.4795408022966,2.597145438755632,2.5543751683464304,2.5757603035510312,2.4677494681237557,4755,6180,0,880,660,4759.0
952,1.27,0.0,0.64,4760,4765,20240726RUN02,13.852727085920492,100.47957118244196,1.9124746797488013,1.8516841039920449,1.882079391870423,1.8486742901028845,4760,6180,0,880,,
953,1.4,0.0,0.7,4765,4770,20240726RUN02,13.852761182273436,100.47960154040703,1.9124746797488013,1.8516841039920449,1.882079391870423,1.7122822155841215,4765,6180,0,880,661,4767.0
954,2.0,0.0,1.0,4770,4775,20240726RUN02,13.852795266926151,100.4796319120541,1.9124746797488013,1.8516841039920449,1.882079391870423,2.0160186954425052,4770,6180,0,880,662,4774.0
955,1.44,0.0,0.72,4775,4780,20240726RUN02,13.852829338963076,100.47966229850071,1.9124746797488013,1.8516841039920449,1.882079391870423,1.8757267924296332,4775,6180,0,880,,
956,1.88,0.01,0.94,4780,4785,20240726RUN02,13.852863416933486,100.47969267789047,1.9860803881507068,2.915750465562884,2.4509154268567954,2.3241036288728862,4780,6180,0,880,663,4781.0
957,1.95,0.02,0.98,4785,4790,20240726RUN02,13.852897493694604,100.4797230586456,1.9860803881507068,2.915750465562884,2.4509154268567954,2.5332618829130213,4785,6180,0,880,664,4788.0
958,1.18,0.0,0.59,4790,4795,20240726RUN02,13.852931559994486,100.47975345169986,1.9860803881507068,2.915750465562884,2.4509154268567954,2.584538321686577,4790,6180,0,880,,
959,1.67,0.0,0.84,4795,4800,20240726RUN02,13.852965613435819,100.47978385977702,1.9860803881507068,2.915750465562884,2.4509154268567954,2.483551000931858,4795,6180,0,880,665,4795.0
960,1.53,0.0,0.76,4800,4805,20240726RUN02,13.85299967676966,100.47981425619004,1.6578076044459733,2.00044902708371,1.8291283157648417,1.909197391587109,4800,6180,0,880,666,4803.0
961,0.88,0.0,0.44,4805,4810,20240726RUN02,13.853033762787122,100.4798446259056,1.6578076044459733,2.00044902708371,1.8291283157648417,1.9068284016636365,4805,6180,0,880,,
962,1.23,0.0,0.62,4810,4815,20240726RUN02,13.853067859195653,100.47987498340987,1.6578076044459733,2.00044902708371,1.8291283157648417,1.7783296508194462,4810,6180,0,880,667,4810.0
963,0.95,0.01,0.48,4815,4820,20240726RUN02,13.853101961415359,100.47990533403588,1.6578076044459733,2.00044902708371,1.8291283157648417,1.9151540738505977,4815,6180,0,880,668,4817.0
964,1.07,0.0,0.54,4820,4825,20240726RUN02,13.853136070610525,100.47993567643933,1.8882123573892675,2.036596764663368,1.9624045610263177,1.8795673585665855,4820,6180,0,880,669,4824.0
965,1.97,0.08,1.02,4825,4830,20240726RUN02,13.853170196901674,100.47996599867066,1.8882123573892675,2.036596764663368,1.9624045610263177,2.1477645800514176,4825,6180,0,880,,
966,2.57,0.04,1.3,4830,4835,20240726RUN02,13.85320436508376,100.47999627142723,1.8882123573892675,2.036596764663368,1.9624045610263177,2.002135784973817,4830,6180,0,880,670,4832.0
967,1.42,0.11,0.76,4835,4840,20240726RUN02,13.853238587769837,100.48002647958283,1.8882123573892675,2.036596764663368,1.9624045610263177,2.0781727386187256,4835,6180,0,880,671,4839.0
968,2.2,0.0,1.1,4840,4845,20240726RUN02,13.853272832483253,100.48005666154327,1.1702801685312545,2.194102025126342,1.6821910968287983,1.7951171314505503,4840,6180,0,880,,
969,2.22,0.0,1.11,4845,4850,20240726RUN02,13.853307049570867,100.48008687628885,1.1702801685312545,2.194102025126342,1.6821910968287983,1.5849771614954422,4845,6180,0,880,672,4846.0
970,2.03,0.04,1.03,4850,4855,20240726RUN02,13.85334122219673,100.48011714369167,1.1702801685312545,2.194102025126342,1.6821910968287983,1.6771776061649708,4850,6180,0,880,673,4853.0
971,1.72,0.0,0.86,4855,4860,20240726RUN02,13.853375368293207,100.48014744239961,1.1702801685312545,2.194102025126342,1.6821910968287983,1.8348965312726129,4855,6180,0,880,,
972,1.75,0.01,0.88,4860,4865,20240726RUN02,13.853409497703536,100.48017776077077,2.4867656109407448,2.301719794456754,2.394242702698749,2.5057554547684595,4860,6180,0,880,674,4860.0
973,1.54,0.01,0.78,4865,4870,20240726RUN02,13.853443568430018,100.48020814812037,2.4867656109407448,2.301719794456754,2.394242702698749,2.345843344624445,4865,6180,0,880,675,4868.0
974,2.07,0.16,1.12,4870,4875,20240726RUN02,13.853477558163414,100.48023863033903,2.4867656109407448,2.301719794456754,2.394242702698749,2.4208642008014936,4870,6180,0,880,,
975,1.38,0.02,0.7,4875,4880,20240726RUN02,13.853511507894787,100.48026915925165,2.4867656109407448,2.301719794456754,2.394242702698749,2.3521919234907984,4875,6180,0,880,676,4875.0
976,1.94,0.57,1.25,4880,4885,20240726RUN02,13.853545437885774,100.48029971098148,2.805741572053387,3.133076310436336,2.9694089412448617,2.6890340361777447,4880,6180,0,880,677,4882.0
977,1.52,0.06,0.79,4885,4890,20240726RUN02,13.85357935338497,100.48033027963423,2.805741572053387,3.133076310436336,2.9694089412448617,3.1584502781785133,4885,6180,0,880,678,4889.0
978,2.06,0.3,1.18,4890,4895,20240726RUN02,13.853613279971439,100.48036083538342,2.805741572053387,3.133076310436336,2.9694089412448617,3.0843307343256945,4890,6180,0,880,,
979,2.24,0.76,1.5,4895,4900,20240726RUN02,13.853647230614317,100.48039136305358,2.805741572053387,3.133076310436336,2.9694089412448617,2.723492246183283,4895,6180,0,880,679,4896.0
980,1.47,0.02,0.74,4900,4905,20240726RUN02,13.85368117960723,100.48042189272238,2.413440438129041,2.809986037802349,2.611713237965695,2.394756659863938,4900,6180,0,880,680,4904.0
981,1.93,0.0,0.96,4905,4910,20240726RUN02,13.853715157008489,100.48045238921267,2.413440438129041,2.809986037802349,2.611713237965695,2.51027050467886,4905,6180,0,880,,
982,1.61,0.0,0.8,4910,4915,20240726RUN02,13.85374920422589,100.48048280397832,2.413440438129041,2.809986037802349,2.611713237965695,2.7593614105529625,4910,6180,0,880,681,4911.0
983,1.68,0.06,0.87,4915,4920,20240726RUN02,13.85378327209336,100.48051319453262,2.413440438129041,2.809986037802349,2.611713237965695,2.5536186150877853,4915,6180,0,880,682,4918.0
984,2.4,0.13,1.26,4920,4925,20240726RUN02,13.85381732999144,100.48054359678748,2.3407090526288465,2.564786463281669,2.4527477579552577,2.5603543343132054,4920,6180,0,880,,
985,0.77,0.02,0.4,4925,4930,20240726RUN02,13.853851375205739,100.48057401393565,2.3407090526288465,2.564786463281669,2.4527477579552577,2.215125087482345,4925,6180,0,880,683,4925.0
986,1.69,0.05,0.87,4930,4935,20240726RUN02,13.853885399025103,100.48060445608257,2.3407090526288465,2.564786463281669,2.4527477579552577,2.2155202603260853,4930,6180,0,880,684,4932.0
987,1.49,0.05,0.77,4935,4940,20240726RUN02,13.853919438390657,100.48063488006186,2.3407090526288465,2.564786463281669,2.4527477579552577,2.553294058649134,4935,6180,0,880,,
988,1.72,0.07,0.9,4940,4945,20240726RUN02,13.853953499263294,100.48066527873189,2.0999721475155995,2.4354502248184424,2.2677111861670207,2.2962771987425845,4940,6180,0,880,685,4940.0
989,1.13,0.0,0.56,4945,4950,20240726RUN02,13.85398754996744,100.48069568936431,2.0999721475155995,2.4354502248184424,2.2677111861670207,2.07523406325023,4945,6180,0,880,686,4947.0
990,1.3,0.0,0.65,4950,4955,20240726RUN02,13.8540216037905,100.48072609628076,2.0999721475155995,2.4354502248184424,2.2677111861670207,2.2334794211973508,4950,6180,0,880,687,4954.0
991,2.17,0.0,1.08,4955,4960,20240726RUN02,13.854055677475255,100.48075647981103,2.0999721475155995,2.4354502248184424,2.2677111861670207,2.183606152732155,4955,6180,0,880,,
992,1.66,0.0,0.83,4960,4965,20240726RUN02,13.854089739498683,100.48078687710063,2.430373843605331,1.674808204390864,2.0525910239980973,2.047358509854303,4960,6180,0,880,688,4961.0
993,2.06,0.0,1.03,4965,4970,20240726RUN02,13.854123764689568,100.48081731757485,2.430373843605331,1.674808204390864,2.0525910239980973,2.0446155563224355,4965,6180,0,880,689,4969.0
994,1.67,0.0,0.84,4970,4975,20240726RUN02,13.854157774670885,100.48084777595766,2.430373843605331,1.674808204390864,2.0525910239980973,1.935761503826194,4970,6180,0,880,,
995,1.76,0.0,0.88,4975,4980,20240726RUN02,13.854191753603528,100.4808782705712,2.430373843605331,1.674808204390864,2.0525910239980973,2.093315891784167,4975,6180,0,880,690,4976.0
996,1.8,0.0,0.9,4980,4985,20240726RUN02,13.854225695827338,100.48090880796657,1.804170978325576,1.3302798435267702,1.5672254109261732,1.5279982961120437,4980,6180,0,880,691,4983.0
997,1.4,0.0,0.7,4985,4990,20240726RUN02,13.854259637298608,100.48093934630685,1.804170978325576,1.3302798435267702,1.5672254109261732,1.6524411028905335,4985,6180,0,880,,
998,1.51,0.03,0.77,4990,4995,20240726RUN02,13.854293569879347,100.48096989504084,1.804170978325576,1.3302798435267702,1.5672254109261732,1.4503667947879093,4990,6180,0,880,692,4990.0
999,1.91,0.0,0.96,4995,5000,20240726RUN02,13.854327482937974,100.48100046651068,1.804170978325576,1.3302798435267702,1.5672254109261732,1.5826873659609093,4995,6180,0,880,693,4997.0
1000,1.88,0.05,0.96,5000,5005,20240726RUN02,13.854361393846988,100.48103104049363,3.0640679150031453,2.231046493801065,2.647557204402105,2.7401152904808663,5000,6180,0,880,,
1001,1.55,0.01,0.78,5005,5010,20240726RUN02,13.854395289542541,100.48106163213987,3.0640679150031453,2.231046493801065,2.647557204402105,2.782354170495941,5005,6180,0,880,694,5005.0
1002,1.92,0.0,0.96,5010,5015,20240726RUN02,13.854429130293704,100.48109228750742,3.0640679150031453,2.231046493801065,2.647557204402105,2.6367470944598423,5010,6180,0,880,695,5012.0
1003,1.81,0.0,0.9,5015,5020,20240726RUN02,13.854462933281255,100.48112298648813,3.0640679150031453,2.231046493801065,2.647557204402105,2.5812317293912668,5015,6180,0,880,696,5019.0
1004,1.53,0.0,0.76,5020,5025,20240726RUN02,13.85449674039029,100.48115368079567,2.219229041345684,2.43571510059822,2.327472070971952,2.2646716467228307,5020,6180,0,880,,
1005,1.0,0.0,0.5,5025,5030,20240726RUN02,13.85453051130696,100.48118441674723,2.219229041345684,2.43571510059822,2.327472070971952,2.404360101550862,5025,6180,0,880,697,5026.0
1006,1.0,0.0,0.5,5030,5035,20240726RUN02,13.854564207108062,100.48121523897014,2.219229041345684,2.43571510059822,2.327472070971952,2.0977414807293213,5030,6180,0,880,698,5033.0
1007,0.84,0.0,0.42,5035,5040,20240726RUN02,13.854597844682512,100.48124612785308,2.219229041345684,2.43571510059822,2.327472070971952,2.4713749401461524,5035,6180,0,880,,
1008,0.73,0.0,0.36,5040,5045,20240726RUN02,13.854631450999968,100.48127705234874,4.969700267403505,3.714945025416878,4.342322646410191,4.067739044665821,5040,6180,0,880,699,5041.0
1009,0.77,0.0,0.38,5045,5050,20240726RUN02,13.85466501028832,100.48130803029682,4.969700267403505,3.714945025416878,4.342322646410191,3.926086168561933,5045,6180,0,880,700,5048.0
1010,0.97,1.03,1.0,5050,5055,20240726RUN02,13.854698478113455,100.48133911173676,4.969700267403505,3.714945025416878,4.342322646410191,4.434172961346347,5050,6180,0,880,,
1011,1.82,1.82,1.82,5055,5060,20240726RUN02,13.854731818910865,100.48137033582965,4.969700267403505,3.714945025416878,4.342322646410191,4.653424380056451,5055,6180,0,880,701,5055.0
1012,2.04,0.59,1.32,5060,5065,20240726RUN02,13.854765048548286,100.48140168390543,3.902310177441895,3.672176195571918,3.7872431865069065,3.5039909749139424,5060,6180,0,880,702,5062.0
1013,1.33,0.8,1.06,5065,5070,20240726RUN02,13.854798194433657,100.48143312473941,3.902310177441895,3.672176195571918,3.7872431865069065,3.630884806588126,5065,6180,0,880,703,5069.0
1014,1.68,0.23,0.96,5070,5075,20240726RUN02,13.85483123389928,100.48146468269867,3.902310177441895,3.672176195571918,3.7872431865069065,4.0683068978571315,5070,6180,0,880,,
1015,1.42,0.02,0.72,5075,5080,20240726RUN02,13.854864163017874,100.48149636127287,3.902310177441895,3.672176195571918,3.7872431865069065,3.7504720374449305,5075,6180,0,880,704,5077.0
1016,1.54,0.0,0.77,5080,5085,20240726RUN02,13.854896987134667,100.48152815375353,4.3823078186973365,3.3204803346025407,3.851394076649939,3.85561743432021,5080,6180,0,880,705,5084.0
1017,1.13,0.0,0.56,5085,5090,20240726RUN02,13.854929681685073,100.48156008579298,4.3823078186973365,3.3204803346025407,3.851394076649939,3.96263330335616,5085,6180,0,880,,
1018,1.64,0.0,0.82,5090,5095,20240726RUN02,13.854962165708274,100.48159224196915,4.3823078186973365,3.3204803346025407,3.851394076649939,3.651917108104506,5090,6180,0,880,706,5091.0
1019,1.81,0.0,0.9,5095,5100,20240726RUN02,13.854994348326906,100.48162471390107,4.3823078186973365,3.3204803346025407,3.851394076649939,3.6904872832039057,5095,6180,0,880,707,5098.0
1020,1.07,0.0,0.54,5100,5105,20240726RUN02,13.855026197190252,100.48165752880917,3.980879677687571,2.509900725109695,3.245390201398633,2.9972585427316707,5100,6180,0,880,,
1021,0.6,0.03,0.32,5105,5110,20240726RUN02,13.85505770160755,100.48169069011453,3.980879677687571,2.509900725109695,3.245390201398633,3.3987787911348457,5105,6180,0,880,708,5106.0
1022,0.41,0.0,0.2,5110,5115,20240726RUN02,13.85508885403713,100.48172419802168,3.980879677687571,2.509900725109695,3.245390201398633,3.349476179543206,5110,6180,0,880,709,5113.0
1023,0.66,0.05,0.36,5115,5120,20240726RUN02,13.855119651860791,100.48175804743886,3.980879677687571,2.509900725109695,3.245390201398633,3.1758475517796017,5115,6180,0,880,,
1024,1.0,0.0,0.5,5120,5125,20240726RUN02,13.855150038243595,100.4817922840348,4.183213273039392,3.214869582718899,3.6990414278791457,3.55900847428365,5120,6180,0,880,710,5120.0
1025,0.3,0.0,0.15,5125,5130,20240726RUN02,13.855179975671252,100.48182693258401,4.183213273039392,3.214869582718899,3.6990414278791457,3.8498386245402716,5125,6180,0,880,711,5127.0
1026,1.41,0.0,0.7,5130,5135,20240726RUN02,13.85520943031016,100.48186201166503,4.183213273039392,3.214869582718899,3.6990414278791457,3.7733092325496194,5130,6180,0,880,712,5134.0
1027,0.71,0.0,0.36,5135,5140,20240726RUN02,13.855238301360014,100.48189759514612,4.183213273039392,3.214869582718899,3.6990414278791457,3.5213585137168133,5135,6180,0,880,,
1028,1.54,0.0,0.77,5140,5145,20240726RUN02,13.855266486590594,100.4819337498801,3.492870434934335,4.489055066086504,3.9909627505104197,3.639049298058265,5140,6180,0,880,713,5142.0
1029,1.39,0.0,0.7,5145,5150,20240726RUN02,13.855293983326801,100.48197045581159,3.492870434934335,4.489055066086504,3.9909627505104197,3.9899410923773724,5145,6180,0,880,714,5149.0
1030,1.45,0.0,0.72,5150,5155,20240726RUN02,13.855320783130463,100.48200769761651,3.492870434934335,4.489055066086504,3.9909627505104197,4.050888886397428,5150,6180,0,880,,
1031,1.47,0.0,0.74,5155,5160,20240726RUN02,13.85534677601218,100.4820455333999,3.492870434934335,4.489055066086504,3.9909627505104197,4.0130870158172955,5155,6180,0,880,715,5156.0
1032,1.12,0.0,0.56,5160,5165,20240726RUN02,13.855371843514915,100.48208401749447,1.9690097283089776,2.630304124885372,2.2996569265971747,2.4849602325069378,5160,6180,0,880,716,5163.0
1033,0.93,0.0,0.46,5165,5170,20240726RUN02,13.855395910724413,100.48212316447258,1.9690097283089776,2.630304124885372,2.2996569265971747,2.489844217227472,5165,6180,0,880,,
1034,1.33,0.0,0.66,5170,5175,20240726RUN02,13.855418939822455,100.48216296030532,1.9690097283089776,2.630304124885372,2.2996569265971747,2.2455668060310057,5170,6180,0,880,717,5170.0
1035,1.63,0.0,0.82,5175,5180,20240726RUN02,13.855441019479649,100.48220331607382,1.9690097283089776,2.630304124885372,2.2996569265971747,2.134991540153021,5175,6180,0,880,718,5178.0
1036,1.98,0.0,0.99,5180,5185,20240726RUN02,13.855462188251824,100.48224417990592,2.1677939675930764,2.9856464592568805,2.5767202134249785,2.8235522578029357,5180,6180,0,880,,
1037,1.56,0.0,0.78,5185,5190,20240726RUN02,13.85548242828198,100.48228553369825,2.1677939675930764,2.9856464592568805,2.5767202134249785,2.328404357642065,5185,6180,0,880,719,5185.0
1038,1.16,0.0,0.58,5190,5195,20240726RUN02,13.855501688808571,100.48232737450277,2.1677939675930764,2.9856464592568805,2.5767202134249785,2.4895199343657244,5190,6180,0,880,720,5192.0
1039,0.78,0.0,0.39,5195,5200,20240726RUN02,13.85552000403491,100.48236965771682,2.1677939675930764,2.9856464592568805,2.5767202134249785,2.642265332829152,5195,6180,0,880,721,5199.0
1040,0.3,0.0,0.15,5200,5205,20240726RUN02,13.855537411456355,100.48241234084557,1.8145001101908915,2.9640889958798504,2.389294553035371,2.183756385244322,5200,6180,0,880,,
1041,0.69,0.0,0.34,5205,5210,20240726RUN02,13.855553923223216,100.48245539512325,1.8145001101908915,2.9640889958798504,2.389294553035371,2.4890940527461156,5205,6180,0,880,722,5206.0
1042,1.16,0.0,0.58,5210,5215,20240726RUN02,13.855569523440163,100.48249880397805,1.8145001101908915,2.9640889958798504,2.389294553035371,2.358847787952705,5210,6180,0,880,723,5214.0
1043,1.15,0.0,0.57,5215,5220,20240726RUN02,13.855584178165818,100.4825425565325,1.8145001101908915,2.9640889958798504,2.389294553035371,2.567600943518581,5215,6180,0,880,,
1044,1.64,0.0,0.82,5220,5225,20240726RUN02,13.855597839906027,100.48258664445,3.297807760323872,2.9107915846836847,3.104299672503778,3.3044442033109047,5220,6180,0,880,724,5221.0
1045,0.96,0.0,0.48,5225,5230,20240726RUN02,13.855610517780603,100.48263103913472,3.297807760323872,2.9107915846836847,3.104299672503778,2.8393048594979424,5225,6180,0,880,725,5228.0
1046,1.34,0.0,0.67,5230,5235,20240726RUN02,13.855622233205661,100.482675709972,3.297807760323872,2.9107915846836847,3.104299672503778,2.9596168096053646,5230,6180,0,880,,
1047,2.14,0.0,1.07,5235,5240,20240726RUN02,13.855632954350702,100.48272064148155,3.297807760323872,2.9107915846836847,3.104299672503778,3.0214570129407052,5235,6180,0,880,726,5235.0
1048,1.97,0.0,0.98,5240,5245,20240726RUN02,13.855642641455209,100.48276581832263,2.376713383323352,2.627622719277493,2.5021680513004223,2.406329985485021,5240,6180,0,880,727,5243.0
1049,1.86,0.0,0.93,5245,5250,20240726RUN02,13.855651278384558,100.48281121765703,2.376713383323352,2.627622719277493,2.5021680513004223,2.3358876065232272,5245,6180,0,880,,
1050,1.3,0.0,0.65,5250,5255,20240726RUN02,13.855658857639874,100.48285681449829,2.376713383323352,2.627622719277493,2.5021680513004223,2.696028961638324,5250,6180,0,880,728,5250.0
1051,1.23,0.0,0.62,5255,5260,20240726RUN02,13.855665382134369,100.48290258188023,2.376713383323352,2.627622719277493,2.5021680513004223,2.270818331359504,5255,6180,0,880,729,5257.0
1052,1.7,0.0,0.85,5260,5265,20240726RUN02,13.855670878542123,100.4829484904961,2.857343979100735,2.5302754740354265,2.6938097265680807,2.4485015147268823,5260,6180,0,880,730,5264.0
1053,1.78,0.0,0.89,5265,5270,20240726RUN02,13.85567534232243,100.48299451637389,2.857343979100735,2.5302754740354265,2.6938097265680807,2.798905285242468,5265,6180,0,880,,
1054,1.61,0.0,0.8,5270,5275,20240726RUN02,13.855678808963642,100.48304063210657,2.857343979100735,2.5302754740354265,2.6938097265680807,2.7672216639481513,5270,6180,0,880,731,5271.0
1055,1.48,0.0,0.74,5275,5280,20240726RUN02,13.855681277711195,100.48308681518755,2.857343979100735,2.5302754740354265,2.6938097265680807,2.90525626894588,5275,6180,0,880,732,5279.0
1056,1.36,0.0,0.68,5280,5285,20240726RUN02,13.855682733685693,100.48313304316297,2.6665102379510057,3.622619775833028,3.144565006892017,3.288013141854746,5280,6180,0,880,,
1057,1.63,0.0,0.82,5285,5290,20240726RUN02,13.855683136450013,100.48317929333712,2.6665102379510057,3.622619775833028,3.144565006892017,3.0762370913272927,5285,6180,0,880,733,5286.0
1058,1.81,0.0,0.9,5290,5295,20240726RUN02,13.855682543146031,100.48322554150523,2.6665102379510057,3.622619775833028,3.144565006892017,3.215226980725689,5290,6180,0,880,734,5293.0
1059,1.16,0.0,0.58,5295,5300,20240726RUN02,13.855680997286212,100.48327176652768,2.6665102379510057,3.622619775833028,3.144565006892017,2.83721962262196,5295,6180,0,880,,
1060,1.24,0.0,0.62,5300,5305,20240726RUN02,13.855678509205156,100.48331794857624,2.0602682996491324,2.466115307915975,2.263191803782554,2.204723846300593,5300,6180,0,880,735,5300.0
1061,0.88,0.0,0.44,5305,5310,20240726RUN02,13.855675197687615,100.48336407664421,2.0602682996491324,2.466115307915975,2.263191803782554,2.1633185921580598,5305,6180,0,880,736,5307.0
1062,1.25,0.0,0.62,5310,5315,20240726RUN02,13.855671117436135,100.48341014015753,2.0602682996491324,2.466115307915975,2.263191803782554,2.3607561225822216,5310,6180,0,880,,
1063,0.93,0.0,0.46,5315,5320,20240726RUN02,13.855666285940595,100.4834561275264,2.0602682996491324,2.466115307915975,2.263191803782554,2.057709411786018,5315,6180,0,880,737,5315.0
1064,0.46,0.0,0.23,5320,5325,20240726RUN02,13.855660716275983,100.48350202738212,2.3507729781192017,2.664065619405924,2.5074192987625628,2.427645743346871,5320,6180,0,880,738,5322.0
1065,0.16,0.0,0.08,5325,5330,20240726RUN02,13.855654415132715,100.4835478280446,2.3507729781192017,2.664065619405924,2.5074192987625628,2.260118621659025,5325,6180,0,880,739,5329.0
1066,0.66,0.0,0.33,5330,5335,20240726RUN02,13.855647435612024,100.48359352560553,2.3507729781192017,2.664065619405924,2.5074192987625628,2.44719935975439,5330,6180,0,880,,
1067,0.44,0.0,0.22,5335,5340,20240726RUN02,13.855639816012483,100.48363911604518,2.3507729781192017,2.664065619405924,2.5074192987625628,2.693082113398139,5335,6180,0,880,740,5336.0
1068,1.36,0.0,0.68,5340,5345,20240726RUN02,13.85563158686227,100.48368459536562,2.954715985912438,3.8801589379525,3.417437461932469,3.422161664745522,5340,6180,0,880,741,5344.0
1069,0.36,0.0,0.18,5345,5350,20240726RUN02,13.855622791561032,100.48372996361371,2.954715985912438,3.8801589379525,3.417437461932469,3.4559478295785726,5345,6180,0,880,,
1070,0.1,0.0,0.05,5350,5355,20240726RUN02,13.855613520152598,100.4837752325988,2.954715985912438,3.8801589379525,3.417437461932469,3.6379680335858997,5350,6180,0,880,742,5351.0
1071,0.04,0.0,0.02,5355,5360,20240726RUN02,13.855603898340968,100.4838204249332,2.954715985912438,3.8801589379525,3.417437461932469,3.410962791738484,5355,6180,0,880,743,5358.0
1072,0.84,0.0,0.42,5360,5365,20240726RUN02,13.855593997863718,100.48386555423347,2.9339933476821667,2.613184364314258,2.773588855998212,2.804178127497158,5360,6180,0,880,,
1073,2.63,0.0,1.32,5365,5370,20240726RUN02,13.855583821622407,100.48391061918063,2.9339933476821667,2.613184364314258,2.773588855998212,2.79741946945568,5365,6180,0,880,744,5365.0
1074,2.34,0.0,1.17,5370,5375,20240726RUN02,13.855573382376733,100.48395562118,2.9339933476821667,2.613184364314258,2.773588855998212,2.565815361640239,5370,6180,0,880,745,5372.0
1075,2.21,0.0,1.1,5375,5380,20240726RUN02,13.8555627092827,100.4840005656787,2.9339933476821667,2.613184364314258,2.773588855998212,2.7598669516010954,5375,6180,0,880,,
1076,1.95,0.0,0.98,5380,5385,20240726RUN02,13.855551789344105,100.48404544794968,3.39378076934425,3.315750469956141,3.3547656196501956,3.086080549773724,5380,6180,0,880,746,5380.0
1077,1.93,0.0,0.96,5385,5390,20240726RUN02,13.855540592818889,100.4840902588432,3.39378076934425,3.315750469956141,3.3547656196501956,3.527525166178524,5385,6180,0,880,747,5387.0
1078,2.83,0.0,1.42,5390,5395,20240726RUN02,13.855529155634231,100.48413500608768,3.39378076934425,3.315750469956141,3.3547656196501956,3.3302449355154833,5390,6180,0,880,748,5394.0
1079,2.51,0.0,1.25,5395,5400,20240726RUN02,13.855517569797394,100.4841797134401,3.39378076934425,3.315750469956141,3.3547656196501956,3.24193697154155,5395,6180,0,880,,
1080,1.89,0.0,0.94,5400,5405,20240726RUN02,13.855505854660827,100.48422438554582,2.8387302978279934,3.25150174074584,3.0451160192869167,3.0721242558663384,5400,6180,0,880,749,5401.0
1081,1.89,0.0,0.94,5405,5410,20240726RUN02,13.855494006619486,100.48426902096126,2.8387302978279934,3.25150174074584,3.0451160192869167,2.8189686513341243,5405,6180,0,880,750,5408.0
1082,2.16,0.0,1.08,5410,5415,20240726RUN02,13.855482087043379,100.484313636365,2.8387302978279934,3.25150174074584,3.0451160192869167,3.251151540375351,5410,6180,0,880,,
1083,2.14,0.0,1.07,5415,5420,20240726RUN02,13.855470118339678,100.4843582379921,2.8387302978279934,3.25150174074584,3.0451160192869167,2.92281427296981,5415,6180,0,880,751,5416.0
1084,1.87,0.0,0.94,5420,5425,20240726RUN02,13.855458032627789,100.48440280647647,3.2292424999044127,3.648036948456266,3.438639724180339,3.3854579115299335,5420,6180,0,880,752,5423.0
1085,1.87,0.1,0.99,5425,5430,20240726RUN02,13.855445790687888,100.48444733035325,3.2292424999044127,3.648036948456266,3.438639724180339,3.729825267077641,5425,6180,0,880,,
1086,1.74,0.1,0.92,5430,5435,20240726RUN02,13.85543344151004,100.48449182322464,3.2292424999044127,3.648036948456266,3.438639724180339,3.3220956720122805,5430,6180,0,880,753,5430.0
1087,1.91,0.0,0.96,5435,5440,20240726RUN02,13.855421025926226,100.48453629670658,3.2292424999044127,3.648036948456266,3.438639724180339,3.4905533232654418,5435,6180,0,880,754,5437.0
1088,1.94,0.01,0.98,5440,5445,20240726RUN02,13.855408547583778,100.48458075176772,3.237309923199588,3.242529863755387,3.2399198934774875,3.2166292218925205,5440,6180,0,880,755,5444.0
1089,1.66,0.0,0.83,5445,5450,20240726RUN02,13.855396047772047,100.48462520048236,3.237309923199588,3.242529863755387,3.2399198934774875,3.4876035997810058,5445,6180,0,880,,
1090,1.62,0.02,0.82,5450,5455,20240726RUN02,13.855383503564093,100.48466963610434,3.237309923199588,3.242529863755387,3.2399198934774875,3.12516067244614,5450,6180,0,880,756,5452.0
1091,2.66,0.0,1.33,5455,5460,20240726RUN02,13.855370895762201,100.48471405286931,3.237309923199588,3.242529863755387,3.2399198934774875,3.045920222915077,5455,6180,0,880,757,5459.0
1092,1.51,0.0,0.76,5460,5465,20240726RUN02,13.855358286718916,100.48475846927728,2.515677575905898,2.24499454844676,2.3803360621763288,2.148518012684303,5460,6180,0,880,,
1093,1.26,0.0,0.63,5465,5470,20240726RUN02,13.855345696043027,100.4848028911235,2.515677575905898,2.24499454844676,2.3803360621763288,2.2264440211073615,5465,6180,0,880,758,5466.0
1094,1.44,0.0,0.72,5470,5475,20240726RUN02,13.855333094693824,100.48484730978312,2.515677575905898,2.24499454844676,2.3803360621763288,2.407617938342424,5470,6180,0,880,759,5473.0
1095,1.52,0.0,0.76,5475,5480,20240726RUN02,13.855320446619302,100.48489171444564,2.515677575905898,2.24499454844676,2.3803360621763288,2.4730145533027517,5475,6180,0,880,,
1096,1.65,0.05,0.85,5480,5485,20240726RUN02,13.855307734341737,100.48493609997955,2.5545328043862083,2.5205419752797398,2.5375373898329743,2.6205338234433264,5480,6180,0,880,760,5481.0
1097,1.5,0.0,0.75,5485,5490,20240726RUN02,13.855295001799362,100.48498047941034,2.5545328043862083,2.5205419752797398,2.5375373898329743,2.5763193972540233,5485,6180,0,880,761,5488.0
1098,2.04,0.0,1.02,5490,5495,20240726RUN02,13.855282279232984,100.48502486184175,2.5545328043862083,2.5205419752797398,2.5375373898329743,2.5377586901098823,5490,6180,0,880,,
1099,1.89,0.0,0.94,5495,5500,20240726RUN02,13.855269542988673,100.48506924011198,2.5545328043862083,2.5205419752797398,2.5375373898329743,2.2941915900908754,5495,6180,0,880,762,5495.0
1100,1.67,0.0,0.84,5500,5505,20240726RUN02,13.855256769862084,100.48511360728672,2.29369813612153,2.506793980074709,2.4002460580981193,2.5855007370562797,5500,6180,0,880,763,5502.0
1101,1.52,0.0,0.76,5505,5510,20240726RUN02,13.855243969119492,100.48515796610032,2.29369813612153,2.506793980074709,2.4002460580981193,2.523094228136273,5505,6180,0,880,764,5509.0
1102,1.8,0.05,0.92,5510,5515,20240726RUN02,13.855231150792834,100.48520231959692,2.29369813612153,2.506793980074709,2.4002460580981193,2.3311396870211287,5510,6180,0,880,,
1103,1.97,0.01,0.99,5515,5520,20240726RUN02,13.855218309398248,100.48524666610986,2.29369813612153,2.506793980074709,2.4002460580981193,2.2005533196109144,5515,6180,0,880,765,5517.0
1104,1.59,0.04,0.82,5520,5525,20240726RUN02,13.855205450470855,100.48529100728315,3.218383781618585,3.60096847512956,3.4096761283740724,3.696390957995862,5520,6180,0,880,766,5524.0
1105,2.03,0.02,1.02,5525,5530,20240726RUN02,13.855192589177546,100.48533534778161,3.218383781618585,3.60096847512956,3.4096761283740724,3.229785446637179,5525,6180,0,880,,
1106,1.26,0.0,0.63,5530,5535,20240726RUN02,13.855179743024655,100.48537969286377,3.218383781618585,3.60096847512956,3.4096761283740724,3.4448571543419306,5530,6180,0,880,767,5531.0
1107,2.01,0.0,1.0,5535,5540,20240726RUN02,13.855166876779702,100.48542403173862,3.218383781618585,3.60096847512956,3.4096761283740724,3.463409687636441,5535,6180,0,880,768,5538.0
1108,1.68,0.03,0.86,5540,5545,20240726RUN02,13.855153990078088,100.48546836449556,2.115400435300813,3.112208880390586,2.6138046578456997,2.7605629010390293,5540,6180,0,880,,
1109,1.96,0.0,0.98,5545,5550,20240726RUN02,13.855141082134526,100.4855126906885,2.115400435300813,3.112208880390586,2.6138046578456997,2.5956150746920734,5545,6180,0,880,769,5545.0
1110,2.08,0.0,1.04,5550,5555,20240726RUN02,13.8551281469437,100.48555700860565,2.115400435300813,3.112208880390586,2.6138046578456997,2.745906659696466,5550,6180,0,880,770,5553.0
1111,1.78,0.0,0.89,5555,5560,20240726RUN02,13.855115210991823,100.485601326306,2.115400435300813,3.112208880390586,2.6138046578456997,2.368632960848975,5555,6180,0,880,,
1112,1.5,0.0,0.75,5560,5565,20240726RUN02,13.85510226567113,100.48564564105361,2.681973636701096,4.352457859813205,3.5172157482571507,3.3146584048537733,5560,6180,0,880,771,5560.0
1113,0.8,0.0,0.4,5565,5570,20240726RUN02,13.855089337857617,100.48568996117612,2.681973636701096,4.352457859813205,3.5172157482571507,3.4182583032842024,5565,6180,0,880,772,5567.0
1114,0.43,0.0,0.22,5570,5575,20240726RUN02,13.855076431048621,100.48573428774888,2.681973636701096,4.352457859813205,3.5172157482571507,3.6842575888711826,5570,6180,0,880,773,5574.0
1115,1.36,0.0,0.68,5575,5580,20240726RUN02,13.855063520565327,100.48577861313359,2.681973636701096,4.352457859813205,3.5172157482571507,3.5912891816140573,5575,6180,0,880,,
1116,1.0,0.0,0.5,5580,5585,20240726RUN02,13.855050649811124,100.48582295064233,2.333025562096009,2.781648746659627,2.557337154377818,2.605900624821389,5580,6180,0,880,774,5581.0
1117,0.42,0.0,0.21,5585,5590,20240726RUN02,13.855037839136521,100.48586730641928,2.333025562096009,2.781648746659627,2.557337154377818,2.540199187614614,5585,6180,0,880,775,5589.0
1118,1.05,0.0,0.52,5590,5595,20240726RUN02,13.855025051036586,100.48591166893115,2.333025562096009,2.781648746659627,2.557337154377818,2.8029682812367,5590,6180,0,880,,
1119,0.78,0.0,0.39,5595,5600,20240726RUN02,13.855012318070324,100.48595604805242,2.333025562096009,2.781648746659627,2.557337154377818,2.365911313651358,5595,6180,0,880,776,5596.0
1120,1.36,0.01,0.68,5600,5605,20240726RUN02,13.854999632727662,100.48600044147314,2.423237803131273,2.594778132331768,2.5090079677315202,2.51624852460831,5600,6180,0,880,777,5603.0
1121,1.22,0.01,0.62,5605,5610,20240726RUN02,13.854986932330291,100.48604483038365,2.423237803131273,2.594778132331768,2.5090079677315202,2.569694606505143,5605,6180,0,880,,
1122,1.34,0.03,0.68,5610,5615,20240726RUN02,13.85497418237698,100.48608920448453,2.423237803131273,2.594778132331768,2.5090079677315202,2.4078852767703514,5610,6180,0,880,778,5610.0
1123,1.35,0.0,0.68,5615,5620,20240726RUN02,13.854961388619223,100.48613356539552,2.423237803131273,2.594778132331768,2.5090079677315202,2.6451235816313154,5615,6180,0,880,779,5618.0
1124,1.33,0.0,0.66,5620,5625,20240726RUN02,13.854948628927671,100.48617793659594,1.9608386886806817,1.9297062924727584,1.94527249057672,1.9703273022234642,5620,6180,0,880,,
1125,1.42,0.0,0.71,5625,5630,20240726RUN02,13.854935933213648,100.4862223269804,1.9608386886806817,1.9297062924727584,1.94527249057672,1.9562074011137403,5625,6180,0,880,780,5625.0
1126,1.41,0.0,0.7,5630,5635,20240726RUN02,13.85492322715513,100.48626671429301,1.9608386886806817,1.9297062924727584,1.94527249057672,1.976370936947413,5630,6180,0,880,781,5632.0
1127,1.63,0.0,0.82,5635,5640,20240726RUN02,13.854910536169568,100.48631110608362,1.9608386886806817,1.9297062924727584,1.94527249057672,1.8031512469309314,5635,6180,0,880,782,5639.0
1128,1.36,0.0,0.68,5640,5645,20240726RUN02,13.85489790283224,100.48635551508868,3.8567322251119007,4.102454431663869,3.979593328387885,3.9378005669744263,5640,6180,0,880,,
1129,1.4,0.0,0.7,5645,5650,20240726RUN02,13.85488532503023,100.48639994060663,3.8567322251119007,4.102454431663869,3.979593328387885,3.810475471854961,5645,6180,0,880,783,5646.0
1130,1.6,0.0,0.8,5650,5655,20240726RUN02,13.854872806260424,100.48644438357319,3.8567322251119007,4.102454431663869,3.979593328387885,3.882870769010969,5650,6180,0,880,784,5654.0
1131,2.57,0.03,1.3,5655,5660,20240726RUN02,13.854860359249248,100.48648884764353,3.8567322251119007,4.102454431663869,3.979593328387885,4.30329906547497,5655,6180,0,880,,
1132,2.74,0.0,1.37,5660,5665,20240726RUN02,13.854848016769282,100.48653334219613,3.30087047257638,2.9732344575630787,3.137052465069729,3.157277467654104,5660,6180,0,880,785,5661.0
1133,2.38,0.0,1.19,5665,5670,20240726RUN02,13.85483582033302,100.48657787891777,3.30087047257638,2.9732344575630787,3.137052465069729,3.16415808648499,5665,6180,0,880,786,5668.0
1134,2.66,0.0,1.33,5670,5675,20240726RUN02,13.854823789485494,100.4866224627753,3.30087047257638,2.9732344575630787,3.137052465069729,3.0675619448361626,5670,6180,0,880,,
1135,1.75,0.0,0.88,5675,5680,20240726RUN02,13.85481196244035,100.48666710369395,3.30087047257638,2.9732344575630787,3.137052465069729,2.970943882526207,5675,6180,0,880,787,5675.0
1136,2.23,0.0,1.12,5680,5685,20240726RUN02,13.854800319285424,100.48671179518999,3.176583872123781,3.0867448209743023,3.1316643465490417,3.0645669839550456,5680,6180,0,880,788,5682.0
1137,1.37,0.0,0.68,5685,5690,20240726RUN02,13.854788864162233,100.4867565375399,3.176583872123781,3.0867448209743023,3.1316643465490417,3.1526453735626223,5685,6180,0,880,,
1138,2.24,0.0,1.12,5690,5695,20240726RUN02,13.854777643545185,100.48680134205287,3.176583872123781,3.0867448209743023,3.1316643465490417,3.278589351582453,5690,6180,0,880,789,5690.0
1139,1.88,0.0,0.94,5695,5700,20240726RUN02,13.854766675394101,100.48684621199143,3.176583872123781,3.0867448209743023,3.1316643465490417,2.925236640915886,5695,6180,0,880,790,5697.0
1140,2.25,0.0,1.12,5700,5705,20240726RUN02,13.854756006260176,100.48689115737763,5.115047081911608,3.554157998145105,4.3346025400283565,4.049906268997745,5700,6180,0,880,791,5704.0
1141,2.38,0.0,1.19,5705,5710,20240726RUN02,13.854745693075435,100.48693618968173,5.115047081911608,3.554157998145105,4.3346025400283565,4.226103093252635,5705,6180,0,880,,
1142,2.06,0.0,1.03,5710,5715,20240726RUN02,13.854735705318832,100.48698129874981,5.115047081911608,3.554157998145105,4.3346025400283565,4.767049028861252,5710,6180,0,880,792,5711.0
1143,1.91,0.0,0.96,5715,5720,20240726RUN02,13.854725994880278,100.48702647119944,5.115047081911608,3.554157998145105,4.3346025400283565,4.1543230350100915,5715,6180,0,880,793,5718.0
1144,1.84,0.0,0.92,5720,5725,20240726RUN02,13.854716633873714,100.48707172075258,3.707281535507943,2.937708845339226,3.3224951904235844,3.517890843542796,5720,6180,0,880,,
1145,1.82,0.0,0.91,5725,5730,20240726RUN02,13.85470777344826,100.48711707557688,3.707281535507943,2.937708845339226,3.3224951904235844,3.2717813322359506,5725,6180,0,880,794,5726.0
1146,1.08,0.0,0.54,5730,5735,20240726RUN02,13.854699515030655,100.4871625492212,3.707281535507943,2.937708845339226,3.3224951904235844,3.2615284071831163,5730,6180,0,880,795,5733.0
1147,0.94,0.0,0.47,5735,5740,20240726RUN02,13.854691878838633,100.48720813657071,3.707281535507943,2.937708845339226,3.3224951904235844,3.1762880066262484,5735,6180,0,880,,
1148,0.99,0.0,0.5,5740,5745,20240726RUN02,13.854684965307271,100.48725384430817,2.7626561637947478,2.6406354474309053,2.7016458056128263,2.549474180828917,5740,6180,0,880,796,5740.0
1149,0.87,0.0,0.44,5745,5750,20240726RUN02,13.854679012320357,100.48729969298691,2.7626561637947478,2.6406354474309053,2.7016458056128263,2.631872853559649,5745,6180,0,880,797,5747.0
1150,1.38,0.0,0.69,5750,5755,20240726RUN02,13.854674230403992,100.48734568474053,2.7626561637947478,2.6406354474309053,2.7016458056128263,2.8610859535458957,5750,6180,0,880,,
1151,1.6,0.04,0.82,5755,5760,20240726RUN02,13.854670686243171,100.48739179356139,2.7626561637947478,2.6406354474309053,2.7016458056128263,2.9652368414285686,5755,6180,0,880,798,5755.0
1152,2.27,0.01,1.14,5760,5765,20240726RUN02,13.854668417777038,100.48743798647554,4.035228409388925,4.324022019916407,4.179625214652665,4.35840508897724,5760,6180,0,880,799,5762.0
1153,1.45,0.38,0.92,5765,5770,20240726RUN02,13.854667432029702,100.48748422666279,4.035228409388925,4.324022019916407,4.179625214652665,4.467293527475718,5765,6180,0,880,800,5769.0
1154,2.84,0.71,1.78,5770,5775,20240726RUN02,13.854667712654775,100.48753047690987,4.035228409388925,4.324022019916407,4.179625214652665,4.272339435144877,5770,6180,0,880,,
1155,1.98,0.02,1.0,5775,5780,20240726RUN02,13.85466937132977,100.48757669667886,4.035228409388925,4.324022019916407,4.179625214652665,3.9052169143762545,5775,6180,0,880,801,5776.0
1156,1.2,0.08,0.64,5780,5785,20240726RUN02,13.8546724040622,100.48762284364767,3.517194646596507,2.951987745367377,3.234591195981942,3.436616652987988,5780,6180,0,880,802,5783.0
1157,1.56,0.12,0.84,5785,5790,20240726RUN02,13.854676604113035,100.48766889512109,3.517194646596507,2.951987745367377,3.234591195981942,2.9288776821778373,5785,6180,0,880,,
1158,1.52,0.11,0.82,5790,5795,20240726RUN02,13.854681782048743,100.48771484236258,3.517194646596507,2.951987745367377,3.234591195981942,3.384103934602554,5790,6180,0,880,803,5791.0
1159,1.48,0.23,0.86,5795,5800,20240726RUN02,13.85468790699844,100.48776066753886,3.517194646596507,2.951987745367377,3.234591195981942,2.940247164763206,5795,6180,0,880,804,5798.0
1160,0.75,0.33,0.54,5800,5805,20240726RUN02,13.854694958587341,100.48780635310501,2.581174988490112,3.1808441993311725,2.881009593910642,2.675914057090598,5800,6180,0,880,,
1161,0.6,0.23,0.42,5805,5810,20240726RUN02,13.854702901586856,100.4878518849148,2.581174988490112,3.1808441993311725,2.881009593910642,2.9804729334839286,5805,6180,0,880,805,5805.0
1162,0.4,0.18,0.29,5810,5815,20240726RUN02,13.854712136190823,100.48789715925963,2.581174988490112,3.1808441993311725,2.881009593910642,2.832193034220889,5810,6180,0,880,806,5812.0
1163,1.46,0.97,1.21,5815,5820,20240726RUN02,13.85472303787941,100.48794204331143,2.581174988490112,3.1808441993311725,2.881009593910642,2.8358404351820954,5815,6180,0,880,807,5819.0
1164,1.54,0.83,1.18,5820,5825,20240726RUN02,13.854735264382523,100.48798657000494,1.9339742419266197,2.6190647901558,2.27651951604121,2.3604155901348554,5820,6180,0,880,,
1165,1.16,0.91,1.03,5825,5830,20240726RUN02,13.854748487452849,100.4880307978139,1.9339742419266197,2.6190647901558,2.27651951604121,2.1206659564898893,5825,6180,0,880,808,5827.0
1166,0.82,0.61,0.72,5830,5835,20240726RUN02,13.854762468469449,100.4880747812326,1.9339742419266197,2.6190647901558,2.27651951604121,2.0775561906744984,5830,6180,0,880,809,5834.0
1167,2.3,0.56,1.43,5835,5840,20240726RUN02,13.854777037353891,100.48811856442101,1.9339742419266197,2.6190647901558,2.27651951604121,2.357881303682706,5835,6180,0,880,,
1168,2.2,0.56,1.38,5840,5845,20240726RUN02,13.854792130444753,100.48816216130963,2.7315601572568027,2.9830431358352643,2.8573016465460332,2.9198817119831046,5840,6180,0,880,810,5841.0
1169,1.58,0.61,1.1,5845,5850,20240726RUN02,13.854807689465035,100.48820558635796,2.7315601572568027,2.9830431358352643,2.8573016465460332,2.71964433991857,5845,6180,0,880,811,5848.0
1170,1.53,0.61,1.07,5850,5855,20240726RUN02,13.85482365764711,100.48824885556846,2.7315601572568027,2.9830431358352643,2.8573016465460332,2.9935469644676833,5850,6180,0,880,,
1171,0.94,1.09,1.02,5855,5860,20240726RUN02,13.85483997855154,100.48829198673802,2.7315601572568027,2.9830431358352643,2.8573016465460332,2.951264107988859,5855,6180,0,880,812,5855.0
1172,0.98,0.95,0.96,5860,5865,20240726RUN02,13.854856616665144,100.48833499078728,2.2952659017755908,2.139716942738328,2.217491422256959,2.0846193636446664,5860,6180,0,880,813,5863.0
1173,1.03,0.16,0.6,5865,5870,20240726RUN02,13.854873587036307,100.48837785862318,2.2952659017755908,2.139716942738328,2.217491422256959,2.3766544391073996,5865,6180,0,880,,
1174,0.64,0.3,0.47,5870,5875,20240726RUN02,13.854890960886253,100.48842055666033,2.2952659017755908,2.139716942738328,2.217491422256959,2.033670585104641,5870,6180,0,880,814,5870.0
1175,0.7,0.69,0.7,5875,5880,20240726RUN02,13.854908852787865,100.48846302995298,2.2952659017755908,2.139716942738328,2.217491422256959,2.36107813945189,5875,6180,0,880,815,5877.0
1176,0.48,0.58,0.53,5880,5885,20240726RUN02,13.854927300518087,100.48850525348077,2.1535060091459792,3.1010306901517817,2.6272683496488805,2.6939345639733157,5880,6180,0,880,816,5884.0
1177,0.47,0.4,0.44,5885,5890,20240726RUN02,13.854946306270438,100.48854721683496,2.1535060091459792,3.1010306901517817,2.6272683496488805,2.6444006839895615,5885,6180,0,880,,
1178,0.78,0.89,0.84,5890,5895,20240726RUN02,13.85496591230388,100.48858888987218,2.1535060091459792,3.1010306901517817,2.6272683496488805,2.5114431200364273,5890,6180,0,880,817,5892.0
1179,1.3,0.16,0.73,5895,5900,20240726RUN02,13.854986172557002,100.48863023377848,2.1535060091459792,3.1010306901517817,2.6272683496488805,2.728268230546471,5895,6180,0,880,818,5899.0
1180,4.58,0.2,2.39,5900,5905,20240726RUN02,13.855007063367221,100.4886712476486,9.132801853258645,9.251330359689792,9.192066106474218,9.510475285373643,5900,6180,0,880,,
1181,7.38,0.37,3.88,5905,5910,20240726RUN02,13.855028559236404,100.48871193278589,9.132801853258645,9.251330359689792,9.192066106474218,9.232765781914686,5905,6180,0,880,819,5906.0
1182,3.6,0.08,1.84,5910,5915,20240726RUN02,13.855051629168809,100.48875168987523,9.132801853258645,9.251330359689792,9.192066106474218,9.373154094973032,5910,6180,0,880,820,5913.0
1183,1.79,0.0,0.9,5915,5920,20240726RUN02,13.855078739851466,100.48878865414902,9.132801853258645,9.251330359689792,9.192066106474218,8.503926438930035,5915,6180,0,880,,
1184,0.74,0.0,0.37,5920,5925,20240726RUN02,13.855110080685895,100.488821950562,3.6580642616961145,4.528853230984193,4.093458746340154,4.237668398775799,5920,6180,0,880,821,5920.0
1185,0.81,0.0,0.4,5925,5930,20240726RUN02,13.855143409710529,100.4888531825544,3.6580642616961145,4.528853230984193,4.093458746340154,3.8492419364848174,5925,6180,0,880,822,5928.0
1186,0.99,0.0,0.5,5930,5935,20240726RUN02,13.855177463572518,100.48888358799358,3.6580642616961145,4.528853230984193,4.093458746340154,4.46082679456524,5930,6180,0,880,,
1187,0.93,0.0,0.46,5935,5940,20240726RUN02,13.855211760454864,100.4889137064388,3.6580642616961145,4.528853230984193,4.093458746340154,3.8487248636057956,5935,6180,0,880,823,5935.0
1188,0.83,0.0,0.42,5940,5945,20240726RUN02,13.855246089322993,100.48894378681317,4.121278931907206,4.307183332957204,4.2142311324322055,4.231608231715073,5940,6180,0,880,824,5942.0
1189,0.95,0.0,0.48,5945,5950,20240726RUN02,13.855280355817206,100.48897394142828,4.121278931907206,4.307183332957204,4.2142311324322055,4.047962452662693,5945,6180,0,880,825,5949.0
1190,1.16,0.0,0.58,5950,5955,20240726RUN02,13.85531452521223,100.48900421117992,4.121278931907206,4.307183332957204,4.2142311324322055,4.4015014758532915,5950,6180,0,880,,
1191,1.27,0.0,0.64,5955,5960,20240726RUN02,13.855348600889931,100.48903459132383,4.121278931907206,4.307183332957204,4.2142311324322055,3.9435402377296724,5955,6180,0,880,826,5956.0
1192,0.59,0.0,0.3,5960,5965,20240726RUN02,13.85538260724113,100.48906505271798,3.777690780806272,4.548822862369503,4.163256821587888,4.20338650690712,5960,6180,0,880,827,5964.0
1193,0.96,0.0,0.48,5965,5970,20240726RUN02,13.855416548781793,100.48909558974276,3.777690780806272,4.548822862369503,4.163256821587888,4.507857229252051,5965,6180,0,880,,
1194,1.79,0.0,0.9,5970,5975,20240726RUN02,13.85545039176555,100.4891262410225,3.777690780806272,4.548822862369503,4.163256821587888,3.9801196117293656,5970,6180,0,880,828,5971.0
1195,1.29,0.0,0.64,5975,5980,20240726RUN02,13.855484063741038,100.4891570887177,3.777690780806272,4.548822862369503,4.163256821587888,4.2553090475833475,5975,6180,0,880,829,5978.0
1196,1.24,0.0,0.62,5980,5985,20240726RUN02,13.855517387430028,100.48918832971691,4.517314768024077,4.75568611366411,4.6365004408440935,4.8810051215188555,5980,6180,0,880,,
1197,2.1,0.0,1.05,5985,5990,20240726RUN02,13.855550175603117,100.4892201582548,4.517314768024077,4.75568611366411,4.6365004408440935,4.327471886915497,5985,6180,0,880,830,5985.0
1198,0.74,0.0,0.37,5990,5995,20240726RUN02,13.855582334909942,100.48925265172953,4.517314768024077,4.75568611366411,4.6365004408440935,4.611040729916546,5990,6180,0,880,831,5993.0
1199,1.31,0.0,0.66,5995,6000,20240726RUN02,13.855613798493915,100.48928585093259,4.517314768024077,4.75568611366411,4.6365004408440935,4.753615451814773,5995,6180,0,880,,
1200,1.03,0.05,0.54,6000,6005,20240726RUN02,13.855644538001004,100.48931975315013,2.6328940011740665,2.591406273283977,2.6121501372290217,2.4031800786923645,6000,6180,0,880,832,6000.0
1201,1.02,0.0,0.51,6005,6010,20240726RUN02,13.855674583903356,100.48935430084629,2.6328940011740665,2.591406273283977,2.6121501372290217,2.8537503091864034,6005,6180,0,880,833,6007.0
1202,0.55,0.0,0.28,6010,6015,20240726RUN02,13.85570400679943,100.48938940552362,2.6328940011740665,2.591406273283977,2.6121501372290217,2.3895991451347576,6010,6180,0,880,834,6014.0
1203,0.86,0.0,0.43,6015,6020,20240726RUN02,13.855732849934201,100.48942501061701,2.6328940011740665,2.591406273283977,2.6121501372290217,2.6471345750519752,6015,6180,0,880,,
1204,0.66,0.0,0.33,6020,6025,20240726RUN02,13.855761088797989,100.48946111955371,6.4985743281015385,7.559343106447097,7.0289587172743175,6.548466907299946,6020,6180,0,880,835,6021.0
1205,1.08,0.0,0.54,6025,6030,20240726RUN02,13.855788701630235,100.48949773220782,6.4985743281015385,7.559343106447097,7.0289587172743175,6.930054426872455,6025,6180,0,880,836,6029.0
1206,0.1,0.0,0.05,6030,6035,20240726RUN02,13.85581562970267,100.48953487495592,6.4985743281015385,7.559343106447097,7.0289587172743175,7.0736453150549945,6030,6180,0,880,,
1207,1.21,0.0,0.6,6035,6040,20240726RUN02,13.855841763728229,100.48957260752115,6.4985743281015385,7.559343106447097,7.0289587172743175,7.464163085900914,6035,6180,0,880,837,6036.0
1208,1.1,0.0,0.55,6040,6045,20240726RUN02,13.855867052502168,100.48961093809905,7.530536165895555,6.866144508551196,7.198340337223375,7.632718257838206,6040,6180,0,880,838,6043.0
1209,0.62,0.0,0.31,6045,6050,20240726RUN02,13.855891403470833,100.48964989993968,7.530536165895555,6.866144508551196,7.198340337223375,6.835141553837986,6045,6180,0,880,,
1210,1.43,0.0,0.72,6050,6055,20240726RUN02,13.855914785699124,100.48968947902227,7.530536165895555,6.866144508551196,7.198340337223375,7.25706280459626,6050,6180,0,880,839,6050.0
1211,1.7,0.0,0.85,6055,6060,20240726RUN02,13.855937302752508,100.48972958095278,7.530536165895555,6.866144508551196,7.198340337223375,6.818895710721214,6055,6180,0,880,840,6057.0
1212,1.6,0.0,0.8,6060,6065,20240726RUN02,13.855959023482477,100.48977014037662,5.569863887448333,4.514422438922304,5.042143163185319,4.692733865962191,6060,6180,0,880,,
1213,2.43,0.0,1.22,6065,6070,20240726RUN02,13.85597990310115,100.48981115981624,5.569863887448333,4.514422438922304,5.042143163185319,4.9832545076025685,6065,6180,0,880,841,6065.0
1214,2.1,0.0,1.05,6070,6075,20240726RUN02,13.855999851095534,100.48985266164745,5.569863887448333,4.514422438922304,5.042143163185319,5.414056807481538,6070,6180,0,880,842,6072.0
1215,1.76,0.0,0.88,6075,6080,20240726RUN02,13.856018815837631,100.48989464347004,5.569863887448333,4.514422438922304,5.042143163185319,5.070419622389032,6075,6180,0,880,843,6079.0
1216,1.05,0.0,0.52,6080,6085,20240726RUN02,13.856036772596463,100.48993708718399,6.403875896620429,5.234916041203264,5.819395968911847,6.191832868706447,6080,6180,0,880,,
1217,1.88,0.0,0.94,6085,6090,20240726RUN02,13.856053757538186,100.4899799481655,6.403875896620429,5.234916041203264,5.819395968911847,5.244675647415003,6085,6180,0,880,844,6086.0
1218,2.86,0.2,1.53,6090,6095,20240726RUN02,13.85606981109381,100.49002318331709,6.403875896620429,5.234916041203264,5.819395968911847,5.870157095168692,6090,6180,0,880,845,6093.0
1219,2.59,0.03,1.31,6095,6100,20240726RUN02,13.85608481947673,100.490066810208,6.403875896620429,5.234916041203264,5.819395968911847,6.061168862095808,6095,6180,0,880,,
1220,1.66,0.0,0.83,6100,6105,20240726RUN02,13.856098793069394,100.49011079542335,6.735490780935555,6.6207864706745,6.678138625805028,6.738569683065364,6100,6180,0,880,846,6101.0
1221,4.63,0.5,2.56,6105,6110,20240726RUN02,13.856111531430777,100.49015517099208,6.735490780935555,6.6207864706745,6.678138625805028,7.334367149492705,6105,6180,0,880,847,6108.0
1222,5.56,0.0,2.78,6110,6115,20240726RUN02,13.856123014277749,100.49019990473715,6.735490780935555,6.6207864706745,6.678138625805028,6.335592355663702,6110,6180,0,880,,
1223,4.52,0.0,2.26,6115,6120,20240726RUN02,13.856133616803673,100.49024486673551,6.735490780935555,6.6207864706745,6.678138625805028,6.184030225568675,6115,6180,0,880,848,6115.0
1224,4.69,0.11,2.4,6120,6125,20240726RUN02,13.856143672396431,100.49028996004124,4.782250531411579,5.930026597824543,5.356138564618061,4.942161978870131,6120,6180,0,880,849,6122.0
1225,2.53,0.31,1.42,6125,6130,20240726RUN02,13.85615315975289,100.49033518221313,4.782250531411579,5.930026597824543,5.356138564618061,5.52454809005568,6125,6180,0,880,,
1226,2.55,0.11,1.33,6130,6135,20240726RUN02,13.85616210068453,100.49038052072154,4.782250531411579,5.930026597824543,5.356138564618061,5.514314204964315,6130,6180,0,880,850,6130.0
1227,2.28,0.89,1.58,6135,6140,20240726RUN02,13.856170369721864,100.49042599265428,4.782250531411579,5.930026597824543,5.356138564618061,5.422666093327886,6135,6180,0,880,851,6137.0
1228,4.39,0.49,2.44,6140,6145,20240726RUN02,13.856178036612794,100.49047157503969,4.7434123091913545,7.756644936344405,6.25002862276788,6.671092929564026,6140,6180,0,880,852,6144.0
1229,7.26,0.16,3.71,6145,6150,20240726RUN02,13.85618527216303,100.49051723138264,4.7434123091913545,7.756644936344405,6.25002862276788,5.794842543372384,6145,6180,0,880,,
1230,6.98,0.59,3.78,6150,6155,20240726RUN02,13.856192049565433,100.49056296119194,4.7434123091913545,7.756644936344405,6.25002862276788,5.976582041970617,6150,6180,0,880,853,6151.0
1231,4.22,0.54,2.38,6155,6160,20240726RUN02,13.85619826764674,100.49060877421883,4.7434123091913545,7.756644936344405,6.25002862276788,6.350594412353473,6155,6180,0,880,854,6158.0
1232,1.7,1.42,1.56,6160,6165,20240726RUN02,13.85620398388406,100.4906546559142,,,,,6160,6180,0,880,,
1233,3.01,0.35,1.68,6165,6170,20240726RUN02,13.856209283297465,100.49070059006249,,,,,6165,6180,0,880,855,6166.0
1234,1.75,0.4,1.08,6170,6175,20240726RUN02,13.856214272394014,100.49074656028216,,,,,6170,6180,0,880,856,6173.0
1235,2.58,0.83,1.7,6175,6180,20240726RUN02,13.856219131911114,100.49079254519914,,,,,6175,6180,0,880,,
1236,2.6,2.64,2.62,6180,6185,20240726RUN02,13.856223935273565,100.49083853608572,,,,,6180,6180,0,880,857,6180.0
1237,1.82,0.0,0.91,0,5,20240726RUN03,13.856161481322024,100.49272457249124,4.38822927604414,3.977037741780635,4.182633508912388,4.45224872749647,0,6035,0,857,,
1238,4.61,0.0,2.31,5,10,20240726RUN03,13.856158630441783,100.49267841133774,4.38822927604414,3.977037741780635,4.182633508912388,4.398882317760194,5,6035,0,857,1,7.0
1239,2.18,0.18,1.18,10,15,20240726RUN03,13.856155679742697,100.49263225676727,4.38822927604414,3.977037741780635,4.182633508912388,3.982939043668182,10,6035,0,857,2,14.0
1240,4.2,0.0,2.1,15,20,20240726RUN03,13.856152634013515,100.49258610865976,4.38822927604414,3.977037741780635,4.182633508912388,3.825994017720049,15,6035,0,857,,
1241,1.96,0.05,1.0,20,25,20240726RUN03,13.856149470346152,100.49253996887253,2.284387543900297,2.6740943926816536,2.4792409682909753,2.6527498946194172,20,6035,0,857,3,22.0
1242,4.04,0.09,2.06,25,30,20240726RUN03,13.856146121783148,100.49249384279678,2.284387543900297,2.6740943926816536,2.4792409682909753,2.2815471142192663,25,6035,0,857,4,29.0
1243,1.63,0.67,1.15,30,35,20240726RUN03,13.856142474754117,100.49244774050139,2.284387543900297,2.6740943926816536,2.4792409682909753,2.6794886232421384,30,6035,0,857,,
1244,0.97,0.45,0.71,35,40,20240726RUN03,13.856138504065967,100.49240166614933,2.284387543900297,2.6740943926816536,2.4792409682909753,2.411316647808488,35,6035,0,857,5,36.0
1245,1.92,0.9,1.41,40,45,20240726RUN03,13.85613459562637,100.49235558632014,4.226883455793615,4.12010425835442,4.173493857074018,3.900710650090679,40,6035,0,857,6,43.0
1246,2.69,0.28,1.48,45,50,20240726RUN03,13.856131327573973,100.49230945481625,4.226883455793615,4.12010425835442,4.173493857074018,4.497112904286443,45,6035,0,857,,
1247,2.43,0.92,1.68,50,55,20240726RUN03,13.856128880956996,100.49226326988695,4.226883455793615,4.12010425835442,4.173493857074018,4.145268513063063,50,6035,0,857,7,50.0
1248,4.02,0.13,2.07,55,60,20240726RUN03,13.85612702274445,100.49221705592879,4.226883455793615,4.12010425835442,4.173493857074018,4.245832514543729,55,6035,0,857,8,58.0
1249,2.45,0.02,1.24,60,65,20240726RUN03,13.856125488025782,100.49217082938057,3.954231483562067,3.9124613518448026,3.9333464177034347,3.641500492861503,60,6035,0,857,,
1250,3.08,0.02,1.55,65,70,20240726RUN03,13.856124134598545,100.4921245968756,3.954231483562067,3.9124613518448026,3.9333464177034347,4.052217008867016,65,6035,0,857,9,65.0
1251,2.53,0.09,1.31,70,75,20240726RUN03,13.856122900312274,100.49207836086852,3.954231483562067,3.9124613518448026,3.9333464177034347,3.6457350471085177,70,6035,0,857,10,72.0
1252,3.98,0.08,2.03,75,80,20240726RUN03,13.856121768326856,100.49203212211569,3.954231483562067,3.9124613518448026,3.9333464177034347,4.173210056913994,75,6035,0,857,11,79.0
1253,4.68,0.05,2.36,80,85,20240726RUN03,13.85612066632074,100.49198588259902,3.753940004779067,4.382013431383607,4.067976718081336,3.8729734098677397,80,6035,0,857,,
1254,1.72,0.0,0.86,85,90,20240726RUN03,13.856119491595352,100.49193964496602,3.753940004779067,4.382013431383607,4.067976718081336,4.267551569537365,85,6035,0,857,12,87.0
1255,1.9,0.0,0.95,90,95,20240726RUN03,13.856118201551332,100.49189341055262,3.753940004779067,4.382013431383607,4.067976718081336,3.778670080666532,90,6035,0,857,13,94.0
1256,2.12,0.0,1.06,95,100,20240726RUN03,13.85611683095755,100.49184717856036,3.753940004779067,4.382013431383607,4.067976718081336,4.223172170597695,95,6035,0,857,,
1257,2.41,0.04,1.23,100,105,20240726RUN03,13.856115435079355,100.49180094735664,4.840760836643883,5.486472190937016,5.1636165137904495,5.242951429991367,100,6035,0,857,14,101.0
1258,2.87,0.0,1.44,105,110,20240726RUN03,13.856114074496402,100.49175471505421,4.840760836643883,5.486472190937016,5.1636165137904495,4.929259071887927,105,6035,0,857,15,108.0
1259,1.77,0.0,0.88,110,115,20240726RUN03,13.856112764230383,100.49170848123143,4.840760836643883,5.486472190937016,5.1636165137904495,5.5980719280618985,110,6035,0,857,,
1260,4.45,0.64,2.54,115,120,20240726RUN03,13.856111480442387,100.49166224662513,4.840760836643883,5.486472190937016,5.1636165137904495,4.69857908372014,115,6035,0,857,16,115.0
1261,3.07,0.0,1.54,120,125,20240726RUN03,13.856110220689615,100.49161601133211,4.718516298729153,4.9130757074957865,4.815796003112469,4.958148793998252,120,6035,0,857,17,123.0
1262,2.32,0.13,1.22,125,130,20240726RUN03,13.856108949675702,100.49156977636402,4.718516298729153,4.9130757074957865,4.815796003112469,4.810971836716719,125,6035,0,857,,
1263,2.76,0.0,1.38,130,135,20240726RUN03,13.856107690559883,100.49152354105902,4.718516298729153,4.9130757074957865,4.815796003112469,4.71660113675984,130,6035,0,857,18,130.0
1264,2.33,0.04,1.18,135,140,20240726RUN03,13.856106527964787,100.49147730311223,4.718516298729153,4.9130757074957865,4.815796003112469,4.568204565206703,135,6035,0,857,19,137.0
1265,4.68,0.0,2.34,140,145,20240726RUN03,13.856105480924583,100.49143106226998,4.626135375460915,4.520917030482156,4.573526202971536,4.5701179460877555,140,6035,0,857,20,144.0
1266,4.57,0.03,2.3,145,150,20240726RUN03,13.856104509251976,100.49138481970195,4.626135375460915,4.520917030482156,4.573526202971536,4.51245180160503,145,6035,0,857,,
1267,3.36,0.02,1.69,150,155,20240726RUN03,13.856103559369938,100.49133857665711,4.626135375460915,4.520917030482156,4.573526202971536,4.974647671659243,150,6035,0,857,21,151.0
1268,3.12,0.02,1.57,155,160,20240726RUN03,13.856102606582,100.49129233367638,4.626135375460915,4.520917030482156,4.573526202971536,4.259760417623765,155,6035,0,857,22,159.0
1269,3.4,0.18,1.79,160,165,20240726RUN03,13.85610166261517,100.49124609050803,3.2336117011456293,4.126045872509653,3.6798287868276414,3.547685143875576,160,6035,0,857,,
1270,5.33,0.32,2.82,165,170,20240726RUN03,13.856100856916644,100.49119984463903,3.2336117011456293,4.126045872509653,3.6798287868276414,3.746985014345721,165,6035,0,857,23,166.0
1271,4.11,0.1,2.1,170,175,20240726RUN03,13.856100346679936,100.49115359444804,3.2336117011456293,4.126045872509653,3.6798287868276414,3.742554776427192,170,6035,0,857,24,173.0
1272,2.5,0.82,1.66,175,180,20240726RUN03,13.8561002895116,100.49110734150216,3.2336117011456293,4.126045872509653,3.6798287868276414,3.392614527969986,175,6035,0,857,,
1273,2.48,0.38,1.43,180,185,20240726RUN03,13.856100823809639,100.49106109181422,2.8516963174116428,3.4665111992460576,3.1591037583288504,3.402084224610318,180,6035,0,857,25,180.0
1274,1.52,0.1,0.81,185,190,20240726RUN03,13.856101967066877,100.4910148536906,2.8516963174116428,3.4665111992460576,3.1591037583288504,3.1304108737481307,185,6035,0,857,26,187.0
1275,1.21,1.83,1.52,190,195,20240726RUN03,13.85610368888859,100.49096863428299,2.8516963174116428,3.4665111992460576,3.1591037583288504,3.0725094751287996,190,6035,0,857,,
1276,1.84,1.11,1.48,195,200,20240726RUN03,13.85610586828711,100.49092243495674,2.8516963174116428,3.4665111992460576,3.1591037583288504,3.216024145258594,195,6035,0,857,27,195.0
1277,1.48,0.11,0.8,200,205,20240726RUN03,13.856108263862126,100.49087624670679,3.88828072599496,3.063670569051374,3.475975647523167,3.3335641566941003,200,6035,0,857,28,202.0
1278,1.82,0.0,0.91,205,210,20240726RUN03,13.856110448269018,100.49083004771526,3.88828072599496,3.063670569051374,3.475975647523167,3.1298107651938576,205,6035,0,857,29,209.0
1279,3.09,0.0,1.54,210,215,20240726RUN03,13.856111986557302,100.49078382180912,3.88828072599496,3.063670569051374,3.475975647523167,3.6723393256442054,210,6035,0,857,,
1280,5.43,0.0,2.72,215,220,20240726RUN03,13.856112709372244,100.49073757509612,3.88828072599496,3.063670569051374,3.475975647523167,3.677283295592906,215,6035,0,857,30,216.0
1281,4.79,0.0,2.4,220,225,20240726RUN03,13.856112552706087,100.4906913229448,3.689781143367926,2.8498254219013925,3.2698032826346592,3.21566273699002,220,6035,0,857,31,224.0
1282,2.14,0.0,1.07,225,230,20240726RUN03,13.856111380480296,100.4906450863554,3.689781143367926,2.8498254219013925,3.2698032826346592,3.350215647871939,225,6035,0,857,,
1283,2.09,0.0,1.04,230,235,20240726RUN03,13.856109091467513,100.49059889366882,3.689781143367926,2.8498254219013925,3.2698032826346592,2.957483327145139,230,6035,0,857,32,231.0
1284,3.22,0.0,1.61,235,240,20240726RUN03,13.856105667798685,100.49055277457805,3.689781143367926,2.8498254219013925,3.2698032826346592,3.593543931575704,235,6035,0,857,33,238.0
1285,3.91,0.0,1.96,240,245,20240726RUN03,13.856101085275103,100.49050676101238,3.301048727411085,3.0334556024852857,3.1672521649481853,3.379573346214787,240,6035,0,857,,
1286,2.5,0.92,1.71,245,250,20240726RUN03,13.856095326408578,100.49046088613437,3.301048727411085,3.0334556024852857,3.1672521649481853,3.1431108482092194,245,6035,0,857,34,245.0
1287,2.03,0.0,1.01,250,255,20240726RUN03,13.85608845169177,100.49041517232652,3.301048727411085,3.0334556024852857,3.1672521649481853,3.3787068329638363,250,6035,0,857,35,252.0
1288,3.16,0.0,1.58,255,260,20240726RUN03,13.85608052505945,100.49036963711325,3.301048727411085,3.0334556024852857,3.1672521649481853,2.8636107104074706,255,6035,0,857,,
1289,1.89,0.0,0.94,260,265,20240726RUN03,13.856071498380452,100.49032431725354,2.730654394913616,2.7683647270907388,2.7495095610021774,2.4984312153101143,260,6035,0,857,36,260.0
1290,1.51,0.0,0.76,265,270,20240726RUN03,13.856061306844772,100.4902792569665,2.730654394913616,2.7683647270907388,2.7495095610021774,3.0234747343429444,265,6035,0,857,37,267.0
1291,2.71,0.0,1.36,270,275,20240726RUN03,13.856049963859322,100.4902344856204,2.730654394913616,2.7683647270907388,2.7495095610021774,2.9096845357090775,270,6035,0,857,38,274.0
1292,1.33,0.0,0.66,275,280,20240726RUN03,13.856037501768062,100.49019002713455,2.730654394913616,2.7683647270907388,2.7495095610021774,2.6006073529206484,275,6035,0,857,,
1293,0.99,0.0,0.5,280,285,20240726RUN03,13.856023904765713,100.49014591833142,3.803584040177839,3.4676414479583317,3.6356127440680854,3.870168581847381,280,6035,0,857,39,281.0
1294,0.9,0.0,0.45,285,290,20240726RUN03,13.856009231357525,100.49010217221847,3.803584040177839,3.4676414479583317,3.6356127440680854,3.366694619382895,285,6035,0,857,40,288.0
1295,0.83,0.0,0.42,290,295,20240726RUN03,13.855993536547954,100.49005879897311,3.803584040177839,3.4676414479583317,3.6356127440680854,3.6771694056604574,290,6035,0,857,,
1296,1.66,0.0,0.83,295,300,20240726RUN03,13.855976806384128,100.49001583328987,3.803584040177839,3.4676414479583317,3.6356127440680854,3.9164442864884523,295,6035,0,857,41,296.0
1297,1.21,0.0,0.6,300,305,20240726RUN03,13.855958981801189,100.48997333096135,4.911019739644064,4.068646146768982,4.4898329432065225,4.758263991006624,300,6035,0,857,42,303.0
1298,1.42,0.0,0.71,305,310,20240726RUN03,13.855940224091471,100.48993125093725,4.911019739644064,4.068646146768982,4.4898329432065225,4.451969051902427,305,6035,0,857,,
1299,1.0,0.0,0.5,310,315,20240726RUN03,13.855920644365925,100.48988956490355,4.911019739644064,4.068646146768982,4.4898329432065225,4.710293472473831,310,6035,0,857,43,310.0
1300,2.22,0.0,1.11,315,320,20240726RUN03,13.85590023522411,100.4898482978812,4.911019739644064,4.068646146768982,4.4898329432065225,4.0715585965421255,315,6035,0,857,44,317.0
1301,1.6,0.0,0.8,320,325,20240726RUN03,13.855878927073618,100.48980750971646,6.669262653956409,7.756346658180496,7.212804656068452,7.689851782072821,320,6035,0,857,,
1302,0.9,0.0,0.45,325,330,20240726RUN03,13.855856747027126,100.48976721128686,6.669262653956409,7.756346658180496,7.212804656068452,7.347336993040361,325,6035,0,857,45,325.0
1303,2.35,0.0,1.18,330,335,20240726RUN03,13.855833712792412,100.48972741799152,6.669262653956409,7.756346658180496,7.212804656068452,7.26864642578389,330,6035,0,857,46,332.0
1304,2.56,0.0,1.28,335,340,20240726RUN03,13.855809889762984,100.48968811391968,6.669262653956409,7.756346658180496,7.212804656068452,6.744509784588866,335,6035,0,857,47,339.0
1305,3.43,0.0,1.72,340,345,20240726RUN03,13.855785327305906,100.48964928962653,3.1626271192007263,3.485583215812932,3.324105167506829,3.1289055866960194,340,6035,0,857,,
1306,2.16,0.0,1.08,345,350,20240726RUN03,13.855759933505897,100.4896110299772,3.1626271192007263,3.485583215812932,3.324105167506829,3.45658282258314,345,6035,0,857,48,346.0
1307,3.63,0.0,1.82,350,355,20240726RUN03,13.855733680294628,100.4895733826937,3.1626271192007263,3.485583215812932,3.324105167506829,3.304500963352361,350,6035,0,857,49,353.0
1308,6.97,0.0,3.48,355,360,20240726RUN03,13.855706597539204,100.48953635621608,3.1626271192007263,3.485583215812932,3.324105167506829,3.3263937610891463,355,6035,0,857,,
1309,4.6,0.0,2.3,360,365,20240726RUN03,13.855678634002562,100.48950002216502,9.029255672606798,5.200635189681679,7.114945431144239,7.643935452919247,360,6035,0,857,50,361.0
1310,6.7,0.0,3.35,365,370,20240726RUN03,13.855649779182993,100.4894644254874,9.029255672606798,5.200635189681679,7.114945431144239,6.935355295284749,365,6035,0,857,51,368.0
1311,4.82,0.0,2.41,370,375,20240726RUN03,13.855620080197347,100.4894295635261,9.029255672606798,5.200635189681679,7.114945431144239,7.314528398498297,370,6035,0,857,,
1312,8.66,0.0,4.33,375,380,20240726RUN03,13.855589594698097,100.48939542008972,9.029255672606798,5.200635189681679,7.114945431144239,6.795178384473104,375,6035,0,857,52,375.0
1313,8.28,0.0,4.14,380,385,20240726RUN03,13.855558318592658,100.48936203402255,-1.0,54.15408094553801,26.577040472769006,28.40913713381522,380,6035,0,857,53,382.0
1314,0.0,0.0,0.0,385,390,20240726RUN03,13.855526274329867,100.48932941998565,-1.0,54.15408094553801,26.577040472769006,24.61947063114709,385,6035,0,857,54,389.0
1315,1.77,0.0,0.88,390,395,20240726RUN03,13.855493489370772,100.48929758592926,-1.0,54.15408094553801,26.577040472769006,26.56034172521613,390,6035,0,857,,
1316,0.0,0.0,0.0,395,400,20240726RUN03,13.85546010283673,100.48926641330497,-1.0,54.15408094553801,26.577040472769006,26.58912766227903,395,6035,0,857,55,397.0
1317,0.0,0.0,0.0,400,405,20240726RUN03,0.0,0.0,-1.0,-1.0,-1.0,-1.0777668021379931,400,6035,0,857,56,404.0
1318,0.0,0.0,0.0,405,410,20240726RUN03,0.0,0.0,-1.0,-1.0,-1.0,-0.9963394125760272,405,6035,0,857,,
1319,0.0,0.0,0.0,410,415,20240726RUN03,0.0,0.0,-1.0,-1.0,-1.0,-1.0379434460960424,410,6035,0,857,57,411.0
1320,0.0,0.0,0.0,415,420,20240726RUN03,0.0,0.0,-1.0,-1.0,-1.0,-0.9674842771762389,415,6035,0,857,58,418.0
1321,0.0,0.0,0.0,420,425,20240726RUN03,0.0,0.0,-1.0,-1.0,-1.0,-1.049206675325488,420,6035,0,857,,
1322,0.0,0.0,0.0,425,430,20240726RUN03,13.85525426327347,100.48908577615899,-1.0,-1.0,-1.0,-1.0890447734471647,425,6035,0,857,59,425.0
1323,0.0,0.0,0.0,430,435,20240726RUN03,13.855219903562613,100.48905573038171,-1.0,-1.0,-1.0,-1.0182792634632176,430,6035,0,857,60,433.0
1324,0.0,0.0,0.0,435,440,20240726RUN03,13.85518564997615,100.48902555826919,-1.0,-1.0,-1.0,-1.0085764866648743,435,6035,0,857,,
1325,0.0,0.0,0.0,440,445,20240726RUN03,13.85515153351275,100.48899522382132,16.068264619908405,36.35908023416439,26.213672427036396,26.15441803830184,440,6035,0,857,61,440.0
1326,0.0,0.0,0.0,445,450,20240726RUN03,13.855117576192688,100.48896470289942,16.068264619908405,36.35908023416439,26.213672427036396,26.379750153104187,445,6035,0,857,62,447.0
1327,0.0,1.95,0.98,450,455,20240726RUN03,13.855083809967024,100.48893396087722,16.068264619908405,36.35908023416439,26.213672427036396,25.833895004003722,450,6035,0,857,63,454.0
1328,0.0,3.86,1.93,455,460,20240726RUN03,13.85505026854698,100.48890296225818,16.068264619908405,36.35908023416439,26.213672427036396,26.66622657876178,455,6035,0,857,,
1329,0.0,3.08,1.54,460,465,20240726RUN03,13.855017003121507,100.48887165382085,3.816684481174134,5.46857112211977,4.642627801646952,4.93406563100228,460,6035,0,857,64,462.0
1330,0.0,1.36,0.68,465,470,20240726RUN03,13.854984094892641,100.48883995260815,3.816684481174134,5.46857112211977,4.642627801646952,5.089410217035545,465,6035,0,857,65,469.0
1331,0.0,1.23,0.62,470,475,20240726RUN03,13.85495159777772,100.48880781033506,3.816684481174134,5.46857112211977,4.642627801646952,4.2425892607692095,470,6035,0,857,,
1332,0.0,2.53,1.26,475,480,20240726RUN03,13.854919589235275,100.48877515881452,3.816684481174134,5.46857112211977,4.642627801646952,4.557501468139906,475,6035,0,857,66,476.0
1333,0.0,2.21,1.1,480,485,20240726RUN03,13.85488815053227,100.48874193275167,2.288528007442611,2.807995553741638,2.5482617805921244,2.3079222871953027,480,6035,0,857,67,483.0
1334,0.08,3.09,1.58,485,490,20240726RUN03,13.854857451279447,100.48870799080319,2.288528007442611,2.807995553741638,2.5482617805921244,2.4236304142978797,485,6035,0,857,,
1335,0.61,2.69,1.65,490,495,20240726RUN03,13.854827624476176,100.48867324373641,2.288528007442611,2.807995553741638,2.5482617805921244,2.6770675147567564,490,6035,0,857,68,490.0
1336,1.34,2.57,1.96,495,500,20240726RUN03,13.854798759597422,100.4886376565913,2.288528007442611,2.807995553741638,2.5482617805921244,2.7926550690248666,495,6035,0,857,69,498.0
1337,1.78,1.02,1.4,500,505,20240726RUN03,13.85477103740942,100.48860113071757,3.0806647020178057,3.231256913695296,3.155960807856551,3.114865668760677,500,6035,0,857,,
1338,2.04,0.53,1.28,505,510,20240726RUN03,13.854744591044458,100.48856362731948,3.0806647020178057,3.231256913695296,3.155960807856551,3.3462130844068234,505,6035,0,857,70,505.0
1339,3.12,0.05,1.58,510,515,20240726RUN03,13.854719474286325,100.48852517825513,3.0806647020178057,3.231256913695296,3.155960807856551,3.0038000597969616,510,6035,0,857,71,512.0
1340,3.13,0.0,1.56,515,520,20240726RUN03,13.85469567923441,100.48848585811521,3.0806647020178057,3.231256913695296,3.155960807856551,2.8711522077339513,515,6035,0,857,72,519.0
1341,2.68,0.0,1.34,520,525,20240726RUN03,13.854673170309479,100.48844575255629,3.223862584747468,3.6817814882244178,3.4528220364859425,3.6283315978175303,520,6035,0,857,,
1342,3.1,0.0,1.55,525,530,20240726RUN03,13.854651944050335,100.48840492088198,3.223862584747468,3.6817814882244178,3.4528220364859425,3.3185902818015127,525,6035,0,857,73,526.0
1343,3.4,0.0,1.7,530,535,20240726RUN03,13.854631941925593,100.48836344656502,3.223862584747468,3.6817814882244178,3.4528220364859425,3.6809960067794307,530,6035,0,857,74,534.0
1344,2.37,0.0,1.18,535,540,20240726RUN03,13.85461309499423,100.48832140926518,3.223862584747468,3.6817814882244178,3.4528220364859425,3.2950856801235364,535,6035,0,857,,
1345,2.02,0.0,1.01,540,545,20240726RUN03,13.854595424537692,100.4882788401519,4.049970957803723,4.273876119286043,4.161923538544883,4.012641156629442,540,6035,0,857,75,541.0
1346,4.04,0.0,2.02,545,550,20240726RUN03,13.85457898515235,100.48823575780904,4.049970957803723,4.273876119286043,4.161923538544883,3.9415928317815707,545,6035,0,857,76,548.0
1347,2.89,0.0,1.44,550,555,20240726RUN03,13.854563847062634,100.4881921788263,4.049970957803723,4.273876119286043,4.161923538544883,4.267993166566337,550,6035,0,857,,
1348,2.76,0.0,1.38,555,560,20240726RUN03,13.854550067412044,100.48814813038483,4.049970957803723,4.273876119286043,4.161923538544883,4.534183118220803,555,6035,0,857,77,555.0
1349,2.75,0.0,1.38,560,565,20240726RUN03,13.85453775674481,100.48810362907523,1.991132039857845,2.523850946356305,2.257491493107075,2.3153618895366543,560,6035,0,857,78,562.0
1350,3.19,0.0,1.6,565,570,20240726RUN03,13.854527020182129,100.4880587027898,1.991132039857845,2.523850946356305,2.257491493107075,2.1865694635603723,565,6035,0,857,,
1351,3.62,0.0,1.81,570,575,20240726RUN03,13.854517914875405,100.48801340102699,1.991132039857845,2.523850946356305,2.257491493107075,2.111453400950916,570,6035,0,857,79,570.0
1352,3.62,0.0,1.81,575,580,20240726RUN03,13.854510461457775,100.48796778391197,1.991132039857845,2.523850946356305,2.257491493107075,2.302935285421396,575,6035,0,857,80,577.0
1353,3.44,0.0,1.72,580,585,20240726RUN03,13.854504627667168,100.48792192038562,1.882147899240162,2.000230465631038,1.9411891824356,2.0809738559481628,580,6035,0,857,81,584.0
1354,3.48,0.0,1.74,585,590,20240726RUN03,13.85450036677088,100.48787587574392,1.882147899240162,2.000230465631038,1.9411891824356,1.9139306639398403,585,6035,0,857,,
1355,3.29,0.0,1.64,590,595,20240726RUN03,13.854497629132021,100.48782970990077,1.882147899240162,2.000230465631038,1.9411891824356,1.9767047268361988,590,6035,0,857,82,591.0
1356,3.42,0.0,1.71,595,600,20240726RUN03,13.854496430012865,100.48778347553345,1.882147899240162,2.000230465631038,1.9411891824356,1.9347192352897937,595,6035,0,857,83,599.0
1357,3.62,0.0,1.81,600,605,20240726RUN03,13.854496783714499,100.487737226044,4.935381365909083,3.875106682798612,4.4052440243538475,4.621975508397067,600,6035,0,857,,
1358,3.51,0.0,1.76,605,610,20240726RUN03,13.854498603817323,100.48769101243856,4.935381365909083,3.875106682798612,4.4052440243538475,4.093395302934674,605,6035,0,857,84,606.0
1359,4.77,0.0,2.38,610,615,20240726RUN03,13.854501705314135,100.48764486970047,4.935381365909083,3.875106682798612,4.4052440243538475,4.034965127706949,610,6035,0,857,85,613.0
1360,3.08,0.0,1.54,615,620,20240726RUN03,13.854505819568145,100.48759880949882,4.935381365909083,3.875106682798612,4.4052440243538475,4.623567165978317,615,6035,0,857,,
1361,2.98,0.0,1.49,620,625,20240726RUN03,13.854510693029207,100.48755282665309,2.7860582678847625,3.202721180593021,2.994389724238892,3.254930059535318,620,6035,0,857,86,620.0
1362,2.26,0.0,1.13,625,630,20240726RUN03,13.854516267949691,100.48750692739925,2.7860582678847625,3.202721180593021,2.994389724238892,2.8398611585862334,625,6035,0,857,87,627.0
1363,3.22,0.0,1.61,630,635,20240726RUN03,13.854522533357917,100.48746112140749,2.7860582678847625,3.202721180593021,2.994389724238892,3.0609245888397285,630,6035,0,857,,
1364,1.4,0.0,0.7,635,640,20240726RUN03,13.85452930154887,100.48741539018715,2.7860582678847625,3.202721180593021,2.994389724238892,3.079919573908297,635,6035,0,857,88,635.0
1365,1.58,0.0,0.79,640,645,20240726RUN03,13.854536390182043,100.48736970975939,3.840072902118102,3.785384456259696,3.812728679188899,3.6419210831560265,640,6035,0,857,89,642.0
1366,1.81,0.0,0.9,645,650,20240726RUN03,13.85454378148944,100.48732407960257,3.840072902118102,3.785384456259696,3.812728679188899,4.172468768527144,645,6035,0,857,90,649.0
1367,1.74,0.0,0.87,650,655,20240726RUN03,13.854551500485128,100.48727850636364,3.840072902118102,3.785384456259696,3.812728679188899,3.604750662087232,650,6035,0,857,,
1368,1.97,0.0,0.98,655,660,20240726RUN03,13.854559589705879,100.4872330004541,3.840072902118102,3.785384456259696,3.812728679188899,3.603888016969057,655,6035,0,857,91,656.0
1369,3.41,0.0,1.7,660,665,20240726RUN03,13.854568118034402,100.48718757868124,4.447185249634674,4.680260819100564,4.563723034367619,4.174323431783605,660,6035,0,857,92,663.0
1370,3.98,0.0,1.99,665,670,20240726RUN03,13.854577144767827,100.48714225794862,4.447185249634674,4.680260819100564,4.563723034367619,4.570390710189749,665,6035,0,857,,
1371,0.97,0.0,0.48,670,675,20240726RUN03,13.854586636612474,100.48709703673079,4.447185249634674,4.680260819100564,4.563723034367619,4.732369829379368,670,6035,0,857,93,671.0
1372,0.56,0.0,0.28,675,680,20240726RUN03,13.85459645299189,100.4870518880805,4.447185249634674,4.680260819100564,4.563723034367619,4.535208078387659,675,6035,0,857,94,678.0
1373,0.45,0.0,0.22,680,685,20240726RUN03,13.854606549812646,100.48700680426353,3.244916716476644,3.2462079923079137,3.2455623543922787,3.4522700460662143,680,6035,0,857,,
1374,0.94,0.0,0.47,685,690,20240726RUN03,13.854616931350517,100.48696178821474,3.244916716476644,3.2462079923079137,3.2455623543922787,3.3406422662120705,685,6035,0,857,95,685.0
1375,1.28,0.0,0.64,690,695,20240726RUN03,13.854627546879616,100.48691682932201,3.244916716476644,3.2462079923079137,3.2455623543922787,3.0270931157374124,690,6035,0,857,96,692.0
1376,0.98,0.0,0.49,695,700,20240726RUN03,13.854638311216243,100.48687190748561,3.244916716476644,3.2462079923079137,3.2455623543922787,3.290808347418733,695,6035,0,857,97,699.0
1377,0.78,0.0,0.39,700,705,20240726RUN03,13.854649155059432,100.48682700567042,1.9719256296546144,2.6345666054727275,2.303246117563671,2.5261187253446384,700,6035,0,857,,
1378,0.8,0.0,0.4,705,710,20240726RUN03,13.854660103659311,100.48678213049183,1.9719256296546144,2.6345666054727275,2.303246117563671,2.2363972023336736,705,6035,0,857,98,707.0
1379,0.48,0.0,0.24,710,715,20240726RUN03,13.854671150596214,100.48673728055998,1.9719256296546144,2.6345666054727275,2.303246117563671,2.2155514359438286,710,6035,0,857,99,714.0
1380,0.89,0.0,0.44,715,720,20240726RUN03,13.854682279614687,100.48669245188273,1.9719256296546144,2.6345666054727275,2.303246117563671,2.2161313710643586,715,6035,0,857,,
1381,0.4,0.0,0.2,720,725,20240726RUN03,13.854693520039424,100.4866476523434,3.5233523014428,3.3195698419740136,3.421461071708407,3.2414741718236018,720,6035,0,857,100,721.0
1382,0.61,0.0,0.3,725,730,20240726RUN03,13.854704917439532,100.48660289437397,3.5233523014428,3.3195698419740136,3.421461071708407,3.265245260512468,725,6035,0,857,101,728.0
1383,0.57,0.0,0.28,730,735,20240726RUN03,13.854716443005188,100.48655817077626,3.5233523014428,3.3195698419740136,3.421461071708407,3.7263007263954755,730,6035,0,857,,
1384,0.52,0.0,0.26,735,740,20240726RUN03,13.854728045546777,100.48651346803011,3.5233523014428,3.3195698419740136,3.421461071708407,3.636845958975176,735,6035,0,857,102,736.0
1385,0.9,0.0,0.45,740,745,20240726RUN03,13.854739736988321,100.48646878955704,2.210339252309282,2.3801278107259694,2.295233531517626,2.519776273698721,740,6035,0,857,103,743.0
1386,1.41,0.0,0.7,745,750,20240726RUN03,13.85475153631868,100.48642414079752,2.210339252309282,2.3801278107259694,2.295233531517626,2.257352169672026,745,6035,0,857,,
1387,1.24,0.0,0.62,750,755,20240726RUN03,13.854763447210413,100.48637952308925,2.210339252309282,2.3801278107259694,2.295233531517626,2.4766110477402963,750,6035,0,857,104,750.0
1388,0.76,0.0,0.38,755,760,20240726RUN03,13.854775528703316,100.48633495348155,2.210339252309282,2.3801278107259694,2.295233531517626,2.146734939867908,755,6035,0,857,105,757.0
1389,0.32,0.0,0.16,760,765,20240726RUN03,13.854787851463199,100.48629045313453,2.5940090824414552,2.630619482706808,2.6123142825741317,2.598129368913073,760,6035,0,857,106,764.0
1390,0.48,0.0,0.24,765,770,20240726RUN03,13.854800443158247,100.4862460317225,2.5940090824414552,2.630619482706808,2.6123142825741317,2.559104652675125,765,6035,0,857,,
1391,0.28,0.0,0.14,770,775,20240726RUN03,13.854813335444932,100.48620170073288,2.5940090824414552,2.630619482706808,2.6123142825741317,2.781603118699046,770,6035,0,857,107,772.0
1392,0.12,0.0,0.06,775,780,20240726RUN03,13.854826528863235,100.48615746260266,2.5940090824414552,2.630619482706808,2.6123142825741317,2.425734562994267,775,6035,0,857,108,779.0
1393,0.62,0.0,0.31,780,785,20240726RUN03,13.85483994874007,100.48611329583647,2.480360676450992,3.2769744613312084,2.8786675688911,2.9278632707820917,780,6035,0,857,,
1394,0.31,0.0,0.16,785,790,20240726RUN03,13.854853497521834,100.486069170302,2.480360676450992,3.2769744613312084,2.8786675688911,2.7992726918987363,785,6035,0,857,109,786.0
1395,0.21,0.0,0.1,790,795,20240726RUN03,13.854867130270119,100.48602507186708,2.480360676450992,3.2769744613312084,2.8786675688911,2.987797013463238,790,6035,0,857,110,793.0
1396,0.11,0.0,0.06,795,800,20240726RUN03,13.854880835195152,100.48598099686627,2.480360676450992,3.2769744613312084,2.8786675688911,2.736540737013139,795,6035,0,857,,
1397,0.32,0.0,0.16,800,805,20240726RUN03,13.854894579341119,100.48593693465273,2.2100925917311205,2.744477826740253,2.4772852092356867,2.4073946058269344,800,6035,0,857,111,800.0
1398,0.23,0.0,0.12,805,810,20240726RUN03,13.854908284404402,100.48589285970743,2.2100925917311205,2.744477826740253,2.4772852092356867,2.233136596602815,805,6035,0,857,112,808.0
1399,0.39,0.0,0.2,810,815,20240726RUN03,13.854921876200866,100.48584874802928,2.2100925917311205,2.744477826740253,2.4772852092356867,2.4044578564440324,810,6035,0,857,,
1400,0.4,0.0,0.2,815,820,20240726RUN03,13.854935360849096,100.48580460192287,2.2100925917311205,2.744477826740253,2.4772852092356867,2.578442048859813,815,6035,0,857,113,815.0
1401,0.27,0.0,0.14,820,825,20240726RUN03,13.854948703245997,100.48576041058413,2.203181258638372,3.082448481681082,2.642814870159727,2.665492509214838,820,6035,0,857,114,822.0
1402,0.01,0.0,0.0,825,830,20240726RUN03,13.854961884349997,100.48571616855953,2.203181258638372,3.082448481681082,2.642814870159727,2.5185510869384222,825,6035,0,857,115,829.0
1403,0.16,0.0,0.08,830,835,20240726RUN03,13.854974943739393,100.4856718887242,2.203181258638372,3.082448481681082,2.642814870159727,2.853528818237583,830,6035,0,857,,
1404,0.28,0.0,0.14,835,840,20240726RUN03,13.854987900337566,100.4856275772677,2.203181258638372,3.082448481681082,2.642814870159727,2.397044057662086,835,6035,0,857,116,836.0
1405,0.18,0.0,0.09,840,845,20240726RUN03,13.855000777397958,100.48558324151445,3.3485398561983044,4.821404195707241,4.084972025952773,3.995147231548392,840,6035,0,857,117,844.0
1406,0.22,0.0,0.11,845,850,20240726RUN03,13.855013617498964,100.48553889453642,3.3485398561983044,4.821404195707241,4.084972025952773,4.006269379648097,845,6035,0,857,,
1407,0.65,0.04,0.34,850,855,20240726RUN03,13.855026402078856,100.48549453077176,3.3485398561983044,4.821404195707241,4.084972025952773,4.267225476110145,850,6035,0,857,118,851.0
1408,0.12,0.0,0.06,855,860,20240726RUN03,13.855039120612,100.48545014710622,3.3485398561983044,4.821404195707241,4.084972025952773,4.106899398100011,855,6035,0,857,119,858.0
1409,0.19,0.0,0.1,860,865,20240726RUN03,13.855051859901664,100.4854057696879,3.207429330800323,2.4019647928717265,2.8046970618360247,2.969889629881315,860,6035,0,857,,
1410,0.67,0.02,0.34,865,870,20240726RUN03,13.855064649143028,100.48536140730545,3.207429330800323,2.4019647928717265,2.8046970618360247,2.6500814212174686,865,6035,0,857,120,865.0
1411,0.43,0.03,0.23,870,875,20240726RUN03,13.855077444144277,100.48531704665061,3.207429330800323,2.4019647928717265,2.8046970618360247,2.777211370324768,870,6035,0,857,121,873.0
1412,0.59,0.01,0.3,875,880,20240726RUN03,13.855090246666979,100.48527268828853,3.207429330800323,2.4019647928717265,2.8046970618360247,2.843919996207263,875,6035,0,857,,
1413,0.22,0.0,0.11,880,885,20240726RUN03,13.85510306300662,100.48522833410912,2.78862410028852,2.7258986700812065,2.7572613851848633,2.806707720124618,880,6035,0,857,122,880.0
1414,0.13,0.0,0.06,885,890,20240726RUN03,13.855115918506023,100.48518399179679,2.78862410028852,2.7258986700812065,2.7572613851848633,2.5363346232219803,885,6035,0,857,123,887.0
1415,0.16,0.05,0.11,890,895,20240726RUN03,13.855128805467253,100.48513965901917,2.78862410028852,2.7258986700812065,2.7572613851848633,2.8356539116615247,890,6035,0,857,124,894.0
1416,0.1,0.0,0.05,895,900,20240726RUN03,13.855141685471965,100.48509532410992,2.78862410028852,2.7258986700812065,2.7572613851848633,2.6691964133003023,895,6035,0,857,,
1417,0.32,0.05,0.18,900,905,20240726RUN03,13.855154549141677,100.48505098423749,2.609249254074558,3.5041829333340164,3.056716093704287,2.915375557247466,900,6035,0,857,125,901.0
1418,0.39,0.07,0.23,905,910,20240726RUN03,13.855167370087257,100.48500663141917,2.609249254074558,3.5041829333340164,3.056716093704287,2.8806387005925123,905,6035,0,857,126,909.0
1419,0.39,0.01,0.2,910,915,20240726RUN03,13.855180134072935,100.48496226139878,2.609249254074558,3.5041829333340164,3.056716093704287,3.1908637984551844,910,6035,0,857,,
1420,0.31,0.25,0.28,915,920,20240726RUN03,13.855192856179206,100.48491787877241,2.609249254074558,3.5041829333340164,3.056716093704287,3.101431734614735,915,6035,0,857,127,916.0
1421,0.25,0.0,0.12,920,925,20240726RUN03,13.855205567022326,100.48487349275686,1.7548383417628075,2.743228259499345,2.2490333006310763,2.2556103260797267,920,6035,0,857,128,923.0
1422,0.36,0.01,0.18,925,930,20240726RUN03,13.855218304604138,100.48482911476579,1.7548383417628075,2.743228259499345,2.2490333006310763,2.2854778724011275,925,6035,0,857,,
1423,0.81,0.22,0.52,930,935,20240726RUN03,13.85523108679547,100.4847847502126,1.7548383417628075,2.743228259499345,2.2490333006310763,2.427764857467437,930,6035,0,857,129,930.0
1424,0.46,0.19,0.32,935,940,20240726RUN03,13.855243905649075,100.484740396743,1.7548383417628075,2.743228259499345,2.2490333006310763,2.2085930903272564,935,6035,0,857,130,937.0
1425,0.84,0.3,0.57,940,945,20240726RUN03,13.855256769555917,100.48469605694214,4.714098517924815,5.2094082551760525,4.961753386550434,5.1426226558921435,940,6035,0,857,,
1426,0.64,0.05,0.34,945,950,20240726RUN03,13.855269682996894,100.48465173223244,4.714098517924815,5.2094082551760525,4.961753386550434,5.037818332640007,945,6035,0,857,131,945.0
1427,0.44,0.05,0.24,950,955,20240726RUN03,13.855282624330039,100.48460741601903,4.714098517924815,5.2094082551760525,4.961753386550434,4.698746544318651,950,6035,0,857,132,952.0
1428,0.69,0.12,0.4,955,960,20240726RUN03,13.855295575104012,100.484563102698,4.714098517924815,5.2094082551760525,4.961753386550434,5.058405434489192,955,6035,0,857,133,959.0
1429,0.55,0.05,0.3,960,965,20240726RUN03,13.855308534548971,100.4845187920277,4.156344256688808,5.426186590544633,4.7912654236167205,4.404910862714851,960,6035,0,857,,
1430,0.69,0.03,0.36,965,970,20240726RUN03,13.855321514350566,100.48447448762299,4.156344256688808,5.426186590544633,4.7912654236167205,5.208501200631126,965,6035,0,857,134,966.0
1431,0.43,0.0,0.22,970,975,20240726RUN03,13.855334512039855,100.48443018870309,4.156344256688808,5.426186590544633,4.7912654236167205,4.455203203323321,970,6035,0,857,135,974.0
1432,0.32,0.02,0.17,975,980,20240726RUN03,13.855347527510542,100.48438589525948,4.156344256688808,5.426186590544633,4.7912654236167205,5.204246827758089,975,6035,0,857,,
1433,0.75,0.09,0.42,980,985,20240726RUN03,13.855360535003731,100.48434159936129,4.52162550674694,4.064609391900751,4.293117449323845,4.539155176691755,980,6035,0,857,136,981.0
1434,0.38,0.0,0.19,985,990,20240726RUN03,13.855373473953588,100.48429728242932,4.52162550674694,4.064609391900751,4.293117449323845,4.487974070328589,985,6035,0,857,137,988.0
1435,1.22,0.16,0.69,990,995,20240726RUN03,13.855386328694847,100.4842529398467,4.52162550674694,4.064609391900751,4.293117449323845,3.896191858724168,990,6035,0,857,,
1436,1.08,0.09,0.59,995,1000,20240726RUN03,13.85539907022344,100.4842085630759,4.52162550674694,4.064609391900751,4.293117449323845,4.464864495288588,995,6035,0,857,138,995.0
1437,1.31,0.14,0.73,1000,1005,20240726RUN03,13.855411695053252,100.48416415136187,3.9244856252857065,4.54666992847508,4.235577776880393,4.202070227112343,1000,6035,0,857,139,1002.0
1438,1.38,0.0,0.69,1005,1010,20240726RUN03,13.855424286011639,100.48411972956187,3.9244856252857065,4.54666992847508,4.235577776880393,4.1660780078899675,1005,6035,0,857,,
1439,1.24,0.47,0.86,1010,1015,20240726RUN03,13.855436874826001,100.48407530713493,3.9244856252857065,4.54666992847508,4.235577776880393,3.9812884736248932,1010,6035,0,857,140,1010.0
1440,1.63,0.58,1.1,1015,1020,20240726RUN03,13.855449402962416,100.4840308667263,3.9244856252857065,4.54666992847508,4.235577776880393,4.394062459759621,1015,6035,0,857,141,1017.0
1441,0.94,0.03,0.48,1020,1025,20240726RUN03,13.855461902926466,100.48398641801224,3.413635636789041,3.952774218847683,3.6832049278183616,3.6119126428905526,1020,6035,0,857,142,1024.0
1442,1.96,0.76,1.36,1025,1030,20240726RUN03,13.855474448187149,100.4839419826439,3.413635636789041,3.952774218847683,3.6832049278183616,3.3234635706800137,1025,6035,0,857,,
1443,1.56,0.41,0.98,1030,1035,20240726RUN03,13.85548702369023,100.48389755626732,3.413635636789041,3.952774218847683,3.6832049278183616,4.016097350746892,1030,6035,0,857,143,1031.0
1444,0.69,0.01,0.35,1035,1040,20240726RUN03,13.85549960442528,100.48385313143531,3.413635636789041,3.952774218847683,3.6832049278183616,3.6251273184077766,1035,6035,0,857,144,1038.0
1445,1.03,0.01,0.52,1040,1045,20240726RUN03,13.855512148554281,100.4838086957512,3.139296211043635,3.101218234252512,3.1202572226480734,3.1457487793230143,1040,6035,0,857,,
1446,1.27,0.04,0.66,1045,1050,20240726RUN03,13.855524478812908,100.48376419748301,3.139296211043635,3.101218234252512,3.1202572226480734,3.2071341166100025,1045,6035,0,857,145,1046.0
1447,0.62,0.1,0.36,1050,1055,20240726RUN03,13.855536429190646,100.48371959085337,3.139296211043635,3.101218234252512,3.1202572226480734,3.093235010416453,1050,6035,0,857,146,1053.0
1448,0.92,0.13,0.52,1055,1060,20240726RUN03,13.855547938444062,100.48367486298093,3.139296211043635,3.101218234252512,3.1202572226480734,3.082228233584438,1055,6035,0,857,,
1449,0.29,0.0,0.14,1060,1065,20240726RUN03,13.855558905646532,100.4836299927693,3.2447393924727344,2.5865077131809304,2.9156235528268324,3.0963081649773927,1060,6035,0,857,147,1060.0
1450,0.49,0.11,0.3,1065,1070,20240726RUN03,13.855569284407318,100.48358497620532,3.2447393924727344,2.5865077131809304,2.9156235528268324,2.9345736192498952,1065,6035,0,857,148,1067.0
1451,0.18,0.0,0.09,1070,1075,20240726RUN03,13.855579007389725,100.48353980671133,3.2447393924727344,2.5865077131809304,2.9156235528268324,2.811389803029104,1070,6035,0,857,149,1074.0
1452,0.18,0.05,0.12,1075,1080,20240726RUN03,13.855587952415855,100.4834944692429,3.2447393924727344,2.5865077131809304,2.9156235528268324,2.64710638833645,1075,6035,0,857,,
1453,0.44,0.34,0.39,1080,1085,20240726RUN03,13.855596032236333,100.4834489620464,3.608432457860423,3.5319661258962256,3.5701992918783243,3.3372431811705354,1080,6035,0,857,150,1082.0
1454,1.16,0.56,0.86,1085,1090,20240726RUN03,13.855603197252982,100.48340329474051,3.608432457860423,3.5319661258962256,3.5701992918783243,3.6141106752291163,1085,6035,0,857,151,1089.0
1455,0.92,0.44,0.68,1090,1095,20240726RUN03,13.855609360042752,100.48335747467408,3.608432457860423,3.5319661258962256,3.5701992918783243,3.313969239630451,1090,6035,0,857,,
1456,0.79,0.75,0.77,1095,1100,20240726RUN03,13.855614423937544,100.48331151404201,3.608432457860423,3.5319661258962256,3.5701992918783243,3.912946299062069,1095,6035,0,857,152,1096.0
1457,0.61,0.52,0.56,1100,1105,20240726RUN03,13.85561826004957,100.48326542923887,2.7769020172354635,3.11281435934751,2.944858188291487,2.8230520911521833,1100,6035,0,857,153,1103.0
1458,1.01,0.75,0.88,1105,1110,20240726RUN03,13.855620770976993,100.4832192493365,2.7769020172354635,3.11281435934751,2.944858188291487,3.1836150287362566,1105,6035,0,857,,
1459,0.99,1.87,1.43,1110,1115,20240726RUN03,13.85562181035715,100.4831730104992,2.7769020172354635,3.11281435934751,2.944858188291487,2.6860738765495067,1110,6035,0,857,154,1111.0
1460,1.37,0.92,1.14,1115,1120,20240726RUN03,13.85562140439886,100.48312676096076,2.7769020172354635,3.11281435934751,2.944858188291487,2.814251687820018,1115,6035,0,857,155,1118.0
1461,1.13,0.86,0.99,1120,1125,20240726RUN03,13.855619661169026,100.48308054386678,2.618253026520406,4.2929765948239496,3.455614810672178,3.5842228345936307,1120,6035,0,857,,
1462,0.74,0.8,0.77,1125,1130,20240726RUN03,13.855616616527058,100.48303439734069,2.618253026520406,4.2929765948239496,3.455614810672178,3.486336265355206,1125,6035,0,857,156,1125.0
1463,0.07,1.19,0.63,1130,1135,20240726RUN03,13.855612324635175,100.48298835451234,2.618253026520406,4.2929765948239496,3.455614810672178,3.436108849562224,1130,6035,0,857,157,1132.0
1464,0.12,1.57,0.84,1135,1140,20240726RUN03,13.855606919170574,100.48294243441737,2.618253026520406,4.2929765948239496,3.455614810672178,3.3528217371999305,1135,6035,0,857,158,1139.0
1465,0.94,0.88,0.91,1140,1145,20240726RUN03,13.855600485231884,100.48289665332837,2.4075755736238964,2.799243887535826,2.603409730579861,2.3443535405590343,1140,6035,0,857,,
1466,0.4,0.77,0.58,1145,1150,20240726RUN03,13.855593028290702,100.48285103513672,2.4075755736238964,2.799243887535826,2.603409730579861,2.7504640035712726,1145,6035,0,857,159,1147.0
1467,0.19,1.09,0.64,1150,1155,20240726RUN03,13.855584556823233,100.48280560290925,2.4075755736238964,2.799243887535826,2.603409730579861,2.5536932950659774,1150,6035,0,857,160,1154.0
1468,0.96,0.62,0.79,1155,1160,20240726RUN03,13.855575021114504,100.48276039224295,2.4075755736238964,2.799243887535826,2.603409730579861,2.552881371854083,1155,6035,0,857,,
1469,1.39,0.21,0.8,1160,1165,20240726RUN03,13.855564385591169,100.48271543936636,2.050651393405752,2.887361520110681,2.4690064567582164,2.6185638218689724,1160,6035,0,857,161,1161.0
1470,1.51,0.31,0.91,1165,1170,20240726RUN03,13.855552627485324,100.48267078040423,2.050651393405752,2.887361520110681,2.4690064567582164,2.265857778775734,1165,6035,0,857,162,1168.0
1471,1.66,0.18,0.92,1170,1175,20240726RUN03,13.855539737793444,100.48262644982614,2.050651393405752,2.887361520110681,2.4690064567582164,2.323639974094002,1170,6035,0,857,,
1472,1.25,1.09,1.17,1175,1180,20240726RUN03,13.855525747665956,100.48258246991657,2.050651393405752,2.887361520110681,2.4690064567582164,2.387080723239715,1175,6035,0,857,163,1175.0
1473,1.26,0.5,0.88,1180,1185,20240726RUN03,13.85551068384389,100.48253886325038,2.9977384925996344,2.524319898526581,2.7610291955631077,2.6581110585215306,1180,6035,0,857,164,1183.0
1474,0.35,0.2,0.28,1185,1190,20240726RUN03,13.855494555520497,100.48249565715007,2.9977384925996344,2.524319898526581,2.7610291955631077,2.834055182646131,1185,6035,0,857,,
1475,0.38,0.4,0.39,1190,1195,20240726RUN03,13.855477359554087,100.48245288443805,2.9977384925996344,2.524319898526581,2.7610291955631077,2.949308257241364,1190,6035,0,857,165,1190.0
1476,0.23,0.16,0.2,1195,1200,20240726RUN03,13.855459097645591,100.48241057721293,2.9977384925996344,2.524319898526581,2.7610291955631077,2.4855253939073836,1195,6035,0,857,166,1197.0
1477,0.29,0.24,0.26,1200,1205,20240726RUN03,13.855439776270332,100.48236876564305,2.3106016551696684,2.6413478963125203,2.4759747757410944,2.2990074261108124,1200,6035,0,857,167,1204.0
1478,1.31,0.5,0.9,1205,1210,20240726RUN03,13.855419453340213,100.48232745447865,2.3106016551696684,2.6413478963125203,2.4759747757410944,2.505516185319016,1205,6035,0,857,,
1479,0.39,0.13,0.26,1210,1215,20240726RUN03,13.855398126619345,100.48228667682234,2.3106016551696684,2.6413478963125203,2.4759747757410944,2.3580472097558056,1210,6035,0,857,168,1211.0
1480,0.36,0.39,0.38,1215,1220,20240726RUN03,13.855375806676339,100.48224645986339,2.3106016551696684,2.6413478963125203,2.4759747757410944,2.704309655705811,1215,6035,0,857,169,1219.0
1481,0.3,0.05,0.18,1220,1225,20240726RUN03,13.855352478688769,100.48220684679137,3.542605264246743,3.57506347574432,3.5588343699955316,3.6366128003131424,1220,6035,0,857,,
1482,0.93,0.32,0.62,1225,1230,20240726RUN03,13.855328136893137,100.48216787791536,3.542605264246743,3.57506347574432,3.5588343699955316,3.471452749804578,1225,6035,0,857,170,1226.0
1483,1.46,0.3,0.88,1230,1235,20240726RUN03,13.855302783841942,100.48212959045354,3.542605264246743,3.57506347574432,3.5588343699955316,3.256442071330819,1230,6035,0,857,171,1233.0
1484,1.23,1.74,1.48,1235,1240,20240726RUN03,13.855276437363182,100.48209201213659,3.542605264246743,3.57506347574432,3.5588343699955316,3.5940207791533796,1235,6035,0,857,,
1485,1.24,0.26,0.75,1240,1245,20240726RUN03,13.855249126557242,100.48205516195965,3.4577632707240875,4.291414499544569,3.874588885134328,3.8844790228199884,1240,6035,0,857,172,1240.0
1486,0.96,0.02,0.49,1245,1250,20240726RUN03,13.855220910799243,100.48201903270918,3.4577632707240875,4.291414499544569,3.874588885134328,3.912769731252112,1245,6035,0,857,173,1248.0
1487,0.95,0.23,0.59,1250,1255,20240726RUN03,13.855191872103251,100.48198359304925,3.4577632707240875,4.291414499544569,3.874588885134328,3.9267393922555156,1250,6035,0,857,,
1488,1.43,0.18,0.8,1255,1260,20240726RUN03,13.85516200561243,100.48194888144025,3.4577632707240875,4.291414499544569,3.874588885134328,3.56957433337443,1255,6035,0,857,174,1255.0
1489,0.91,0.0,0.46,1260,1265,20240726RUN03,13.855131400292038,100.4819148503775,2.53583604989171,2.0267285198393195,2.2812822848655148,2.086112219926184,1260,6035,0,857,175,1262.0
1490,1.27,0.0,0.64,1265,1270,20240726RUN03,13.855100184007235,100.4818814052421,2.53583604989171,2.0267285198393195,2.2812822848655148,2.3309579181207565,1265,6035,0,857,176,1269.0
1491,0.59,0.0,0.3,1270,1275,20240726RUN03,13.855068490182184,100.48184843367301,2.53583604989171,2.0267285198393195,2.2812822848655148,2.3152889128715,1270,6035,0,857,,
1492,0.85,0.0,0.42,1275,1280,20240726RUN03,13.8550363714929,100.48181589560102,2.53583604989171,2.0267285198393195,2.2812822848655148,2.2185214620880362,1275,6035,0,857,177,1276.0
1493,0.48,0.0,0.24,1280,1285,20240726RUN03,13.855003812301767,100.4817838194933,2.018574077395492,1.917628044921226,1.968101061158359,1.8178916097986488,1280,6035,0,857,178,1284.0
1494,1.42,0.01,0.72,1285,1290,20240726RUN03,13.854970812830587,100.48175221813807,2.018574077395492,1.917628044921226,1.968101061158359,1.9619613599303516,1285,6035,0,857,,
1495,1.0,0.0,0.5,1290,1295,20240726RUN03,13.854937415596424,100.48172105747044,2.018574077395492,1.917628044921226,1.968101061158359,1.98522282149411,1290,6035,0,857,179,1291.0
1496,1.22,0.0,0.61,1295,1300,20240726RUN03,13.854903670076148,100.48169029225845,2.018574077395492,1.917628044921226,1.968101061158359,2.0640368278255883,1295,6035,0,857,180,1298.0
1497,0.94,0.0,0.47,1300,1305,20240726RUN03,13.854869621577032,100.48165987864432,2.87995960650932,2.0644339262704863,2.472196766389903,2.5348325059110035,1300,6035,0,857,,
1498,1.37,0.0,0.68,1305,1310,20240726RUN03,13.854835323277403,100.48162976033962,2.87995960650932,2.0644339262704863,2.472196766389903,2.2367984026211114,1305,6035,0,857,181,1305.0
1499,1.69,0.0,0.84,1310,1315,20240726RUN03,13.854800874396838,100.48159982248993,2.87995960650932,2.0644339262704863,2.472196766389903,2.606823107996462,1310,6035,0,857,182,1312.0
1500,1.27,0.0,0.64,1315,1320,20240726RUN03,13.854766375420134,100.48156994507185,2.87995960650932,2.0644339262704863,2.472196766389903,2.4693289552707873,1315,6035,0,857,,
1501,2.35,0.01,1.18,1320,1325,20240726RUN03,13.85473189693338,100.48154004291364,2.6312800155371514,2.818511773239546,2.724895894388349,2.5217022456039797,1320,6035,0,857,183,1320.0
1502,0.56,0.0,0.28,1325,1330,20240726RUN03,13.85469748184555,100.4815100643709,2.6312800155371514,2.818511773239546,2.724895894388349,2.6702565350391114,1325,6035,0,857,184,1327.0
1503,0.51,0.0,0.26,1330,1335,20240726RUN03,13.854663143599343,100.4814799937229,2.6312800155371514,2.818511773239546,2.724895894388349,2.704675125254413,1330,6035,0,857,185,1334.0
1504,1.42,0.0,0.71,1335,1340,20240726RUN03,13.85462892546786,100.48144978003178,2.6312800155371514,2.818511773239546,2.724895894388349,2.8665064577192076,1335,6035,0,857,,
1505,2.07,0.01,1.04,1340,1345,20240726RUN03,13.854594783918182,100.48141947566619,2.147600957604588,2.047535684249839,2.0975683209272136,2.1125080912434857,1340,6035,0,857,186,1341.0
1506,1.89,0.0,0.94,1345,1350,20240726RUN03,13.854560566782274,100.48138926076824,2.147600957604588,2.047535684249839,2.0975683209272136,2.228884434749264,1345,6035,0,857,187,1348.0
1507,1.3,0.0,0.65,1350,1355,20240726RUN03,13.854526230442177,100.48135918782192,2.147600957604588,2.047535684249839,2.0975683209272136,2.0256046729630937,1350,6035,0,857,,
1508,1.17,0.0,0.58,1355,1360,20240726RUN03,13.854491836456557,100.48132918390017,2.147600957604588,2.047535684249839,2.0975683209272136,2.1768976646476412,1355,6035,0,857,188,1356.0
1509,1.46,0.0,0.73,1360,1365,20240726RUN03,13.854457445875312,100.48129917586893,2.519906000413078,2.7156857906598466,2.6177958955364624,2.569345486170827,1360,6035,0,857,189,1363.0
1510,1.07,0.0,0.54,1365,1370,20240726RUN03,13.8544230988627,100.48126911556426,2.519906000413078,2.7156857906598466,2.6177958955364624,2.4196497507359447,1365,6035,0,857,,
1511,1.05,0.0,0.52,1370,1375,20240726RUN03,13.854388792584503,100.48123900657512,2.519906000413078,2.7156857906598466,2.6177958955364624,2.7687216601119657,1370,6035,0,857,190,1370.0
1512,1.28,0.0,0.64,1375,1380,20240726RUN03,13.854354528944784,100.48120884674765,2.519906000413078,2.7156857906598466,2.6177958955364624,2.800893946988912,1375,6035,0,857,191,1377.0
1513,0.85,0.0,0.42,1380,1385,20240726RUN03,13.854320303445611,100.48117864155927,3.157893147611716,3.2313157300160835,3.1946044388139,3.462754551870501,1380,6035,0,857,,
1514,1.1,0.28,0.69,1385,1390,20240726RUN03,13.854286093623672,100.48114841777927,3.157893147611716,3.2313157300160835,3.1946044388139,3.1738842946563253,1385,6035,0,857,192,1385.0
1515,1.39,0.2,0.8,1390,1395,20240726RUN03,13.85425188382468,100.48111819396489,3.157893147611716,3.2313157300160835,3.1946044388139,2.887067308310534,1390,6035,0,857,193,1392.0
1516,0.33,0.0,0.16,1395,1400,20240726RUN03,13.854217659948239,100.48108798678525,3.157893147611716,3.2313157300160835,3.1946044388139,3.398474432796794,1395,6035,0,857,194,1399.0
1517,0.53,0.0,0.26,1400,1405,20240726RUN03,13.854183415153173,100.48105780444706,2.2884619424866885,1.989662448429076,2.1390621954578823,2.000686566927476,1400,6035,0,857,,
1518,0.36,0.0,0.18,1405,1410,20240726RUN03,13.854149121255231,100.48102768059294,2.2884619424866885,1.989662448429076,2.1390621954578823,2.231061925059969,1405,6035,0,857,195,1406.0
1519,0.32,0.0,0.16,1410,1415,20240726RUN03,13.854114772812434,100.4809976219016,2.2884619424866885,1.989662448429076,2.1390621954578823,2.0030714005791146,1410,6035,0,857,196,1413.0
1520,0.8,0.0,0.4,1415,1420,20240726RUN03,13.854080405768256,100.48096758546008,2.2884619424866885,1.989662448429076,2.1390621954578823,2.075786810552365,1415,6035,0,857,,
1521,0.73,0.0,0.36,1420,1425,20240726RUN03,13.854046041928807,100.48093754518082,2.6068895661311062,2.490143813431508,2.548516689781307,2.674115191643765,1420,6035,0,857,197,1421.0
1522,0.22,0.0,0.11,1425,1430,20240726RUN03,13.85401170086775,100.48090747764272,2.6068895661311062,2.490143813431508,2.548516689781307,2.63606811743234,1425,6035,0,857,198,1428.0
1523,0.45,0.0,0.22,1430,1435,20240726RUN03,13.853977380562709,100.48087738526121,2.6068895661311062,2.490143813431508,2.548516689781307,2.3840716790007144,1430,6035,0,857,,
1524,0.94,0.02,0.48,1435,1440,20240726RUN03,13.853943055017496,100.48084729915182,2.6068895661311062,2.490143813431508,2.548516689781307,2.6052155616143082,1435,6035,0,857,199,1435.0
1525,0.61,0.0,0.3,1440,1445,20240726RUN03,13.853908723362647,100.48081722038187,2.237665986136657,2.205022768052305,2.221344377094481,2.1640646265830417,1440,6035,0,857,200,1442.0
1526,0.73,0.0,0.36,1445,1450,20240726RUN03,13.853874419534344,100.48078710835337,2.237665986136657,2.205022768052305,2.221344377094481,2.1647045225905184,1445,6035,0,857,201,1449.0
1527,1.29,0.01,0.65,1450,1455,20240726RUN03,13.853840147685723,100.48075695823417,2.237665986136657,2.205022768052305,2.221344377094481,2.306039441211022,1450,6035,0,857,,
1528,1.92,0.13,1.02,1455,1460,20240726RUN03,13.853805888219737,100.48072679340686,2.237665986136657,2.205022768052305,2.221344377094481,2.0853449918898805,1455,6035,0,857,202,1457.0
1529,1.5,0.16,0.83,1460,1465,20240726RUN03,13.853771644633362,100.48069660970035,2.19346554518488,2.564177091139133,2.3788213181620064,2.350479325894872,1460,6035,0,857,203,1464.0
1530,1.07,0.0,0.54,1465,1470,20240726RUN03,13.853737413874788,100.48066641075266,2.19346554518488,2.564177091139133,2.3788213181620064,2.28328904628519,1465,6035,0,857,,
1531,1.38,0.1,0.74,1470,1475,20240726RUN03,13.853703200221405,100.4806361915449,2.19346554518488,2.564177091139133,2.3788213181620064,2.285134855980837,1470,6035,0,857,204,1471.0
1532,1.43,0.0,0.72,1475,1480,20240726RUN03,13.853669038531969,100.48060591084725,2.19346554518488,2.564177091139133,2.3788213181620064,2.581729542379722,1475,6035,0,857,205,1478.0
1533,1.9,0.1,1.0,1480,1485,20240726RUN03,13.853634927703656,100.48057557014367,2.962096220828077,2.423800213467551,2.692948217147814,2.466369539063326,1480,6035,0,857,,
1534,1.58,0.17,0.88,1485,1490,20240726RUN03,13.853600832158087,100.48054521148954,2.962096220828077,2.423800213467551,2.692948217147814,2.57781929893431,1485,6035,0,857,206,1486.0
1535,1.1,0.0,0.55,1490,1495,20240726RUN03,13.853566747483267,100.48051484004817,2.962096220828077,2.423800213467551,2.692948217147814,2.9158583247837804,1490,6035,0,857,207,1493.0
1536,0.98,0.0,0.49,1495,1500,20240726RUN03,13.853532680854844,100.48048444743515,2.962096220828077,2.423800213467551,2.692948217147814,2.8037967128377836,1495,6035,0,857,,
1537,2.2,0.01,1.1,1500,1505,20240726RUN03,13.853498634866378,100.4804540306252,2.626607832845075,2.926417173137189,2.7765125029911317,2.6908068566578605,1500,6035,0,857,208,1500.0
1538,1.72,0.17,0.94,1505,1510,20240726RUN03,13.85346458562624,100.48042361764277,2.626607832845075,2.926417173137189,2.7765125029911317,2.9486707805742425,1505,6035,0,857,209,1507.0
1539,2.35,0.08,1.22,1510,1515,20240726RUN03,13.853430524633524,100.48039321847497,2.626607832845075,2.926417173137189,2.7765125029911317,2.985141090622739,1510,6035,0,857,210,1514.0
1540,2.39,0.13,1.26,1515,1520,20240726RUN03,13.853396477295043,100.48036280329406,2.626607832845075,2.926417173137189,2.7765125029911317,2.6213356617957437,1515,6035,0,857,,
1541,2.16,0.0,1.08,1520,1525,20240726RUN03,13.853362440553768,100.48033237569358,1.9778537177722284,2.72184691804334,2.349850317907784,2.3142609189192194,1520,6035,0,857,211,1522.0
1542,1.2,0.04,0.62,1525,1530,20240726RUN03,13.853328440789351,100.48030190488932,1.9778537177722284,2.72184691804334,2.349850317907784,2.2654277656879396,1525,6035,0,857,212,1529.0
1543,1.26,0.0,0.63,1530,1535,20240726RUN03,13.853294526968524,100.4802713339225,1.9778537177722284,2.72184691804334,2.349850317907784,2.4058597545531955,1530,6035,0,857,,
1544,1.59,0.08,0.84,1535,1540,20240726RUN03,13.853260646969217,100.48024072371659,1.9778537177722284,2.72184691804334,2.349850317907784,2.2694551483440146,1535,6035,0,857,213,1536.0
1545,1.34,0.24,0.79,1540,1545,20240726RUN03,13.85322674796052,100.48021013557192,1.8773302914919152,3.024274722176867,2.450802506834391,2.5737165197950587,1540,6035,0,857,214,1543.0
1546,1.19,0.07,0.63,1545,1550,20240726RUN03,13.853192870285222,100.48017952268471,1.8773302914919152,3.024274722176867,2.450802506834391,2.3558621613427575,1545,6035,0,857,,
1547,0.71,0.01,0.36,1550,1555,20240726RUN03,13.853159002411758,100.48014889846536,1.8773302914919152,3.024274722176867,2.450802506834391,2.38521141914389,1550,6035,0,857,215,1550.0
1548,1.4,0.0,0.7,1555,1560,20240726RUN03,13.85312506371241,100.48011835653057,1.8773302914919152,3.024274722176867,2.450802506834391,2.433267483484555,1555,6035,0,857,216,1558.0
1549,1.06,0.14,0.6,1560,1565,20240726RUN03,13.853091062728101,100.48008788724316,2.410556347218244,3.0163988411297264,2.7134775941739853,2.9093622838873876,1560,6035,0,857,,
1550,0.91,0.25,0.58,1565,1570,20240726RUN03,13.853057056937837,100.48005742357661,2.410556347218244,3.0163988411297264,2.7134775941739853,2.732846196667272,1565,6035,0,857,217,1565.0
1551,1.07,0.11,0.59,1570,1575,20240726RUN03,13.853023043120329,100.48002696932306,2.410556347218244,3.0163988411297264,2.7134775941739853,2.8960151631978035,1570,6035,0,857,218,1572.0
1552,1.37,0.13,0.75,1575,1580,20240726RUN03,13.852989015119562,100.47999653169636,2.410556347218244,3.0163988411297264,2.7134775941739853,2.4602758732104806,1575,6035,0,857,219,1579.0
1553,0.25,0.0,0.12,1580,1585,20240726RUN03,13.852954957992086,100.47996612820849,2.0962309768831875,2.2432661996320853,2.1697485882576366,2.0668394769482235,1580,6035,0,857,,
1554,1.26,0.04,0.65,1585,1590,20240726RUN03,13.852920840397525,100.47993579584445,2.0962309768831875,2.2432661996320853,2.1697485882576366,2.01379159692821,1585,6035,0,857,220,1586.0
1555,2.04,0.26,1.15,1590,1595,20240726RUN03,13.852886668521167,100.47990552756794,2.0962309768831875,2.2432661996320853,2.1697485882576366,2.183097301014003,1590,6035,0,857,221,1594.0
1556,1.39,0.35,0.87,1595,1600,20240726RUN03,13.852852466477133,100.47987529501748,2.0962309768831875,2.2432661996320853,2.1697485882576366,2.2649377541888325,1595,6035,0,857,,
1557,1.23,0.08,0.66,1600,1605,20240726RUN03,13.8528182492632,100.47984508045788,2.0656247677430386,2.2752460656034748,2.1704354166732567,2.078265732272087,1600,6035,0,857,222,1601.0
1558,1.54,0.5,1.02,1605,1610,20240726RUN03,13.852784018736873,100.4798148817084,2.0656247677430386,2.2752460656034748,2.1704354166732567,2.127740061858983,1605,6035,0,857,223,1608.0
1559,1.15,0.2,0.68,1610,1615,20240726RUN03,13.852749766763202,100.47978470846661,2.0656247677430386,2.2752460656034748,2.1704354166732567,2.0084447741075993,1610,6035,0,857,,
1560,0.61,0.12,0.36,1615,1620,20240726RUN03,13.852715496991847,100.47975455638984,2.0656247677430386,2.2752460656034748,2.1704354166732567,2.3002035454388823,1615,6035,0,857,224,1615.0
1561,0.96,0.24,0.6,1620,1625,20240726RUN03,13.852681232895785,100.47972439756286,2.075135984102861,2.609047775982821,2.342091880042841,2.4520819280075252,1620,6035,0,857,225,1623.0
1562,1.29,0.31,0.8,1625,1630,20240726RUN03,13.852646989900327,100.4796942136117,2.075135984102861,2.609047775982821,2.342091880042841,2.310709909061176,1625,6035,0,857,,
1563,1.15,0.14,0.64,1630,1635,20240726RUN03,13.852612787504743,100.47966398151998,2.075135984102861,2.609047775982821,2.342091880042841,2.530613406097327,1630,6035,0,857,226,1630.0
1564,1.16,0.04,0.6,1635,1640,20240726RUN03,13.852578644462126,100.47963367923894,2.075135984102861,2.609047775982821,2.342091880042841,2.318020879671767,1635,6035,0,857,227,1637.0
1565,1.37,0.23,0.8,1640,1645,20240726RUN03,13.85254453501161,100.47960333735486,1.8753532751359565,2.2773489172164023,2.0763510961761793,2.113392585406679,1640,6035,0,857,228,1644.0
1566,1.24,0.06,0.65,1645,1650,20240726RUN03,13.85251044468736,100.47957297296612,1.8753532751359565,2.2773489172164023,2.0763510961761793,2.262272456639341,1645,6035,0,857,,
1567,1.17,0.0,0.58,1650,1655,20240726RUN03,13.852476398604372,100.4795425566462,1.8753532751359565,2.2773489172164023,2.0763510961761793,2.2092769010796327,1650,6035,0,857,229,1651.0
1568,1.34,0.0,0.67,1655,1660,20240726RUN03,13.852442393596464,100.4795120922331,1.8753532751359565,2.2773489172164023,2.0763510961761793,1.9216286904083157,1655,6035,0,857,230,1659.0
1569,0.86,0.0,0.43,1660,1665,20240726RUN03,13.852408404942944,100.47948160873034,2.061120350950854,2.253208542141663,2.1571644465462585,2.0817016345171586,1660,6035,0,857,,
1570,1.35,0.0,0.68,1665,1670,20240726RUN03,13.852374426296825,100.4794511135397,2.061120350950854,2.253208542141663,2.1571644465462585,2.1828479081792036,1665,6035,0,857,231,1666.0
1571,0.98,0.0,0.49,1670,1675,20240726RUN03,13.85234046659044,100.47942059627287,2.061120350950854,2.253208542141663,2.1571644465462585,2.1738929692297666,1670,6035,0,857,232,1673.0
1572,0.55,0.0,0.28,1675,1680,20240726RUN03,13.852306531235612,100.4793900506535,2.061120350950854,2.253208542141663,2.1571644465462585,2.1429880358494575,1675,6035,0,857,,
1573,0.41,0.0,0.2,1680,1685,20240726RUN03,13.852272610879792,100.47935948758344,1.8205103132274756,1.4891213323894266,1.654815822808451,1.5734104321291313,1680,6035,0,857,233,1680.0
1574,0.53,0.0,0.26,1685,1690,20240726RUN03,13.852238676240585,100.47932894113656,1.8205103132274756,1.4891213323894266,1.654815822808451,1.646551978603826,1685,6035,0,857,234,1687.0
1575,0.57,0.0,0.28,1690,1695,20240726RUN03,13.852204731556528,100.47929840638616,1.8205103132274756,1.4891213323894266,1.654815822808451,1.7359984614472883,1690,6035,0,857,,
1576,0.48,0.0,0.24,1695,1700,20240726RUN03,13.852170798900199,100.47926785763978,1.8205103132274756,1.4891213323894266,1.654815822808451,1.6448046381940844,1695,6035,0,857,235,1695.0
1577,0.59,0.0,0.3,1700,1705,20240726RUN03,13.852136878938948,100.47923729411879,2.854348556872295,2.967888132997765,2.91111834493503,2.727416778863537,1700,6035,0,857,236,1702.0
1578,0.29,0.0,0.14,1705,1710,20240726RUN03,13.852102981108263,100.47920670490291,2.854348556872295,2.967888132997765,2.91111834493503,2.985515237530185,1705,6035,0,857,237,1709.0
1579,0.59,0.0,0.3,1710,1715,20240726RUN03,13.852069113575244,100.47917608056471,2.854348556872295,2.967888132997765,2.91111834493503,3.1126796571431243,1710,6035,0,857,,
1580,0.83,0.0,0.42,1715,1720,20240726RUN03,13.852035260557535,100.47914543942063,2.854348556872295,2.967888132997765,2.91111834493503,3.089982959116515,1715,6035,0,857,238,1716.0
1581,0.36,0.0,0.18,1720,1725,20240726RUN03,13.852001428016134,100.47911477460481,2.191984985860444,2.4374837509205696,2.314734368390507,2.3574548514244027,1720,6035,0,857,239,1723.0
1582,0.36,0.0,0.18,1725,1730,20240726RUN03,13.851967623488841,100.47908407743716,2.191984985860444,2.4374837509205696,2.314734368390507,2.5414327455348764,1725,6035,0,857,,
1583,0.36,0.0,0.18,1730,1735,20240726RUN03,13.851933834541091,100.47905336230707,2.191984985860444,2.4374837509205696,2.314734368390507,2.285022171137296,1730,6035,0,857,240,1731.0
1584,0.25,0.0,0.12,1735,1740,20240726RUN03,13.851900057223475,100.47902263377672,2.191984985860444,2.4374837509205696,2.314734368390507,2.2716434420809875,1735,6035,0,857,241,1738.0
1585,0.21,0.0,0.1,1740,1745,20240726RUN03,13.851866294832519,100.4789918880746,2.1301210103605697,2.512649973124659,2.3213854917426144,2.434732715226563,1740,6035,0,857,,
1586,0.32,0.0,0.16,1745,1750,20240726RUN03,13.85183255966165,100.478961111095,2.1301210103605697,2.512649973124659,2.3213854917426144,2.4488154039730223,1745,6035,0,857,242,1745.0
1587,0.09,0.74,0.42,1750,1755,20240726RUN03,13.851798854136176,100.47893030010516,2.1301210103605697,2.512649973124659,2.3213854917426144,2.4181032731362544,1750,6035,0,857,243,1752.0
1588,0.01,5.85,2.93,1755,1760,20240726RUN03,13.851765163593306,100.47889947194525,2.1301210103605697,2.512649973124659,2.3213854917426144,2.136543658128763,1755,6035,0,857,,
1589,0.04,3.86,1.95,1760,1765,20240726RUN03,13.851731461925292,100.47886865652143,2.1685600633110096,2.1109952793584896,2.1397776713347496,2.125128280623377,1760,6035,0,857,244,1760.0
1590,0.08,2.7,1.39,1765,1770,20240726RUN03,13.851697694789735,100.47883791628048,2.1685600633110096,2.1109952793584896,2.1397776713347496,2.2891640140244585,1765,6035,0,857,245,1767.0
1591,0.08,2.46,1.27,1770,1775,20240726RUN03,13.851663875941572,100.47880723565073,2.1685600633110096,2.1109952793584896,2.1397776713347496,1.9857342140275138,1770,6035,0,857,246,1774.0
1592,0.15,3.39,1.77,1775,1780,20240726RUN03,13.85163004123812,100.47877657333348,2.1685600633110096,2.1109952793584896,2.1397776713347496,2.35139540364446,1775,6035,0,857,,
1593,1.03,1.67,1.35,1780,1785,20240726RUN03,13.851596174104106,100.47874594852809,2.470365915541748,1.7257109423514487,2.098038428946598,2.034718237705469,1780,6035,0,857,247,1781.0
1594,0.62,0.17,0.4,1785,1790,20240726RUN03,13.851562277749052,100.47871535761585,2.470365915541748,1.7257109423514487,2.098038428946598,1.962881080104809,1785,6035,0,857,248,1788.0
1595,0.23,0.3,0.26,1790,1795,20240726RUN03,13.851528357957474,100.4786847939306,2.470365915541748,1.7257109423514487,2.098038428946598,1.9289245889382705,1790,6035,0,857,,
1596,0.2,0.0,0.1,1795,1800,20240726RUN03,13.851494399428967,100.47865427532828,2.470365915541748,1.7257109423514487,2.098038428946598,2.1869298951851333,1795,6035,0,857,249,1796.0
1597,1.03,0.01,0.52,1800,1805,20240726RUN03,13.851460415426354,100.47862378646096,2.0093914902785714,1.9286987226341317,1.9690451064563517,1.9665325793585715,1800,6035,0,857,250,1803.0
1598,1.71,0.0,0.86,1805,1810,20240726RUN03,13.851426399762154,100.47859333460408,2.0093914902785714,1.9286987226341317,1.9690451064563517,1.8754325741028604,1805,6035,0,857,,
1599,1.06,0.05,0.56,1810,1815,20240726RUN03,13.851392346147653,100.47856292719776,2.0093914902785714,1.9286987226341317,1.9690451064563517,2.150531175436109,1810,6035,0,857,251,1810.0
1600,1.28,0.01,0.64,1815,1820,20240726RUN03,13.851358282113752,100.4785325320029,2.0093914902785714,1.9286987226341317,1.9690451064563517,1.8931805885817317,1815,6035,0,857,252,1817.0
1601,1.36,0.01,0.68,1820,1825,20240726RUN03,13.851324232533786,100.4785021198644,2.3181335487250347,2.398472103675372,2.3583028262002035,2.234032179949232,1820,6035,0,857,253,1824.0
1602,1.64,0.03,0.84,1825,1830,20240726RUN03,13.851290206271374,100.47847168039398,2.3181335487250347,2.398472103675372,2.3583028262002035,2.1418817624386857,1825,6035,0,857,,
1603,1.69,0.0,0.84,1830,1835,20240726RUN03,13.851256196645876,100.47844122147248,2.3181335487250347,2.398472103675372,2.3583028262002035,2.4132841548636166,1830,6035,0,857,254,1832.0
1604,1.85,0.06,0.96,1835,1840,20240726RUN03,13.85122218343463,100.47841076673431,2.3181335487250347,2.398472103675372,2.3583028262002035,2.5924420193154423,1835,6035,0,857,255,1839.0
1605,2.08,0.01,1.04,1840,1845,20240726RUN03,13.851188155932062,100.47838032873001,1.7132162170764893,1.521614756523375,1.6174154867999322,1.6949796676780886,1840,6035,0,857,,
1606,1.73,0.18,0.96,1845,1850,20240726RUN03,13.851154132724341,100.47834988569511,1.7132162170764893,1.521614756523375,1.6174154867999322,1.5330287296728184,1845,6035,0,857,256,1846.0
1607,1.36,0.07,0.72,1850,1855,20240726RUN03,13.851120124953672,100.47831942460294,1.7132162170764893,1.521614756523375,1.6174154867999322,1.7786180814401165,1850,6035,0,857,257,1853.0
1608,1.03,0.01,0.52,1855,1860,20240726RUN03,13.851086138553374,100.47828893853017,1.7132162170764893,1.521614756523375,1.6174154867999322,1.6874307975196126,1855,6035,0,857,,
1609,1.25,0.0,0.62,1860,1865,20240726RUN03,13.851052167403102,100.47825843468229,1.560289358312679,2.057840598927499,1.8090649786200887,1.887286476300781,1860,6035,0,857,258,1860.0
1610,1.46,0.0,0.73,1865,1870,20240726RUN03,13.851018192556733,100.47822793514707,1.560289358312679,2.057840598927499,1.8090649786200887,1.9779089653940547,1865,6035,0,857,259,1868.0
1611,1.18,0.0,0.59,1870,1875,20240726RUN03,13.850984206418964,100.47819744878878,1.560289358312679,2.057840598927499,1.8090649786200887,1.642295953289339,1870,6035,0,857,,
1612,0.7,0.05,0.38,1875,1880,20240726RUN03,13.850950191198043,100.47816699646594,1.560289358312679,2.057840598927499,1.8090649786200887,1.812933344979247,1875,6035,0,857,260,1875.0
1613,0.74,0.0,0.37,1880,1885,20240726RUN03,13.850916140442985,100.47813658574162,1.9695043036419115,2.4529446542795514,2.2112244789607316,2.2109484053637454,1880,6035,0,857,261,1882.0
1614,0.99,0.04,0.52,1885,1890,20240726RUN03,13.850882080173115,100.47810618619266,1.9695043036419115,2.4529446542795514,2.2112244789607316,1.990686208046138,1885,6035,0,857,262,1889.0
1615,1.29,0.19,0.74,1890,1895,20240726RUN03,13.850848011176582,100.47807579689923,1.9695043036419115,2.4529446542795514,2.2112244789607316,2.298246493143297,1890,6035,0,857,,
1616,1.44,0.53,0.98,1895,1900,20240726RUN03,13.850813929945355,100.47804542197676,1.9695043036419115,2.4529446542795514,2.2112244789607316,2.353217996715877,1895,6035,0,857,263,1897.0
1617,1.14,0.14,0.64,1900,1905,20240726RUN03,13.850779861345009,100.47801503223762,4.242369758896617,3.838207998119956,4.040288878508287,4.274377136549781,1900,6035,0,857,264,1904.0
1618,1.77,0.61,1.19,1905,1910,20240726RUN03,13.850745782929275,100.477984653976,4.242369758896617,3.838207998119956,4.040288878508287,3.8099062095914062,1905,6035,0,857,,
1619,2.76,0.53,1.64,1910,1915,20240726RUN03,13.850711653410064,100.47795433597904,4.242369758896617,3.838207998119956,4.040288878508287,4.330644484408861,1910,6035,0,857,265,1911.0
1620,1.87,0.07,0.97,1915,1920,20240726RUN03,13.850677500579456,100.47792404540948,4.242369758896617,3.838207998119956,4.040288878508287,4.019317951650633,1915,6035,0,857,266,1918.0
1621,2.06,0.39,1.23,1920,1925,20240726RUN03,13.850643344814477,100.47789375830766,1.564151824184515,2.312069673278692,1.9381107487316034,1.8097322151789481,1920,6035,0,857,,
1622,0.83,0.03,0.43,1925,1930,20240726RUN03,13.850609173514673,100.4778634895745,1.564151824184515,2.312069673278692,1.9381107487316034,2.1236587934731173,1925,6035,0,857,267,1925.0
1623,1.2,0.02,0.61,1930,1935,20240726RUN03,13.85057496843873,100.47783326085471,1.564151824184515,2.312069673278692,1.9381107487316034,1.9136864093862895,1930,6035,0,857,268,1933.0
1624,2.06,0.13,1.1,1935,1940,20240726RUN03,13.85054073623682,100.47780306432034,1.564151824184515,2.312069673278692,1.9381107487316034,2.070399870467417,1935,6035,0,857,,
1625,1.98,0.0,0.99,1940,1945,20240726RUN03,13.85050650920192,100.47777286164799,1.508860181289067,1.2363471384884033,1.372603659888735,1.3461588884601035,1940,6035,0,857,269,1940.0
1626,2.26,0.01,1.13,1945,1950,20240726RUN03,13.850472275923968,100.47774266636475,1.508860181289067,1.2363471384884033,1.372603659888735,1.3922013752275224,1945,6035,0,857,270,1947.0
1627,2.78,0.09,1.43,1950,1955,20240726RUN03,13.85043802397187,100.47771249330724,1.508860181289067,1.2363471384884033,1.372603659888735,1.438605828446311,1950,6035,0,857,271,1954.0
1628,2.94,0.02,1.48,1955,1960,20240726RUN03,13.85040377699678,100.47768231431245,1.508860181289067,1.2363471384884033,1.372603659888735,1.3247632685268773,1955,6035,0,857,,
1629,2.92,0.03,1.48,1960,1965,20240726RUN03,13.85036955656313,100.47765210379983,1.4653253448983812,1.908918242147858,1.6871217935231195,1.7562011554913375,1960,6035,0,857,272,1961.0
1630,2.24,0.0,1.12,1965,1970,20240726RUN03,13.850335370837051,100.47762185217627,1.4653253448983812,1.908918242147858,1.6871217935231195,1.6784713639862352,1965,6035,0,857,273,1969.0
1631,2.46,0.0,1.23,1970,1975,20240726RUN03,13.850301208339037,100.47759157311403,1.4653253448983812,1.908918242147858,1.6871217935231195,1.6163008026829762,1970,6035,0,857,,
1632,2.76,0.03,1.39,1975,1980,20240726RUN03,13.850267069842573,100.477561265694,1.4653253448983812,1.908918242147858,1.6871217935231195,1.8492479820503729,1975,6035,0,857,274,1976.0
1633,2.75,0.09,1.42,1980,1985,20240726RUN03,13.850232952979582,100.47753093275738,1.6058781930005883,1.5566726006884468,1.5812753968445175,1.7173261187335507,1980,6035,0,857,275,1983.0
1634,2.61,0.18,1.4,1985,1990,20240726RUN03,13.850198845193411,100.47750058912123,1.6058781930005883,1.5566726006884468,1.5812753968445175,1.462896839288405,1985,6035,0,857,,
1635,2.06,0.06,1.06,1990,1995,20240726RUN03,13.850164724268183,100.47747026097528,1.6058781930005883,1.5566726006884468,1.5812753968445175,1.59761106091401,1990,6035,0,857,276,1990.0
1636,2.41,0.03,1.22,1995,2000,20240726RUN03,13.850130583065056,100.47743995677448,1.6058781930005883,1.5566726006884468,1.5812753968445175,1.5731626577662665,1995,6035,0,857,277,1998.0
1637,2.56,0.0,1.28,2000,2005,20240726RUN03,13.850096456776473,100.47740963494644,2.9330870137124063,1.9556545578831372,2.444370785797772,2.5830829872661094,2000,6035,0,857,,
1638,1.87,0.19,1.03,2005,2010,20240726RUN03,13.850062382986906,100.47737925142297,2.9330870137124063,1.9556545578831372,2.444370785797772,2.4318833835569147,2005,6035,0,857,278,2005.0
1639,1.72,0.02,0.87,2010,2015,20240726RUN03,13.850028344456346,100.47734882645624,2.9330870137124063,1.9556545578831372,2.444370785797772,2.67838465652813,2010,6035,0,857,279,2012.0
1640,1.41,0.0,0.7,2015,2020,20240726RUN03,13.849994318297435,100.4773183870332,2.9330870137124063,1.9556545578831372,2.444370785797772,2.277561871821722,2015,6035,0,857,280,2019.0
1641,1.25,0.0,0.62,2020,2025,20240726RUN03,13.849960306807029,100.47728793046052,2.791317315983794,2.6212951100570603,2.706306213020427,2.737670061691989,2020,6035,0,857,,
1642,2.39,0.0,1.2,2025,2030,20240726RUN03,13.849926307953659,100.47725745910377,2.791317315983794,2.6212951100570603,2.706306213020427,2.624870483500913,2025,6035,0,857,281,2026.0
1643,2.61,0.0,1.3,2030,2035,20240726RUN03,13.849892291882757,100.47722700789822,2.791317315983794,2.6212951100570603,2.706306213020427,2.812909057641544,2030,6035,0,857,282,2034.0
1644,2.49,0.16,1.33,2035,2040,20240726RUN03,13.849858237771345,100.47719660123924,2.791317315983794,2.6212951100570603,2.706306213020427,2.832255437239363,2035,6035,0,857,,
1645,1.83,0.03,0.93,2040,2045,20240726RUN03,13.849824181977182,100.47716619655918,2.035618755356544,2.126951164671018,2.081284960013781,2.0002089214401906,2040,6035,0,857,283,2041.0
1646,1.87,0.03,0.95,2045,2050,20240726RUN03,13.849790111777299,100.47713580880053,2.035618755356544,2.126951164671018,2.081284960013781,2.206207930657579,2045,6035,0,857,284,2048.0
1647,1.66,0.1,0.88,2050,2055,20240726RUN03,13.84975598636447,100.4771054860037,2.035618755356544,2.126951164671018,2.081284960013781,2.070231400559613,2050,6035,0,857,,
1648,1.76,0.02,0.89,2055,2060,20240726RUN03,13.849721836669776,100.4770751918704,2.035618755356544,2.126951164671018,2.081284960013781,2.0092368092821618,2055,6035,0,857,285,2055.0
1649,2.33,0.06,1.2,2060,2065,20240726RUN03,13.849687673308477,100.47704491387131,2.2765852698806457,2.438939378650931,2.3577623242657886,2.269331814194665,2060,6035,0,857,286,2062.0
1650,2.01,0.0,1.0,2065,2070,20240726RUN03,13.84965348026154,100.4770146709777,2.2765852698806457,2.438939378650931,2.3577623242657886,2.423412353418353,2065,6035,0,857,,
1651,2.57,0.03,1.3,2070,2075,20240726RUN03,13.849619311715436,100.47698439916647,2.2765852698806457,2.438939378650931,2.3577623242657886,2.5084355935754488,2070,6035,0,857,287,2070.0
1652,2.57,0.05,1.31,2075,2080,20240726RUN03,13.849585218447652,100.47695403857756,2.2765852698806457,2.438939378650931,2.3577623242657886,2.144952493341161,2075,6035,0,857,288,2077.0
1653,2.46,0.01,1.23,2080,2085,20240726RUN03,13.849551173412639,100.47692362129966,1.923495504188284,1.728884844118299,1.8261901741532913,1.8959873594052485,2080,6035,0,857,289,2084.0
1654,1.65,0.0,0.82,2085,2090,20240726RUN03,13.849517153287408,100.47689317486825,1.923495504188284,1.728884844118299,1.8261901741532913,1.6742376532016028,2085,6035,0,857,,
1655,1.93,0.01,0.97,2090,2095,20240726RUN03,13.849483138655508,100.47686272201304,1.923495504188284,1.728884844118299,1.8261901741532913,1.8194461612289434,2090,6035,0,857,290,2091.0
1656,1.46,0.02,0.74,2095,2100,20240726RUN03,13.849449124716315,100.47683226837361,1.923495504188284,1.728884844118299,1.8261901741532913,1.9071426044211393,2095,6035,0,857,291,2098.0
1657,1.7,0.0,0.85,2100,2105,20240726RUN03,13.849415121638456,100.47680180201863,2.651157946004428,3.378392376955301,3.0147751614798644,2.980730643330791,2100,6035,0,857,,
1658,1.29,0.0,0.64,2105,2110,20240726RUN03,13.849381102306625,100.47677135464694,2.651157946004428,3.378392376955301,3.0147751614798644,3.101241355425728,2105,6035,0,857,292,2106.0
1659,1.14,0.0,0.57,2110,2115,20240726RUN03,13.849347075326309,100.4767409162641,2.651157946004428,3.378392376955301,3.0147751614798644,3.0513943600664684,2110,6035,0,857,293,2113.0
1660,1.17,0.0,0.58,2115,2120,20240726RUN03,13.849313088491966,100.47671043095909,2.651157946004428,3.378392376955301,3.0147751614798644,3.2159959921274828,2115,6035,0,857,,
1661,1.24,0.0,0.62,2120,2125,20240726RUN03,13.849279134131699,100.47667990775442,2.38423251616951,2.603651259817528,2.493941887993519,2.6659201861840103,2120,6035,0,857,294,2120.0
1662,0.77,0.0,0.38,2125,2130,20240726RUN03,13.84924518130747,100.4766493827479,2.38423251616951,2.603651259817528,2.493941887993519,2.5211198577634706,2125,6035,0,857,295,2127.0
1663,1.28,0.0,0.64,2130,2135,20240726RUN03,13.849211212788765,100.4766188760364,2.38423251616951,2.603651259817528,2.493941887993519,2.34493794869668,2130,6035,0,857,,
1664,1.06,0.0,0.53,2135,2140,20240726RUN03,13.849177219195726,100.47658839860641,2.38423251616951,2.603651259817528,2.493941887993519,2.647824443518139,2135,6035,0,857,296,2135.0
1665,1.64,0.02,0.83,2140,2145,20240726RUN03,13.84914320985832,100.47655793960148,1.6202069084876711,1.7478331117041723,1.6840200100959217,1.6890667943545288,2140,6035,0,857,297,2142.0
1666,1.11,0.0,0.56,2145,2150,20240726RUN03,13.84910921193317,100.47652746723871,1.6202069084876711,1.7478331117041723,1.6840200100959217,1.675140798054295,2145,6035,0,857,298,2149.0
1667,0.83,0.0,0.42,2150,2155,20240726RUN03,13.84907523568769,100.47649696958622,1.6202069084876711,1.7478331117041723,1.6840200100959217,1.6071844957716128,2150,6035,0,857,,
1668,1.21,0.0,0.6,2155,2160,20240726RUN03,13.849041266722802,100.47646646344577,1.6202069084876711,1.7478331117041723,1.6840200100959217,1.6218148100575929,2155,6035,0,857,299,2156.0
1669,0.68,0.01,0.34,2160,2165,20240726RUN03,13.84900730950659,100.47643594361087,2.3127802099001804,2.566585991949553,2.4396831009248667,2.305102666781265,2160,6035,0,857,300,2163.0
1670,1.06,0.06,0.56,2165,2170,20240726RUN03,13.848973391767142,100.47640537784316,2.3127802099001804,2.566585991949553,2.4396831009248667,2.3540486866760104,2165,6035,0,857,,
1671,0.6,0.1,0.35,2170,2175,20240726RUN03,13.8489394932418,100.47637478975452,2.3127802099001804,2.566585991949553,2.4396831009248667,2.5543291705242637,2170,6035,0,857,301,2171.0
1672,0.55,0.0,0.28,2175,2180,20240726RUN03,13.84890557164558,100.47634422844506,2.3127802099001804,2.566585991949553,2.4396831009248667,2.5561007538907403,2175,6035,0,857,302,2178.0
1673,1.27,0.0,0.64,2180,2185,20240726RUN03,13.848871603626028,100.47631372123794,1.6559922759069754,2.0871656562628527,1.871578966084914,1.7008748164563636,2180,6035,0,857,,
1674,1.02,0.0,0.51,2185,2190,20240726RUN03,13.848837592419459,100.4762832644529,1.6559922759069754,2.0871656562628527,1.871578966084914,1.9155738044398976,2185,6035,0,857,303,2185.0
1675,0.43,0.0,0.22,2190,2195,20240726RUN03,13.848803554117088,100.47625283938939,1.6559922759069754,2.0871656562628527,1.871578966084914,1.9877629745398058,2190,6035,0,857,304,2192.0
1676,0.38,0.0,0.19,2195,2200,20240726RUN03,13.84876948564249,100.47622244974819,1.6559922759069754,2.0871656562628527,1.871578966084914,1.9897406641603346,2195,6035,0,857,305,2199.0
1677,0.35,0.0,0.18,2200,2205,20240726RUN03,13.848735413230996,100.47619206473179,1.813525389987164,2.133568158687225,1.9735467743371946,1.9861806707962433,2200,6035,0,857,,
1678,0.3,0.0,0.15,2205,2210,20240726RUN03,13.84870138388819,100.47616162921695,1.813525389987164,2.133568158687225,1.9735467743371946,2.052572063982579,2205,6035,0,857,306,2207.0
1679,0.26,0.09,0.18,2210,2215,20240726RUN03,13.848667388758887,100.47613115368154,1.813525389987164,2.133568158687225,1.9735467743371946,2.1069313875423026,2210,6035,0,857,307,2214.0
1680,0.2,0.0,0.1,2215,2220,20240726RUN03,13.84863341502291,100.47610065316807,1.813525389987164,2.133568158687225,1.9735467743371946,1.9089681356697084,2215,6035,0,857,,
1681,0.48,0.03,0.26,2220,2225,20240726RUN03,13.84859944556547,100.4760701476586,1.7298654448603652,1.830261010039876,1.7800632274501207,1.8078438415483666,2220,6035,0,857,308,2221.0
1682,0.4,0.21,0.3,2225,2230,20240726RUN03,13.84856544494839,100.47603967854282,1.7298654448603652,1.830261010039876,1.7800632274501207,1.692760144689781,2225,6035,0,857,309,2228.0
1683,0.25,0.08,0.16,2230,2235,20240726RUN03,13.848531424534293,100.47600923260461,1.7298654448603652,1.830261010039876,1.7800632274501207,1.6162969292263885,2230,6035,0,857,,
1684,0.17,0.07,0.12,2235,2240,20240726RUN03,13.848497398107666,100.4759787936751,1.7298654448603652,1.830261010039876,1.7800632274501207,1.7564763531900052,2235,6035,0,857,310,2235.0
1685,0.3,0.06,0.18,2240,2245,20240726RUN03,13.84846336441257,100.47594836328861,1.2190988570320556,1.711558087045571,1.4653284720388133,1.5566315197922473,2240,6035,0,857,311,2243.0
1686,0.08,0.0,0.04,2245,2250,20240726RUN03,13.848429330485015,100.47591793316447,1.2190988570320556,1.711558087045571,1.4653284720388133,1.46786964950822,2245,6035,0,857,,
1687,0.05,0.01,0.03,2250,2255,20240726RUN03,13.84839530331492,100.47588749514695,1.2190988570320556,1.711558087045571,1.4653284720388133,1.3237903631679226,2250,6035,0,857,312,2250.0
1688,0.09,0.0,0.04,2255,2260,20240726RUN03,13.848361282559933,100.47585704962661,1.2190988570320556,1.711558087045571,1.4653284720388133,1.5010847871982262,2255,6035,0,857,313,2257.0
1689,0.04,0.0,0.02,2260,2265,20240726RUN03,13.848327248342063,100.47582661986706,1.4843747069627455,1.7038545881107034,1.5941146475367245,1.7508472450860346,2260,6035,0,857,314,2264.0
1690,0.07,0.0,0.04,2265,2270,20240726RUN03,13.848293183255535,100.47579622631048,1.4843747069627455,1.7038545881107034,1.5941146475367245,1.4465549070099535,2265,6035,0,857,,
1691,0.07,0.0,0.04,2270,2275,20240726RUN03,13.848259093697147,100.47576586152044,1.4843747069627455,1.7038545881107034,1.5941146475367245,1.572428985223131,2270,6035,0,857,315,2272.0
1692,0.17,0.0,0.08,2275,2280,20240726RUN03,13.848225003954354,100.47573549695976,1.4843747069627455,1.7038545881107034,1.5941146475367245,1.6963376321082735,2275,6035,0,857,316,2279.0
1693,0.18,0.03,0.1,2280,2285,20240726RUN03,13.848190908850889,100.47570513869235,1.6753530483975545,1.748150770734896,1.7117519095662252,1.681209145986887,2280,6035,0,857,,
1694,0.19,0.0,0.1,2285,2290,20240726RUN03,13.848156797536694,100.47567479952268,1.6753530483975545,1.748150770734896,1.7117519095662252,1.779438958013701,2285,6035,0,857,317,2286.0
1695,0.15,0.02,0.08,2290,2295,20240726RUN03,13.848122688871001,100.47564445726033,1.6753530483975545,1.748150770734896,1.7117519095662252,1.6688118885908065,2290,6035,0,857,318,2293.0
1696,0.18,0.0,0.09,2295,2300,20240726RUN03,13.848088597332008,100.47561409482618,1.6753530483975545,1.748150770734896,1.7117519095662252,1.7047452018278737,2295,6035,0,857,,
1697,0.27,0.14,0.2,2300,2305,20240726RUN03,13.848054525455755,100.47558370929876,1.650318120733603,1.7952447974198984,1.7227814590767507,1.592793837097747,2300,6035,0,857,319,2300.0
1698,0.44,0.07,0.26,2305,2310,20240726RUN03,13.848020479808842,100.47555329299159,1.650318120733603,1.7952447974198984,1.7227814590767507,1.5793160773409598,2305,6035,0,857,320,2308.0
1699,0.07,0.1,0.08,2310,2315,20240726RUN03,13.84798646027626,100.47552284608034,1.650318120733603,1.7952447974198984,1.7227814590767507,1.6164197960673312,2310,6035,0,857,,
1700,0.01,0.0,0.0,2315,2320,20240726RUN03,13.847952463781684,100.47549237223794,1.650318120733603,1.7952447974198984,1.7227814590767507,1.8400673060455726,2315,6035,0,857,321,2315.0
1701,0.24,0.03,0.14,2320,2325,20240726RUN03,13.847918476758522,100.47546188733928,1.6155780907060568,1.920745751004315,1.768161920855186,1.758046172935725,2320,6035,0,857,322,2322.0
1702,0.15,0.02,0.08,2325,2330,20240726RUN03,13.847884483309798,100.47543140995256,1.6155780907060568,1.920745751004315,1.768161920855186,1.6480798733662037,2325,6035,0,857,323,2329.0
1703,0.29,0.02,0.16,2330,2335,20240726RUN03,13.8478504542197,100.47540097427306,1.6155780907060568,1.920745751004315,1.768161920855186,1.929463831775771,2330,6035,0,857,,
1704,0.08,0.0,0.04,2335,2340,20240726RUN03,13.847816394654673,100.47537057431074,1.6155780907060568,1.920745751004315,1.768161920855186,1.686640120180779,2335,6035,0,857,324,2336.0
1705,0.14,0.02,0.08,2340,2345,20240726RUN03,13.847782341930507,100.47534016634489,1.81681290917034,1.8817946709061408,1.8493037900382405,1.8788156820086608,2340,6035,0,857,325,2344.0
1706,0.08,0.0,0.04,2345,2350,20240726RUN03,13.84774828023833,100.47530976889001,1.81681290917034,1.8817946709061408,1.8493037900382405,1.6841020134349955,2345,6035,0,857,,
1707,0.29,0.08,0.18,2350,2355,20240726RUN03,13.847714197762118,100.47527939584857,1.81681290917034,1.8817946709061408,1.8493037900382405,1.9484953789030417,2350,6035,0,857,326,2351.0
1708,0.01,0.01,0.01,2355,2360,20240726RUN03,13.847680122901004,100.47524901386565,1.81681290917034,1.8817946709061408,1.8493037900382405,1.9026572763079055,2355,6035,0,857,327,2358.0
1709,0.09,0.03,0.06,2360,2365,20240726RUN03,13.847646071185872,100.47521860473375,2.426783471026009,2.368262257877244,2.3975228644516267,2.260651325519967,2360,6035,0,857,,
1710,0.01,0.0,0.0,2365,2370,20240726RUN03,13.847612034073869,100.47518817844957,2.426783471026009,2.368262257877244,2.3975228644516267,2.255956070723577,2365,6035,0,857,328,2365.0
1711,0.0,0.03,0.02,2370,2375,20240726RUN03,13.847578011670901,100.47515773497099,2.426783471026009,2.368262257877244,2.3975228644516267,2.532052021248043,2370,6035,0,857,329,2372.0
1712,0.0,0.0,0.0,2375,2380,20240726RUN03,13.84754402713415,100.47512724724973,2.426783471026009,2.368262257877244,2.3975228644516267,2.349608358145024,2375,6035,0,857,,
1713,0.01,0.05,0.03,2380,2385,20240726RUN03,13.84751007746587,100.47509671888875,1.502080862054718,2.197846254533342,1.84996355829403,1.7392204596804848,2380,6035,0,857,330,2380.0
1714,0.01,0.2,0.11,2385,2390,20240726RUN03,13.847476148158666,100.47506616683727,1.502080862054718,2.197846254533342,1.84996355829403,1.9054648619706733,2385,6035,0,857,331,2387.0
1715,0.15,0.0,0.08,2390,2395,20240726RUN03,13.847442229350222,100.47503560257694,1.502080862054718,2.197846254533342,1.84996355829403,1.8357864740728265,2390,6035,0,857,332,2394.0
1716,0.06,0.08,0.07,2395,2400,20240726RUN03,13.847408312643298,100.47500503587548,1.502080862054718,2.197846254533342,1.84996355829403,1.9153815101645968,2395,6035,0,857,,
1717,0.07,0.0,0.04,2400,2405,20240726RUN03,13.847374409843967,100.47497445302093,1.635098518881179,1.197182151074483,1.416140334977831,1.376123202342429,2400,6035,0,857,333,2401.0
1718,0.03,0.06,0.04,2405,2410,20240726RUN03,13.847340546437964,100.4749438245214,1.635098518881179,1.197182151074483,1.416140334977831,1.4343438891802673,2405,6035,0,857,334,2409.0
1719,0.02,0.02,0.02,2410,2415,20240726RUN03,13.847306711646397,100.47491316291759,1.635098518881179,1.197182151074483,1.416140334977831,1.4723788654846341,2410,6035,0,857,,
1720,0.11,0.0,0.06,2415,2420,20240726RUN03,13.84727287611174,100.47488250216738,1.635098518881179,1.197182151074483,1.416140334977831,1.3880366075672141,2415,6035,0,857,335,2416.0
1721,0.53,0.08,0.3,2420,2425,20240726RUN03,13.847239043105406,100.47485183850563,1.6939508222998831,1.9407062125899168,1.8173285174449,1.8180219429913549,2420,6035,0,857,336,2423.0
1722,0.77,0.09,0.43,2425,2430,20240726RUN03,13.84720520711734,100.47482117827947,1.6939508222998831,1.9407062125899168,1.8173285174449,1.945930475351696,2425,6035,0,857,,
1723,0.3,0.0,0.15,2430,2435,20240726RUN03,13.847171373251108,100.47479051561513,1.6939508222998831,1.9407062125899168,1.8173285174449,1.840535605273751,2430,6035,0,857,337,2430.0
1724,0.75,0.0,0.38,2435,2440,20240726RUN03,13.847137578017707,100.47475980839624,1.6939508222998831,1.9407062125899168,1.8173285174449,1.7932803639254309,2435,6035,0,857,338,2437.0
1725,0.53,0.0,0.26,2440,2445,20240726RUN03,13.847103855231065,100.47472901787371,1.6243455527637318,1.524950554461331,1.5746480536125316,1.5866216769498662,2440,6035,0,857,,
1726,0.63,0.0,0.32,2445,2450,20240726RUN03,13.847070212544695,100.4746981357133,1.6243455527637318,1.524950554461331,1.5746480536125316,1.5620940911775973,2445,6035,0,857,339,2445.0
1727,0.8,0.0,0.4,2450,2455,20240726RUN03,13.847036632823132,100.47466718186291,1.6243455527637318,1.524950554461331,1.5746480536125316,1.6008153707160697,2450,6035,0,857,340,2452.0
1728,1.19,0.0,0.6,2455,2460,20240726RUN03,13.847003130793361,100.47463614001272,1.6243455527637318,1.524950554461331,1.5746480536125316,1.42194242958999,2455,6035,0,857,341,2459.0
1729,1.09,0.0,0.55,2460,2465,20240726RUN03,13.846969737352879,100.47460497584666,1.6854903188729935,1.891422811286384,1.7884565650796889,1.7812179995474553,2460,6035,0,857,,
1730,1.21,0.0,0.6,2465,2470,20240726RUN03,13.846936447716557,100.47457369554834,1.6854903188729935,1.891422811286384,1.7884565650796889,1.783195168173494,2465,6035,0,857,342,2466.0
1731,1.09,0.0,0.55,2470,2475,20240726RUN03,13.846903267255968,100.4745422940242,1.6854903188729935,1.891422811286384,1.7884565650796889,1.8217856866463065,2470,6035,0,857,343,2473.0
1732,0.72,0.0,0.36,2475,2480,20240726RUN03,13.846870194734262,100.47451077345318,1.6854903188729935,1.891422811286384,1.7884565650796889,1.760656129738832,2475,6035,0,857,,
1733,1.04,0.0,0.52,2480,2485,20240726RUN03,13.846837216241427,100.4744791498694,2.5073365527089835,2.862607766066517,2.6849721593877502,2.637378487543543,2480,6035,0,857,344,2481.0
1734,0.75,0.0,0.38,2485,2490,20240726RUN03,13.846804340471737,100.47444741449186,2.5073365527089835,2.862607766066517,2.6849721593877502,2.6593354395918563,2485,6035,0,857,345,2488.0
1735,0.29,0.0,0.14,2490,2495,20240726RUN03,13.846771562523218,100.47441557325755,2.5073365527089835,2.862607766066517,2.6849721593877502,2.461042015255611,2490,6035,0,857,,
1736,0.42,0.0,0.21,2495,2500,20240726RUN03,13.84673885147194,100.47438366008376,2.5073365527089835,2.862607766066517,2.6849721593877502,2.7493155975591548,2495,6035,0,857,346,2495.0
1737,0.21,0.0,0.1,2500,2505,20240726RUN03,13.846706202648672,100.47435168022203,2.201650859680292,1.8813169912557857,2.041483925468039,1.9046102403710055,2500,6035,0,857,347,2502.0
1738,0.4,0.0,0.2,2505,2510,20240726RUN03,13.846673669314336,100.4743195774024,2.201650859680292,1.8813169912557857,2.041483925468039,2.1168441127480477,2505,6035,0,857,348,2509.0
1739,0.19,0.0,0.1,2510,2515,20240726RUN03,13.846641311076667,100.47428728980367,2.201650859680292,1.8813169912557857,2.041483925468039,2.1068985918292222,2510,6035,0,857,,
1740,0.45,0.0,0.22,2515,2520,20240726RUN03,13.846609144991126,100.47425480173972,2.201650859680292,1.8813169912557857,2.041483925468039,2.076718311036929,2515,6035,0,857,349,2517.0
1741,0.45,0.0,0.22,2520,2525,20240726RUN03,13.846577139135041,100.47422214833335,1.987679809156534,2.041814308107015,2.0147470586317744,2.208712533668022,2520,6035,0,857,350,2524.0
1742,0.52,0.0,0.26,2525,2530,20240726RUN03,13.846545288394253,100.47418933646101,1.987679809156534,2.041814308107015,2.0147470586317744,1.9188800485384756,2525,6035,0,857,,
1743,1.09,0.0,0.55,2530,2535,20240726RUN03,13.846513633851789,100.47415632638625,1.987679809156534,2.041814308107015,2.0147470586317744,1.9563161299251168,2530,6035,0,857,351,2531.0
1744,1.35,0.0,0.68,2535,2540,20240726RUN03,13.846482178781791,100.47412311717686,1.987679809156534,2.041814308107015,2.0147470586317744,1.9757941534544587,2535,6035,0,857,352,2538.0
1745,1.27,0.0,0.64,2540,2545,20240726RUN03,13.846450962663257,100.47408967276249,1.956414130404461,1.8568266170460832,1.9066203737252723,2.0104482056742934,2540,6035,0,857,,
1746,1.41,0.0,0.7,2545,2550,20240726RUN03,13.84642005000453,100.47405593446832,1.956414130404461,1.8568266170460832,1.9066203737252723,1.7419458162677202,2545,6035,0,857,353,2546.0
1747,1.06,0.0,0.53,2550,2555,20240726RUN03,13.846389444369308,100.47402190426136,1.956414130404461,1.8568266170460832,1.9066203737252723,1.930098193181873,2550,6035,0,857,354,2553.0
1748,0.91,0.0,0.46,2555,2560,20240726RUN03,13.846359163792558,100.47398757085801,1.956414130404461,1.8568266170460832,1.9066203737252723,1.905538637398477,2555,6035,0,857,,
1749,0.92,0.0,0.46,2560,2565,20240726RUN03,13.846329212609549,100.47395293614352,1.2937825546981796,1.664561103372478,1.4791718290353288,1.4648811794650132,2560,6035,0,857,355,2560.0
1750,0.36,0.0,0.18,2565,2570,20240726RUN03,13.84629955689485,100.47391803609537,1.2937825546981796,1.664561103372478,1.4791718290353288,1.3766001916063053,2565,6035,0,857,356,2567.0
1751,0.4,0.0,0.2,2570,2575,20240726RUN03,13.846270173652076,100.47388289548604,1.2937825546981796,1.664561103372478,1.4791718290353288,1.3672055619565455,2570,6035,0,857,357,2574.0
1752,0.56,0.0,0.28,2575,2580,20240726RUN03,13.846241006833989,100.47384756650223,1.2937825546981796,1.664561103372478,1.4791718290353288,1.5605183228862636,2575,6035,0,857,,
1753,1.14,0.0,0.57,2580,2585,20240726RUN03,13.846212039102271,100.47381206636362,1.9048112785762537,2.7553801312926103,2.3300957049344317,2.2884541398470923,2580,6035,0,857,358,2582.0
1754,0.65,0.0,0.32,2585,2590,20240726RUN03,13.846183296935774,100.47377637468219,1.9048112785762537,2.7553801312926103,2.3300957049344317,2.176925324507713,2585,6035,0,857,359,2589.0
1755,0.53,0.0,0.26,2590,2595,20240726RUN03,13.84615478428346,100.47374049079542,1.9048112785762537,2.7553801312926103,2.3300957049344317,2.4067142692432166,2590,6035,0,857,,
1756,0.41,0.0,0.2,2595,2600,20240726RUN03,13.846126650470296,100.47370429545995,1.9048112785762537,2.7553801312926103,2.3300957049344317,2.281677187076486,2595,6035,0,857,360,2596.0
1757,0.61,0.0,0.3,2600,2605,20240726RUN03,13.84609909237619,100.47366763943731,3.598869880850084,3.2139800761956625,3.4064249785228733,3.2000039664969644,2600,6035,0,857,361,2603.0
1758,1.03,0.0,0.52,2605,2610,20240726RUN03,13.846072096472488,100.47363054761757,3.598869880850084,3.2139800761956625,3.4064249785228733,3.390460306221551,2605,6035,0,857,,
1759,1.31,0.0,0.66,2610,2615,20240726RUN03,13.846045592808085,100.47359308576233,3.598869880850084,3.2139800761956625,3.4064249785228733,3.339238734437966,2610,6035,0,857,362,2610.0
1760,1.5,0.0,0.75,2615,2620,20240726RUN03,13.846019547765616,100.47355528850193,3.598869880850084,3.2139800761956625,3.4064249785228733,3.4149991998387916,2615,6035,0,857,363,2618.0
1761,0.92,0.0,0.46,2620,2625,20240726RUN03,13.845993937525291,100.47351718131148,1.8436607810462933,1.921686071433354,1.8826734262398235,1.9579710420023728,2620,6035,0,857,,
1762,0.91,0.0,0.46,2625,2630,20240726RUN03,13.845968744912211,100.47347878361325,1.8436607810462933,1.921686071433354,1.8826734262398235,1.9175833649482543,2625,6035,0,857,364,2625.0
1763,0.78,0.0,0.39,2630,2635,20240726RUN03,13.845943878260023,100.47344016389327,1.8436607810462933,1.921686071433354,1.8826734262398235,1.8509051716867841,2630,6035,0,857,365,2632.0
1764,0.35,0.0,0.18,2635,2640,20240726RUN03,13.845919248963366,100.4734013851484,1.8436607810462933,1.921686071433354,1.8826734262398235,1.7756406000957887,2635,6035,0,857,366,2639.0
1765,1.53,0.0,0.76,2640,2645,20240726RUN03,13.845894896065086,100.47336242413134,2.687604647797169,2.166001389180053,2.426803018488611,2.3317772551698703,2640,6035,0,857,,
1766,0.93,0.0,0.46,2645,2650,20240726RUN03,13.845870876207263,100.4733232471413,2.687604647797169,2.166001389180053,2.426803018488611,2.287080030021274,2645,6035,0,857,367,2647.0
1767,0.86,0.0,0.43,2650,2655,20240726RUN03,13.845847175040738,100.4732838673511,2.687604647797169,2.166001389180053,2.426803018488611,2.340011423805733,2650,6035,0,857,368,2654.0
1768,1.11,0.0,0.56,2655,2660,20240726RUN03,13.84582379544286,100.47324428681046,2.687604647797169,2.166001389180053,2.426803018488611,2.466881387052185,2655,6035,0,857,,
1769,1.4,0.0,0.7,2660,2665,20240726RUN03,13.845800756739584,100.47320449742926,2.0038868448114666,2.371693901313267,2.187790373062367,2.22571733117591,2660,6035,0,857,369,2661.0
1770,0.78,0.0,0.39,2665,2670,20240726RUN03,13.845778072457385,100.47316449539404,2.0038868448114666,2.371693901313267,2.187790373062367,2.0222001994911674,2665,6035,0,857,370,2668.0
1771,0.67,0.0,0.34,2670,2675,20240726RUN03,13.845755767630651,100.47312427047541,2.0038868448114666,2.371693901313267,2.187790373062367,2.0431628742783556,2670,6035,0,857,,
1772,0.59,0.0,0.3,2675,2680,20240726RUN03,13.84573383737994,100.47308383044472,2.0038868448114666,2.371693901313267,2.187790373062367,2.254485606263899,2675,6035,0,857,371,2675.0
1773,0.77,0.0,0.38,2680,2685,20240726RUN03,13.845712270613225,100.47304318612163,1.9239291654968096,2.140992667502408,2.0324609164996086,1.9001387273647636,2680,6035,0,857,372,2683.0
1774,0.73,0.0,0.36,2685,2690,20240726RUN03,13.845691044417707,100.47300235442225,1.9239291654968096,2.140992667502408,2.0324609164996086,1.8307241639760736,2685,6035,0,857,,
1775,0.73,0.0,0.36,2690,2695,20240726RUN03,13.84567014990755,100.4729613439089,1.9239291654968096,2.140992667502408,2.0324609164996086,2.1625376520399673,2690,6035,0,857,373,2690.0
1776,0.86,0.0,0.43,2695,2700,20240726RUN03,13.845649520246115,100.47292019314186,1.9239291654968096,2.140992667502408,2.0324609164996086,2.16196981305018,2695,6035,0,857,374,2697.0
1777,0.35,0.0,0.18,2700,2705,20240726RUN03,13.845629096179238,100.47287893510754,2.8408181013293783,2.7910097530424838,2.815913927185931,3.0232864936350112,2700,6035,0,857,375,2704.0
1778,1.28,0.0,0.64,2705,2710,20240726RUN03,13.845608911851054,100.47283755375643,2.8408181013293783,2.7910097530424838,2.815913927185931,2.7275142319060435,2705,6035,0,857,,
1779,0.97,0.0,0.48,2710,2715,20240726RUN03,13.845589049456581,100.4727960096091,2.8408181013293783,2.7910097530424838,2.815913927185931,2.5546748185250148,2710,6035,0,857,376,2711.0
1780,0.52,0.0,0.26,2715,2720,20240726RUN03,13.845569504671257,100.47275430794431,2.8408181013293783,2.7910097530424838,2.815913927185931,2.9285241379780897,2715,6035,0,857,377,2719.0
1781,0.76,0.0,0.38,2720,2725,20240726RUN03,13.845550239211919,100.47271247035283,1.5123558287046637,3.385846711345846,2.449101270025255,2.2753946654007144,2720,6035,0,857,,
1782,0.55,0.0,0.28,2725,2730,20240726RUN03,13.84553123019417,100.47267051006632,1.5123558287046637,3.385846711345846,2.449101270025255,2.487726628959025,2725,6035,0,857,378,2726.0
1783,0.42,0.0,0.21,2730,2735,20240726RUN03,13.845512503506125,100.47262841704834,1.5123558287046637,3.385846711345846,2.449101270025255,2.6774306667197494,2730,6035,0,857,379,2733.0
1784,0.55,0.0,0.28,2735,2740,20240726RUN03,13.845494105667493,100.47258617247668,1.5123558287046637,3.385846711345846,2.449101270025255,2.4364471914057897,2735,6035,0,857,,
1785,0.28,0.0,0.14,2740,2745,20240726RUN03,13.845476043948125,100.47254377617683,2.6349462520614715,3.3515254884236136,2.9932358702425423,3.1522044923912516,2740,6035,0,857,380,2740.0
1786,0.14,0.0,0.07,2745,2750,20240726RUN03,13.845458224005277,100.47250127280854,2.6349462520614715,3.3515254884236136,2.9932358702425423,2.88741571098583,2745,6035,0,857,381,2747.0
1787,0.28,0.0,0.14,2750,2755,20240726RUN03,13.845440581570506,100.47245869203807,2.6349462520614715,3.3515254884236136,2.9932358702425423,2.7477560355261508,2750,6035,0,857,,
1788,1.0,0.0,0.5,2755,2760,20240726RUN03,13.845423215400775,100.47241599247918,2.6349462520614715,3.3515254884236136,2.9932358702425423,3.0109410669595813,2755,6035,0,857,382,2755.0
1789,0.51,0.0,0.26,2760,2765,20240726RUN03,13.845406106840166,100.47237318406793,2.488742145397621,3.141141439498769,2.814941792448195,2.5742290242056,2760,6035,0,857,383,2762.0
1790,1.14,0.0,0.57,2765,2770,20240726RUN03,13.845389171327637,100.47233030364448,2.488742145397621,3.141141439498769,2.814941792448195,2.69593998175796,2765,6035,0,857,384,2769.0
1791,0.24,0.0,0.12,2770,2775,20240726RUN03,13.845372398703832,100.47228735621059,2.488742145397621,3.141141439498769,2.814941792448195,3.089639890348999,2770,6035,0,857,,
1792,0.36,0.0,0.18,2775,2780,20240726RUN03,13.84535579649804,100.47224433945233,2.488742145397621,3.141141439498769,2.814941792448195,3.0273556839656983,2775,6035,0,857,385,2776.0
1793,0.61,0.0,0.3,2780,2785,20240726RUN03,13.845339349331661,100.47220126037388,3.03565530816854,3.2211067341196773,3.1283810211441088,3.072161261250937,2780,6035,0,857,386,2784.0
1794,1.6,0.0,0.8,2785,2790,20240726RUN03,13.845322995963643,100.47215814392946,3.03565530816854,3.2211067341196773,3.1283810211441088,3.124123128455001,2785,6035,0,857,,
1795,1.08,0.0,0.54,2790,2795,20240726RUN03,13.845306775973864,100.47211497475057,3.03565530816854,3.2211067341196773,3.1283810211441088,3.1504390913070988,2790,6035,0,857,387,2791.0
1796,1.27,0.0,0.64,2795,2800,20240726RUN03,13.845290759675132,100.47207172596367,3.03565530816854,3.2211067341196773,3.1283810211441088,2.897528144570142,2795,6035,0,857,388,2798.0
1797,1.77,0.0,0.88,2800,2805,20240726RUN03,13.845274857901865,100.47202843293812,4.037505153154559,3.884496111050871,3.961000632102715,3.838842443024942,2800,6035,0,857,,
1798,1.82,0.0,0.91,2805,2810,20240726RUN03,13.845259009087135,100.47198511953546,4.037505153154559,3.884496111050871,3.961000632102715,3.591785271632612,2805,6035,0,857,389,2805.0
1799,1.53,0.0,0.76,2810,2815,20240726RUN03,13.845243290297391,100.47194175665565,4.037505153154559,3.884496111050871,3.961000632102715,3.9834536107150353,2810,6035,0,857,390,2812.0
1800,2.48,0.0,1.24,2815,2820,20240726RUN03,13.845227661250068,100.47189835971686,4.037505153154559,3.884496111050871,3.961000632102715,4.155223859296414,2815,6035,0,857,,
1801,4.23,0.0,2.12,2820,2825,20240726RUN03,13.845212003084903,100.47185497376415,2.6769308271135803,1.3138595603109382,1.9953951937122594,1.9112991972404876,2820,6035,0,857,391,2820.0
1802,6.16,0.0,3.08,2825,2830,20240726RUN03,13.845196346466501,100.47181158724764,2.6769308271135803,1.3138595603109382,1.9953951937122594,1.8938395960953378,2825,6035,0,857,392,2827.0
1803,8.48,0.0,4.24,2830,2835,20240726RUN03,13.84518069862649,100.47176819737963,2.6769308271135803,1.3138595603109382,1.9953951937122594,2.1820503548406016,2830,6035,0,857,393,2834.0
1804,8.8,0.0,4.4,2835,2840,20240726RUN03,13.845165120275642,100.47172478134374,2.6769308271135803,1.3138595603109382,1.9953951937122594,1.923724508705225,2835,6035,0,857,,
1805,9.49,0.0,4.74,2840,2845,20240726RUN03,13.845149811493405,100.47168126512979,1.7133409383686682,0.995008979068263,1.3541749587184655,1.4128330182663444,2840,6035,0,857,394,2841.0
1806,10.33,0.0,5.16,2845,2850,20240726RUN03,13.845134788058845,100.47163764474412,1.7133409383686682,0.995008979068263,1.3541749587184655,1.4394437816989811,2845,6035,0,857,395,2848.0
1807,10.07,0.0,5.04,2850,2855,20240726RUN03,13.845119867956747,100.47159398716944,1.7133409383686682,0.995008979068263,1.3541749587184655,1.2387160607539471,2850,6035,0,857,,
1808,7.33,0.0,3.66,2855,2860,20240726RUN03,13.84510498886258,100.47155031487226,1.7133409383686682,0.995008979068263,1.3541749587184655,1.4109487133491705,2855,6035,0,857,396,2856.0
1809,7.19,0.0,3.6,2860,2865,20240726RUN03,13.84509015998332,100.47150662471061,1.2610076255511595,1.184879894444419,1.2229437599977893,1.2778958213315308,2860,6035,0,857,397,2863.0
1810,6.13,0.0,3.06,2865,2870,20240726RUN03,13.845075374350182,100.47146291917117,1.2610076255511595,1.184879894444419,1.2229437599977893,1.2718878723253526,2865,6035,0,857,,
1811,6.59,0.0,3.3,2870,2875,20240726RUN03,13.845060607408964,100.47141920701854,1.2610076255511595,1.184879894444419,1.2229437599977893,1.1565378059801967,2870,6035,0,857,398,2870.0
1812,7.22,0.0,3.61,2875,2880,20240726RUN03,13.84504586885962,100.47137548482922,1.2610076255511595,1.184879894444419,1.2229437599977893,1.3280326326490013,2875,6035,0,857,399,2877.0
1813,5.32,0.0,2.66,2880,2885,20240726RUN03,13.845031181087228,100.47133174474895,1.967062845844036,1.8143997222556172,1.8907312840498265,1.7554257806934968,2880,6035,0,857,400,2884.0
1814,5.2,0.0,2.6,2885,2890,20240726RUN03,13.845016535119376,100.47128798996856,1.967062845844036,1.8143997222556172,1.8907312840498265,1.8595033840979498,2885,6035,0,857,,
1815,4.86,0.0,2.43,2890,2895,20240726RUN03,13.845001897474347,100.47124423227866,1.967062845844036,1.8143997222556172,1.8907312840498265,1.8729674160293774,2890,6035,0,857,401,2892.0
1816,3.97,0.0,1.98,2895,2900,20240726RUN03,13.844987236688757,100.47120048269473,1.967062845844036,1.8143997222556172,1.8907312840498265,1.7993992296285832,2895,6035,0,857,402,2899.0
1817,5.4,0.0,2.7,2900,2905,20240726RUN03,13.844972571672727,100.47115673460102,2.3536996257576632,1.9395570858669744,2.146628355812319,1.9366063072257127,2900,6035,0,857,,
1818,4.7,0.0,2.35,2905,2910,20240726RUN03,13.844957985754904,100.4711129588652,2.3536996257576632,1.9395570858669744,2.146628355812319,2.109237634158245,2905,6035,0,857,403,2906.0
1819,4.52,0.0,2.26,2910,2915,20240726RUN03,13.844943545880598,100.47106913247337,2.3536996257576632,1.9395570858669744,2.146628355812319,2.0552278521303577,2910,6035,0,857,404,2913.0
1820,2.66,0.0,1.33,2915,2920,20240726RUN03,13.844929182871965,100.47102527958049,2.3536996257576632,1.9395570858669744,2.146628355812319,2.1945933451593693,2915,6035,0,857,,
1821,1.51,0.0,0.76,2920,2925,20240726RUN03,13.844914818556463,100.47098142710017,1.7741666039960542,2.6498459619084027,2.2120062829522285,2.372652599517017,2920,6035,0,857,405,2921.0
1822,0.91,0.0,0.46,2925,2930,20240726RUN03,13.844900490120997,100.47093756238242,1.7741666039960542,2.6498459619084027,2.2120062829522285,2.25079208372078,2925,6035,0,857,406,2928.0
1823,0.79,0.0,0.4,2930,2935,20240726RUN03,13.84488621688316,100.47089367881262,1.7741666039960542,2.6498459619084027,2.2120062829522285,2.409631012469196,2930,6035,0,857,,
1824,0.63,0.0,0.32,2935,2940,20240726RUN03,13.844872002311083,100.4708497752838,1.7741666039960542,2.6498459619084027,2.2120062829522285,1.99144157274298,2935,6035,0,857,407,2935.0
1825,1.12,0.0,0.56,2940,2945,20240726RUN03,13.844857826256028,100.47080585875122,2.3043106557644384,2.743643427888938,2.5239770418266883,2.387804228640724,2940,6035,0,857,408,2942.0
1826,1.05,0.0,0.52,2945,2950,20240726RUN03,13.844843666029035,100.47076193686445,2.3043106557644384,2.743643427888938,2.5239770418266883,2.5685650567346268,2945,6035,0,857,409,2949.0
1827,0.42,0.0,0.21,2950,2955,20240726RUN03,13.844829523456683,100.47071800898391,2.3043106557644384,2.743643427888938,2.5239770418266883,2.73026953418199,2950,6035,0,857,,
1828,1.36,0.0,0.68,2955,2960,20240726RUN03,13.844815344265331,100.47067409350814,2.3043106557644384,2.743643427888938,2.5239770418266883,2.3053558664376865,2955,6035,0,857,410,2957.0
1829,0.73,0.0,0.36,2960,2965,20240726RUN03,13.844801097766142,100.47063020082376,1.4265447840971568,1.6873812417482388,1.5569630129226977,1.62352410449021,2960,6035,0,857,411,2964.0
1830,0.51,0.0,0.26,2965,2970,20240726RUN03,13.844786854273284,100.47058630713857,1.4265447840971568,1.6873812417482388,1.5569630129226977,1.5919598153683412,2965,6035,0,857,,
1831,0.72,0.0,0.36,2970,2975,20240726RUN03,13.844772658914826,100.4705423971411,1.4265447840971568,1.6873812417482388,1.5569630129226977,1.5082058246835508,2970,6035,0,857,412,2971.0
1832,2.13,0.11,1.12,2975,2980,20240726RUN03,13.844758504442588,100.4704984733177,1.4265447840971568,1.6873812417482388,1.5569630129226977,1.4124514538609092,2975,6035,0,857,413,2978.0
1833,1.68,0.09,0.88,2980,2985,20240726RUN03,13.84474442781432,100.470454523328,1.3570835179366232,2.8255442959183723,2.091313906927498,2.0947394793980387,2980,6035,0,857,,
1834,2.44,0.0,1.22,2985,2990,20240726RUN03,13.84473039560423,100.47041055840093,1.3570835179366232,2.8255442959183723,2.091313906927498,2.1730045198965415,2985,6035,0,857,414,2985.0
1835,2.03,0.08,1.06,2990,2995,20240726RUN03,13.844716323310704,100.47036660689938,1.3570835179366232,2.8255442959183723,2.091313906927498,2.1149776667202307,2990,6035,0,857,415,2993.0
1836,1.77,0.0,0.88,2995,3000,20240726RUN03,13.844702259867375,100.4703226524232,1.3570835179366232,2.8255442959183723,2.091313906927498,1.8863202726027986,2995,6035,0,857,,
1837,2.08,0.0,1.04,3000,3005,20240726RUN03,13.844688239076017,100.47027868372868,1.6402895948808447,1.8778850372742937,1.759087316077569,1.7266907614154132,3000,6035,0,857,416,3000.0
1838,0.69,0.0,0.34,3005,3010,20240726RUN03,13.84467423808605,100.4702347084186,1.6402895948808447,1.8778850372742937,1.759087316077569,1.8933132026005155,3005,6035,0,857,417,3007.0
1839,0.31,0.0,0.16,3010,3015,20240726RUN03,13.84466026317656,100.4701907243904,1.6402895948808447,1.8778850372742937,1.759087316077569,1.8418375011839758,3010,6035,0,857,418,3014.0
1840,0.32,0.0,0.16,3015,3020,20240726RUN03,13.844646321082907,100.47014672948832,1.6402895948808447,1.8778850372742937,1.759087316077569,1.6200918034517655,3015,6035,0,857,,
1841,0.68,0.0,0.34,3020,3025,20240726RUN03,13.844632414012402,100.47010272296313,2.266636595313959,2.3608477472206157,2.3137421712672874,2.355892864485397,3020,6035,0,857,419,3021.0
1842,0.32,0.0,0.16,3025,3030,20240726RUN03,13.844618501414153,100.47005871825199,2.266636595313959,2.3608477472206157,2.3137421712672874,2.304566488684675,3025,6035,0,857,420,3029.0
1843,0.1,0.0,0.05,3030,3035,20240726RUN03,13.844604541452169,100.4700147292299,2.266636595313959,2.3608477472206157,2.3137421712672874,2.1753353491253247,3030,6035,0,857,,
1844,0.12,0.0,0.06,3035,3040,20240726RUN03,13.844590584455212,100.46997073928166,2.266636595313959,2.3608477472206157,2.3137421712672874,2.2240471573891214,3035,6035,0,857,421,3036.0
1845,0.02,0.0,0.01,3040,3045,20240726RUN03,13.844576673156064,100.46992673414678,1.300015806828997,2.179163666728648,1.7395897367788224,1.7089290629219203,3040,6035,0,857,422,3043.0
1846,0.37,0.0,0.18,3045,3050,20240726RUN03,13.844562757021007,100.46988273063718,1.300015806828997,2.179163666728648,1.7395897367788224,1.864403119081461,3045,6035,0,857,,
1847,0.05,0.0,0.02,3050,3055,20240726RUN03,13.844548812267037,100.46983873660368,1.300015806828997,2.179163666728648,1.7395897367788224,1.7491118743696963,3050,6035,0,857,423,3050.0
1848,0.01,0.12,0.06,3055,3060,20240726RUN03,13.844534849919444,100.46979474843161,1.300015806828997,2.179163666728648,1.7395897367788224,1.8073453829650257,3055,6035,0,857,424,3058.0
1849,0.22,0.92,0.57,3060,3065,20240726RUN03,13.844520831947092,100.46975077879642,1.300154062392063,2.0234520734327743,1.6618030679124187,1.5457479239182363,3060,6035,0,857,,
1850,0.14,0.27,0.2,3065,3070,20240726RUN03,13.844506811880532,100.4697068098429,1.300154062392063,2.0234520734327743,1.6618030679124187,1.5385317999980461,3065,6035,0,857,425,3065.0
1851,0.36,0.0,0.18,3070,3075,20240726RUN03,13.844492853829843,100.46966282019062,1.300154062392063,2.0234520734327743,1.6618030679124187,1.6619810118233806,3070,6035,0,857,426,3072.0
1852,0.07,0.0,0.04,3075,3080,20240726RUN03,13.844478864189288,100.46961884106582,1.300154062392063,2.0234520734327743,1.6618030679124187,1.7833293421514944,3075,6035,0,857,427,3079.0
1853,0.13,0.0,0.06,3080,3085,20240726RUN03,13.84446471862988,100.46957491426858,1.9892189455545013,1.5054907257770216,1.7473548356657616,1.7945305095913735,3080,6035,0,857,,
1854,0.18,0.14,0.16,3085,3090,20240726RUN03,13.844450469483549,100.46953102254393,1.9892189455545013,1.5054907257770216,1.7473548356657616,1.606733997214456,3085,6035,0,857,428,3086.0
1855,0.02,0.0,0.01,3090,3095,20240726RUN03,13.84443628105657,100.46948711026795,1.9892189455545013,1.5054907257770216,1.7473548356657616,1.6119785957113597,3090,6035,0,857,429,3094.0
1856,0.25,0.0,0.12,3095,3100,20240726RUN03,13.844422182524758,100.46944316758584,1.9892189455545013,1.5054907257770216,1.7473548356657616,1.9177342185819037,3095,6035,0,857,,
1857,0.47,0.0,0.24,3100,3105,20240726RUN03,13.844408084274262,100.46939922477875,1.7201900649911996,1.8646321938089965,1.7924111294000982,1.6408254948178589,3100,6035,0,857,430,3101.0
1858,0.87,0.0,0.44,3105,3110,20240726RUN03,13.844393962148056,100.46935529001671,1.7201900649911996,1.8646321938089965,1.7924111294000982,1.77752527276466,3105,6035,0,857,431,3108.0
1859,1.43,0.33,0.88,3110,3115,20240726RUN03,13.844379880930505,100.46931134149597,1.7201900649911996,1.8646321938089965,1.7924111294000982,1.9129790250021117,3110,6035,0,857,,
1860,1.56,0.16,0.86,3115,3120,20240726RUN03,13.844365865231458,100.46926737099122,1.7201900649911996,1.8646321938089965,1.7924111294000982,1.7587940649647036,3115,6035,0,857,432,3115.0
1861,1.53,0.04,0.78,3120,3125,20240726RUN03,13.844351855484929,100.46922339848986,4.258287816563218,4.447372995608318,4.3528304060857685,4.75474883436933,3120,6035,0,857,433,3122.0
1862,1.05,0.13,0.59,3125,3130,20240726RUN03,13.844337819985189,100.46917943461536,4.258287816563218,4.447372995608318,4.3528304060857685,4.409680289314404,3125,6035,0,857,,
1863,1.64,1.06,1.35,3130,3135,20240726RUN03,13.844323761306782,100.46913547854741,4.258287816563218,4.447372995608318,4.3528304060857685,4.004504712021178,3130,6035,0,857,434,3130.0
1864,1.48,0.3,0.89,3135,3140,20240726RUN03,13.844309679711703,100.46909153021626,4.258287816563218,4.447372995608318,4.3528304060857685,4.133526350827386,3135,6035,0,857,435,3137.0
1865,2.01,0.1,1.06,3140,3145,20240726RUN03,13.844295623137187,100.46904757351824,3.7342777882548153,2.9523139295589957,3.3432958589069055,3.086590960596164,3140,6035,0,857,436,3144.0
1866,1.81,0.39,1.1,3145,3150,20240726RUN03,13.844281597117035,100.46900360658174,3.7342777882548153,2.9523139295589957,3.3432958589069055,3.6279835115504433,3145,6035,0,857,,
1867,1.37,0.47,0.92,3150,3155,20240726RUN03,13.844267535652195,100.46895965153092,3.7342777882548153,2.9523139295589957,3.3432958589069055,3.1010735735972754,3150,6035,0,857,437,3151.0
1868,2.11,1.02,1.56,3155,3160,20240726RUN03,13.844253482200246,100.46891569377804,3.7342777882548153,2.9523139295589957,3.3432958589069055,3.6154068988577484,3155,6035,0,857,438,3159.0
1869,1.32,0.63,0.98,3160,3165,20240726RUN03,13.844239496688097,100.4688717133055,2.197428765747416,3.710311513299242,2.953870139523329,3.0661779088549053,3160,6035,0,857,,
1870,0.87,0.0,0.44,3165,3170,20240726RUN03,13.84422552888836,100.46882772694794,2.197428765747416,3.710311513299242,2.953870139523329,2.71325814413585,3165,6035,0,857,439,3166.0
1871,0.1,0.0,0.05,3170,3175,20240726RUN03,13.844211578748071,100.46878373482319,2.197428765747416,3.710311513299242,2.953870139523329,3.130369217889845,3170,6035,0,857,440,3173.0
1872,0.16,0.0,0.08,3175,3180,20240726RUN03,13.844197670901739,100.46873972866543,2.197428765747416,3.710311513299242,2.953870139523329,2.704770841129791,3175,6035,0,857,,
1873,0.08,0.0,0.04,3180,3185,20240726RUN03,13.844183731592844,100.4686957329628,1.843493499651608,3.251304845281494,2.547399172466551,2.4065108322386135,3180,6035,0,857,441,3180.0
1874,0.33,0.0,0.16,3185,3190,20240726RUN03,13.844169718336145,100.46865176185231,1.843493499651608,3.251304845281494,2.547399172466551,2.491253536392675,3185,6035,0,857,442,3187.0
1875,0.09,0.0,0.04,3190,3195,20240726RUN03,13.844155711744525,100.46860778848054,1.843493499651608,3.251304845281494,2.547399172466551,2.7656059005235942,3190,6035,0,857,,
1876,0.0,0.0,0.0,3195,3200,20240726RUN03,13.844141755373066,100.46856379842882,1.843493499651608,3.251304845281494,2.547399172466551,2.7679142471074654,3195,6035,0,857,443,3195.0
1877,0.09,0.0,0.04,3200,3205,20240726RUN03,13.844127825566984,100.4685197995219,2.239935685330324,2.503915185644067,2.3719254354871957,2.2884967791747735,3200,6035,0,857,444,3202.0
1878,0.16,0.0,0.08,3205,3210,20240726RUN03,13.844113865091579,100.46847581078728,2.239935685330324,2.503915185644067,2.3719254354871957,2.522697827236257,3205,6035,0,857,445,3209.0
1879,0.5,0.0,0.25,3210,3215,20240726RUN03,13.844099892887405,100.46843182592792,2.239935685330324,2.503915185644067,2.3719254354871957,2.382753297583343,3210,6035,0,857,,
1880,0.39,0.0,0.2,3215,3220,20240726RUN03,13.844085961467085,100.46838782754895,2.239935685330324,2.503915185644067,2.3719254354871957,2.3273945796930295,3215,6035,0,857,446,3216.0
1881,0.39,0.29,0.34,3220,3225,20240726RUN03,13.844072013893859,100.46834383452733,2.3262938969957987,2.3251030732945903,2.3256984851451943,2.3267005410051778,3220,6035,0,857,447,3223.0
1882,0.98,0.0,0.49,3225,3230,20240726RUN03,13.844057995443416,100.46829986510551,2.3262938969957987,2.3251030732945903,2.3256984851451943,2.3661090789769434,3225,6035,0,857,,
1883,0.2,0.0,0.1,3230,3235,20240726RUN03,13.844043879744195,100.4682559283734,2.3262938969957987,2.3251030732945903,2.3256984851451943,2.236944899287064,3230,6035,0,857,448,3231.0
1884,0.38,0.0,0.19,3235,3240,20240726RUN03,13.844029738458788,100.46821200017649,2.3262938969957987,2.3251030732945903,2.3256984851451943,2.2915729448186792,3235,6035,0,857,449,3238.0
1885,0.53,0.04,0.29,3240,3245,20240726RUN03,13.844015731894967,100.46816802686368,1.7524406007253135,1.6028391584781154,1.6776398796017145,1.5646349505741872,3240,6035,0,857,,
1886,0.51,0.0,0.26,3245,3250,20240726RUN03,13.844001847067645,100.46812401304857,1.7524406007253135,1.6028391584781154,1.6776398796017145,1.813816291368802,3245,6035,0,857,450,3245.0
1887,0.83,0.0,0.42,3250,3255,20240726RUN03,13.84398793490848,100.46808000832347,1.7524406007253135,1.6028391584781154,1.6776398796017145,1.686944059668475,3250,6035,0,857,451,3252.0
1888,0.8,0.0,0.4,3255,3260,20240726RUN03,13.843973946657966,100.46803602885365,1.7524406007253135,1.6028391584781154,1.6776398796017145,1.8434547047056915,3255,6035,0,857,452,3259.0
1889,0.89,0.0,0.44,3260,3265,20240726RUN03,13.843959965275872,100.46799204715144,1.245077367028436,1.3543349860581535,1.2997061765432947,1.4293592370278478,3260,6035,0,857,,
1890,1.38,0.0,0.69,3265,3270,20240726RUN03,13.84394607955218,100.46794803375042,1.245077367028436,1.3543349860581535,1.2997061765432947,1.215083954474909,3265,6035,0,857,453,3267.0
1891,0.78,0.0,0.39,3270,3275,20240726RUN03,13.843932262097528,100.46790399781386,1.245077367028436,1.3543349860581535,1.2997061765432947,1.4063215277382088,3270,6035,0,857,454,3274.0
1892,0.6,0.0,0.3,3275,3280,20240726RUN03,13.843918502762458,100.46785994280292,1.245077367028436,1.3543349860581535,1.2997061765432947,1.2414703224013746,3275,6035,0,857,,
1893,0.06,0.06,0.06,3280,3285,20240726RUN03,13.843904858924354,100.46781585019993,1.6368950572612595,1.2808560884582914,1.4588755728597755,1.5517190107118255,3280,6035,0,857,455,3281.0
1894,0.0,0.03,0.02,3285,3290,20240726RUN03,13.843891324621511,100.46777172225643,1.6368950572612595,1.2808560884582914,1.4588755728597755,1.412166608281848,3285,6035,0,857,456,3288.0
1895,0.0,3.4,1.7,3290,3295,20240726RUN03,13.843877782602753,100.46772759677657,1.6368950572612595,1.2808560884582914,1.4588755728597755,1.4132963521677855,3290,6035,0,857,,
1896,0.0,0.61,0.3,3295,3300,20240726RUN03,13.84386408983654,100.46768352005842,1.6368950572612595,1.2808560884582914,1.4588755728597755,1.3666678096622926,3295,6035,0,857,457,3296.0
1897,0.18,0.0,0.09,3300,3305,20240726RUN03,13.843850288778901,100.46763947876393,1.689803195251935,1.298907575566198,1.4943553854090665,1.5039357307599774,3300,6035,0,857,458,3303.0
1898,0.28,0.11,0.2,3305,3310,20240726RUN03,13.84383653508372,100.46759542198834,1.689803195251935,1.298907575566198,1.4943553854090665,1.386895654619904,3305,6035,0,857,,
1899,0.3,0.0,0.15,3310,3315,20240726RUN03,13.843822866195582,100.46755133752622,1.689803195251935,1.298907575566198,1.4943553854090665,1.4666923992260603,3310,6035,0,857,459,3310.0
1900,0.0,0.0,0.0,3315,3320,20240726RUN03,13.843809192673543,100.46750725453292,1.689803195251935,1.298907575566198,1.4943553854090665,1.511077945504885,3315,6035,0,857,460,3317.0
1901,0.16,0.0,0.08,3320,3325,20240726RUN03,13.84379549169899,100.46746318045858,3.249327941429476,1.8853030090203284,2.567315475224902,2.4314315377329367,3320,6035,0,857,461,3324.0
1902,1.83,0.0,0.92,3325,3330,20240726RUN03,13.843781910260216,100.46741906774734,3.249327941429476,1.8853030090203284,2.567315475224902,2.5140578425181808,3325,6035,0,857,,
1903,0.18,0.0,0.09,3330,3335,20240726RUN03,13.84376873533672,100.46737482636753,3.249327941429476,1.8853030090203284,2.567315475224902,2.611735650064107,3330,6035,0,857,462,3332.0
1904,0.71,0.0,0.36,3335,3340,20240726RUN03,13.843756062799358,100.46733043133901,3.249327941429476,1.8853030090203284,2.567315475224902,2.4124331195457036,3335,6035,0,857,463,3339.0
1905,0.05,0.0,0.02,3340,3345,20240726RUN03,13.843743504468579,100.46728600227209,2.2414519256134904,2.4234747108161767,2.3324633182148338,2.280553528367712,3340,6035,0,857,,
1906,0.47,0.0,0.24,3345,3350,20240726RUN03,13.84373070546526,100.46724164522803,2.2414519256134904,2.4234747108161767,2.3324633182148338,2.2624172997070984,3345,6035,0,857,464,3346.0
1907,0.38,0.0,0.19,3350,3355,20240726RUN03,13.843717603771442,100.46719738079457,2.2414519256134904,2.4234747108161767,2.3324633182148338,2.1702997763053036,3350,6035,0,857,465,3353.0
1908,0.22,0.0,0.11,3355,3360,20240726RUN03,13.843704254552492,100.46715319387471,2.2414519256134904,2.4234747108161767,2.3324633182148338,2.490588239329428,3355,6035,0,857,,
1909,2.03,0.0,1.01,3360,3365,20240726RUN03,13.843690811142666,100.46710903684003,2.4535342266159,2.028075013380344,2.240804619998122,2.0434022679927506,3360,6035,0,857,466,3360.0
1910,2.8,0.0,1.4,3365,3370,20240726RUN03,13.843677528617718,100.46706482899125,2.4535342266159,2.028075013380344,2.240804619998122,2.1936029314373675,3365,6035,0,857,467,3368.0
1911,1.6,0.0,0.8,3370,3375,20240726RUN03,13.843664596598838,100.46702051243311,2.4535342266159,2.028075013380344,2.240804619998122,2.198049006609122,3370,6035,0,857,,
1912,2.58,0.0,1.29,3375,3380,20240726RUN03,13.843652003420571,100.4669760936794,2.4535342266159,2.028075013380344,2.240804619998122,2.2304991186321623,3375,6035,0,857,468,3375.0
1913,1.58,0.0,0.79,3380,3385,20240726RUN03,13.843639752360316,100.46693157496651,1.6054325429543554,2.3518252161867466,1.9786288795705511,1.9078118748530877,3380,6035,0,857,469,3382.0
1914,2.0,0.0,1.0,3385,3390,20240726RUN03,13.843627882401796,100.46688694824759,1.6054325429543554,2.3518252161867466,1.9786288795705511,2.166517043108139,3385,6035,0,857,470,3389.0
1915,1.97,0.0,0.98,3390,3395,20240726RUN03,13.84361633671448,100.46684223249171,1.6054325429543554,2.3518252161867466,1.9786288795705511,2.0545689512479433,3390,6035,0,857,,
1916,1.9,0.0,0.95,3395,3400,20240726RUN03,13.84360505291874,100.46679744674663,1.6054325429543554,2.3518252161867466,1.9786288795705511,1.8548858675522424,3395,6035,0,857,471,3396.0
1917,0.81,0.0,0.4,3400,3405,20240726RUN03,13.843593983258002,100.4667526050236,2.2648967851116475,2.365193907096147,2.315045346103897,2.4486373709815115,3400,6035,0,857,472,3404.0
1918,1.42,0.0,0.71,3405,3410,20240726RUN03,13.843583074121701,100.46670772209531,2.2648967851116475,2.365193907096147,2.315045346103897,2.237228105003692,3405,6035,0,857,,
1919,0.32,0.0,0.16,3410,3415,20240726RUN03,13.843572377350096,100.46666278572664,2.2648967851116475,2.365193907096147,2.315045346103897,2.2121514895909478,3410,6035,0,857,473,3411.0
1920,0.25,0.0,0.12,3415,3420,20240726RUN03,13.843562013090589,100.46661776789237,2.2648967851116475,2.365193907096147,2.315045346103897,2.4277547244553994,3415,6035,0,857,474,3418.0
1921,0.18,0.0,0.09,3420,3425,20240726RUN03,13.84355193529001,100.46657268189273,1.7513143162640807,1.9272343463741288,1.8392743313191047,1.9438521679721945,3420,6035,0,857,,
1922,0.0,0.0,0.0,3425,3430,20240726RUN03,13.84354196281194,100.46652757132404,1.7513143162640807,1.9272343463741288,1.8392743313191047,1.6557869618961245,3425,6035,0,857,475,3425.0
1923,0.0,0.0,0.0,3430,3435,20240726RUN03,13.843532020323309,100.46648245384489,1.7513143162640807,1.9272343463741288,1.8392743313191047,1.8203078113469684,3430,6035,0,857,476,3433.0
1924,0.0,0.0,0.0,3435,3440,20240726RUN03,13.843522114378656,100.46643732793072,1.7513143162640807,1.9272343463741288,1.8392743313191047,1.7036930248664572,3435,6035,0,857,,
1925,0.06,0.0,0.03,3440,3445,20240726RUN03,13.843512251548093,100.46639219215125,1.785904174058959,1.9299805571614448,1.8579423656102019,1.9462920667487646,3440,6035,0,857,477,3440.0
1926,0.0,0.0,0.0,3445,3450,20240726RUN03,13.843502529433806,100.46634702445287,1.785904174058959,1.9299805571614448,1.8579423656102019,1.6779551926774734,3445,6035,0,857,478,3447.0
1927,0.2,0.0,0.1,3450,3455,20240726RUN03,13.84349297079371,100.4663018201679,1.785904174058959,1.9299805571614448,1.8579423656102019,1.7836162604728574,3450,6035,0,857,479,3454.0
1928,0.01,0.0,0.0,3455,3460,20240726RUN03,13.843483563410425,100.46625658269063,1.785904174058959,1.9299805571614448,1.8579423656102019,2.0012374840717175,3455,6035,0,857,,
1929,0.0,0.0,0.0,3460,3465,20240726RUN03,13.84347436794471,100.4662112996592,1.8712817247866365,2.0996735539653,1.985477639375968,2.039234404402521,3460,6035,0,857,480,3461.0
1930,0.1,0.0,0.05,3465,3470,20240726RUN03,13.84346540989635,100.46616596676331,1.8712817247866365,2.0996735539653,1.985477639375968,2.0472291375380207,3465,6035,0,857,481,3469.0
1931,0.02,0.0,0.01,3470,3475,20240726RUN03,13.84345663543806,100.46612059624219,1.8712817247866365,2.0996735539653,1.985477639375968,1.8217110985257587,3470,6035,0,857,,
1932,0.05,0.0,0.02,3475,3480,20240726RUN03,13.843448003202926,100.46607519721834,1.8712817247866365,2.0996735539653,1.985477639375968,1.8156379010086703,3475,6035,0,857,482,3476.0
1933,0.01,0.0,0.0,3480,3485,20240726RUN03,13.843439548899726,100.46602976308763,1.6377851738804818,1.9594762497641427,1.7986307118223124,1.6400197266690655,3480,6035,0,857,483,3483.0
1934,0.11,0.0,0.06,3485,3490,20240726RUN03,13.84343128498575,100.46598429233576,1.6377851738804818,1.9594762497641427,1.7986307118223124,1.9696769100257459,3485,6035,0,857,,
1935,0.26,0.0,0.13,3490,3495,20240726RUN03,13.843423216834246,100.465938784767,1.6377851738804818,1.9594762497641427,1.7986307118223124,1.9039925927832502,3490,6035,0,857,484,3490.0
1936,0.04,0.0,0.02,3495,3500,20240726RUN03,13.843415325043047,100.46589324480534,1.6377851738804818,1.9594762497641427,1.7986307118223124,1.6833139353965705,3495,6035,0,857,485,3497.0
1937,0.0,0.0,0.0,3500,3505,20240726RUN03,13.843407613136968,100.46584767260747,2.410661001598202,2.0579772328248134,2.2343191172115078,2.286293907796498,3500,6035,0,857,,
1938,0.22,0.0,0.11,3505,3510,20240726RUN03,13.843400123992103,100.46580206154337,2.410661001598202,2.0579772328248134,2.2343191172115078,2.400009139174763,3505,6035,0,857,486,3505.0
1939,0.05,0.0,0.02,3510,3515,20240726RUN03,13.84339281945877,100.46575641902919,2.410661001598202,2.0579772328248134,2.2343191172115078,2.176518003735179,3510,6035,0,857,487,3512.0
1940,0.02,0.0,0.01,3515,3520,20240726RUN03,13.843385686158086,100.46571074818989,2.410661001598202,2.0579772328248134,2.2343191172115078,2.1775927028644153,3515,6035,0,857,488,3519.0
1941,0.02,0.0,0.01,3520,3525,20240726RUN03,13.84337881300321,100.46566503566703,1.2108851221781751,1.990547310511084,1.6007162163446296,1.6105850737710552,3520,6035,0,857,,
1942,0.05,0.0,0.02,3525,3530,20240726RUN03,13.84337220949203,100.46561928154952,1.2108851221781751,1.990547310511084,1.6007162163446296,1.5652076920565319,3525,6035,0,857,489,3526.0
1943,0.1,0.0,0.05,3530,3535,20240726RUN03,13.843365857857822,100.46557349006129,1.2108851221781751,1.990547310511084,1.6007162163446296,1.539025855181643,3530,6035,0,857,490,3533.0
1944,0.4,0.0,0.2,3535,3540,20240726RUN03,13.843359717810905,100.4655276683063,1.2108851221781751,1.990547310511084,1.6007162163446296,1.732823577587607,3535,6035,0,857,,
1945,0.5,0.0,0.25,3540,3545,20240726RUN03,13.843353730842347,100.46548182532037,1.1320725784978565,1.5729684676874198,1.3525205230926383,1.2418401916159605,3540,6035,0,857,491,3541.0
1946,0.82,0.0,0.41,3545,3550,20240726RUN03,13.843347901988166,100.46543596103918,1.1320725784978565,1.5729684676874198,1.3525205230926383,1.4738255004586929,3545,6035,0,857,492,3548.0
1947,0.68,0.0,0.34,3550,3555,20240726RUN03,13.843342253647382,100.46539007309298,1.1320725784978565,1.5729684676874198,1.3525205230926383,1.4755365212629945,3550,6035,0,857,,
1948,0.39,0.0,0.2,3555,3560,20240726RUN03,13.84333675850201,100.46534416564984,1.1320725784978565,1.5729684676874198,1.3525205230926383,1.3155947574632711,3555,6035,0,857,493,3555.0
1949,0.85,0.0,0.42,3560,3565,20240726RUN03,13.843331402836435,100.46529824094414,2.4926474178469498,1.7428175181443646,2.117732467995657,2.0120545161802244,3560,6035,0,857,494,3562.0
1950,0.62,0.0,0.31,3565,3570,20240726RUN03,13.843326225282382,100.46525229489087,2.4926474178469498,1.7428175181443646,2.117732467995657,1.999056000070944,3565,6035,0,857,,
1951,1.53,0.0,0.76,3570,3575,20240726RUN03,13.84332125781183,100.46520632462543,2.4926474178469498,1.7428175181443646,2.117732467995657,2.183782261907904,3570,6035,0,857,495,3570.0
1952,0.24,0.0,0.12,3575,3580,20240726RUN03,13.843316496634245,100.4651603314709,2.4926474178469498,1.7428175181443646,2.117732467995657,2.2876634293232128,3575,6035,0,857,496,3577.0
1953,0.16,0.0,0.08,3580,3585,20240726RUN03,13.843311915965414,100.46511431901641,2.152523244890304,1.775284234564016,1.9639037397271601,2.1452080229021777,3580,6035,0,857,497,3584.0
1954,0.04,0.0,0.02,3585,3590,20240726RUN03,13.843307517950336,100.46506828795853,2.152523244890304,1.775284234564016,1.9639037397271601,1.9229338494768395,3585,6035,0,857,,
1955,0.02,0.0,0.01,3590,3595,20240726RUN03,13.843303333869251,100.46502223605424,2.152523244890304,1.775284234564016,1.9639037397271601,1.8731325236722105,3590,6035,0,857,498,3591.0
1956,0.15,0.0,0.08,3595,3600,20240726RUN03,13.843299478816204,100.46497615414448,2.152523244890304,1.775284234564016,1.9639037397271601,1.7759736189010369,3595,6035,0,857,499,3598.0
1957,0.64,0.0,0.32,3600,3605,20240726RUN03,13.843296065547431,100.46493003582901,2.567277338310562,2.1862090948211588,2.3767432165658606,2.508035067514391,3600,6035,0,857,,
1958,0.84,0.0,0.42,3605,3610,20240726RUN03,13.843293022573548,100.46488389035522,2.567277338310562,2.1862090948211588,2.3767432165658606,2.28394490223765,3605,6035,0,857,500,3606.0
1959,0.71,0.0,0.36,3610,3615,20240726RUN03,13.843290230495663,100.46483772813069,2.567277338310562,2.1862090948211588,2.3767432165658606,2.4309787848516136,3610,6035,0,857,501,3613.0
1960,0.56,0.0,0.28,3615,3620,20240726RUN03,13.843287647501079,100.46479155313361,2.567277338310562,2.1862090948211588,2.3767432165658606,2.210568023372047,3615,6035,0,857,,
1961,1.4,0.0,0.7,3620,3625,20240726RUN03,13.843285236767702,100.46474536839101,2.9524163831363444,4.900050754961049,3.9262335690486965,3.61214683888422,3620,6035,0,857,502,3620.0
1962,0.77,0.0,0.38,3625,3630,20240726RUN03,13.843283004945345,100.46469917433618,2.9524163831363444,4.900050754961049,3.9262335690486965,4.317302889128278,3625,6035,0,857,503,3627.0
1963,1.23,0.0,0.62,3630,3635,20240726RUN03,13.843281028871973,100.46465296812293,2.9524163831363444,4.900050754961049,3.9262335690486965,4.027046363698635,3630,6035,0,857,504,3634.0
1964,0.63,0.0,0.32,3635,3640,20240726RUN03,13.843279345619642,100.46460674978907,2.9524163831363444,4.900050754961049,3.9262335690486965,4.027071801095311,3635,6035,0,857,,
1965,0.71,0.0,0.36,3640,3645,20240726RUN03,13.843277933391745,100.4645605219061,3.391421066761984,2.5201329755811184,2.955777021171551,2.9865321533938083,3640,6035,0,857,505,3642.0
1966,1.43,0.0,0.72,3645,3650,20240726RUN03,13.843276801442947,100.46451428600271,3.391421066761984,2.5201329755811184,2.955777021171551,3.1015916225549436,3645,6035,0,857,506,3649.0
1967,0.83,0.0,0.42,3650,3655,20240726RUN03,13.843275927123592,100.46446804422783,3.391421066761984,2.5201329755811184,2.955777021171551,3.1624219531319335,3650,6035,0,857,,
1968,0.89,0.0,0.44,3655,3660,20240726RUN03,13.84327534694347,100.46442179769903,3.391421066761984,2.5201329755811184,2.955777021171551,2.709389337992759,3655,6035,0,857,507,3656.0
1969,1.75,0.0,0.88,3660,3665,20240726RUN03,13.843275007409206,100.46437554848458,3.2919430511809136,3.4908968962436724,3.391419973712293,3.0998693306994296,3660,6035,0,857,508,3663.0
1970,0.21,0.0,0.1,3665,3670,20240726RUN03,13.843274809555224,100.46432929847346,3.2919430511809136,3.4908968962436724,3.391419973712293,3.408542738500499,3665,6035,0,857,,
1971,0.13,0.0,0.06,3670,3675,20240726RUN03,13.84327479956395,100.46428304798415,3.2919430511809136,3.4908968962436724,3.391419973712293,3.6334765652696834,3670,6035,0,857,509,3671.0
1972,0.17,0.0,0.08,3675,3680,20240726RUN03,13.843275036871301,100.46423679826464,3.2919430511809136,3.4908968962436724,3.391419973712293,3.6098711579411344,3675,6035,0,857,510,3678.0
1973,0.18,0.0,0.09,3680,3685,20240726RUN03,13.843275501496613,100.46419055028835,2.237810789537783,2.166184815630597,2.2019978025841898,2.3271399865362716,3680,6035,0,857,,
1974,0.0,0.0,0.0,3685,3690,20240726RUN03,13.843276118659467,100.46414430413931,2.237810789537783,2.166184815630597,2.2019978025841898,2.015162914989769,3685,6035,0,857,511,3685.0
1975,0.07,0.0,0.04,3690,3695,20240726RUN03,13.843276917688579,100.46409806099503,2.237810789537783,2.166184815630597,2.2019978025841898,2.2437412707204847,3690,6035,0,857,512,3692.0
1976,1.04,0.0,0.52,3695,3700,20240726RUN03,13.843277984167901,100.46405182354935,2.237810789537783,2.166184815630597,2.2019978025841898,1.994252731707516,3695,6035,0,857,513,3699.0
1977,0.06,0.0,0.03,3700,3705,20240726RUN03,13.843279284455713,100.46400559226777,1.7709955433678477,1.704636937399279,1.7378162403835633,1.7479279900978753,3700,6035,0,857,,
1978,0.0,0.0,0.0,3705,3710,20240726RUN03,13.843280763359763,100.46395936660934,1.7709955433678477,1.704636937399279,1.7378162403835633,1.572284574703499,3705,6035,0,857,514,3707.0
1979,0.0,0.0,0.0,3710,3715,20240726RUN03,13.843282468266926,100.46391314913598,1.7709955433678477,1.704636937399279,1.7378162403835633,1.7535308531448535,3710,6035,0,857,515,3714.0
1980,1.98,0.0,0.99,3715,3720,20240726RUN03,13.84328440192889,100.46386694102401,1.7709955433678477,1.704636937399279,1.7378162403835633,1.6646130754773092,3715,6035,0,857,,
1981,0.14,0.0,0.07,3720,3725,20240726RUN03,13.84328650609435,100.46382074073419,3.359312272002791,3.2309860133555355,3.295149142679163,3.4912050382143995,3720,6035,0,857,516,3721.0
1982,0.72,0.0,0.36,3725,3730,20240726RUN03,13.843288770673125,100.46377454841594,3.359312272002791,3.2309860133555355,3.295149142679163,3.424750106474229,3725,6035,0,857,517,3728.0
1983,1.96,0.0,0.98,3730,3735,20240726RUN03,13.843291235278137,100.46372836683517,3.359312272002791,3.2309860133555355,3.295149142679163,3.416285845610779,3730,6035,0,857,,
1984,0.02,0.0,0.01,3735,3740,20240726RUN03,13.84329396429172,100.46368220082024,3.359312272002791,3.2309860133555355,3.295149142679163,2.997371372435514,3735,6035,0,857,518,3735.0
1985,0.03,0.0,0.02,3740,3745,20240726RUN03,13.84329693392112,100.46363605033464,2.5876840248718085,2.8829354886546064,2.7353097567632076,2.924114511038818,3740,6035,0,857,519,3743.0
1986,0.22,0.0,0.11,3745,3750,20240726RUN03,13.843300064267211,100.46358991104783,2.5876840248718085,2.8829354886546064,2.7353097567632076,2.641342323669434,3745,6035,0,857,,
1987,0.17,0.0,0.08,3750,3755,20240726RUN03,13.843303378386377,100.46354378513982,2.5876840248718085,2.8829354886546064,2.7353097567632076,2.5817440978215607,3750,6035,0,857,520,3750.0
1988,0.05,0.0,0.02,3755,3760,20240726RUN03,13.843306880520872,100.46349767375999,2.5876840248718085,2.8829354886546064,2.7353097567632076,2.6444782533847024,3755,6035,0,857,521,3757.0
1989,0.06,0.0,0.03,3760,3765,20240726RUN03,13.843310518755608,100.46345157344774,2.1175602209666247,1.6130428686003078,1.8653015447834662,1.790360233682296,3760,6035,0,857,522,3764.0
1990,0.49,0.0,0.24,3765,3770,20240726RUN03,13.843314340697008,100.46340548872831,2.1175602209666247,1.6130428686003078,1.8653015447834662,1.8523091456181227,3765,6035,0,857,,
1991,0.23,0.0,0.12,3770,3775,20240726RUN03,13.843318386559256,100.46335942400574,2.1175602209666247,1.6130428686003078,1.8653015447834662,1.9515349013151913,3770,6035,0,857,523,3771.0
1992,0.17,0.0,0.08,3775,3780,20240726RUN03,13.84332264277671,100.46331337912824,2.1175602209666247,1.6130428686003078,1.8653015447834662,1.7649310235111235,3775,6035,0,857,524,3779.0
1993,0.05,0.0,0.02,3780,3785,20240726RUN03,13.843327140370752,100.46326735831377,2.483059030799052,2.1025422958742164,2.2928006633366342,2.369500422476317,3780,6035,0,857,,
1994,0.07,0.0,0.04,3785,3790,20240726RUN03,13.843331906855132,100.4632213658616,2.483059030799052,2.1025422958742164,2.2928006633366342,2.2768306188049143,3785,6035,0,857,525,3786.0
1995,0.82,0.0,0.41,3790,3795,20240726RUN03,13.843336887342023,100.46317539713576,2.483059030799052,2.1025422958742164,2.2928006633366342,2.221378368148156,3790,6035,0,857,526,3793.0
1996,0.2,0.0,0.1,3795,3800,20240726RUN03,13.843342045398984,100.46312944889902,2.483059030799052,2.1025422958742164,2.2928006633366342,2.381584819511801,3795,6035,0,857,,
1997,0.43,0.0,0.22,3800,3805,20240726RUN03,13.843347405623982,100.46308352491394,3.6775919154522505,3.881238301021062,3.7794151082366563,4.148968646447772,3800,6035,0,857,527,3800.0
1998,0.03,0.0,0.02,3805,3810,20240726RUN03,13.843352975552497,100.4630376270675,3.6775919154522505,3.881238301021062,3.7794151082366563,3.411897308510152,3805,6035,0,857,528,3808.0
1999,0.45,0.0,0.22,3810,3815,20240726RUN03,13.843358747785901,100.46299175535059,3.6775919154522505,3.881238301021062,3.7794151082366563,4.146431819011679,3810,6035,0,857,,
2000,0.0,0.0,0.0,3815,3820,20240726RUN03,13.843364727404058,100.4629459113886,3.6775919154522505,3.881238301021062,3.7794151082366563,3.6601521089570066,3815,6035,0,857,529,3815.0
2001,0.03,0.0,0.02,3820,3825,20240726RUN03,13.843370909371743,100.46290009551204,2.287894646574373,2.2219857730017933,2.2549402097880833,2.415179139589121,3820,6035,0,857,530,3822.0
2002,0.0,0.0,0.0,3825,3830,20240726RUN03,13.843377255823201,100.46285430315787,2.287894646574373,2.2219857730017933,2.2549402097880833,2.166588214236922,3825,6035,0,857,531,3829.0
2003,0.21,0.52,0.36,3830,3835,20240726RUN03,13.843383698213668,100.46280852480031,2.287894646574373,2.2219857730017933,2.2549402097880833,2.3874395067897303,3830,6035,0,857,,
2004,0.0,0.98,0.49,3835,3840,20240726RUN03,13.843390208683225,100.46276275652342,2.287894646574373,2.2219857730017933,2.2549402097880833,2.1642633355921923,3835,6035,0,857,532,3836.0
2005,0.0,0.2,0.1,3840,3845,20240726RUN03,13.843396835137362,100.4627170057128,2.096834343397638,3.520558228102105,2.8086962857498716,2.6106623351563787,3840,6035,0,857,533,3844.0
2006,0.0,0.0,0.0,3845,3850,20240726RUN03,13.843403587379523,100.46267127412406,2.096834343397638,3.520558228102105,2.8086962857498716,3.082970337984709,3845,6035,0,857,,
2007,0.11,0.0,0.06,3850,3855,20240726RUN03,13.843410389389978,100.4626255502687,2.096834343397638,3.520558228102105,2.8086962857498716,2.9452538585984853,3850,6035,0,857,534,3851.0
2008,0.32,0.48,0.4,3855,3860,20240726RUN03,13.843417190890971,100.4625798263385,2.096834343397638,3.520558228102105,2.8086962857498716,2.600541360076898,3855,6035,0,857,535,3858.0
2009,0.36,0.65,0.5,3860,3865,20240726RUN03,13.843424028388517,100.4625341080827,1.8609174584678323,1.5831209273873048,1.7220191929275686,1.6860031432308427,3860,6035,0,857,,
2010,0.44,0.0,0.22,3865,3870,20240726RUN03,13.843430911434854,100.46248839693415,1.8609174584678323,1.5831209273873048,1.7220191929275686,1.5632178554480136,3865,6035,0,857,536,3865.0
2011,0.3,0.0,0.15,3870,3875,20240726RUN03,13.843437825883907,100.46244269074464,1.8609174584678323,1.5831209273873048,1.7220191929275686,1.6976247063647865,3870,6035,0,857,537,3872.0
2012,0.29,0.0,0.14,3875,3880,20240726RUN03,13.843444816817549,100.46239699675212,1.8609174584678323,1.5831209273873048,1.7220191929275686,1.7060321497964064,3875,6035,0,857,,
2013,0.11,0.0,0.06,3880,3885,20240726RUN03,13.843451878970452,100.46235131423133,1.1309993790783517,1.9431789905297567,1.5370891848040542,1.4783866909354395,3880,6035,0,857,538,3880.0
2014,0.09,0.0,0.04,3885,3890,20240726RUN03,13.843458965118769,100.4623056356355,1.1309993790783517,1.9431789905297567,1.5370891848040542,1.4836785862377366,3885,6035,0,857,539,3887.0
2015,0.7,0.0,0.35,3890,3895,20240726RUN03,13.843466113613015,100.4622599672273,1.1309993790783517,1.9431789905297567,1.5370891848040542,1.530147714567189,3890,6035,0,857,540,3894.0
2016,0.64,0.0,0.32,3895,3900,20240726RUN03,13.843473418221933,100.46221432472376,1.1309993790783517,1.9431789905297567,1.5370891848040542,1.4097012522443704,3895,6035,0,857,,
2017,0.34,0.0,0.17,3900,3905,20240726RUN03,13.843480886601698,100.46216870995744,1.2573218947820324,1.6229460786101295,1.440133986696081,1.3340195592136253,3900,6035,0,857,541,3901.0
2018,0.17,0.0,0.08,3905,3910,20240726RUN03,13.843488415594106,100.46212310559211,1.2573218947820324,1.6229460786101295,1.440133986696081,1.4578350187885885,3905,6035,0,857,542,3908.0
2019,0.11,0.04,0.08,3910,3915,20240726RUN03,13.843495925125385,100.46207749790044,1.2573218947820324,1.6229460786101295,1.440133986696081,1.4244305768858074,3910,6035,0,857,,
2020,0.16,0.11,0.14,3915,3920,20240726RUN03,13.84350341368757,100.46203188660974,1.2573218947820324,1.6229460786101295,1.440133986696081,1.3361674310449339,3915,6035,0,857,543,3916.0
2021,1.07,0.68,0.88,3920,3925,20240726RUN03,13.8435109100025,100.46198627663702,2.577674106348475,2.3995759921826654,2.48862504926557,2.335448568404642,3920,6035,0,857,544,3923.0
2022,0.45,0.26,0.36,3925,3930,20240726RUN03,13.843518384027101,100.46194066281737,2.577674106348475,2.3995759921826654,2.48862504926557,2.279631705735553,3925,6035,0,857,,
2023,0.46,0.0,0.23,3930,3935,20240726RUN03,13.84352587772075,100.46189505239657,2.577674106348475,2.3995759921826654,2.48862504926557,2.5879015498130196,3930,6035,0,857,545,3930.0
2024,0.16,0.23,0.2,3935,3940,20240726RUN03,13.843533473697738,100.46184945974854,2.577674106348475,2.3995759921826654,2.48862504926557,2.4982764944334246,3935,6035,0,857,546,3937.0
2025,0.19,0.02,0.1,3940,3945,20240726RUN03,13.843541115493634,100.46180387507762,1.6502229360978586,1.423212189151211,1.5367175626245348,1.5691190742614158,3940,6035,0,857,,
2026,0.18,0.06,0.12,3945,3950,20240726RUN03,13.843548755452028,100.46175829006768,1.6502229360978586,1.423212189151211,1.5367175626245348,1.677206943161438,3945,6035,0,857,547,3945.0
2027,0.64,0.39,0.52,3950,3955,20240726RUN03,13.843556419091549,100.46171270926841,1.6502229360978586,1.423212189151211,1.5367175626245348,1.5922790766026331,3950,6035,0,857,548,3952.0
2028,0.53,0.0,0.26,3955,3960,20240726RUN03,13.843564095811349,100.46166713072887,1.6502229360978586,1.423212189151211,1.5367175626245348,1.60411053215728,3955,6035,0,857,549,3959.0
2029,0.39,0.08,0.24,3960,3965,20240726RUN03,13.843571779253711,100.46162155337224,1.2332217041454965,1.9685092821504155,1.600865493147956,1.6889697143455382,3960,6035,0,857,,
2030,0.05,0.57,0.31,3965,3970,20240726RUN03,13.843579462967337,100.46157597608514,1.2332217041454965,1.9685092821504155,1.600865493147956,1.7143795357110903,3965,6035,0,857,550,3966.0
2031,0.06,0.06,0.06,3970,3975,20240726RUN03,13.843587143751936,100.46153039828242,1.2332217041454965,1.9685092821504155,1.600865493147956,1.6457846950350863,3970,6035,0,857,551,3973.0
2032,0.05,0.79,0.42,3975,3980,20240726RUN03,13.843594839382618,100.46148482311882,1.2332217041454965,1.9685092821504155,1.600865493147956,1.5310422744985184,3975,6035,0,857,,
2033,0.05,0.62,0.34,3980,3985,20240726RUN03,13.843602534102846,100.46143924776197,1.7533864709960114,1.1499306929019468,1.4516585819489791,1.507063886927302,3980,6035,0,857,552,3981.0
2034,0.19,1.07,0.63,3985,3990,20240726RUN03,13.843610234550653,100.46139367343618,1.7533864709960114,1.1499306929019468,1.4516585819489791,1.5642518388037092,3985,6035,0,857,553,3988.0
2035,0.29,0.86,0.57,3990,3995,20240726RUN03,13.84361794630752,100.4613481011112,1.7533864709960114,1.1499306929019468,1.4516585819489791,1.406010546524936,3990,6035,0,857,,
2036,0.1,0.15,0.12,3995,4000,20240726RUN03,13.843625681590838,100.46130253295316,1.7533864709960114,1.1499306929019468,1.4516585819489791,1.4613120885301045,3995,6035,0,857,554,3995.0
2037,0.15,0.17,0.16,4000,4005,20240726RUN03,13.843633441514479,100.46125696916802,0.94683137193316,1.2723287278591813,1.1095800498961705,1.1854414974451388,4000,6035,0,857,555,4002.0
2038,0.01,0.0,0.0,4005,4010,20240726RUN03,13.843641182645198,100.46121140207802,0.94683137193316,1.2723287278591813,1.1095800498961705,1.1932720781943695,4005,6035,0,857,556,4009.0
2039,0.03,0.17,0.1,4010,4015,20240726RUN03,13.843648868293172,100.46116582514706,0.94683137193316,1.2723287278591813,1.1095800498961705,1.133178326342357,4010,6035,0,857,,
2040,0.07,0.32,0.2,4015,4020,20240726RUN03,13.843656503523157,100.46112023934495,0.94683137193316,1.2723287278591813,1.1095800498961705,1.0848442410019004,4015,6035,0,857,557,4017.0
2041,0.28,0.13,0.2,4020,4025,20240726RUN03,13.84366415495584,100.46107465639317,1.8397761135250097,2.2459499173838657,2.042863015454438,2.189602084491234,4020,6035,0,857,558,4024.0
2042,0.17,0.2,0.18,4025,4030,20240726RUN03,13.84367187893239,100.46102908622952,1.8397761135250097,2.2459499173838657,2.042863015454438,2.1479558998513175,4025,6035,0,857,,
2043,0.45,0.23,0.34,4030,4035,20240726RUN03,13.843679607753746,100.46098351694846,1.8397761135250097,2.2459499173838657,2.042863015454438,2.126116598987409,4030,6035,0,857,559,4031.0
2044,0.57,0.83,0.7,4035,4040,20240726RUN03,13.843687318352222,100.46093794439955,1.8397761135250097,2.2459499173838657,2.042863015454438,1.9100335908672483,4035,6035,0,857,560,4038.0
2045,0.92,1.03,0.98,4040,4045,20240726RUN03,13.843695099525416,100.46089238446149,2.572017673390462,2.200124436407504,2.386071054898983,2.4652675234786154,4040,6035,0,857,,
2046,0.99,0.03,0.51,4045,4050,20240726RUN03,13.843702945393778,100.46084683606361,2.572017673390462,2.200124436407504,2.386071054898983,2.1527371972972844,4045,6035,0,857,561,4045.0
2047,0.64,0.11,0.38,4050,4055,20240726RUN03,13.84371079446059,100.46080128819281,2.572017673390462,2.200124436407504,2.386071054898983,2.426685073108574,4050,6035,0,857,562,4053.0
2048,0.61,0.03,0.32,4055,4060,20240726RUN03,13.843718631302288,100.46075573806962,2.572017673390462,2.200124436407504,2.386071054898983,2.5049325117621652,4055,6035,0,857,,
2049,0.29,0.22,0.26,4060,4065,20240726RUN03,13.843726459176175,100.46071018635011,1.3863873826962132,1.3937489834262935,1.3900681830612533,1.401287133416948,4060,6035,0,857,563,4060.0
2050,0.38,0.18,0.28,4065,4070,20240726RUN03,13.843734295061113,100.4606646360271,1.3863873826962132,1.3937489834262935,1.3900681830612533,1.4728769985220598,4065,6035,0,857,564,4067.0
2051,0.57,0.09,0.33,4070,4075,20240726RUN03,13.843742148460718,100.4606190888197,1.3863873826962132,1.3937489834262935,1.3900681830612533,1.3860907831172773,4070,6035,0,857,565,4074.0
2052,0.03,0.0,0.02,4075,4080,20240726RUN03,13.84375002602577,100.46057354600052,1.3863873826962132,1.3937489834262935,1.3900681830612533,1.3292231519896671,4075,6035,0,857,,
2053,0.16,0.0,0.08,4080,4085,20240726RUN03,13.843757867422328,100.46052799666383,1.1453332715924311,1.7196995792681573,1.4325164254302942,1.37922989084556,4080,6035,0,857,566,4082.0
2054,0.27,0.05,0.16,4085,4090,20240726RUN03,13.843765619726577,100.46048243138418,1.1453332715924311,1.7196995792681573,1.4325164254302942,1.4197149315998674,4085,6035,0,857,567,4089.0
2055,0.39,0.13,0.26,4090,4095,20240726RUN03,13.843773350314363,100.46043686223778,1.1453332715924311,1.7196995792681573,1.4325164254302942,1.3479424780892413,4090,6035,0,857,,
2056,0.44,0.21,0.32,4095,4100,20240726RUN03,13.8437811381346,100.46039130329525,1.1453332715924311,1.7196995792681573,1.4325164254302942,1.337459210298859,4095,6035,0,857,568,4096.0
2057,0.86,0.17,0.52,4100,4105,20240726RUN03,13.843788940432132,100.46034574693333,1.0842382727702955,1.37973137723516,1.2319848250027277,1.2913579240948991,4100,6035,0,857,569,4103.0
2058,1.18,0.59,0.88,4105,4110,20240726RUN03,13.843796694569043,100.46030018195084,1.0842382727702955,1.37973137723516,1.2319848250027277,1.3405582784136898,4105,6035,0,857,,
2059,0.99,0.11,0.55,4110,4115,20240726RUN03,13.843804433129598,100.46025461418807,1.0842382727702955,1.37973137723516,1.2319848250027277,1.2841329347837585,4110,6035,0,857,570,4110.0
2060,1.5,0.29,0.9,4115,4120,20240726RUN03,13.843812156189555,100.46020904366574,1.0842382727702955,1.37973137723516,1.2319848250027277,1.2261400155915854,4115,6035,0,857,571,4118.0
2061,1.17,0.25,0.71,4120,4125,20240726RUN03,13.843819833021838,100.46016346498071,1.633504951125223,1.5477408297133328,1.590622890419278,1.7294128417881085,4120,6035,0,857,,
2062,0.76,0.0,0.38,4125,4130,20240726RUN03,13.843827515108826,100.46011788722468,1.633504951125223,1.5477408297133328,1.590622890419278,1.7363296047780354,4125,6035,0,857,572,4125.0
2063,0.96,0.0,0.48,4130,4135,20240726RUN03,13.843835228729487,100.4600723150455,1.633504951125223,1.5477408297133328,1.590622890419278,1.479167471842231,4130,6035,0,857,573,4132.0
2064,0.79,0.05,0.42,4135,4140,20240726RUN03,13.843842935260385,100.4600267416181,1.633504951125223,1.5477408297133328,1.590622890419278,1.631664254787429,4135,6035,0,857,574,4139.0
2065,0.93,0.02,0.48,4140,4145,20240726RUN03,13.84385063337952,100.45998116669847,1.9027266502902744,1.013366522063324,1.458046586176799,1.5886605889996654,4140,6035,0,857,,
2066,0.23,0.05,0.14,4145,4150,20240726RUN03,13.843858311761071,100.45993558828567,1.9027266502902744,1.013366522063324,1.458046586176799,1.5696276280935626,4145,6035,0,857,575,4146.0
2067,0.38,0.71,0.54,4150,4155,20240726RUN03,13.843865918839075,100.45988999737962,1.9027266502902744,1.013366522063324,1.458046586176799,1.4794947240407845,4150,6035,0,857,576,4154.0
2068,0.34,0.12,0.23,4155,4160,20240726RUN03,13.843873411987053,100.45984438672205,1.9027266502902744,1.013366522063324,1.458046586176799,1.3517145261814432,4155,6035,0,857,,
2069,0.64,0.46,0.55,4160,4165,20240726RUN03,13.843880803026291,100.45979875860769,1.3458846325542406,1.1809041188616316,1.2633943757079362,1.3566952196319673,4160,6035,0,857,577,4161.0
2070,0.52,0.19,0.36,4165,4170,20240726RUN03,13.843888128622826,100.45975311943043,1.3458846325542406,1.1809041188616316,1.2633943757079362,1.2777389611801304,4165,6035,0,857,578,4168.0
2071,0.42,0.2,0.31,4170,4175,20240726RUN03,13.843895458736792,100.4597074810053,1.3458846325542406,1.1809041188616316,1.2633943757079362,1.3348165692821954,4170,6035,0,857,,
2072,1.33,1.53,1.43,4175,4180,20240726RUN03,13.843902892593269,100.45966186018606,1.3458846325542406,1.1809041188616316,1.2633943757079362,1.2735196437960552,4175,6035,0,857,579,4175.0
2073,0.46,1.76,1.11,4180,4185,20240726RUN03,13.843910556269071,100.45961627929672,1.2362432137598736,-1.0,0.11812160687993678,0.12397597503299694,4180,6035,0,857,580,4182.0
2074,0.21,0.61,0.41,4185,4190,20240726RUN03,13.843918547942605,100.45957075745574,1.2362432137598736,-1.0,0.11812160687993678,0.11039010983605524,4185,6035,0,857,,
2075,0.46,1.23,0.84,4190,4195,20240726RUN03,13.843926798451138,100.45952528393703,1.2362432137598736,-1.0,0.11812160687993678,0.1225335995816486,4190,6035,0,857,581,4190.0
2076,0.23,1.24,0.74,4195,4200,20240726RUN03,13.84393510611634,100.4594798212967,1.2362432137598736,-1.0,0.11812160687993678,0.10859954366970427,4195,6035,0,857,582,4197.0
2077,0.09,0.31,0.2,4200,4205,20240726RUN03,13.8439433207417,100.45943434095773,1.1608265749591378,1.3609744066288612,1.2609004907939996,1.2537737631300363,4200,6035,0,857,583,4204.0
2078,0.82,0.85,0.84,4205,4210,20240726RUN03,13.843951403481123,100.45938883587084,1.1608265749591378,1.3609744066288612,1.2609004907939996,1.1449384474439064,4205,6035,0,857,,
2079,0.63,0.21,0.42,4210,4215,20240726RUN03,13.843959379087789,100.45934331095856,1.1608265749591378,1.3609744066288612,1.2609004907939996,1.3364225148257933,4210,6035,0,857,584,4211.0
2080,0.07,0.24,0.16,4215,4220,20240726RUN03,13.843967274608508,100.45929777143701,1.1608265749591378,1.3609744066288612,1.2609004907939996,1.3023782719754542,4215,6035,0,857,585,4219.0
2081,0.09,0.25,0.17,4220,4225,20240726RUN03,13.843975077568196,100.4592522152051,1.047583417861757,1.2827735771487507,1.165178497505254,1.123073308534111,4220,6035,0,857,,
2082,0.27,0.0,0.14,4225,4230,20240726RUN03,13.843982817043122,100.45920664764557,1.047583417861757,1.2827735771487507,1.165178497505254,1.1332164772152848,4225,6035,0,857,586,4226.0
2083,0.39,0.02,0.2,4230,4235,20240726RUN03,13.843990538388462,100.45916107688896,1.047583417861757,1.2827735771487507,1.165178497505254,1.0498351428375443,4230,6035,0,857,587,4233.0
2084,0.54,0.39,0.46,4235,4240,20240726RUN03,13.843998243823531,100.45911550330148,1.047583417861757,1.2827735771487507,1.165178497505254,1.2497183385419395,4235,6035,0,857,,
2085,0.33,0.29,0.31,4240,4245,20240726RUN03,13.844005925269599,100.45906992545956,1.4511946544714094,0.910910475473837,1.1810525649726231,1.2434849245274664,4240,6035,0,857,588,4240.0
2086,0.19,0.11,0.15,4245,4250,20240726RUN03,13.844013605951194,100.45902434747639,1.4511946544714094,0.910910475473837,1.1810525649726231,1.1295393014541313,4245,6035,0,857,589,4247.0
2087,0.28,0.16,0.22,4250,4255,20240726RUN03,13.844021284969104,100.45897876919322,1.4511946544714094,0.910910475473837,1.1810525649726231,1.2875056794962965,4250,6035,0,857,,
2088,0.17,0.28,0.23,4255,4260,20240726RUN03,13.844028984260904,100.45893319450212,1.4511946544714094,0.910910475473837,1.1810525649726231,1.2469391123623597,4255,6035,0,857,590,4255.0
2089,0.36,0.12,0.24,4260,4265,20240726RUN03,13.844036749418041,100.45888763154674,1.9905036366126845,1.1802201537249757,1.58536189516883,1.6118376166894515,4260,6035,0,857,591,4262.0
2090,0.19,0.0,0.1,4265,4270,20240726RUN03,13.844044524420847,100.45884207031409,1.9905036366126845,1.1802201537249757,1.58536189516883,1.7005837152329848,4265,6035,0,857,592,4269.0
2091,0.17,0.08,0.12,4270,4275,20240726RUN03,13.844052239882242,100.45879649848162,1.9905036366126845,1.1802201537249757,1.58536189516883,1.6458517467749403,4270,6035,0,857,,
2092,0.14,0.0,0.07,4275,4280,20240726RUN03,13.844059903148198,100.45875091742596,1.9905036366126845,1.1802201537249757,1.58536189516883,1.4344240202915988,4275,6035,0,857,593,4276.0
2093,0.44,0.09,0.26,4280,4285,20240726RUN03,13.844067506604176,100.458705325874,2.6678796101715694,2.0414858259870305,2.3546827180793,2.438985431381975,4280,6035,0,857,594,4283.0
2094,0.89,0.02,0.46,4285,4290,20240726RUN03,13.844075094776565,100.45865973169954,2.6678796101715694,2.0414858259870305,2.3546827180793,2.46329892566262,4285,6035,0,857,,
2095,0.41,0.1,0.26,4290,4295,20240726RUN03,13.8440827337173,100.45861414637456,2.6678796101715694,2.0414858259870305,2.3546827180793,2.146726141544461,4290,6035,0,857,595,4291.0
2096,0.05,0.16,0.11,4295,4300,20240726RUN03,13.844090412323816,100.45856856800127,2.6678796101715694,2.0414858259870305,2.3546827180793,2.3571691368600716,4295,6035,0,857,596,4298.0
2097,0.3,0.62,0.46,4300,4305,20240726RUN03,13.844098116746238,100.45852299426338,1.2053802669760558,1.99886917703147,1.6021247220037629,1.708373641483203,4300,6035,0,857,,
2098,0.35,0.48,0.42,4305,4310,20240726RUN03,13.844105850774515,100.45847742567908,1.2053802669760558,1.99886917703147,1.6021247220037629,1.5848006370333407,4305,6035,0,857,597,4305.0
2099,0.7,0.31,0.5,4310,4315,20240726RUN03,13.844113596652278,100.45843185919671,1.2053802669760558,1.99886917703147,1.6021247220037629,1.7385258002318764,4310,6035,0,857,598,4312.0
2100,0.91,1.07,0.99,4315,4320,20240726RUN03,13.844121333055726,100.45838629099292,1.2053802669760558,1.99886917703147,1.6021247220037629,1.4834602825527425,4315,6035,0,857,,
2101,0.56,0.18,0.37,4320,4325,20240726RUN03,13.844129027599248,100.4583407153369,1.3615480724594342,2.1791182387471717,1.770333155603303,1.7398360701249356,4320,6035,0,857,599,4320.0
2102,1.31,0.53,0.92,4325,4330,20240726RUN03,13.844136653529844,100.4582951275789,1.3615480724594342,2.1791182387471717,1.770333155603303,1.80611282205122,4325,6035,0,857,600,4327.0
2103,0.73,0.3,0.52,4330,4335,20240726RUN03,13.844144222129577,100.45824952980425,1.3615480724594342,2.1791182387471717,1.770333155603303,1.629945791203213,4330,6035,0,857,601,4334.0
2104,1.22,1.17,1.19,4335,4340,20240726RUN03,13.844151795553325,100.45820393285557,1.3615480724594342,2.1791182387471717,1.770333155603303,1.613341628111512,4335,6035,0,857,,
2105,0.64,2.26,1.45,4340,4345,20240726RUN03,13.84415940251728,100.45815834178212,0.8829039610870851,1.1231844076757358,1.0030441843814104,0.9772696833843885,4340,6035,0,857,602,4341.0
2106,0.54,1.8,1.17,4345,4350,20240726RUN03,13.844167005293418,100.45811274996277,0.8829039610870851,1.1231844076757358,1.0030441843814104,0.9375841864987275,4345,6035,0,857,603,4348.0
2107,0.33,0.78,0.56,4350,4355,20240726RUN03,13.844174597225422,100.45806715624727,0.8829039610870851,1.1231844076757358,1.0030441843814104,0.951032593171527,4350,6035,0,857,,
2108,0.11,0.31,0.21,4355,4360,20240726RUN03,13.84418219982899,100.45802156440453,0.8829039610870851,1.1231844076757358,1.0030441843814104,1.005859746574767,4355,6035,0,857,604,4356.0
2109,0.12,0.21,0.16,4360,4365,20240726RUN03,13.84418980417843,100.45797597286621,1.0108414837262605,1.0909023607176311,1.0508719222219458,0.9974705231360599,4360,6035,0,857,605,4363.0
2110,0.14,0.72,0.43,4365,4370,20240726RUN03,13.84419741839247,100.45793038306141,1.0108414837262605,1.0909023607176311,1.0508719222219458,1.0506732011413618,4365,6035,0,857,,
2111,0.03,2.84,1.43,4370,4375,20240726RUN03,13.844205093091432,100.45788480390645,1.0108414837262605,1.0909023607176311,1.0508719222219458,1.02652148717241,4370,6035,0,857,606,4370.0
2112,0.03,2.87,1.45,4375,4380,20240726RUN03,13.844212908465785,100.45783924981173,1.0108414837262605,1.0909023607176311,1.0508719222219458,1.0794603607497297,4375,6035,0,857,607,4377.0
2113,2.56,1.51,2.04,4380,4385,20240726RUN03,13.844220902779195,100.4577937282395,3.0331206069416683,1.5652049218850927,2.2991627644133805,2.281682561988837,4380,6035,0,857,608,4384.0
2114,4.06,0.0,2.03,4385,4390,20240726RUN03,13.844228958758109,100.45774821797117,3.0331206069416683,1.5652049218850927,2.2991627644133805,2.3637291019500237,4385,6035,0,857,,
2115,5.61,0.0,2.8,4390,4395,20240726RUN03,13.844236897508228,100.45770268622377,3.0331206069416683,1.5652049218850927,2.2991627644133805,2.491273693189491,4390,6035,0,857,609,4392.0
2116,3.68,0.0,1.84,4395,4400,20240726RUN03,13.844244654078857,100.4576571215694,3.0331206069416683,1.5652049218850927,2.2991627644133805,2.0818780566300337,4395,6035,0,857,610,4399.0
2117,4.8,0.0,2.4,4400,4405,20240726RUN03,13.844252209095853,100.45761152149049,1.4396983404632837,1.5269795058835671,1.4833389231734255,1.6036132888524002,4400,6035,0,857,,
2118,5.28,0.0,2.64,4405,4410,20240726RUN03,13.84425964367605,100.45756590070246,1.4396983404632837,1.5269795058835671,1.4833389231734255,1.3375514138341504,4405,6035,0,857,611,4406.0
2119,4.25,0.03,2.14,4410,4415,20240726RUN03,13.844267001028783,100.45752026673051,1.4396983404632837,1.5269795058835671,1.4833389231734255,1.3442966060185404,4410,6035,0,857,612,4413.0
2120,0.76,0.63,0.7,4415,4420,20240726RUN03,13.8442742553866,100.45747461552983,1.4396983404632837,1.5269795058835671,1.4833389231734255,1.3669554191041808,4415,6035,0,857,,
2121,0.05,0.98,0.52,4420,4425,20240726RUN03,13.844281513406637,100.4574289649498,1.340981284921234,1.8141362070427556,1.5775587459819946,1.606499162420409,4420,6035,0,857,613,4420.0
2122,0.16,0.71,0.44,4425,4430,20240726RUN03,13.844288852630717,100.45738332796098,1.340981284921234,1.8141362070427556,1.5775587459819946,1.4199737523931724,4425,6035,0,857,614,4428.0
2123,0.33,1.21,0.77,4430,4435,20240726RUN03,13.844296216865914,100.4573376951681,1.340981284921234,1.8141362070427556,1.5775587459819946,1.6048068217813596,4430,6035,0,857,,
2124,0.3,0.72,0.51,4435,4440,20240726RUN03,13.844303566257333,100.45729205988304,1.340981284921234,1.8141362070427556,1.5775587459819946,1.4801989878646067,4435,6035,0,857,615,4435.0
2125,0.54,0.21,0.38,4440,4445,20240726RUN03,13.844310948303846,100.4572464301232,1.169027642134437,2.0014499238545818,1.5852387829945094,1.4299530925854456,4440,6035,0,857,616,4442.0
2126,0.18,0.33,0.26,4445,4450,20240726RUN03,13.84431837672664,100.45720080826811,1.169027642134437,2.0014499238545818,1.5852387829945094,1.6910288221772043,4445,6035,0,857,617,4449.0
2127,0.41,1.05,0.73,4450,4455,20240726RUN03,13.844325785423843,100.45715518304226,1.169027642134437,2.0014499238545818,1.5852387829945094,1.5776852770636725,4450,6035,0,857,,
2128,0.66,0.92,0.79,4455,4460,20240726RUN03,13.84433321757526,100.45710956184557,1.169027642134437,2.0014499238545818,1.5852387829945094,1.5088473821522785,4455,6035,0,857,618,4457.0
2129,0.61,0.11,0.36,4460,4465,20240726RUN03,13.84434071991313,100.45706395263299,1.0590660440608644,1.1718928541221385,1.1154794490915014,1.0278393590401085,4460,6035,0,857,619,4464.0
2130,0.3,0.0,0.15,4465,4470,20240726RUN03,13.84434820520231,100.45701834048387,1.0590660440608644,1.1718928541221385,1.1154794490915014,1.100334637077075,4465,6035,0,857,,
2131,0.64,0.0,0.32,4470,4475,20240726RUN03,13.844355661254482,100.45697272334357,1.0590660440608644,1.1718928541221385,1.1154794490915014,1.1010046990959608,4470,6035,0,857,620,4471.0
2132,0.59,0.0,0.3,4475,4480,20240726RUN03,13.844363164385896,100.45692711430544,1.0590660440608644,1.1718928541221385,1.1154794490915014,1.1196594830412745,4475,6035,0,857,621,4478.0
2133,0.85,0.0,0.42,4480,4485,20240726RUN03,13.844370729384167,100.4568815159688,1.4354047167253643,1.6358665217828068,1.5356356192540854,1.589423561251379,4480,6035,0,857,,
2134,0.58,0.15,0.36,4485,4490,20240726RUN03,13.844378339486978,100.45683592547003,1.4354047167253643,1.6358665217828068,1.5356356192540854,1.625200427650475,4485,6035,0,857,622,4485.0
2135,1.14,0.26,0.7,4490,4495,20240726RUN03,13.84438595382907,100.45679033575495,1.4354047167253643,1.6358665217828068,1.5356356192540854,1.4358155435001294,4490,6035,0,857,623,4493.0
2136,0.9,0.1,0.5,4495,4500,20240726RUN03,13.84439351588589,100.4567447369076,1.4354047167253643,1.6358665217828068,1.5356356192540854,1.509640656074716,4495,6035,0,857,,
2137,0.28,0.0,0.14,4500,4505,20240726RUN03,13.844401024280724,100.45669912874298,1.7203532251293547,1.8113357483014565,1.7658444867154057,1.8832834205410631,4500,6035,0,857,624,4500.0
2138,0.59,0.05,0.32,4505,4510,20240726RUN03,13.844408497138405,100.45665351449907,1.7203532251293547,1.8113357483014565,1.7658444867154057,1.7009110574203143,4505,6035,0,857,625,4507.0
2139,0.72,0.0,0.36,4510,4515,20240726RUN03,13.844415976861441,100.45660790148091,1.7203532251293547,1.8113357483014565,1.7658444867154057,1.6487104604200578,4510,6035,0,857,626,4514.0
2140,1.1,0.02,0.56,4515,4520,20240726RUN03,13.844423485703128,100.45656229341448,1.7203532251293547,1.8113357483014565,1.7658444867154057,1.8761389233100323,4515,6035,0,857,,
2141,0.98,0.06,0.52,4520,4525,20240726RUN03,13.844430980877206,100.45651668300913,1.385185193316847,1.223608912433501,1.304397052875174,1.4110733170629814,4520,6035,0,857,627,4521.0
2142,0.86,0.1,0.48,4525,4530,20240726RUN03,13.844438442347013,100.45647106680254,1.385185193316847,1.223608912433501,1.304397052875174,1.4263822482217088,4525,6035,0,857,628,4529.0
2143,0.79,0.0,0.4,4530,4535,20240726RUN03,13.844445889825062,100.45642544821166,1.385185193316847,1.223608912433501,1.304397052875174,1.2179493396694112,4530,6035,0,857,,
2144,0.8,0.07,0.44,4535,4540,20240726RUN03,13.844453327928422,100.45637982795984,1.385185193316847,1.223608912433501,1.304397052875174,1.4274336281901492,4535,6035,0,857,629,4536.0
2145,1.24,0.02,0.63,4540,4545,20240726RUN03,13.844460735418162,100.45633420247376,1.0723915763444531,1.056556565813889,1.0644740710791711,0.9860493087320628,4540,6035,0,857,630,4543.0
2146,1.15,0.06,0.6,4545,4550,20240726RUN03,13.844468095049423,100.45628856885028,1.0723915763444531,1.056556565813889,1.0644740710791711,1.0579349759404064,4545,6035,0,857,,
2147,0.91,0.0,0.46,4550,4555,20240726RUN03,13.844475446657814,100.4562429338802,1.0723915763444531,1.056556565813889,1.0644740710791711,1.1659022316219894,4550,6035,0,857,631,4550.0
2148,0.89,0.0,0.44,4555,4560,20240726RUN03,13.844482833776297,100.45619730492942,1.0723915763444531,1.056556565813889,1.0644740710791711,1.1076014030883676,4555,6035,0,857,632,4557.0
2149,0.8,0.0,0.4,4560,4565,20240726RUN03,13.844490255596167,100.45615168186016,1.2372578743352984,1.4326147681136243,1.3349363212244614,1.3568430252944266,4560,6035,0,857,,
2150,1.04,0.1,0.57,4565,4570,20240726RUN03,13.84449765954959,100.45610605578545,1.2372578743352984,1.4326147681136243,1.3349363212244614,1.4502099170143974,4565,6035,0,857,633,4565.0
2151,0.48,0.02,0.25,4570,4575,20240726RUN03,13.844505016858283,100.45606042181754,1.2372578743352984,1.4326147681136243,1.3349363212244614,1.3494959012048868,4570,6035,0,857,634,4572.0
2152,0.79,0.0,0.4,4575,4580,20240726RUN03,13.844512399545279,100.45601479210212,1.2372578743352984,1.4326147681136243,1.3349363212244614,1.4208906562043537,4575,6035,0,857,635,4579.0
2153,0.61,0.0,0.3,4580,4585,20240726RUN03,13.844519816293786,100.45596916817468,1.274939489872767,1.1993639706454595,1.2371517302591133,1.154363061045244,4580,6035,0,857,,
2154,0.3,0.0,0.15,4585,4590,20240726RUN03,13.844527183932286,100.45592353594441,1.274939489872767,1.1993639706454595,1.2371517302591133,1.1549217259487337,4585,6035,0,857,636,4586.0
2155,0.28,0.0,0.14,4590,4595,20240726RUN03,13.844534469276761,100.4558778898354,1.274939489872767,1.1993639706454595,1.2371517302591133,1.1898664814978575,4590,6035,0,857,637,4594.0
2156,0.49,0.0,0.24,4595,4600,20240726RUN03,13.8445416951615,100.45583223386717,1.274939489872767,1.1993639706454595,1.2371517302591133,1.3042293714636586,4595,6035,0,857,,
2157,0.18,0.29,0.24,4600,4605,20240726RUN03,13.844548912577292,100.4557865764986,1.8469028163332173,1.8555149502188395,1.8512088832760285,1.8234158874355901,4600,6035,0,857,638,4601.0
2158,0.37,0.02,0.2,4605,4610,20240726RUN03,13.844556170562596,100.45574092583414,1.8469028163332173,1.8555149502188395,1.8512088832760285,2.028698127350027,4605,6035,0,857,639,4608.0
2159,0.19,0.22,0.2,4610,4615,20240726RUN03,13.844563448311288,100.45569527849912,1.8469028163332173,1.8555149502188395,1.8512088832760285,1.8025660877182372,4610,6035,0,857,,
2160,0.17,0.58,0.38,4615,4620,20240726RUN03,13.844570702754535,100.45564962722759,1.8469028163332173,1.8555149502188395,1.8512088832760285,1.9902235155909385,4615,6035,0,857,640,4615.0
2161,0.31,0.96,0.64,4620,4625,20240726RUN03,13.844577990125432,100.45560398150711,1.1018035985641688,1.1776338519746703,1.1397187252694194,1.1585111117417302,4620,6035,0,857,641,4622.0
2162,0.31,0.66,0.48,4625,4630,20240726RUN03,13.844585346434577,100.45555834735835,1.1018035985641688,1.1776338519746703,1.1397187252694194,1.1941909874793093,4625,6035,0,857,,
2163,0.41,1.8,1.1,4630,4635,20240726RUN03,13.8445927436442,100.4555127201456,1.1018035985641688,1.1776338519746703,1.1397187252694194,1.0683716093422475,4630,6035,0,857,642,4630.0
2164,0.7,2.04,1.37,4635,4640,20240726RUN03,13.844600180113636,100.45546709960203,1.1018035985641688,1.1776338519746703,1.1397187252694194,1.0474918125902795,4635,6035,0,857,643,4637.0
2165,0.89,0.58,0.74,4640,4645,20240726RUN03,13.844607661252734,100.45542148671643,1.3008149496085808,1.7142601202047976,1.5075375349066893,1.432359722144177,4640,6035,0,857,644,4644.0
2166,0.7,0.21,0.45,4645,4650,20240726RUN03,13.844615165639393,100.4553758778068,1.3008149496085808,1.7142601202047976,1.5075375349066893,1.4180318242809558,4645,6035,0,857,,
2167,0.52,0.73,0.62,4650,4655,20240726RUN03,13.844622659209218,100.45533026705326,1.3008149496085808,1.7142601202047976,1.5075375349066893,1.446857748935153,4650,6035,0,857,645,4651.0
2168,0.58,0.0,0.29,4655,4660,20240726RUN03,13.844630125592175,100.4552846516256,1.3008149496085808,1.7142601202047976,1.5075375349066893,1.6552544746093472,4655,6035,0,857,646,4658.0
2169,0.19,0.13,0.16,4660,4665,20240726RUN03,13.84463752789551,100.45523902527697,1.483804101991486,1.4560691971553297,1.4699366495734079,1.594771909341595,4660,6035,0,857,,
2170,0.04,0.11,0.08,4665,4670,20240726RUN03,13.844644874285784,100.45519338944771,1.483804101991486,1.4560691971553297,1.4699366495734079,1.4530530906753008,4665,6035,0,857,647,4666.0
2171,0.11,0.32,0.22,4670,4675,20240726RUN03,13.84465219953287,100.45514775009266,1.483804101991486,1.4560691971553297,1.4699366495734079,1.438015861449248,4670,6035,0,857,648,4673.0
2172,0.46,0.48,0.47,4675,4680,20240726RUN03,13.844659491719016,100.4551021051732,1.483804101991486,1.4560691971553297,1.4699366495734079,1.3829811498596745,4675,6035,0,857,,
2173,0.3,0.06,0.18,4680,4685,20240726RUN03,13.844666757921726,100.45505645590883,1.818915862784432,1.2648504352726029,1.5418831490285174,1.5957872570818092,4680,6035,0,857,649,4680.0
2174,0.26,0.43,0.34,4685,4690,20240726RUN03,13.844673986768482,100.45501080039467,1.818915862784432,1.2648504352726029,1.5418831490285174,1.5998013068582342,4685,6035,0,857,650,4687.0
2175,0.57,0.27,0.42,4690,4695,20240726RUN03,13.844681214267247,100.45496514468779,1.818915862784432,1.2648504352726029,1.5418831490285174,1.6285721516298903,4690,6035,0,857,651,4694.0
2176,0.47,0.19,0.33,4695,4700,20240726RUN03,13.84468857654111,100.4549195115807,1.818915862784432,1.2648504352726029,1.5418831490285174,1.596625029348587,4695,6035,0,857,,
2177,0.43,0.16,0.3,4700,4705,20240726RUN03,13.844696083409717,100.45487390312313,1.2683772085702667,1.6525403614137333,1.4604587849919999,1.5822356321654025,4700,6035,0,857,652,4702.0
2178,0.22,0.47,0.34,4705,4710,20240726RUN03,13.844703584449704,100.45482829363766,1.2683772085702667,1.6525403614137333,1.4604587849919999,1.5400075396665995,4705,6035,0,857,653,4709.0
2179,0.67,0.22,0.44,4710,4715,20240726RUN03,13.84471099307749,100.45478266837017,1.2683772085702667,1.6525403614137333,1.4604587849919999,1.3613247893551972,4710,6035,0,857,,
2180,1.38,0.69,1.03,4715,4720,20240726RUN03,13.84471838748063,100.45473704066573,1.2683772085702667,1.6525403614137333,1.4604587849919999,1.5710481733125725,4715,6035,0,857,654,4716.0
2181,0.76,0.1,0.43,4720,4725,20240726RUN03,13.844725834786592,100.45469142197591,1.4440127544109664,1.4048052264713302,1.4244089904411483,1.5488755984610012,4720,6035,0,857,655,4723.0
2182,0.81,0.0,0.4,4725,4730,20240726RUN03,13.84473331335466,100.45464580863066,1.4440127544109664,1.4048052264713302,1.4244089904411483,1.3758129641476264,4725,6035,0,857,,
2183,1.01,0.04,0.52,4730,4735,20240726RUN03,13.844740767253532,100.45460019104672,1.4440127544109664,1.4048052264713302,1.4244089904411483,1.5062424260955993,4730,6035,0,857,656,4731.0
2184,0.98,0.17,0.57,4735,4740,20240726RUN03,13.844748187028445,100.45455456765544,1.4440127544109664,1.4048052264713302,1.4244089904411483,1.4411979845347769,4735,6035,0,857,657,4738.0
2185,0.35,0.03,0.19,4740,4745,20240726RUN03,13.844755610297872,100.45450894485423,1.405604006040604,1.43525618297216,1.420430094506382,1.4683600226494193,4740,6035,0,857,,
2186,0.7,0.01,0.36,4745,4750,20240726RUN03,13.84476308899768,100.45446333155022,1.405604006040604,1.43525618297216,1.420430094506382,1.5558098015362314,4745,6035,0,857,658,4745.0
2187,0.79,0.0,0.4,4750,4755,20240726RUN03,13.844770650051046,100.45441773248686,1.405604006040604,1.43525618297216,1.420430094506382,1.2949976326846457,4750,6035,0,857,659,4752.0
2188,0.59,0.0,0.3,4755,4760,20240726RUN03,13.844778278265695,100.45437214519437,1.405604006040604,1.43525618297216,1.420430094506382,1.3330010377225852,4755,6035,0,857,660,4759.0
2189,0.39,0.0,0.2,4760,4765,20240726RUN03,13.844785953565765,100.45432656620387,2.587410348685273,2.902037223702405,2.744723786193839,2.5761519225572718,4760,6035,0,857,,
2190,0.88,0.0,0.44,4765,4770,20240726RUN03,13.844793659127157,100.45428099255976,2.587410348685273,2.902037223702405,2.744723786193839,2.9086722454288907,4765,6035,0,857,661,4767.0
2191,1.17,0.0,0.58,4770,4775,20240726RUN03,13.844801329120209,100.45423541275163,2.587410348685273,2.902037223702405,2.744723786193839,2.754362203423861,4770,6035,0,857,662,4774.0
2192,0.31,0.0,0.16,4775,4780,20240726RUN03,13.84480891306994,100.4541898178186,2.587410348685273,2.902037223702405,2.744723786193839,2.5456273448551636,4775,6035,0,857,,
2193,0.11,0.0,0.06,4780,4785,20240726RUN03,13.844816438636387,100.45414421279757,1.6035334993900845,1.5368121152853234,1.570172807337704,1.4216693481232128,4780,6035,0,857,663,4781.0
2194,0.08,0.02,0.05,4785,4790,20240726RUN03,13.844823940093097,100.45409860364079,1.6035334993900845,1.5368121152853234,1.570172807337704,1.6366427515758282,4785,6035,0,857,664,4788.0
2195,0.68,0.47,0.57,4790,4795,20240726RUN03,13.844831408777148,100.45405298884428,1.6035334993900845,1.5368121152853234,1.570172807337704,1.533289089020355,4790,6035,0,857,,
2196,0.52,0.0,0.26,4795,4800,20240726RUN03,13.84483884928293,100.45400736922711,1.6035334993900845,1.5368121152853234,1.570172807337704,1.6231821062699536,4795,6035,0,857,665,4795.0
2197,0.8,0.23,0.52,4800,4805,20240726RUN03,13.844846389401173,100.45396176672155,1.6725825796210376,1.957324690497104,1.8149536350590707,1.9263355550887422,4800,6035,0,857,666,4803.0
2198,0.5,0.0,0.25,4805,4810,20240726RUN03,13.844854186468746,100.45391620948513,1.6725825796210376,1.957324690497104,1.8149536350590707,1.765606638433661,4805,6035,0,857,,
2199,0.65,0.0,0.32,4810,4815,20240726RUN03,13.844862279601342,100.45387070629839,1.6725825796210376,1.957324690497104,1.8149536350590707,1.9558271847842388,4810,6035,0,857,667,4810.0
2200,0.16,0.0,0.08,4815,4820,20240726RUN03,13.844870745114903,100.4538252741637,1.6725825796210376,1.957324690497104,1.8149536350590707,1.87839814301556,4815,6035,0,857,668,4817.0
2201,2.26,0.0,1.13,4820,4825,20240726RUN03,13.844879673245135,100.45377993488476,1.4518067955168137,1.938954790888964,1.6953807932028888,1.6824793945569487,4820,6035,0,857,669,4824.0
2202,1.21,0.0,0.6,4825,4830,20240726RUN03,13.84488917695967,100.4537347184772,1.4518067955168137,1.938954790888964,1.6953807932028888,1.7399867667347533,4825,6035,0,857,,
2203,0.77,0.0,0.38,4830,4835,20240726RUN03,13.844899366947713,100.45368965878643,1.4518067955168137,1.938954790888964,1.6953807932028888,1.795811892328329,4830,6035,0,857,670,4832.0
2204,1.05,0.0,0.52,4835,4840,20240726RUN03,13.844910239152957,100.45364476633587,1.4518067955168137,1.938954790888964,1.6953807932028888,1.6092634183439418,4835,6035,0,857,671,4839.0
2205,1.77,0.0,0.88,4840,4845,20240726RUN03,13.844921831214815,100.45360006299727,1.5008121786269106,2.0109003021506293,1.7558562403887699,1.7689080090548945,4840,6035,0,857,,
2206,0.85,0.0,0.42,4845,4850,20240726RUN03,13.844934198701885,100.45355557779595,1.5008121786269106,2.0109003021506293,1.7558562403887699,1.6851512607872157,4845,6035,0,857,672,4846.0
2207,0.26,0.0,0.13,4850,4855,20240726RUN03,13.844947342831599,100.45351132641031,1.5008121786269106,2.0109003021506293,1.7558562403887699,1.7336307490216345,4850,6035,0,857,673,4853.0
2208,0.32,0.0,0.16,4855,4860,20240726RUN03,13.844961290129817,100.45346733328131,1.5008121786269106,2.0109003021506293,1.7558562403887699,1.7367871563805362,4855,6035,0,857,,
2209,0.43,0.0,0.22,4860,4865,20240726RUN03,13.844976083970913,100.45342363085483,1.806660954412772,2.4774141081955467,2.1420375313041595,2.1872566670734153,4860,6035,0,857,674,4860.0
2210,0.79,0.0,0.4,4865,4870,20240726RUN03,13.844991744367501,100.45338024566239,1.806660954412772,2.4774141081955467,2.1420375313041595,2.0426920545269174,4865,6035,0,857,675,4868.0
2211,1.51,0.0,0.76,4870,4875,20240726RUN03,13.845008141095276,100.45333714608141,1.806660954412772,2.4774141081955467,2.1420375313041595,2.1821885609883935,4870,6035,0,857,,
2212,2.19,0.0,1.1,4875,4880,20240726RUN03,13.845025108768285,100.45329427846998,1.806660954412772,2.4774141081955467,2.1420375313041595,2.167183198114031,4875,6035,0,857,676,4875.0
2213,1.84,0.0,0.92,4880,4885,20240726RUN03,13.845042550934028,100.45325161064758,2.457670351646086,1.87653396353959,2.1671021575928378,2.3139568551372474,4880,6035,0,857,677,4882.0
2214,1.81,0.0,0.9,4885,4890,20240726RUN03,13.845060348455075,100.45320909684361,2.457670351646086,1.87653396353959,2.1671021575928378,1.9597479792172579,4885,6035,0,857,678,4889.0
2215,1.97,0.0,0.98,4890,4895,20240726RUN03,13.84507839781973,100.45316669450497,2.457670351646086,1.87653396353959,2.1671021575928378,2.2920877897937273,4890,6035,0,857,,
2216,1.21,0.0,0.6,4895,4900,20240726RUN03,13.845096570776096,100.4531243476107,2.457670351646086,1.87653396353959,2.1671021575928378,2.0961933232006302,4895,6035,0,857,679,4896.0
2217,0.5,0.0,0.25,4900,4905,20240726RUN03,13.845114602768874,100.45308193788543,2.1910406101229976,1.412041614661277,1.8015411123921372,1.737072980430266,4900,6035,0,857,680,4904.0
2218,0.89,0.0,0.44,4905,4910,20240726RUN03,13.84513225412225,100.45303936103974,2.1910406101229976,1.412041614661277,1.8015411123921372,1.8453575808255904,4905,6035,0,857,,
2219,0.3,0.0,0.15,4910,4915,20240726RUN03,13.845149406822413,100.45299657153441,2.1910406101229976,1.412041614661277,1.8015411123921372,1.6963009440773096,4910,6035,0,857,681,4911.0
2220,0.16,0.0,0.08,4915,4920,20240726RUN03,13.8451658877644,100.45295350681205,2.1910406101229976,1.412041614661277,1.8015411123921372,1.6603475533525354,4915,6035,0,857,682,4918.0
2221,0.51,0.0,0.26,4920,4925,20240726RUN03,13.845181504297855,100.45291010638648,2.9467127150123686,2.698474695869924,2.8225937054411463,3.012798904837283,4920,6035,0,857,,
2222,1.13,0.0,0.56,4925,4930,20240726RUN03,13.845196257893663,100.4528663910171,2.9467127150123686,2.698474695869924,2.8225937054411463,2.9647053594797903,4925,6035,0,857,683,4925.0
2223,1.07,0.0,0.54,4930,4935,20240726RUN03,13.845210155373506,100.45282238286931,2.9467127150123686,2.698474695869924,2.8225937054411463,2.8675328411076864,4930,6035,0,857,684,4932.0
2224,1.37,0.0,0.68,4935,4940,20240726RUN03,13.845223235286063,100.45277811287471,2.9467127150123686,2.698474695869924,2.8225937054411463,2.738081010635131,4935,6035,0,857,,
2225,0.84,0.0,0.42,4940,4945,20240726RUN03,13.845235635728464,100.45273363818379,4.076641244302051,5.413521821180183,4.745081532741117,4.5277801162603675,4940,6035,0,857,685,4940.0
2226,0.86,0.03,0.44,4945,4950,20240726RUN03,13.845247505688983,100.45268901201601,4.076641244302051,5.413521821180183,4.745081532741117,4.9143378247287774,4945,6035,0,857,686,4947.0
2227,1.16,0.24,0.7,4950,4955,20240726RUN03,13.845259044015258,100.45264429465993,4.076641244302051,5.413521821180183,4.745081532741117,4.379653546422776,4950,6035,0,857,687,4954.0
2228,1.19,0.06,0.62,4955,4960,20240726RUN03,13.84527040283477,100.45259952885955,4.076641244302051,5.413521821180183,4.745081532741117,4.861422499283508,4955,6035,0,857,,
2229,1.86,0.03,0.94,4960,4965,20240726RUN03,13.845281882468008,100.45255479505795,2.3111816293018173,2.208147530779711,2.259664580040764,2.4789610383551643,4960,6035,0,857,688,4961.0
2230,2.87,0.02,1.44,4965,4970,20240726RUN03,13.845293632210675,100.45251013478284,2.3111816293018173,2.208147530779711,2.259664580040764,2.0897041495502306,4965,6035,0,857,689,4969.0
2231,2.14,0.02,1.08,4970,4975,20240726RUN03,13.84530567403101,100.45246555604382,2.3111816293018173,2.208147530779711,2.259664580040764,2.229034010489356,4970,6035,0,857,,
2232,1.46,0.06,0.76,4975,4980,20240726RUN03,13.845318096720062,100.45242108698491,2.3111816293018173,2.208147530779711,2.259664580040764,2.19206799782679,4975,6035,0,857,690,4976.0
2233,2.26,0.21,1.23,4980,4985,20240726RUN03,13.845330936170612,100.45237674208929,2.645033270512181,1.7393925559646386,2.19221291323841,2.242045695357595,4980,6035,0,857,691,4983.0
2234,1.97,0.3,1.14,4985,4990,20240726RUN03,13.845344105860589,100.45233249861501,2.645033270512181,1.7393925559646386,2.19221291323841,2.290891437228269,4985,6035,0,857,,
2235,1.06,0.27,0.66,4990,4995,20240726RUN03,13.845357635726884,100.4522883692648,2.645033270512181,1.7393925559646386,2.19221291323841,2.2956963360417015,4990,6035,0,857,692,4990.0
2236,0.84,0.16,0.5,4995,5000,20240726RUN03,13.845371668906633,100.45224440506279,2.645033270512181,1.7393925559646386,2.19221291323841,1.9862022105215023,4995,6035,0,857,693,4997.0
2237,0.77,0.43,0.6,5000,5005,20240726RUN03,13.845386282136175,100.45220063906788,1.343216143389013,1.5746396467398307,1.4589278950644218,1.3913959212779996,5000,6035,0,857,,
2238,2.07,0.04,1.06,5005,5010,20240726RUN03,13.845401281146938,100.45215700981312,1.343216143389013,1.5746396467398307,1.4589278950644218,1.4026446282940885,5005,6035,0,857,694,5005.0
2239,2.41,0.0,1.2,5010,5015,20240726RUN03,13.84541647144739,100.45211344992389,1.343216143389013,1.5746396467398307,1.4589278950644218,1.468148937737955,5010,6035,0,857,695,5012.0
2240,2.2,0.09,1.14,5015,5020,20240726RUN03,13.845431684955122,100.45206989852225,1.343216143389013,1.5746396467398307,1.4589278950644218,1.599345788923254,5015,6035,0,857,696,5019.0
2241,1.44,0.06,0.75,5020,5025,20240726RUN03,13.845446846905487,100.45202632831206,-1.0,-1.0,-1.0,-1.054533370408242,5020,6035,0,857,,
2242,0.89,0.03,0.46,5025,5030,20240726RUN03,13.845461933675828,100.45198273079424,-1.0,-1.0,-1.0,-0.9007109019101254,5025,6035,0,857,697,5026.0
2243,0.72,0.12,0.42,5030,5035,20240726RUN03,13.845477129394714,100.45193917307328,-1.0,-1.0,-1.0,-1.0436520422930762,5030,6035,0,857,698,5033.0
2244,0.98,0.02,0.5,5035,5040,20240726RUN03,13.845493346241168,100.4518960062711,-1.0,-1.0,-1.0,-1.0069012350796709,5035,6035,0,857,,
2245,1.97,0.12,1.04,5040,5045,20240726RUN03,13.845512097688392,100.45185393604804,-1.0,-1.0,-1.0,-1.0005347305388326,5040,6035,0,857,699,5041.0
2246,0.73,0.19,0.46,5045,5050,20240726RUN03,13.84553363171416,100.45181328004952,-1.0,-1.0,-1.0,-1.0913107392375456,5045,6035,0,857,700,5048.0
2247,0.04,0.0,0.02,5050,5055,20240726RUN03,0.0,0.0,-1.0,-1.0,-1.0,-0.9176665973131766,5050,6035,0,857,,
2248,0.0,0.0,0.0,5055,5060,20240726RUN03,0.0,0.0,-1.0,-1.0,-1.0,-0.9361552718230329,5055,6035,0,857,701,5055.0
2249,0.0,0.0,0.0,5060,5065,20240726RUN03,0.0,0.0,-1.0,-1.0,-1.0,-0.9443890168731836,5060,6035,0,857,702,5062.0
2250,0.0,0.0,0.0,5065,5070,20240726RUN03,0.0,0.0,-1.0,-1.0,-1.0,-0.9208114533916906,5065,6035,0,857,703,5069.0
2251,0.0,0.0,0.0,5070,5075,20240726RUN03,0.0,0.0,-1.0,-1.0,-1.0,-1.030281716940538,5070,6035,0,857,,
2252,0.0,0.0,0.0,5075,5080,20240726RUN03,0.0,0.0,-1.0,-1.0,-1.0,-0.9129757173602441,5075,6035,0,857,704,5077.0
2253,0.0,0.0,0.0,5080,5085,20240726RUN03,0.0,0.0,-1.0,-1.0,-1.0,-1.0078336234129153,5080,6035,0,857,705,5084.0
2254,0.0,0.0,0.0,5085,5090,20240726RUN03,0.0,0.0,-1.0,-1.0,-1.0,-0.9623476096399677,5085,6035,0,857,,
2255,0.0,0.0,0.0,5090,5095,20240726RUN03,0.0,0.0,-1.0,-1.0,-1.0,-0.9183464689741787,5090,6035,0,857,706,5091.0
2256,1.49,0.07,0.78,5095,5100,20240726RUN03,0.0,0.0,-1.0,-1.0,-1.0,-1.03310113706163,5095,6035,0,857,707,5098.0
2257,2.54,0.12,1.33,5100,5105,20240726RUN03,13.845810085438474,100.45139053956369,4.300426728719573,6.212833551089334,5.256630139904454,5.403731003450182,5100,6035,0,857,,
2258,6.21,0.62,3.42,5105,5110,20240726RUN03,13.845834167021941,100.45135140575724,4.300426728719573,6.212833551089334,5.256630139904454,4.998316051235777,5105,6035,0,857,708,5106.0
2259,3.87,0.09,1.98,5110,5115,20240726RUN03,13.845856551757807,100.4513112304338,4.300426728719573,6.212833551089334,5.256630139904454,5.78141017614735,5110,6035,0,857,709,5113.0
2260,3.79,0.18,1.98,5115,5120,20240726RUN03,13.845877742526111,100.45127037976674,4.300426728719573,6.212833551089334,5.256630139904454,5.088729453202943,5115,6035,0,857,,
2261,2.42,0.12,1.27,5120,5125,20240726RUN03,13.845898387972317,100.45122923682413,2.2130671209399786,2.7381832149993195,2.475625167969649,2.5354767533627802,5120,6035,0,857,710,5120.0
2262,2.67,0.14,1.4,5125,5130,20240726RUN03,13.845918870140384,100.45118800831881,2.2130671209399786,2.7381832149993195,2.475625167969649,2.3467759944655167,5125,6035,0,857,711,5127.0
2263,3.2,0.08,1.64,5130,5135,20240726RUN03,13.845939354085596,100.45114678084207,2.2130671209399786,2.7381832149993195,2.475625167969649,2.3191058812801173,5130,6035,0,857,712,5134.0
2264,4.16,0.04,2.1,5135,5140,20240726RUN03,13.84595987805557,100.45110557433097,2.2130671209399786,2.7381832149993195,2.475625167969649,2.697228659030275,5135,6035,0,857,,
2265,3.08,0.35,1.72,5140,5145,20240726RUN03,13.84598047455712,100.45106440571878,3.032531872036964,3.003147008668988,3.017839440352976,3.2938007967963574,5140,6035,0,857,713,5142.0
2266,2.66,3.94,3.3,5145,5150,20240726RUN03,13.846001152027624,100.45102327968617,3.032531872036964,3.003147008668988,3.017839440352976,2.946524835654845,5145,6035,0,857,714,5149.0
2267,2.1,6.21,4.16,5150,5155,20240726RUN03,13.84602191094655,100.45098219667784,3.032531872036964,3.003147008668988,3.017839440352976,2.753131364765328,5150,6035,0,857,,
2268,2.91,1.37,2.14,5155,5160,20240726RUN03,13.846042751379185,100.45094115680092,3.032531872036964,3.003147008668988,3.017839440352976,2.917857508238682,5155,6035,0,857,715,5156.0
2269,2.47,0.08,1.28,5160,5165,20240726RUN03,13.846063640719924,100.45090014287605,3.5051737789507804,3.378208888386065,3.4416913336684227,3.5527489992547387,5160,6035,0,857,716,5163.0
2270,2.72,0.01,1.36,5165,5170,20240726RUN03,13.846084560900575,100.45085914553283,3.5051737789507804,3.378208888386065,3.4416913336684227,3.726168157392997,5165,6035,0,857,,
2271,0.5,0.75,0.62,5170,5175,20240726RUN03,13.846105543407136,100.45081818158835,3.5051737789507804,3.378208888386065,3.4416913336684227,3.284959147076688,5170,6035,0,857,717,5170.0
2272,0.24,0.37,0.3,5175,5180,20240726RUN03,13.846126662555317,100.45077729127279,3.5051737789507804,3.378208888386065,3.4416913336684227,3.3560529698471857,5175,6035,0,857,718,5178.0
2273,0.72,0.69,0.7,5180,5185,20240726RUN03,13.846147946612495,100.4507364905315,1.7644808665658616,2.594010743909532,2.179245805237697,2.332948011376214,5180,6035,0,857,,
2274,1.52,0.39,0.96,5185,5190,20240726RUN03,13.846169344494959,100.45069575229455,1.7644808665658616,2.594010743909532,2.179245805237697,2.2176712025772525,5185,6035,0,857,719,5185.0
2275,2.01,1.01,1.51,5190,5195,20240726RUN03,13.84619082462978,100.45065505934912,1.7644808665658616,2.594010743909532,2.179245805237697,2.3585041549313526,5190,6035,0,857,720,5192.0
2276,0.63,2.08,1.36,5195,5200,20240726RUN03,13.846212348254605,100.45061439052822,1.7644808665658616,2.594010743909532,2.179245805237697,2.007425088027255,5195,6035,0,857,721,5199.0
2277,0.0,3.37,1.68,5200,5205,20240726RUN03,13.846233833702792,100.4505737005929,3.0765335681896326,3.404775380759799,3.2406544744747157,2.998449802608227,5200,6035,0,857,,
2278,0.0,8.58,4.29,5205,5210,20240726RUN03,13.84625522373998,100.45053295803592,3.0765335681896326,3.404775380759799,3.2406544744747157,3.3935664481430106,5205,6035,0,857,722,5206.0
2279,0.14,3.62,1.88,5210,5215,20240726RUN03,13.846276522089005,100.45049216517464,3.0765335681896326,3.404775380759799,3.2406544744747157,3.2055228446373807,5210,6035,0,857,723,5214.0
2280,0.14,3.9,2.02,5215,5220,20240726RUN03,13.84629778181312,100.45045135110469,3.0765335681896326,3.404775380759799,3.2406544744747157,3.3665654093318187,5215,6035,0,857,,
2281,1.21,4.99,3.1,5220,5225,20240726RUN03,13.84631904009664,100.45041053638761,10.509316321730129,11.292199087972252,10.900757704851191,10.900636962429807,5220,6035,0,857,724,5221.0
2282,0.81,5.33,3.07,5225,5230,20240726RUN03,13.84634027512311,100.45036970923607,10.509316321730129,11.292199087972252,10.900757704851191,10.352779215966148,5225,6035,0,857,725,5228.0
2283,1.25,5.44,3.34,5230,5235,20240726RUN03,13.846361427980115,100.45032883774913,10.509316321730129,11.292199087972252,10.900757704851191,11.367205455529623,5230,6035,0,857,,
2284,0.81,5.03,2.92,5235,5240,20240726RUN03,13.846382453616663,100.45028789709926,10.509316321730129,11.292199087972252,10.900757704851191,10.801461815535287,5235,6035,0,857,726,5235.0
2285,0.06,2.36,1.21,5240,5245,20240726RUN03,13.846403405794966,100.45024691628339,4.243086335068521,5.120563813482221,4.6818250742753715,4.5038131675361806,5240,6035,0,857,727,5243.0
2286,0.02,2.93,1.48,5245,5250,20240726RUN03,13.846424360407598,100.45020593682784,4.243086335068521,5.120563813482221,4.6818250742753715,4.887617437776211,5245,6035,0,857,,
2287,0.06,1.55,0.8,5250,5255,20240726RUN03,13.846445262724432,100.45016492953648,4.243086335068521,5.120563813482221,4.6818250742753715,4.679914393936589,5250,6035,0,857,728,5250.0
2288,0.16,1.04,0.6,5255,5260,20240726RUN03,13.846466017292903,100.45012384369946,4.243086335068521,5.120563813482221,4.6818250742753715,4.432496332346026,5255,6035,0,857,729,5257.0
2289,0.71,0.77,0.74,5260,5265,20240726RUN03,13.846486606661609,100.4500826707501,3.5385885138932824,3.988477462763302,3.763532988328292,3.584944968414655,5260,6035,0,857,730,5264.0
2290,0.01,3.32,1.66,5265,5270,20240726RUN03,13.846507044104055,100.45004141848635,3.5385885138932824,3.988477462763302,3.763532988328292,3.47172075860119,5265,6035,0,857,,
2291,0.05,1.03,0.54,5270,5275,20240726RUN03,13.846527338379145,100.45000009214286,3.5385885138932824,3.988477462763302,3.763532988328292,3.921504333747461,5270,6035,0,857,731,5271.0
2292,0.18,0.92,0.55,5275,5280,20240726RUN03,13.846547471086005,100.44995868303741,3.5385885138932824,3.988477462763302,3.763532988328292,4.113871566658421,5275,6035,0,857,732,5279.0
2293,0.28,0.53,0.4,5280,5285,20240726RUN03,13.846567380403558,100.44991716092935,6.841057980566463,6.498399741442648,6.669728861004556,6.690554501815425,5280,6035,0,857,,
2294,1.74,4.83,3.28,5285,5290,20240726RUN03,13.84658706773861,100.4498755278243,6.841057980566463,6.498399741442648,6.669728861004556,6.219642309158344,5285,6035,0,857,733,5286.0
2295,1.59,4.64,3.12,5290,5295,20240726RUN03,13.84660658992913,100.44983381323813,6.841057980566463,6.498399741442648,6.669728861004556,6.196410053472635,5290,6035,0,857,734,5293.0
2296,2.83,0.48,1.66,5295,5300,20240726RUN03,13.846626048251245,100.44979206716171,6.841057980566463,6.498399741442648,6.669728861004556,7.3320390214801625,5295,6035,0,857,,
2297,4.05,0.08,2.06,5300,5305,20240726RUN03,13.846645559549561,100.44975034698732,8.32033583850243,9.095936638212349,8.70813623835739,9.193716523544786,5300,6035,0,857,735,5300.0
2298,1.42,0.0,0.71,5305,5310,20240726RUN03,13.846665157747752,100.4497086693983,8.32033583850243,9.095936638212349,8.70813623835739,8.221583905543694,5305,6035,0,857,736,5307.0
2299,0.49,0.39,0.44,5310,5315,20240726RUN03,13.846684846704019,100.44966703670039,8.32033583850243,9.095936638212349,8.70813623835739,8.118661299203627,5310,6035,0,857,,
2300,0.66,8.05,4.36,5315,5320,20240726RUN03,13.846704650248887,100.4496254605888,8.32033583850243,9.095936638212349,8.70813623835739,9.278624208453738,5315,6035,0,857,737,5315.0
2301,0.14,7.0,3.57,5320,5325,20240726RUN03,13.846724527179365,100.44958392139294,12.11580682498483,12.577607546651375,12.346707185818103,13.465699000514487,5320,6035,0,857,738,5322.0
2302,6.57,0.93,3.75,5325,5330,20240726RUN03,13.846744426793355,100.44954239395672,12.11580682498483,12.577607546651375,12.346707185818103,11.3387615472038,5325,6035,0,857,739,5329.0
2303,6.06,0.2,3.13,5330,5335,20240726RUN03,13.846764334327581,100.4495008704252,12.11580682498483,12.577607546651375,12.346707185818103,13.20792523368282,5330,6035,0,857,,
2304,4.58,0.36,2.47,5335,5340,20240726RUN03,13.846784202345573,100.44945932715949,12.11580682498483,12.577607546651375,12.346707185818103,11.250046861588263,5335,6035,0,857,740,5336.0
2305,3.34,0.7,2.02,5340,5345,20240726RUN03,13.846803991278419,100.44941774410279,6.100140256909113,5.018202895879421,5.559171576394267,5.324394542530275,5340,6035,0,857,741,5344.0
2306,3.24,0.0,1.62,5345,5350,20240726RUN03,13.84682374753313,100.44937614479866,6.100140256909113,5.018202895879421,5.559171576394267,5.457695157581191,5345,6035,0,857,,
2307,4.26,0.0,2.13,5350,5355,20240726RUN03,13.846843509196274,100.44933454802336,6.100140256909113,5.018202895879421,5.559171576394267,6.02026776898016,5350,6035,0,857,742,5351.0
2308,4.75,0.0,2.38,5355,5360,20240726RUN03,13.846863278615185,100.44929295526066,6.100140256909113,5.018202895879421,5.559171576394267,5.527730849164003,5355,6035,0,857,743,5358.0
2309,5.09,0.0,2.54,5360,5365,20240726RUN03,13.846883040072322,100.44925135834544,4.776205336419839,5.843762696022649,5.309984016221244,5.264249920732334,5360,6035,0,857,,
2310,6.09,0.0,3.04,5365,5370,20240726RUN03,13.846902743101056,100.44920973256419,4.776205336419839,5.843762696022649,5.309984016221244,5.738179192571255,5365,6035,0,857,744,5365.0
2311,5.32,0.0,2.66,5370,5375,20240726RUN03,13.846922386422214,100.44916807713747,4.776205336419839,5.843762696022649,5.309984016221244,4.959005129819787,5370,6035,0,857,745,5372.0
2312,3.28,0.07,1.67,5375,5380,20240726RUN03,13.846941979039052,100.44912639674808,4.776205336419839,5.843762696022649,5.309984016221244,5.191368448534765,5375,6035,0,857,,
2313,2.6,0.0,1.3,5380,5385,20240726RUN03,13.846961520019434,100.44908469107833,2.4192637777626125,3.415798509492488,2.91753114362755,3.188399859454799,5380,6035,0,857,746,5380.0
2314,3.17,0.0,1.58,5385,5390,20240726RUN03,13.846981016163786,100.44904296331809,2.4192637777626125,3.415798509492488,2.91753114362755,2.7661885526272165,5385,6035,0,857,747,5387.0
2315,2.28,0.0,1.14,5390,5395,20240726RUN03,13.847000501337348,100.44900123022707,2.4192637777626125,3.415798509492488,2.91753114362755,2.9569060675682963,5390,6035,0,857,748,5394.0
2316,1.36,0.0,0.68,5395,5400,20240726RUN03,13.847019983889924,100.44895949597422,2.4192637777626125,3.415798509492488,2.91753114362755,3.0390340507332136,5395,6035,0,857,,
2317,0.93,0.0,0.46,5400,5405,20240726RUN03,13.847039471087019,100.44891776410556,2.175765827618286,3.432889619435917,2.8043277235271016,2.9080724642288547,5400,6035,0,857,749,5401.0
2318,0.32,0.0,0.16,5405,5410,20240726RUN03,13.847058976028483,100.44887604096988,2.175765827618286,3.432889619435917,2.8043277235271016,2.777207431968093,5405,6035,0,857,750,5408.0
2319,0.7,0.0,0.35,5410,5415,20240726RUN03,13.847078473094466,100.44883431411417,2.175765827618286,3.432889619435917,2.8043277235271016,2.7971493649360006,5410,6035,0,857,,
2320,0.48,0.0,0.24,5415,5420,20240726RUN03,13.84709795512186,100.44879258000225,2.175765827618286,3.432889619435917,2.8043277235271016,2.53913077419797,5415,6035,0,857,751,5416.0
2321,0.5,0.0,0.25,5420,5425,20240726RUN03,13.847117429015183,100.44875084205987,1.585611505615253,2.515592377032433,2.050601941323843,1.8498186758302337,5420,6035,0,857,752,5423.0
2322,0.37,0.0,0.18,5425,5430,20240726RUN03,13.847136888453148,100.44870909712512,1.585611505615253,2.515592377032433,2.050601941323843,2.08930696826386,5425,6035,0,857,,
2323,0.51,0.0,0.26,5430,5435,20240726RUN03,13.847156332356446,100.44866734473187,1.585611505615253,2.515592377032433,2.050601941323843,2.0409414526786898,5430,6035,0,857,753,5430.0
2324,0.71,0.0,0.36,5435,5440,20240726RUN03,13.847175759784573,100.44862558439888,1.585611505615253,2.515592377032433,2.050601941323843,2.085453864343396,5435,6035,0,857,754,5437.0
2325,0.7,0.0,0.35,5440,5445,20240726RUN03,13.847195164330634,100.44858381304365,1.4802880471002668,2.183349805871798,1.8318189264860325,1.8258555408297295,5440,6035,0,857,755,5444.0
2326,1.31,0.0,0.66,5445,5450,20240726RUN03,13.847214563614386,100.44854203923002,1.4802880471002668,2.183349805871798,1.8318189264860325,1.7306460444379863,5445,6035,0,857,,
2327,0.95,0.0,0.48,5450,5455,20240726RUN03,13.847233979508358,100.4485002735714,1.4802880471002668,2.183349805871798,1.8318189264860325,1.6838861538801022,5450,6035,0,857,756,5452.0
2328,1.74,0.0,0.87,5455,5460,20240726RUN03,13.847253418166163,100.44845851907986,1.4802880471002668,2.183349805871798,1.8318189264860325,1.9967583483429079,5455,6035,0,857,757,5459.0
2329,1.16,0.0,0.58,5460,5465,20240726RUN03,13.847272883882102,100.44841677790393,1.646551576775043,1.9153875146777823,1.7809695457264128,1.8149149038026733,5460,6035,0,857,,
2330,0.9,0.0,0.45,5465,5470,20240726RUN03,13.847292393580581,100.44837505835778,1.646551576775043,1.9153875146777823,1.7809695457264128,1.7144606093959942,5465,6035,0,857,758,5466.0
2331,0.98,0.0,0.49,5470,5475,20240726RUN03,13.84731196953531,100.44833337143102,1.646551576775043,1.9153875146777823,1.7809695457264128,1.741386593246946,5470,6035,0,857,759,5473.0
2332,0.46,0.0,0.23,5475,5480,20240726RUN03,13.847331618466303,100.44829172055955,1.646551576775043,1.9153875146777823,1.7809695457264128,1.8010783186013912,5475,6035,0,857,,
2333,1.2,0.0,0.6,5480,5485,20240726RUN03,13.847351347985512,100.44825010974414,1.7144116583773266,2.672313839760001,2.1933627490686636,2.334277569444519,5480,6035,0,857,760,5481.0
2334,0.47,0.0,0.24,5485,5490,20240726RUN03,13.847371125012861,100.44820852266027,1.7144116583773266,2.672313839760001,2.1933627490686636,2.1541010360401263,5485,6035,0,857,761,5488.0
2335,1.0,0.0,0.5,5490,5495,20240726RUN03,13.847390920227584,100.44816694471729,1.7144116583773266,2.672313839760001,2.1933627490686636,2.214692122220011,5490,6035,0,857,,
2336,1.45,0.0,0.72,5495,5500,20240726RUN03,13.847410704722048,100.44812536161311,1.7144116583773266,2.672313839760001,2.1933627490686636,2.1829444162059297,5495,6035,0,857,762,5495.0
2337,0.91,0.0,0.46,5500,5505,20240726RUN03,13.847430482822974,100.44808377540856,2.2480581262718853,2.7143841067169583,2.481221116494422,2.420451466540014,5500,6035,0,857,763,5502.0
2338,1.18,0.0,0.59,5505,5510,20240726RUN03,13.8474503104615,100.44804221402107,2.2480581262718853,2.7143841067169583,2.481221116494422,2.4824182666274677,5505,6035,0,857,764,5509.0
2339,1.25,0.0,0.62,5510,5515,20240726RUN03,13.847470181268282,100.4480006742527,2.2480581262718853,2.7143841067169583,2.481221116494422,2.4270072422279996,5510,6035,0,857,,
2340,0.62,0.0,0.31,5515,5520,20240726RUN03,13.84749004243642,100.44795912979178,2.2480581262718853,2.7143841067169583,2.481221116494422,2.5182217049910167,5515,6035,0,857,765,5517.0
2341,1.45,0.0,0.72,5520,5525,20240726RUN03,13.847509865419273,100.44791756633063,1.7465946649636683,2.6239283373127624,2.1852615011382155,1.9897482001943172,5520,6035,0,857,766,5524.0
2342,0.75,0.0,0.38,5525,5530,20240726RUN03,13.847529653580915,100.4478759856452,1.7465946649636683,2.6239283373127624,2.1852615011382155,2.2616548333615833,5525,6035,0,857,,
2343,0.59,0.0,0.3,5530,5535,20240726RUN03,13.847549401321578,100.44783438486915,1.7465946649636683,2.6239283373127624,2.1852615011382155,2.3592717669161343,5530,6035,0,857,767,5531.0
2344,0.65,0.0,0.32,5535,5540,20240726RUN03,13.84756909394943,100.44779275682394,1.7465946649636683,2.6239283373127624,2.1852615011382155,2.1495667859838616,5535,6035,0,857,768,5538.0
2345,0.59,0.0,0.3,5540,5545,20240726RUN03,13.847588742866314,100.44775110712932,2.1187347190668744,2.8791519308096643,2.4989433249382693,2.5063843880099066,5540,6035,0,857,,
2346,0.63,0.0,0.32,5545,5550,20240726RUN03,13.847608391775188,100.44770945740784,2.1187347190668744,2.8791519308096643,2.4989433249382693,2.518250735364295,5545,6035,0,857,769,5545.0
2347,0.36,0.0,0.18,5550,5555,20240726RUN03,13.847628065699613,100.44766782008048,2.1187347190668744,2.8791519308096643,2.4989433249382693,2.494195165536516,5550,6035,0,857,770,5553.0
2348,0.32,0.0,0.16,5555,5560,20240726RUN03,13.847647746506492,100.44762618618948,2.1187347190668744,2.8791519308096643,2.4989433249382693,2.4304863461686583,5555,6035,0,857,,
2349,0.21,0.0,0.1,5560,5565,20240726RUN03,13.847667426882367,100.4475845520706,3.4630406141299286,3.872107000229812,3.6675738071798705,3.4875289704539463,5560,6035,0,857,771,5560.0
2350,0.37,0.0,0.18,5565,5570,20240726RUN03,13.847687104733334,100.44754291674033,3.4630406141299286,3.872107000229812,3.6675738071798705,3.469966339084895,5565,6035,0,857,772,5567.0
2351,0.53,0.0,0.26,5570,5575,20240726RUN03,13.847706786202648,100.44750128317915,3.4630406141299286,3.872107000229812,3.6675738071798705,3.9558558844559055,5570,6035,0,857,773,5574.0
2352,0.38,0.0,0.19,5575,5580,20240726RUN03,13.847726496193149,100.44745966383606,3.4630406141299286,3.872107000229812,3.6675738071798705,3.769002503311957,5575,6035,0,857,,
2353,0.21,0.0,0.1,5580,5585,20240726RUN03,13.847746253707976,100.44741806797398,4.392489426417845,2.6939547489599485,3.543222087688897,3.833960847246555,5580,6035,0,857,774,5581.0
2354,0.22,0.05,0.14,5585,5590,20240726RUN03,13.847766013413084,100.44737647328218,4.392489426417845,2.6939547489599485,3.543222087688897,3.2731899577872996,5585,6035,0,857,775,5589.0
2355,0.57,0.24,0.4,5590,5595,20240726RUN03,13.847785719391315,100.44733485202687,4.392489426417845,2.6939547489599485,3.543222087688897,3.4745350162174784,5590,6035,0,857,,
2356,0.06,0.0,0.03,5595,5600,20240726RUN03,13.847805350836962,100.44729319404472,4.392489426417845,2.6939547489599485,3.543222087688897,3.7139621497841304,5595,6035,0,857,776,5596.0
2357,0.19,0.0,0.1,5600,5605,20240726RUN03,13.847824935624605,100.44725151310698,2.1643354153059,3.205082104468625,2.684708759887262,2.46650427641608,5600,6035,0,857,777,5603.0
2358,0.0,0.0,0.0,5605,5610,20240726RUN03,13.8478444956254,100.44720981979823,2.1643354153059,3.205082104468625,2.684708759887262,2.901424566040453,5605,6035,0,857,,
2359,0.19,0.29,0.24,5610,5615,20240726RUN03,13.847864080377931,100.44716813862851,2.1643354153059,3.205082104468625,2.684708759887262,2.7867609749588405,5610,6035,0,857,778,5610.0
2360,0.34,0.28,0.31,5615,5620,20240726RUN03,13.847883702310588,100.44712647579311,2.1643354153059,3.205082104468625,2.684708759887262,2.4672403062025796,5615,6035,0,857,779,5618.0
2361,0.37,0.56,0.46,5620,5625,20240726RUN03,13.847903294256367,100.44708479812297,5.415418213317721,4.954987287329031,5.185202750323375,4.955171083300777,5620,6035,0,857,,
2362,0.26,1.22,0.74,5625,5630,20240726RUN03,13.847922882943706,100.4470431187631,5.415418213317721,4.954987287329031,5.185202750323375,5.339020042326923,5625,6035,0,857,780,5625.0
2363,0.15,0.23,0.19,5630,5635,20240726RUN03,13.847942432543856,100.44700142013691,5.415418213317721,4.954987287329031,5.185202750323375,5.191243603983084,5630,6035,0,857,781,5632.0
2364,0.01,0.29,0.15,5635,5640,20240726RUN03,13.847961892344456,100.44695967745831,5.415418213317721,4.954987287329031,5.185202750323375,5.46633816816542,5635,6035,0,857,782,5639.0
2365,0.66,0.92,0.79,5640,5645,20240726RUN03,13.847981345548984,100.446917931535,2.397953151373753,3.693623417341693,3.045788284357723,2.838941978212339,5640,6035,0,857,,
2366,1.44,0.04,0.74,5645,5650,20240726RUN03,13.848000812881043,100.44687619220778,2.397953151373753,3.693623417341693,3.045788284357723,3.0689995476826986,5645,6035,0,857,783,5646.0
2367,1.41,0.17,0.79,5650,5655,20240726RUN03,13.848020277192518,100.44683445123032,2.397953151373753,3.693623417341693,3.045788284357723,3.1268942240740913,5650,6035,0,857,784,5654.0
2368,0.23,0.0,0.12,5655,5660,20240726RUN03,13.848039786584332,100.44679273205108,2.397953151373753,3.693623417341693,3.045788284357723,2.951434410031933,5655,6035,0,857,,
2369,0.14,0.0,0.07,5660,5665,20240726RUN03,13.848059383937754,100.44675105602329,2.496491904824661,3.513231282097242,3.0048615934609515,2.793646598427979,5660,6035,0,857,785,5661.0
2370,0.03,0.0,0.02,5665,5670,20240726RUN03,13.8480789560081,100.44670936745608,2.496491904824661,3.513231282097242,3.0048615934609515,3.0048669442772,5665,6035,0,857,786,5668.0
2371,0.39,0.0,0.2,5670,5675,20240726RUN03,13.84809840665942,100.44666761935774,2.496491904824661,3.513231282097242,3.0048615934609515,3.2402868368643856,5670,6035,0,857,,
2372,0.56,0.0,0.28,5675,5680,20240726RUN03,13.848117807533708,100.44662584693647,2.496491904824661,3.513231282097242,3.0048615934609515,3.1545283770691017,5675,6035,0,857,787,5675.0
2373,0.57,0.0,0.28,5680,5685,20240726RUN03,13.848137174276781,100.44658405789774,3.473861706724865,4.744358332868491,4.109110019796678,4.156061144998198,5680,6035,0,857,788,5682.0
2374,0.31,0.07,0.19,5685,5690,20240726RUN03,13.848156508600974,100.44654225301393,3.473861706724865,4.744358332868491,4.109110019796678,3.851495342953465,5685,6035,0,857,,
2375,1.19,0.68,0.94,5690,5695,20240726RUN03,13.848175865806901,100.44650045914094,3.473861706724865,4.744358332868491,4.109110019796678,4.280977617504402,5690,6035,0,857,789,5690.0
2376,0.6,0.54,0.57,5695,5700,20240726RUN03,13.848195175436564,100.44645864202928,3.473861706724865,4.744358332868491,4.109110019796678,4.372582978519581,5695,6035,0,857,790,5697.0
2377,0.99,0.0,0.5,5700,5705,20240726RUN03,13.848214398645705,100.4464167829695,3.353872364313003,3.707309960827215,3.5305911625701087,3.5931466340862435,5700,6035,0,857,791,5704.0
2378,0.61,0.0,0.3,5705,5710,20240726RUN03,13.848233562225397,100.44637489541591,3.353872364313003,3.707309960827215,3.5305911625701087,3.53703566083795,5705,6035,0,857,,
2379,2.51,0.0,1.25,5710,5715,20240726RUN03,13.848252673670476,100.44633298298947,3.353872364313003,3.707309960827215,3.5305911625701087,3.7248870892975217,5710,6035,0,857,792,5711.0
2380,1.62,0.29,0.96,5715,5720,20240726RUN03,13.848271735890243,100.44629104706466,3.353872364313003,3.707309960827215,3.5305911625701087,3.4242745747798455,5715,6035,0,857,793,5718.0
2381,2.9,0.17,1.54,5720,5725,20240726RUN03,13.84829078740212,100.4462491061808,3.871250108326314,3.3373405688400704,3.604295338583192,3.2825914716059406,5720,6035,0,857,,
2382,1.67,0.22,0.94,5725,5730,20240726RUN03,13.848309935281458,100.44620721129147,3.871250108326314,3.3373405688400704,3.604295338583192,3.800385252943859,5725,6035,0,857,794,5726.0
2383,1.72,0.01,0.86,5730,5735,20240726RUN03,13.848329245981358,100.44616539476645,3.871250108326314,3.3373405688400704,3.604295338583192,3.8899181207222355,5730,6035,0,857,795,5733.0
2384,1.44,0.03,0.74,5735,5740,20240726RUN03,13.848348727988105,100.44612366143433,3.871250108326314,3.3373405688400704,3.604295338583192,3.547524119862585,5735,6035,0,857,,
2385,2.2,0.01,1.1,5740,5745,20240726RUN03,13.84836837868867,100.44608201103664,3.0966203021453347,2.589796261846905,2.8432082819961195,3.1249171130466866,5740,6035,0,857,796,5740.0
2386,0.53,0.0,0.26,5745,5750,20240726RUN03,13.848388165935853,100.44604042846585,3.0966203021453347,2.589796261846905,2.8432082819961195,2.964136625906655,5745,6035,0,857,797,5747.0
2387,1.29,0.15,0.72,5750,5755,20240726RUN03,13.848408074890225,100.44599890665884,3.0966203021453347,2.589796261846905,2.8432082819961195,2.593099523839953,5750,6035,0,857,,
2388,0.89,0.19,0.54,5755,5760,20240726RUN03,13.848428070788984,100.44595742865297,3.0966203021453347,2.589796261846905,2.8432082819961195,2.8633225238057864,5755,6035,0,857,798,5755.0
2389,0.85,0.0,0.42,5760,5765,20240726RUN03,13.848448114428878,100.44591597469699,2.926370628520273,1.9292201254290493,2.427795376974661,2.6558613608878754,5760,6035,0,857,799,5762.0
2390,0.76,0.0,0.38,5765,5770,20240726RUN03,13.848468263405515,100.44587457437034,2.926370628520273,1.9292201254290493,2.427795376974661,2.2163471130918304,5765,6035,0,857,800,5769.0
2391,0.18,0.0,0.09,5770,5775,20240726RUN03,13.848488579833125,100.44583325983801,2.926370628520273,1.9292201254290493,2.427795376974661,2.5077337657591774,5770,6035,0,857,,
2392,0.24,0.0,0.12,5775,5780,20240726RUN03,13.848509044050838,100.44579202172763,2.926370628520273,1.9292201254290493,2.427795376974661,2.265941680615981,5775,6035,0,857,801,5776.0
2393,0.37,0.0,0.18,5780,5785,20240726RUN03,13.848529570743787,100.44575081617185,3.79075023043408,2.318872125697096,3.054811178065588,3.2252039596727764,5780,6035,0,857,802,5783.0
2394,0.69,0.0,0.34,5785,5790,20240726RUN03,13.848550110120547,100.44570961723899,3.79075023043408,2.318872125697096,3.054811178065588,3.074976060837799,5785,6035,0,857,,
2395,1.86,0.0,0.93,5790,5795,20240726RUN03,13.848570696105536,100.44566844280001,3.79075023043408,2.318872125697096,3.054811178065588,2.866865532784232,5790,6035,0,857,803,5791.0
2396,1.67,0.0,0.84,5795,5800,20240726RUN03,13.848591298377416,100.44562727671774,3.79075023043408,2.318872125697096,3.054811178065588,3.0692004276621065,5795,6035,0,857,804,5798.0
2397,1.51,0.04,0.78,5800,5805,20240726RUN03,13.84861187653758,100.44558609812181,3.4484273927888616,3.443222098991836,3.4458247458903486,3.3272682759848187,5800,6035,0,857,,
2398,1.33,0.0,0.66,5805,5810,20240726RUN03,13.848632515369504,100.44554495131824,3.4484273927888616,3.443222098991836,3.4458247458903486,3.369298330044813,5805,6035,0,857,805,5805.0
2399,1.33,0.0,0.66,5810,5815,20240726RUN03,13.848653316577353,100.44550389016773,3.4484273927888616,3.443222098991836,3.4458247458903486,3.3449391099268944,5810,6035,0,857,806,5812.0
2400,0.82,0.0,0.41,5815,5820,20240726RUN03,13.848674289576596,100.4454629205739,3.4484273927888616,3.443222098991836,3.4458247458903486,3.643041107652168,5815,6035,0,857,807,5819.0
2401,0.86,0.0,0.43,5820,5825,20240726RUN03,13.848695395555163,100.44542202277323,3.0499885519027137,2.433292155052282,2.741640353477498,2.8790823522874645,5820,6035,0,857,,
2402,1.06,0.0,0.53,5825,5830,20240726RUN03,13.84871664620064,100.44538120341305,3.0499885519027137,2.433292155052282,2.741640353477498,2.4714190919437926,5825,6035,0,857,808,5827.0
2403,2.11,0.0,1.06,5830,5835,20240726RUN03,13.848737999768261,100.44534044036418,3.0499885519027137,2.433292155052282,2.741640353477498,2.6734538839378192,5830,6035,0,857,809,5834.0
2404,3.42,0.0,1.71,5835,5840,20240726RUN03,13.84875932293587,100.44529966067006,3.0499885519027137,2.433292155052282,2.741640353477498,2.7682451800982157,5835,6035,0,857,,
2405,0.18,0.0,0.09,5840,5845,20240726RUN03,13.848780538288874,100.44525882214222,2.2689428630975788,2.2476578112950008,2.2583003371962898,2.058990356136031,5840,6035,0,857,810,5841.0
2406,0.68,0.0,0.34,5845,5850,20240726RUN03,13.8488016271455,100.44521791496896,2.2689428630975788,2.2476578112950008,2.2583003371962898,2.4553881324293685,5845,6035,0,857,811,5848.0
2407,0.63,0.0,0.32,5850,5855,20240726RUN03,13.848822540782868,100.44517691378552,2.2689428630975788,2.2476578112950008,2.2583003371962898,2.240761664716614,5850,6035,0,857,,
2408,0.26,0.0,0.13,5855,5860,20240726RUN03,13.84884326424482,100.44513581148477,2.2689428630975788,2.2476578112950008,2.2583003371962898,2.3109209415648237,5855,6035,0,857,812,5855.0
2409,0.54,0.0,0.27,5860,5865,20240726RUN03,13.848863874425781,100.44509464955804,4.546524642603369,3.041138499145058,3.7938315708742136,3.967135657937692,5860,6035,0,857,813,5863.0
2410,0.37,0.0,0.18,5865,5870,20240726RUN03,13.848884429765336,100.44505345887171,4.546524642603369,3.041138499145058,3.7938315708742136,3.414567252496002,5865,6035,0,857,,
2411,1.41,0.0,0.7,5870,5875,20240726RUN03,13.848904941605932,100.4450122455656,4.546524642603369,3.041138499145058,3.7938315708742136,3.892531711145166,5870,6035,0,857,814,5870.0
2412,1.12,0.1,0.61,5875,5880,20240726RUN03,13.848925396492682,100.44497100273261,4.546524642603369,3.041138499145058,3.7938315708742136,3.6204384710898774,5875,6035,0,857,815,5877.0
2413,1.66,0.0,0.83,5880,5885,20240726RUN03,13.848945865042591,100.44492976699124,3.823193226669431,4.534175831113731,4.178684528891581,3.931420446887697,5880,6035,0,857,816,5884.0
2414,1.27,0.35,0.81,5885,5890,20240726RUN03,13.848966389136292,100.44488856001179,3.823193226669431,4.534175831113731,4.178684528891581,3.782864026573458,5885,6035,0,857,,
2415,0.85,0.0,0.42,5890,5895,20240726RUN03,13.848986921399042,100.44484735745718,3.823193226669431,4.534175831113731,4.178684528891581,4.413183444992072,5890,6035,0,857,817,5892.0
2416,0.52,0.1,0.31,5895,5900,20240726RUN03,13.849007458649478,100.44480615731115,3.823193226669431,4.534175831113731,4.178684528891581,4.422205579880539,5895,6035,0,857,818,5899.0
2417,0.95,0.61,0.78,5900,5905,20240726RUN03,13.849027983796597,100.44476495086751,4.372934431877932,4.463495682257372,4.418215057067652,4.309271752898556,5900,6035,0,857,,
2418,1.5,0.55,1.02,5905,5910,20240726RUN03,13.849048463558386,100.44472372089166,4.372934431877932,4.463495682257372,4.418215057067652,3.9953472922527844,5905,6035,0,857,819,5906.0
2419,1.04,0.17,0.6,5910,5915,20240726RUN03,13.849068901473878,100.44468246903773,4.372934431877932,4.463495682257372,4.418215057067652,4.696803959559158,5910,6035,0,857,820,5913.0
2420,1.74,0.42,1.08,5915,5920,20240726RUN03,13.849089264312669,100.44464117827647,4.372934431877932,4.463495682257372,4.418215057067652,4.485398678450042,5915,6035,0,857,,
2421,3.31,0.17,1.74,5920,5925,20240726RUN03,13.849109507695927,100.44459982629792,3.0182414364966315,4.021036470719882,3.519638953608257,3.816945680131058,5920,6035,0,857,821,5920.0
2422,5.32,0.0,2.66,5925,5930,20240726RUN03,13.849129642087073,100.4445584183986,3.0182414364966315,4.021036470719882,3.519638953608257,3.5048500820488715,5925,6035,0,857,822,5928.0
2423,7.54,0.0,3.77,5930,5935,20240726RUN03,13.849149694391466,100.44451696878117,3.0182414364966315,4.021036470719882,3.519638953608257,3.272424899028383,5930,6035,0,857,,
2424,7.46,0.0,3.73,5935,5940,20240726RUN03,13.849169699945657,100.4444754955336,3.0182414364966315,4.021036470719882,3.519638953608257,3.7471304435696164,5935,6035,0,857,823,5935.0
2425,3.81,0.0,1.9,5940,5945,20240726RUN03,13.849189840815491,100.44443409116344,6.739421899349434,7.535903812064106,7.13766285570677,7.246032341643159,5940,6035,0,857,824,5942.0
2426,1.01,0.16,0.58,5945,5950,20240726RUN03,13.84921024099064,100.44439281982238,6.739421899349434,7.535903812064106,7.13766285570677,7.26760031054363,5945,6035,0,857,825,5949.0
2427,4.04,0.0,2.02,5950,5955,20240726RUN03,13.849230583086277,100.44435151864957,6.739421899349434,7.535903812064106,7.13766285570677,6.8764443502166515,5950,6035,0,857,,
2428,6.21,0.04,3.12,5955,5960,20240726RUN03,13.849250723864827,100.4443101140135,6.739421899349434,7.535903812064106,7.13766285570677,6.867992598225463,5955,6035,0,857,826,5956.0
2429,7.76,0.0,3.88,5960,5965,20240726RUN03,13.849270996968302,100.44426877702882,8.031086273361359,10.226871240098108,9.128978756729733,8.253163270751287,5960,6035,0,857,827,5964.0
2430,7.82,0.0,3.91,5965,5970,20240726RUN03,13.84929138285366,100.44422749845539,8.031086273361359,10.226871240098108,9.128978756729733,9.843169787000889,5965,6035,0,857,,
2431,4.07,0.0,2.04,5970,5975,20240726RUN03,13.849311827112835,100.444186250069,8.031086273361359,10.226871240098108,9.128978756729733,9.329693285774459,5970,6035,0,857,828,5971.0
2432,1.07,0.03,0.55,5975,5980,20240726RUN03,13.849332414345904,100.4441450759854,8.031086273361359,10.226871240098108,9.128978756729733,8.874596200644147,5975,6035,0,857,829,5978.0
2433,0.26,0.08,0.17,5980,5985,20240726RUN03,13.849353156108615,100.44410398337062,8.690156673505662,10.062782828033685,9.376469750769672,9.53492687765577,5980,6035,0,857,,
2434,0.3,0.45,0.38,5985,5990,20240726RUN03,13.849373963454797,100.44406292509976,8.690156673505662,10.062782828033685,9.376469750769672,10.205803160490497,5985,6035,0,857,830,5985.0
2435,0.26,2.96,1.61,5990,5995,20240726RUN03,13.849394669313407,100.44402181338992,8.690156673505662,10.062782828033685,9.376469750769672,8.875794358633055,5990,6035,0,857,831,5993.0
2436,0.41,6.5,3.46,5995,6000,20240726RUN03,13.849415148018448,100.44398058292359,8.690156673505662,10.062782828033685,9.376469750769672,8.858890107732476,5995,6035,0,857,,
2437,0.34,6.09,3.22,6000,6005,20240726RUN03,13.849436063259947,100.44393958502631,15.84045880884452,16.280329870080642,16.060394339462583,16.766943836409304,6000,6035,0,857,832,6000.0
2438,5.66,2.46,4.06,6005,6010,20240726RUN03,13.84945940932183,100.44390000290738,15.84045880884452,16.280329870080642,16.060394339462583,15.625236640392384,6005,6035,0,857,833,6007.0
2439,6.84,0.27,3.56,6010,6015,20240726RUN03,13.849487700991446,100.44386401205081,15.84045880884452,16.280329870080642,16.060394339462583,16.0794687291603,6010,6035,0,857,834,6014.0
2440,1.26,0.0,0.63,6015,6020,20240726RUN03,13.849522810958698,100.4438350974882,15.84045880884452,16.280329870080642,16.060394339462583,15.908671987522183,6015,6035,0,857,,
2441,36.1,0.0,18.05,6020,6025,20240726RUN03,13.849564500070434,100.44381771560568,,,,,6020,6035,0,857,835,6021.0
2442,16.73,0.0,8.36,6025,6030,20240726RUN03,13.84960935499728,100.44381344231503,,,,,6025,6035,0,857,836,6029.0
2443,1.78,0.81,1.3,6030,6035,20240726RUN03,13.849654033973723,100.44381994015548,,,,,6030,6035,0,857,,
2444,0.43,0.92,0.68,6035,6040,20240726RUN03,13.849697678750779,100.4438319157022,,,,,6035,6035,0,857,837,6036.0
