Date_rut,left_rutting,right_rutting,avg_rutting,event_start,event_end,chainage,survey_code,rut_point_x,rut_point_y,Date_iri,iri left (m/km),iri Std left (m/km),iri right (m/km),iri Std right (m/km),worst iri (m/km),iri difference (m/km),iri,iri_lane,max_chainage,min_chainage,frame_num_ch,frame_num
26/07/2024,2.08,0.03,1.06,0,5,0,20240726RUN02,13.85304028354161,100.44380158132739,26/07/2024,3.865406539264777,2.8042272162424497,3.4828627603501685,2.6310866631861773,3.865406539264777,0.3825437789146084,3.6741346498074727,3.477130810280936,6180,0,,
26/07/2024,1.21,0.0,0.6,5,10,5,20240726RUN02,13.852995888056395,100.44381023000214,26/07/2024,3.865406539264777,2.8042272162424497,3.4828627603501685,2.6310866631861773,3.865406539264777,0.3825437789146084,3.6741346498074727,3.7985799506174,6180,0,7,1
26/07/2024,1.95,0.0,0.98,10,15,10,20240726RUN02,13.852951440434422,100.44381859289754,26/07/2024,3.865406539264777,2.8042272162424497,3.4828627603501685,2.6310866631861773,3.865406539264777,0.3825437789146084,3.6741346498074727,4.008600135784077,6180,0,14,2
26/07/2024,1.69,0.0,0.84,15,20,15,20240726RUN02,13.852906914273223,100.44382650560011,26/07/2024,3.865406539264777,2.8042272162424497,3.4828627603501685,2.6310866631861773,3.865406539264777,0.3825437789146084,3.6741346498074727,3.5170050481132957,6180,0,,
26/07/2024,2.73,0.04,1.38,20,25,20,20240726RUN02,13.852862297709654,100.44383386464293,26/07/2024,3.547611056116506,2.2516506900710183,3.629723586448253,2.8534111406233773,3.629723586448253,0.0821125303317473,3.5886673212823794,3.6077427422991324,6180,0,21,3
26/07/2024,2.68,0.09,1.38,25,30,25,20240726RUN02,13.852817578271644,100.44384053707677,26/07/2024,3.547611056116506,2.2516506900710183,3.629723586448253,2.8534111406233773,3.629723586448253,0.0821125303317473,3.5886673212823794,3.3819338082787,6180,0,28,4
26/07/2024,2.29,0.0,1.14,30,35,30,20240726RUN02,13.85277275869537,100.44384646329635,26/07/2024,3.547611056116506,2.2516506900710183,3.629723586448253,2.8534111406233773,3.629723586448253,0.0821125303317473,3.5886673212823794,3.6938082728422352,6180,0,,
26/07/2024,2.38,0.0,1.19,35,40,35,20240726RUN02,13.852727845148072,100.44385159083728,26/07/2024,3.547611056116506,2.2516506900710183,3.629723586448253,2.8534111406233773,3.629723586448253,0.0821125303317473,3.5886673212823794,3.6852790655825567,6180,0,35,5
26/07/2024,1.5,0.0,0.75,40,45,40,20240726RUN02,13.852682866203637,100.44385608107295,26/07/2024,3.097305452524143,2.065050826508867,3.022079386010456,2.184982997452201,3.097305452524143,0.0752260665136868,3.059692419267299,3.0709464046442685,6180,0,42,6
26/07/2024,3.24,0.02,1.63,45,50,45,20240726RUN02,13.852637860805169,100.44386028656974,26/07/2024,3.097305452524143,2.065050826508867,3.022079386010456,2.184982997452201,3.097305452524143,0.0752260665136868,3.059692419267299,3.252980360400176,6180,0,49,7
26/07/2024,3.32,0.12,1.72,50,55,50,20240726RUN02,13.85259284129585,100.4438643305818,26/07/2024,3.097305452524143,2.065050826508867,3.022079386010456,2.184982997452201,3.097305452524143,0.0752260665136868,3.059692419267299,2.8445807255507076,6180,0,,
26/07/2024,1.83,0.11,0.97,55,60,55,20240726RUN02,13.852547794550016,100.44386804146905,26/07/2024,3.097305452524143,2.065050826508867,3.022079386010456,2.184982997452201,3.097305452524143,0.0752260665136868,3.059692419267299,3.1419317878334074,6180,0,56,8
26/07/2024,1.96,0.0,0.98,60,65,60,20240726RUN02,13.852502709125142,100.4438712208596,26/07/2024,4.105207947256428,3.417164936968758,3.3772046963093,2.298075725570822,4.105207947256428,0.7280032509471281,3.741206321782864,3.942101037332256,6180,0,63,9
26/07/2024,3.1,0.0,1.55,65,70,65,20240726RUN02,13.852457592145454,100.44387389281685,26/07/2024,4.105207947256428,3.417164936968758,3.3772046963093,2.298075725570822,4.105207947256428,0.7280032509471281,3.741206321782864,3.550159191622651,6180,0,,
26/07/2024,4.27,0.0,2.13,70,75,70,20240726RUN02,13.852412462656087,100.44387633671104,26/07/2024,4.105207947256428,3.417164936968758,3.3772046963093,2.298075725570822,4.105207947256428,0.7280032509471281,3.741206321782864,3.853219289900103,6180,0,70,10
26/07/2024,1.69,0.0,0.84,75,80,75,20240726RUN02,13.852367336415364,100.44387884224432,26/07/2024,4.105207947256428,3.417164936968758,3.3772046963093,2.298075725570822,4.105207947256428,0.7280032509471281,3.741206321782864,3.8447635498154993,6180,0,77,11
26/07/2024,2.04,0.0,1.02,80,85,80,20240726RUN02,13.852322219674766,100.4438815209843,26/07/2024,2.856758524703284,1.884441763999248,2.991037715175761,2.36016807528178,2.991037715175761,0.1342791904724771,2.9238981199395226,3.079589885225509,6180,0,84,12
26/07/2024,1.6,0.06,0.83,85,90,85,20240726RUN02,13.852277112099785,100.44388435685407,26/07/2024,2.856758524703284,1.884441763999248,2.991037715175761,2.36016807528178,2.991037715175761,0.1342791904724771,2.9238981199395226,2.6895013206807703,6180,0,,
26/07/2024,1.47,0.0,0.74,90,95,90,20240726RUN02,13.852232009990903,100.44388728264697,26/07/2024,2.856758524703284,1.884441763999248,2.991037715175761,2.36016807528178,2.991037715175761,0.1342791904724771,2.9238981199395226,3.0176930174683956,6180,0,91,13
26/07/2024,4.16,0.36,2.26,95,100,95,20240726RUN02,13.852186911021505,100.44389025868941,26/07/2024,2.856758524703284,1.884441763999248,2.991037715175761,2.36016807528178,2.991037715175761,0.1342791904724771,2.9238981199395226,2.966534020627571,6180,0,98,14
26/07/2024,3.32,0.02,1.67,100,105,100,20240726RUN02,13.85214181661213,100.44389330623052,26/07/2024,3.510839565936596,2.3903751697840336,3.3710786296403863,2.374116763482657,3.510839565936596,0.1397609362962097,3.4409590977884914,3.471318225585006,6180,0,,
26/07/2024,3.27,0.0,1.64,105,110,105,20240726RUN02,13.852096718520079,100.44389629538983,26/07/2024,3.510839565936596,2.3903751697840336,3.3710786296403863,2.374116763482657,3.510839565936596,0.1397609362962097,3.4409590977884914,3.1102963268501904,6180,0,105,15
26/07/2024,2.36,0.0,1.18,110,115,110,20240726RUN02,13.85205159160522,100.44389877967905,26/07/2024,3.510839565936596,2.3903751697840336,3.3710786296403863,2.374116763482657,3.510839565936596,0.1397609362962097,3.4409590977884914,3.436036478659496,6180,0,112,16
26/07/2024,1.45,0.0,0.72,115,120,115,20240726RUN02,13.852006430523643,100.44390049507977,26/07/2024,3.510839565936596,2.3903751697840336,3.3710786296403863,2.374116763482657,3.510839565936596,0.1397609362962097,3.4409590977884914,3.479757887102337,6180,0,119,17
26/07/2024,0.85,0.0,0.42,120,125,120,20240726RUN02,13.85196125489248,100.44390176243395,26/07/2024,2.151149890683065,1.6202100770091885,2.561596956347516,1.7425831716770486,2.561596956347516,0.4104470656644507,2.3563734235152904,2.5228518034455436,6180,0,,
26/07/2024,0.03,0.0,0.02,125,130,125,20240726RUN02,13.85191608398857,100.44390319151988,26/07/2024,2.151149890683065,1.6202100770091885,2.561596956347516,1.7425831716770486,2.561596956347516,0.4104470656644507,2.3563734235152904,2.3183352139881093,6180,0,126,18
26/07/2024,0.24,0.0,0.12,130,135,130,20240726RUN02,13.851870930920315,100.44390511877391,26/07/2024,2.151149890683065,1.6202100770091885,2.561596956347516,1.7425831716770486,2.561596956347516,0.4104470656644507,2.3563734235152904,2.335428370437038,6180,0,133,19
26/07/2024,0.48,0.0,0.24,135,140,135,20240726RUN02,13.851825804126767,100.443907610242,26/07/2024,2.151149890683065,1.6202100770091885,2.561596956347516,1.7425831716770486,2.561596956347516,0.4104470656644507,2.3563734235152904,2.4656383637656933,6180,0,,
26/07/2024,0.42,0.0,0.21,140,145,140,20240726RUN02,13.851780705450286,100.44391058837239,26/07/2024,2.446332920019519,1.6933352091797909,1.9753593322250984,1.9637299706877684,2.446332920019519,0.470973587794421,2.2108461261223087,2.108451652545168,6180,0,140,20
26/07/2024,0.84,0.0,0.42,145,150,145,20240726RUN02,13.851735631212799,100.44391393246532,26/07/2024,2.446332920019519,1.6933352091797909,1.9753593322250984,1.9637299706877684,2.446332920019519,0.470973587794421,2.2108461261223087,2.1930152437462107,6180,0,147,21
26/07/2024,1.68,0.0,0.84,150,155,150,20240726RUN02,13.85169058620975,100.44391766575161,26/07/2024,2.446332920019519,1.6933352091797909,1.9753593322250984,1.9637299706877684,2.446332920019519,0.470973587794421,2.2108461261223087,2.127096913907336,6180,0,154,22
26/07/2024,2.03,0.0,1.01,155,160,155,20240726RUN02,13.851645576550581,100.44392182193042,26/07/2024,2.446332920019519,1.6933352091797909,1.9753593322250984,1.9637299706877684,2.446332920019519,0.470973587794421,2.2108461261223087,2.367800436261195,6180,0,,
26/07/2024,1.69,0.0,0.84,160,165,160,20240726RUN02,13.851600592445484,100.44392625949378,26/07/2024,1.805057705288903,1.430969584536436,2.3691752014345298,2.1068444908321413,2.3691752014345298,0.5641174961456268,2.087116453361716,2.2198144958147803,6180,0,162,23
26/07/2024,1.54,0.0,0.77,165,170,165,20240726RUN02,13.851555622357255,100.4439308437103,26/07/2024,1.805057705288903,1.430969584536436,2.3691752014345298,2.1068444908321413,2.3691752014345298,0.5641174961456268,2.087116453361716,2.1239574406049684,6180,0,169,24
26/07/2024,1.71,0.0,0.86,170,175,170,20240726RUN02,13.851510659399201,100.44393550069954,26/07/2024,1.805057705288903,1.430969584536436,2.3691752014345298,2.1068444908321413,2.3691752014345298,0.5641174961456268,2.087116453361716,2.2292136718761797,6180,0,,
26/07/2024,1.54,0.0,0.77,175,180,175,20240726RUN02,13.851465694135571,100.44394013422219,26/07/2024,1.805057705288903,1.430969584536436,2.3691752014345298,2.1068444908321413,2.3691752014345298,0.5641174961456268,2.087116453361716,1.920313798976928,6180,0,176,25
26/07/2024,1.18,0.0,0.59,180,185,180,20240726RUN02,13.851420709714354,100.44394456806984,26/07/2024,2.071429872987615,1.5856269524539783,2.9801079598450144,2.092453112206942,2.9801079598450144,0.9086780868573996,2.5257689164163146,2.5571549819495454,6180,0,183,26
26/07/2024,1.63,0.0,0.82,185,190,185,20240726RUN02,13.851375697642379,100.4439486973693,26/07/2024,2.071429872987615,1.5856269524539783,2.9801079598450144,2.092453112206942,2.9801079598450144,0.9086780868573996,2.5257689164163146,2.45437504199234,6180,0,,
26/07/2024,2.23,0.0,1.12,190,195,190,20240726RUN02,13.851330661308069,100.44395253980558,26/07/2024,2.071429872987615,1.5856269524539783,2.9801079598450144,2.092453112206942,2.9801079598450144,0.9086780868573996,2.5257689164163146,2.48755177171698,6180,0,190,27
26/07/2024,1.93,0.0,0.96,195,200,195,20240726RUN02,13.851285603806362,100.44395611298575,26/07/2024,2.071429872987615,1.5856269524539783,2.9801079598450144,2.092453112206942,2.9801079598450144,0.9086780868573996,2.5257689164163146,2.504235978358837,6180,0,197,28
26/07/2024,1.89,0.0,0.94,200,205,200,20240726RUN02,13.851240529718412,100.44395946024393,26/07/2024,3.0263365150985666,2.175260890334992,2.042154610613609,1.5110881896952528,3.0263365150985666,0.9841819044849572,2.534245562856088,2.71863882109265,6180,0,204,29
26/07/2024,1.83,0.0,0.92,205,210,205,20240726RUN02,13.851195440792182,100.44396259075421,26/07/2024,3.0263365150985666,2.175260890334992,2.042154610613609,1.5110881896952528,3.0263365150985666,0.9841819044849572,2.534245562856088,2.5036185924777405,6180,0,,
26/07/2024,1.86,0.0,0.93,210,215,210,20240726RUN02,13.851150328697388,100.44396534688286,26/07/2024,3.0263365150985666,2.175260890334992,2.042154610613609,1.5110881896952528,3.0263365150985666,0.9841819044849572,2.534245562856088,2.489103531941277,6180,0,211,30
26/07/2024,1.02,0.0,0.51,215,220,215,20240726RUN02,13.851105184369747,100.4439674734205,26/07/2024,3.0263365150985666,2.175260890334992,2.042154610613609,1.5110881896952528,3.0263365150985666,0.9841819044849572,2.534245562856088,2.6053376721217405,6180,0,218,31
26/07/2024,0.59,0.0,0.3,220,225,220,20240726RUN02,13.851060010876264,100.44396879729857,26/07/2024,2.9131710714919405,1.9883386898262496,2.095995175554725,1.78170453770883,2.9131710714919405,0.8171758959372157,2.5045831235233327,2.376011877763984,6180,0,,
26/07/2024,2.1,0.0,1.05,225,230,225,20240726RUN02,13.85101482161858,100.44396931842576,26/07/2024,2.9131710714919405,1.9883386898262496,2.095995175554725,1.78170453770883,2.9131710714919405,0.8171758959372157,2.5045831235233327,2.660340526031744,6180,0,225,32
26/07/2024,2.17,0.0,1.08,230,235,230,20240726RUN02,13.850969629265341,100.44396923315419,26/07/2024,2.9131710714919405,1.9883386898262496,2.095995175554725,1.78170453770883,2.9131710714919405,0.8171758959372157,2.5045831235233327,2.555558440239248,6180,0,232,33
26/07/2024,2.2,0.0,1.1,235,240,235,20240726RUN02,13.850924439047484,100.4439687653048,26/07/2024,2.9131710714919405,1.9883386898262496,2.095995175554725,1.78170453770883,2.9131710714919405,0.8171758959372157,2.5045831235233327,2.6221712903201717,6180,0,239,34
26/07/2024,0.95,0.0,0.48,240,245,240,20240726RUN02,13.850879254645587,100.44396789454882,26/07/2024,2.66771521808695,2.0717065616959065,2.899286747420988,2.4433951604998825,2.899286747420988,0.2315715293340372,2.783500982753969,2.7573110342459035,6180,0,,
26/07/2024,1.41,0.0,0.7,245,250,245,20240726RUN02,13.850834080877156,100.44396656331413,26/07/2024,2.66771521808695,2.0717065616959065,2.899286747420988,2.4433951604998825,2.899286747420988,0.2315715293340372,2.783500982753969,2.988365147905911,6180,0,246,35
26/07/2024,0.61,0.0,0.3,250,255,250,20240726RUN02,13.850788916378033,100.44396493295208,26/07/2024,2.66771521808695,2.0717065616959065,2.899286747420988,2.4433951604998825,2.899286747420988,0.2315715293340372,2.783500982753969,2.911127241949713,6180,0,253,36
26/07/2024,0.77,0.0,0.38,255,260,255,20240726RUN02,13.85074375955509,100.44396309332836,26/07/2024,2.66771521808695,2.0717065616959065,2.899286747420988,2.4433951604998825,2.899286747420988,0.2315715293340372,2.783500982753969,2.734585461241837,6180,0,,
26/07/2024,0.43,0.0,0.22,260,265,260,20240726RUN02,13.85069861157004,100.44396103871276,26/07/2024,2.3565217219930776,2.10110184214943,2.1494371113668618,1.5372029147037705,2.3565217219930776,0.2070846106262158,2.2529794166799695,2.1453921272706187,6180,0,260,37
26/07/2024,0.19,0.0,0.1,265,270,265,20240726RUN02,13.850653473316962,100.44395877142856,26/07/2024,2.3565217219930776,2.10110184214943,2.1494371113668618,1.5372029147037705,2.3565217219930776,0.2070846106262158,2.2529794166799695,2.47176148856399,6180,0,267,38
26/07/2024,0.23,0.0,0.12,270,275,270,20240726RUN02,13.850608343798365,100.44395632833353,26/07/2024,2.3565217219930776,2.10110184214943,2.1494371113668618,1.5372029147037705,2.3565217219930776,0.2070846106262158,2.2529794166799695,2.1564862084999072,6180,0,274,39
26/07/2024,0.85,0.0,0.42,275,280,275,20240726RUN02,13.850563219406135,100.44395378762036,26/07/2024,2.3565217219930776,2.10110184214943,2.1494371113668618,1.5372029147037705,2.3565217219930776,0.2070846106262158,2.2529794166799695,2.119362556142565,6180,0,,
26/07/2024,1.34,0.0,0.67,280,285,280,20240726RUN02,13.850518101931788,100.44395112185204,26/07/2024,2.657813850039807,1.8146574733089431,3.3350448863569917,3.547614679528663,3.3350448863569917,0.6772310363171843,2.9964293681983993,3.0863895443128273,6180,0,281,40
26/07/2024,0.72,0.0,0.36,285,290,285,20240726RUN02,13.850472998521392,100.44394821792395,26/07/2024,2.657813850039807,1.8146574733089431,3.3350448863569917,3.547614679528663,3.3350448863569917,0.6772310363171843,2.9964293681983993,3.1555803244619023,6180,0,288,41
26/07/2024,2.84,0.0,1.42,290,295,290,20240726RUN02,13.850427908361803,100.44394510526384,26/07/2024,2.657813850039807,1.8146574733089431,3.3350448863569917,3.547614679528663,3.3350448863569917,0.6772310363171843,2.9964293681983993,2.8220298887669473,6180,0,,
26/07/2024,0.36,0.0,0.18,295,300,295,20240726RUN02,13.8503828222343,100.44394193173301,26/07/2024,2.657813850039807,1.8146574733089431,3.3350448863569917,3.547614679528663,3.3350448863569917,0.6772310363171843,2.9964293681983993,2.824936365767021,6180,0,295,42
26/07/2024,0.73,0.0,0.36,300,305,300,20240726RUN02,13.850337733745924,100.44393879353926,26/07/2024,2.8484932696763208,1.7990737786172284,3.4066172685949927,2.476182220807148,3.4066172685949927,0.5581239989186719,3.127555269135657,3.004427340492672,6180,0,302,43
26/07/2024,1.03,0.0,0.52,305,310,305,20240726RUN02,13.850292636152187,100.4439357967056,26/07/2024,2.8484932696763208,1.7990737786172284,3.4066172685949927,2.476182220807148,3.4066172685949927,0.5581239989186719,3.127555269135657,3.087694192942249,6180,0,309,44
26/07/2024,1.39,0.0,0.7,310,315,310,20240726RUN02,13.850247513595127,100.44393322647053,26/07/2024,2.8484932696763208,1.7990737786172284,3.4066172685949927,2.476182220807148,3.4066172685949927,0.5581239989186719,3.127555269135657,3.188742461315299,6180,0,,
26/07/2024,0.6,0.0,0.3,315,320,315,20240726RUN02,13.850202366330326,100.443931158814,26/07/2024,2.8484932696763208,1.7990737786172284,3.4066172685949927,2.476182220807148,3.4066172685949927,0.5581239989186719,3.127555269135657,3.0600412278774454,6180,0,316,45
26/07/2024,0.87,0.0,0.44,320,325,320,20240726RUN02,13.850157204979297,100.4439294404202,26/07/2024,4.939829422012081,2.6456501526905165,3.251696722051731,2.276169440998028,4.939829422012081,1.6881326999603496,4.095763072031906,4.0557685116761455,6180,0,323,46
26/07/2024,0.63,0.0,0.32,325,330,325,20240726RUN02,13.850112036465896,100.4439279307375,26/07/2024,4.939829422012081,2.6456501526905165,3.251696722051731,2.276169440998028,4.939829422012081,1.6881326999603496,4.095763072031906,4.065728319149132,6180,0,,
26/07/2024,0.75,0.0,0.38,330,335,330,20240726RUN02,13.850066866869858,100.44392645469519,26/07/2024,4.939829422012081,2.6456501526905165,3.251696722051731,2.276169440998028,4.939829422012081,1.6881326999603496,4.095763072031906,4.317571332653721,6180,0,330,47
26/07/2024,2.83,0.0,1.42,335,340,335,20240726RUN02,13.850021702755082,100.44392481424767,26/07/2024,4.939829422012081,2.6456501526905165,3.251696722051731,2.276169440998028,4.939829422012081,1.6881326999603496,4.095763072031906,4.082105707576563,6180,0,337,48
26/07/2024,2.52,0.0,1.26,340,345,340,20240726RUN02,13.849976554138092,100.44392278091387,26/07/2024,6.052585615075358,3.6081625245034914,4.796384503257629,3.1886313699556315,6.052585615075358,1.2562011118177292,5.424485059166494,5.0107807373612365,6180,0,344,49
26/07/2024,2.17,0.0,1.08,345,350,345,20240726RUN02,13.849931448174898,100.443919936484,26/07/2024,6.052585615075358,3.6081625245034914,4.796384503257629,3.1886313699556315,6.052585615075358,1.2562011118177292,5.424485059166494,5.223801333244513,6180,0,,
26/07/2024,2.63,0.0,1.32,350,355,350,20240726RUN02,13.849886435997206,100.44391582860236,26/07/2024,6.052585615075358,3.6081625245034914,4.796384503257629,3.1886313699556315,6.052585615075358,1.2562011118177292,5.424485059166494,5.810561073198887,6180,0,351,50
26/07/2024,3.19,0.68,1.94,355,360,355,20240726RUN02,13.849841595648298,100.44391009283866,26/07/2024,6.052585615075358,3.6081625245034914,4.796384503257629,3.1886313699556315,6.052585615075358,1.2562011118177292,5.424485059166494,5.36945234216505,6180,0,358,51
26/07/2024,2.49,0.0,1.25,360,365,360,20240726RUN02,13.849797067315313,100.44390221917243,26/07/2024,11.194308633088214,9.495561464702742,9.128670952124311,6.127436549895404,11.194308633088214,2.065637680963901,10.161489792606263,9.478856184996253,6180,0,,
26/07/2024,1.86,1.5,1.68,365,370,365,20240726RUN02,13.84975301651273,100.4438919195774,26/07/2024,11.194308633088214,9.495561464702742,9.128670952124311,6.127436549895404,11.194308633088214,2.065637680963901,10.161489792606263,10.646074898832788,6180,0,365,52
26/07/2024,2.2,2.09,2.14,370,375,370,20240726RUN02,13.849709686973585,100.44387880084778,26/07/2024,11.194308633088214,9.495561464702742,9.128670952124311,6.127436549895404,11.194308633088214,2.065637680963901,10.161489792606263,9.818246982473676,6180,0,372,53
26/07/2024,4.85,4.08,4.46,375,380,375,20240726RUN02,13.84966673510254,100.44386442042972,26/07/2024,11.194308633088214,9.495561464702742,9.128670952124311,6.127436549895404,11.194308633088214,2.065637680963901,10.161489792606263,10.701154161369113,6180,0,379,54
26/07/2024,0.21,9.29,4.75,380,385,380,20240726RUN02,13.849622684882307,100.44385443095467,26/07/2024,9.519646601016348,6.298937659051881,15.146543882359406,10.050370684125133,15.146543882359406,5.626897281343059,12.333095241687877,13.417244405749871,6180,0,,
26/07/2024,2.34,0.77,1.56,385,390,385,20240726RUN02,13.849577821552664,100.443857373417,26/07/2024,9.519646601016348,6.298937659051881,15.146543882359406,10.050370684125133,15.146543882359406,5.626897281343059,12.333095241687877,11.146183454828686,6180,0,386,55
26/07/2024,3.9,0.0,1.95,390,395,390,20240726RUN02,13.849537132645732,100.44387691197953,26/07/2024,9.519646601016348,6.298937659051881,15.146543882359406,10.050370684125133,15.146543882359406,5.626897281343059,12.333095241687877,12.807428906456128,6180,0,393,56
26/07/2024,4.08,0.0,2.04,395,400,395,20240726RUN02,13.849504819228327,100.44390901190762,26/07/2024,9.519646601016348,6.298937659051881,15.146543882359406,10.050370684125133,15.146543882359406,5.626897281343059,12.333095241687877,11.761903035006466,6180,0,,
26/07/2024,3.9,0.0,1.95,400,405,400,20240726RUN02,13.849480010596768,100.44394762241357,26/07/2024,3.671420707259813,3.341453684571163,3.271595778401421,2.970543109244192,3.671420707259813,0.3998249288583917,3.471508242830617,3.7539764037016994,6180,0,400,57
26/07/2024,4.16,0.0,2.08,405,410,405,20240726RUN02,13.84945875306435,100.44398843229146,26/07/2024,3.671420707259813,3.341453684571163,3.271595778401421,2.970543109244192,3.671420707259813,0.3998249288583917,3.471508242830617,3.511178186584236,6180,0,407,58
26/07/2024,2.93,0.0,1.46,410,415,410,20240726RUN02,13.849438776490151,100.44402991962046,26/07/2024,3.671420707259813,3.341453684571163,3.271595778401421,2.970543109244192,3.671420707259813,0.3998249288583917,3.471508242830617,3.5932890358219436,6180,0,414,59
26/07/2024,3.2,0.1,1.65,415,420,415,20240726RUN02,13.849419205364294,100.44407160944247,26/07/2024,3.671420707259813,3.341453684571163,3.271595778401421,2.970543109244192,3.671420707259813,0.3998249288583917,3.471508242830617,3.281197815770592,6180,0,,
26/07/2024,2.72,0.0,1.36,420,425,420,20240726RUN02,13.849399755056266,100.44411335850022,26/07/2024,3.351976798046972,2.214860661049944,3.228432942616786,2.398495848398807,3.351976798046972,0.1235438554301859,3.290204870331879,3.067917897762899,6180,0,421,60
26/07/2024,2.85,0.28,1.56,425,430,425,20240726RUN02,13.849380242006497,100.44415507686446,26/07/2024,3.351976798046972,2.214860661049944,3.228432942616786,2.398495848398807,3.351976798046972,0.1235438554301859,3.290204870331879,3.4994851044731847,6180,0,428,61
26/07/2024,4.72,0.0,2.36,430,435,430,20240726RUN02,13.849360560211878,100.44419671204665,26/07/2024,3.351976798046972,2.214860661049944,3.228432942616786,2.398495848398807,3.351976798046972,0.1235438554301859,3.290204870331879,3.373433753038179,6180,0,,
26/07/2024,5.83,0.0,2.92,435,440,435,20240726RUN02,13.849340621206192,100.44423821884747,26/07/2024,3.351976798046972,2.214860661049944,3.228432942616786,2.398495848398807,3.351976798046972,0.1235438554301859,3.290204870331879,3.1131124968319943,6180,0,435,62
26/07/2024,6.05,0.0,3.02,440,445,440,20240726RUN02,13.84932048670501,100.44427962674209,26/07/2024,2.6764693813203526,1.8152208086184776,2.6918683291456658,2.1772642153440467,2.6918683291456658,0.0153989478253131,2.6841688552330094,2.7677215341518613,6180,0,442,63
26/07/2024,5.47,0.0,2.74,445,450,445,20240726RUN02,13.849300310538831,100.4443210134018,26/07/2024,2.6764693813203526,1.8152208086184776,2.6918683291456658,2.1772642153440467,2.6918683291456658,0.0153989478253131,2.6841688552330094,2.849298459117035,6180,0,449,64
26/07/2024,2.94,0.0,1.47,450,455,450,20240726RUN02,13.849280181788139,100.44436242422303,26/07/2024,2.6764693813203526,1.8152208086184776,2.6918683291456658,2.1772642153440467,2.6918683291456658,0.0153989478253131,2.6841688552330094,2.4386908277409467,6180,0,,
26/07/2024,3.33,0.07,1.7,455,460,455,20240726RUN02,13.84926017945489,100.44440389912444,26/07/2024,2.6764693813203526,1.8152208086184776,2.6918683291456658,2.1772642153440467,2.6918683291456658,0.0153989478253131,2.6841688552330094,2.4665601973804114,6180,0,456,65
26/07/2024,3.22,0.0,1.61,460,465,460,20240726RUN02,13.849240334135173,100.4444454529707,26/07/2024,2.515375498915831,1.598110402285394,2.590933978704485,2.1608737617633382,2.590933978704485,0.0755584797886541,2.553154738810158,2.630128072761511,6180,0,464,66
26/07/2024,1.83,0.04,0.94,465,470,465,20240726RUN02,13.849220555713092,100.44448704022601,26/07/2024,2.515375498915831,1.598110402285394,2.590933978704485,2.1608737617633382,2.590933978704485,0.0755584797886541,2.553154738810158,2.796497641078017,6180,0,,
26/07/2024,2.27,0.1,1.18,470,475,470,20240726RUN02,13.849200808290796,100.44452864290237,26/07/2024,2.515375498915831,1.598110402285394,2.590933978704485,2.1608737617633382,2.590933978704485,0.0755584797886541,2.553154738810158,2.491026445469519,6180,0,471,67
26/07/2024,2.74,0.09,1.42,475,480,475,20240726RUN02,13.849181156510454,100.44457029297081,26/07/2024,2.515375498915831,1.598110402285394,2.590933978704485,2.1608737617633382,2.590933978704485,0.0755584797886541,2.553154738810158,2.3423805307697134,6180,0,478,68
26/07/2024,3.0,0.04,1.52,480,485,480,20240726RUN02,13.849161611139131,100.44461199544969,26/07/2024,4.154842023561736,3.121846164614878,2.812250911438527,3.0311694735356065,4.154842023561736,1.342591112123209,3.4835464675001315,3.451163028009251,6180,0,,
26/07/2024,2.87,0.01,1.44,485,490,485,20240726RUN02,13.849142116016168,100.4446537225626,26/07/2024,4.154842023561736,3.121846164614878,2.812250911438527,3.0311694735356065,4.154842023561736,1.342591112123209,3.4835464675001315,3.1705864287995524,6180,0,485,69
26/07/2024,2.66,0.0,1.33,490,495,490,20240726RUN02,13.849122607218753,100.44469544298032,26/07/2024,4.154842023561736,3.121846164614878,2.812250911438527,3.0311694735356065,4.154842023561736,1.342591112123209,3.4835464675001315,3.420398479134397,6180,0,492,70
26/07/2024,3.93,0.0,1.96,495,500,495,20240726RUN02,13.849103100967762,100.44473716465207,26/07/2024,4.154842023561736,3.121846164614878,2.812250911438527,3.0311694735356065,4.154842023561736,1.342591112123209,3.4835464675001315,3.743700058023496,6180,0,499,71
26/07/2024,4.48,0.0,2.24,500,505,500,20240726RUN02,13.849083569328343,100.4447788738634,26/07/2024,3.549816420024374,2.3814113411552325,3.645236696925413,2.522079846699316,3.645236696925413,0.0954202769010392,3.597526558474893,3.6548950228571955,6180,0,,
26/07/2024,3.06,0.02,1.54,505,510,505,20240726RUN02,13.849063965047822,100.44482054735093,26/07/2024,3.549816420024374,2.3814113411552325,3.645236696925413,2.522079846699316,3.645236696925413,0.0954202769010392,3.597526558474893,3.610203513738562,6180,0,506,72
26/07/2024,3.04,0.0,1.52,510,515,510,20240726RUN02,13.8490443633838,100.44486222213676,26/07/2024,3.549816420024374,2.3814113411552325,3.645236696925413,2.522079846699316,3.645236696925413,0.0954202769010392,3.597526558474893,3.8082020635776175,6180,0,513,73
26/07/2024,1.04,0.0,0.52,515,520,515,20240726RUN02,13.849024854619152,100.44490394254025,26/07/2024,3.549816420024374,2.3814113411552325,3.645236696925413,2.522079846699316,3.645236696925413,0.0954202769010392,3.597526558474893,3.273112039382597,6180,0,,
26/07/2024,1.98,0.0,0.99,520,525,520,20240726RUN02,13.849005430500453,100.44494570430545,26/07/2024,5.596521322826516,3.6407543443319295,2.934254304852057,1.9474719457868783,5.596521322826516,2.6622670179744583,4.265387813839286,4.332248592554359,6180,0,520,74
26/07/2024,3.0,0.0,1.5,525,530,525,20240726RUN02,13.84898604831562,100.44498748645735,26/07/2024,5.596521322826516,3.6407543443319295,2.934254304852057,1.9474719457868783,5.596521322826516,2.6622670179744583,4.265387813839286,4.047903026025652,6180,0,527,75
26/07/2024,4.24,0.0,2.12,530,535,530,20240726RUN02,13.848966758117788,100.445029313171,26/07/2024,5.596521322826516,3.6407543443319295,2.934254304852057,1.9474719457868783,5.596521322826516,2.6622670179744583,4.265387813839286,4.297111086789234,6180,0,534,76
26/07/2024,2.59,0.12,1.36,535,540,535,20240726RUN02,13.848947557899525,100.44507118321398,26/07/2024,5.596521322826516,3.6407543443319295,2.934254304852057,1.9474719457868783,5.596521322826516,2.6622670179744583,4.265387813839286,4.191716570285908,6180,0,,
26/07/2024,0.31,0.0,0.16,540,545,540,20240726RUN02,13.848928462254511,100.44511310331872,26/07/2024,2.66006087920893,1.7486772220133666,3.678186414779104,1.9252070486149544,3.678186414779104,1.0181255355701735,3.1691236469940174,3.179886674998987,6180,0,541,77
26/07/2024,0.11,0.0,0.06,545,550,545,20240726RUN02,13.848909473849675,100.44515507442432,26/07/2024,2.66006087920893,1.7486772220133666,3.678186414779104,1.9252070486149544,3.678186414779104,1.0181255355701735,3.1691236469940174,3.4289677443781326,6180,0,548,78
26/07/2024,0.86,0.0,0.43,550,555,550,20240726RUN02,13.848890494398873,100.44519704977243,26/07/2024,2.66006087920893,1.7486772220133666,3.678186414779104,1.9252070486149544,3.678186414779104,1.0181255355701735,3.1691236469940174,2.8588732574341336,6180,0,,
26/07/2024,1.0,0.14,0.57,555,560,555,20240726RUN02,13.848871519885153,100.44523902744389,26/07/2024,2.66006087920893,1.7486772220133666,3.678186414779104,1.9252070486149544,3.678186414779104,1.0181255355701735,3.1691236469940174,3.4455264797150518,6180,0,555,79
26/07/2024,1.04,0.01,0.52,560,565,560,20240726RUN02,13.848852502894992,100.44528098496693,26/07/2024,3.10279787004923,2.044640374543203,3.10651123474517,2.3241056446500723,3.10651123474517,0.0037133646959404,3.1046545523972,3.0374745691320655,6180,0,562,80
26/07/2024,1.05,0.05,0.55,565,570,565,20240726RUN02,13.848833373851743,100.44532288909592,26/07/2024,3.10279787004923,2.044640374543203,3.10651123474517,2.3241056446500723,3.10651123474517,0.0037133646959404,3.1046545523972,2.850392570038763,6180,0,569,81
26/07/2024,0.38,0.0,0.19,570,575,570,20240726RUN02,13.848814170374975,100.4453647575647,26/07/2024,3.10279787004923,2.044640374543203,3.10651123474517,2.3241056446500723,3.10651123474517,0.0037133646959404,3.1046545523972,3.008971649729797,6180,0,,
26/07/2024,1.67,0.01,0.84,575,580,575,20240726RUN02,13.84879497133108,100.44540662816621,26/07/2024,3.10279787004923,2.044640374543203,3.10651123474517,2.3241056446500723,3.10651123474517,0.0037133646959404,3.1046545523972,3.4102773851208457,6180,0,576,82
26/07/2024,0.72,0.0,0.36,580,585,580,20240726RUN02,13.848775821432646,100.44544852231964,26/07/2024,3.845132512362396,3.324312670805996,3.8535470983113855,3.737147424910926,3.8535470983113855,0.0084145859489899,3.849339805336891,3.744191501703216,6180,0,583,83
26/07/2024,0.52,0.08,0.3,585,590,585,20240726RUN02,13.848756690562341,100.44549042558863,26/07/2024,3.845132512362396,3.324312670805996,3.8535470983113855,3.737147424910926,3.8535470983113855,0.0084145859489899,3.849339805336891,3.833742334304996,6180,0,,
26/07/2024,0.94,0.0,0.47,590,595,590,20240726RUN02,13.848737553068519,100.44553232568512,26/07/2024,3.845132512362396,3.324312670805996,3.8535470983113855,3.737147424910926,3.8535470983113855,0.0084145859489899,3.849339805336891,3.6788937827180113,6180,0,590,84
26/07/2024,1.33,0.0,0.66,595,600,595,20240726RUN02,13.848718372101414,100.44557420494655,26/07/2024,3.845132512362396,3.324312670805996,3.8535470983113855,3.737147424910926,3.8535470983113855,0.0084145859489899,3.849339805336891,4.040106243973919,6180,0,597,85
26/07/2024,1.15,0.0,0.57,600,605,600,20240726RUN02,13.848699165557505,100.44561607193926,26/07/2024,3.279951652836104,1.8911734708844448,3.4023644576283294,2.469554774495702,3.4023644576283294,0.1224128047922255,3.3411580552322167,3.2364369438122553,6180,0,604,86
26/07/2024,0.88,0.0,0.44,605,610,605,20240726RUN02,13.848680028254844,100.4456579720943,26/07/2024,3.279951652836104,1.8911734708844448,3.4023644576283294,2.469554774495702,3.4023644576283294,0.1224128047922255,3.3411580552322167,3.650111437138418,6180,0,,
26/07/2024,1.36,0.02,0.69,610,615,610,20240726RUN02,13.848661009930169,100.44569992893842,26/07/2024,3.279951652836104,1.8911734708844448,3.4023644576283294,2.469554774495702,3.4023644576283294,0.1224128047922255,3.3411580552322167,3.3266048163081328,6180,0,611,87
26/07/2024,0.39,0.0,0.2,615,620,615,20240726RUN02,13.848642081694642,100.44574192843983,26/07/2024,3.279951652836104,1.8911734708844448,3.4023644576283294,2.469554774495702,3.4023644576283294,0.1224128047922255,3.3411580552322167,3.074713115330167,6180,0,618,88
26/07/2024,0.07,0.0,0.04,620,625,620,20240726RUN02,13.84862325559382,100.44578397598693,26/07/2024,2.627472506256874,2.0913185101391285,3.205079526985968,2.4533781479790098,3.205079526985968,0.5776070207290944,2.916276016621421,3.123905421538836,6180,0,,
26/07/2024,0.05,0.0,0.02,625,630,625,20240726RUN02,13.848604560026045,100.44582608450793,26/07/2024,2.627472506256874,2.0913185101391285,3.205079526985968,2.4533781479790098,3.205079526985968,0.5776070207290944,2.916276016621421,3.0774444740934257,6180,0,625,89
26/07/2024,0.36,0.0,0.18,630,635,630,20240726RUN02,13.848585941832484,100.4458682289411,26/07/2024,2.627472506256874,2.0913185101391285,3.205079526985968,2.4533781479790098,3.205079526985968,0.5776070207290944,2.916276016621421,2.9023974691238585,6180,0,632,90
26/07/2024,0.59,0.18,0.38,635,640,635,20240726RUN02,13.848567384861209,100.44591040162426,26/07/2024,2.627472506256874,2.0913185101391285,3.205079526985968,2.4533781479790098,3.205079526985968,0.5776070207290944,2.916276016621421,2.6601441709581026,6180,0,639,91
26/07/2024,0.25,0.0,0.12,640,645,640,20240726RUN02,13.84854888581229,100.44595260095055,26/07/2024,2.507415486941369,1.6813705875119511,3.34124282399366,2.435310664897977,3.34124282399366,0.8338273370522913,2.9243291554675146,2.934843227063851,6180,0,,
26/07/2024,0.2,0.0,0.1,645,650,645,20240726RUN02,13.84853038586586,100.44599479986942,26/07/2024,2.507415486941369,1.6813705875119511,3.34124282399366,2.435310664897977,3.34124282399366,0.8338273370522913,2.9243291554675146,2.6498258548844467,6180,0,646,92
26/07/2024,0.67,0.0,0.34,650,655,650,20240726RUN02,13.84851195028392,100.44603702824371,26/07/2024,2.507415486941369,1.6813705875119511,3.34124282399366,2.435310664897977,3.34124282399366,0.8338273370522913,2.9243291554675146,3.1028557369366303,6180,0,653,93
26/07/2024,0.62,0.0,0.31,655,660,655,20240726RUN02,13.848493692078991,100.44607933724284,26/07/2024,2.507415486941369,1.6813705875119511,3.34124282399366,2.435310664897977,3.34124282399366,0.8338273370522913,2.9243291554675146,2.87906287399983,6180,0,,
26/07/2024,0.18,0.04,0.11,660,665,660,20240726RUN02,13.848475551702933,100.44612169932999,26/07/2024,3.318304099909513,2.53383031489238,3.8028208792806737,2.325035043572601,3.8028208792806737,0.4845167793711606,3.5605624895950934,3.6478073796424297,6180,0,660,94
26/07/2024,1.01,0.09,0.55,665,670,665,20240726RUN02,13.848457439272684,100.4461640739405,26/07/2024,3.318304099909513,2.53383031489238,3.8028208792806737,2.325035043572601,3.8028208792806737,0.4845167793711606,3.5605624895950934,3.6338187303710483,6180,0,667,95
26/07/2024,0.99,0.0,0.5,670,675,670,20240726RUN02,13.848439367852299,100.44620646687719,26/07/2024,3.318304099909513,2.53383031489238,3.8028208792806737,2.325035043572601,3.8028208792806737,0.4845167793711606,3.5605624895950934,3.682800565558557,6180,0,674,96
26/07/2024,1.14,0.0,0.57,675,680,675,20240726RUN02,13.848421334316837,100.44624887671851,26/07/2024,3.318304099909513,2.53383031489238,3.8028208792806737,2.325035043572601,3.8028208792806737,0.4845167793711606,3.5605624895950934,3.56883989721945,6180,0,,
26/07/2024,2.33,0.17,1.25,680,685,680,20240726RUN02,13.848403311397451,100.44629129127566,26/07/2024,3.769759725724877,3.0771302190815835,5.272310579545119,3.6257804093147534,5.272310579545119,1.5025508538202414,4.5210351526349974,4.83137190249207,6180,0,681,97
26/07/2024,1.27,0.0,0.64,685,690,685,20240726RUN02,13.848385268263073,100.44633369681654,26/07/2024,3.769759725724877,3.0771302190815835,5.272310579545119,3.6257804093147534,5.272310579545119,1.5025508538202414,4.5210351526349974,4.549617324559521,6180,0,688,98
26/07/2024,1.67,0.76,1.21,690,695,690,20240726RUN02,13.848367138883502,100.44637606381488,26/07/2024,3.769759725724877,3.0771302190815835,5.272310579545119,3.6257804093147534,5.272310579545119,1.5025508538202414,4.5210351526349974,4.343838635864317,6180,0,,
26/07/2024,1.49,0.12,0.8,695,700,695,20240726RUN02,13.848349010731859,100.44641843134342,26/07/2024,3.769759725724877,3.0771302190815835,5.272310579545119,3.6257804093147534,5.272310579545119,1.5025508538202414,4.5210351526349974,4.418915166237071,6180,0,695,99
26/07/2024,2.26,0.26,1.26,700,705,700,20240726RUN02,13.84833097416238,100.4464608398078,26/07/2024,4.023146102262897,3.767855189837415,4.166016805037035,3.7258775561548982,4.166016805037035,0.1428707027741378,4.094581453649966,3.980381255788817,6180,0,702,100
26/07/2024,2.35,0.24,1.3,705,710,705,20240726RUN02,13.848312969177588,100.44650326234867,26/07/2024,4.023146102262897,3.767855189837415,4.166016805037035,3.7258775561548982,4.166016805037035,0.1428707027741378,4.094581453649966,3.9736943476584616,6180,0,709,101
26/07/2024,2.17,0.04,1.1,710,715,710,20240726RUN02,13.848295021973216,100.44654571052249,26/07/2024,4.023146102262897,3.767855189837415,4.166016805037035,3.7258775561548982,4.166016805037035,0.1428707027741378,4.094581453649966,4.089240968686731,6180,0,,
26/07/2024,1.17,0.18,0.68,715,720,715,20240726RUN02,13.848277170809554,100.44658820108413,26/07/2024,4.023146102262897,3.767855189837415,4.166016805037035,3.7258775561548982,4.166016805037035,0.1428707027741378,4.094581453649966,4.393981373535427,6180,0,716,102
26/07/2024,1.77,0.57,1.17,720,725,720,20240726RUN02,13.848259443048992,100.4466307457225,26/07/2024,3.6316847284382527,3.1598272825351685,3.602249579490758,2.8772782924097107,3.6316847284382527,0.0294351489474946,3.6169671539645054,3.9136743173894195,6180,0,723,103
26/07/2024,2.3,0.18,1.24,725,730,725,20240726RUN02,13.848241787781417,100.4466733219725,26/07/2024,3.6316847284382527,3.1598272825351685,3.602249579490758,2.8772782924097107,3.6316847284382527,0.0294351489474946,3.6169671539645054,3.705008912336295,6180,0,,
26/07/2024,1.94,0.01,0.98,730,735,730,20240726RUN02,13.848224020453575,100.44671584932237,26/07/2024,3.6316847284382527,3.1598272825351685,3.602249579490758,2.8772782924097107,3.6316847284382527,0.0294351489474946,3.6169671539645054,3.7993705266020914,6180,0,730,104
26/07/2024,1.25,0.0,0.62,735,740,735,20240726RUN02,13.84820597667014,100.44675825449954,26/07/2024,3.6316847284382527,3.1598272825351685,3.602249579490758,2.8772782924097107,3.6316847284382527,0.0294351489474946,3.6169671539645054,3.2856772706108712,6180,0,737,105
26/07/2024,1.28,0.0,0.64,740,745,740,20240726RUN02,13.84818760712198,100.4468005129844,26/07/2024,2.7752150323394726,2.3645543780555256,3.161626814937554,2.991433994945876,3.161626814937554,0.3864117825980813,2.9684209236385133,2.819925336610136,6180,0,744,106
26/07/2024,2.05,0.0,1.02,745,750,745,20240726RUN02,13.848169019336277,100.44684267148183,26/07/2024,2.7752150323394726,2.3645543780555256,3.161626814937554,2.991433994945876,3.161626814937554,0.3864117825980813,2.9684209236385133,2.8722891072880303,6180,0,,
26/07/2024,1.58,0.0,0.79,750,755,750,20240726RUN02,13.848150347973993,100.44688479131491,26/07/2024,2.7752150323394726,2.3645543780555256,3.161626814937554,2.991433994945876,3.161626814937554,0.3864117825980813,2.9684209236385133,2.797457606439758,6180,0,751,107
26/07/2024,1.96,0.0,0.98,755,760,755,20240726RUN02,13.848131601010278,100.44692687596775,26/07/2024,2.7752150323394726,2.3645543780555256,3.161626814937554,2.991433994945876,3.161626814937554,0.3864117825980813,2.9684209236385133,3.185578368689932,6180,0,758,108
26/07/2024,1.39,0.02,0.7,760,765,760,20240726RUN02,13.848112775620987,100.44696892393796,26/07/2024,3.0302616858994127,2.019594548010808,2.9391529605399693,2.8967580230071497,3.0302616858994127,0.0911087253594433,2.9847073232196912,2.7222062908762443,6180,0,,
26/07/2024,0.78,0.0,0.39,765,770,765,20240726RUN02,13.848093875169784,100.44701093663367,26/07/2024,3.0302616858994127,2.019594548010808,2.9391529605399693,2.8967580230071497,3.0302616858994127,0.0911087253594433,2.9847073232196912,3.2614338872443756,6180,0,765,109
26/07/2024,1.03,0.35,0.69,770,775,770,20240726RUN02,13.848074856560496,100.44705289342734,26/07/2024,3.0302616858994127,2.019594548010808,2.9391529605399693,2.8967580230071497,3.0302616858994127,0.0911087253594433,2.9847073232196912,3.037310138993649,6180,0,772,110
26/07/2024,1.07,0.01,0.54,775,780,775,20240726RUN02,13.848055709373288,100.44709478895271,26/07/2024,3.0302616858994127,2.019594548010808,2.9391529605399693,2.8967580230071497,3.0302616858994127,0.0911087253594433,2.9847073232196912,2.9847159358975683,6180,0,,
26/07/2024,0.96,0.0,0.48,780,785,780,20240726RUN02,13.848036457793553,100.447136634358,26/07/2024,2.803748812300861,2.4900226089688315,4.154183927342356,2.7368959491948064,4.154183927342356,1.3504351150414946,3.4789663698216087,3.314828075278675,6180,0,780,111
26/07/2024,1.54,0.0,0.77,785,790,785,20240726RUN02,13.848017084830866,100.44717842104407,26/07/2024,2.803748812300861,2.4900226089688315,4.154183927342356,2.7368959491948064,4.154183927342356,1.3504351150414946,3.4789663698216087,3.7096930366965517,6180,0,787,112
26/07/2024,0.85,0.0,0.42,790,795,790,20240726RUN02,13.847997604065652,100.44722015522431,26/07/2024,2.803748812300861,2.4900226089688315,4.154183927342356,2.7368959491948064,4.154183927342356,1.3504351150414946,3.4789663698216087,3.7773451370492954,6180,0,794,113
26/07/2024,1.5,0.0,0.75,795,800,795,20240726RUN02,13.84797805409643,100.44726185548697,26/07/2024,2.803748812300861,2.4900226089688315,4.154183927342356,2.7368959491948064,4.154183927342356,1.3504351150414946,3.4789663698216087,3.4065922270178506,6180,0,,
26/07/2024,1.97,0.0,0.98,800,805,800,20240726RUN02,13.847958475321745,100.44730354159837,26/07/2024,3.278019823538916,2.576699297402615,3.261397012756082,2.156570229629412,3.278019823538916,0.0166228107828336,3.2697084181474994,3.1335362302520906,6180,0,801,114
26/07/2024,1.39,0.0,0.7,805,810,805,20240726RUN02,13.847938951256506,100.44734525457243,26/07/2024,3.278019823538916,2.576699297402615,3.261397012756082,2.156570229629412,3.278019823538916,0.0166228107828336,3.2697084181474994,3.104977069629523,6180,0,808,115
26/07/2024,1.88,0.0,0.94,810,815,810,20240726RUN02,13.84791948938564,100.44738699798911,26/07/2024,3.278019823538916,2.576699297402615,3.261397012756082,2.156570229629412,3.278019823538916,0.0166228107828336,3.2697084181474994,3.3903857595094014,6180,0,,
26/07/2024,1.37,0.0,0.68,815,820,815,20240726RUN02,13.847900019811515,100.4474287376373,26/07/2024,3.278019823538916,2.576699297402615,3.261397012756082,2.156570229629412,3.278019823538916,0.0166228107828336,3.2697084181474994,3.533852837240173,6180,0,815,116
26/07/2024,1.48,0.0,0.74,820,825,820,20240726RUN02,13.847880549676761,100.44747047702906,26/07/2024,3.570084201301785,3.1102866297319327,3.970384624849917,3.274433445226772,3.970384624849917,0.4003004235481318,3.770234413075851,3.815558784794482,6180,0,822,117
26/07/2024,2.46,0.01,1.23,825,830,825,20240726RUN02,13.847861127919941,100.44751224003075,26/07/2024,3.570084201301785,3.1102866297319327,3.970384624849917,3.274433445226772,3.970384624849917,0.4003004235481318,3.770234413075851,3.9231206084803145,6180,0,829,118
26/07/2024,1.42,0.0,0.71,830,835,830,20240726RUN02,13.847841771987335,100.44755403502863,26/07/2024,3.570084201301785,3.1102866297319327,3.970384624849917,3.274433445226772,3.970384624849917,0.4003004235481318,3.770234413075851,3.538592254828506,6180,0,,
26/07/2024,1.43,0.0,0.72,835,840,835,20240726RUN02,13.847822457578216,100.44759585015488,26/07/2024,3.570084201301785,3.1102866297319327,3.970384624849917,3.274433445226772,3.970384624849917,0.4003004235481318,3.770234413075851,3.6162796074787575,6180,0,836,119
26/07/2024,2.04,0.0,1.02,840,845,840,20240726RUN02,13.847803108983806,100.44763764869752,26/07/2024,2.6599462576823805,1.993961257767744,3.300615616219495,2.495775069256005,3.300615616219495,0.6406693585371146,2.9802809369509378,2.7560045170048157,6180,0,843,120
26/07/2024,1.89,0.0,0.94,845,850,845,20240726RUN02,13.847783691499608,100.4476794137664,26/07/2024,2.6599462576823805,1.993961257767744,3.300615616219495,2.495775069256005,3.300615616219495,0.6406693585371146,2.9802809369509378,2.8993043206504137,6180,0,,
26/07/2024,1.82,0.0,0.91,850,855,850,20240726RUN02,13.847764195146649,100.44772114032358,26/07/2024,2.6599462576823805,1.993961257767744,3.300615616219495,2.495775069256005,3.300615616219495,0.6406693585371146,2.9802809369509378,3.19164589210922,6180,0,850,121
26/07/2024,2.07,0.0,1.03,855,860,855,20240726RUN02,13.847744602716233,100.44776281972526,26/07/2024,2.6599462576823805,1.993961257767744,3.300615616219495,2.495775069256005,3.300615616219495,0.6406693585371146,2.9802809369509378,3.2262140482745245,6180,0,857,122
26/07/2024,1.6,0.0,0.8,860,865,860,20240726RUN02,13.84772495891107,100.44780447379654,26/07/2024,3.131507915577844,2.16482720442234,3.720721518936271,2.6113276216585093,3.720721518936271,0.5892136033584272,3.4261147172570574,3.4181194549623246,6180,0,864,123
26/07/2024,1.75,0.0,0.88,865,870,865,20240726RUN02,13.847705303754909,100.4478461222424,26/07/2024,3.131507915577844,2.16482720442234,3.720721518936271,2.6113276216585093,3.720721518936271,0.5892136033584272,3.4261147172570574,3.7186447259413242,6180,0,,
26/07/2024,1.72,0.0,0.86,870,875,870,20240726RUN02,13.847685644966125,100.44788776887846,26/07/2024,3.131507915577844,2.16482720442234,3.720721518936271,2.6113276216585093,3.720721518936271,0.5892136033584272,3.4261147172570574,3.392012286110255,6180,0,871,124
26/07/2024,1.65,0.01,0.83,875,880,875,20240726RUN02,13.84766600463714,100.44792942463269,26/07/2024,3.131507915577844,2.16482720442234,3.720721518936271,2.6113276216585093,3.720721518936271,0.5892136033584272,3.4261147172570574,3.1259343144691676,6180,0,878,125
26/07/2024,1.33,0.0,0.66,880,885,880,20240726RUN02,13.847646389506451,100.44797109280184,26/07/2024,3.3113148828189365,2.4819999983303984,3.373884575558799,2.347905140588514,3.373884575558799,0.0625696927398626,3.342599729188868,3.1596044389124143,6180,0,,
26/07/2024,1.36,0.0,0.68,885,890,885,20240726RUN02,13.847626794625272,100.44801277094152,26/07/2024,3.3113148828189365,2.4819999983303984,3.373884575558799,2.347905140588514,3.373884575558799,0.0625696927398626,3.342599729188868,3.1629926652119864,6180,0,885,126
26/07/2024,1.09,0.0,0.55,890,895,890,20240726RUN02,13.847607214090733,100.44805445615575,26/07/2024,3.3113148828189365,2.4819999983303984,3.373884575558799,2.347905140588514,3.373884575558799,0.0625696927398626,3.342599729188868,3.549397767017907,6180,0,892,127
26/07/2024,1.35,0.0,0.68,895,900,895,20240726RUN02,13.84758765251885,100.44809615065724,26/07/2024,3.3113148828189365,2.4819999983303984,3.373884575558799,2.347905140588514,3.373884575558799,0.0625696927398626,3.342599729188868,3.3105287375833043,6180,0,899,128
26/07/2024,1.78,0.0,0.89,900,905,900,20240726RUN02,13.84756810380343,100.44813785144444,26/07/2024,2.630171155504657,2.072887573666814,2.459466884653384,1.7576465851281893,2.630171155504657,0.1707042708512736,2.5448190200790206,2.4223268544013075,6180,0,,
26/07/2024,2.12,0.04,1.08,905,910,905,20240726RUN02,13.847548558712033,100.44817955397556,26/07/2024,2.630171155504657,2.072887573666814,2.459466884653384,1.7576465851281893,2.630171155504657,0.1707042708512736,2.5448190200790206,2.57382115147609,6180,0,906,129
26/07/2024,1.75,0.0,0.88,910,915,910,20240726RUN02,13.84752899610382,100.44822124788851,26/07/2024,2.630171155504657,2.072887573666814,2.459466884653384,1.7576465851281893,2.630171155504657,0.1707042708512736,2.5448190200790206,2.630028579024042,6180,0,913,130
26/07/2024,1.98,0.0,0.99,915,920,915,20240726RUN02,13.847509414223,100.44826293230517,26/07/2024,2.630171155504657,2.072887573666814,2.459466884653384,1.7576465851281893,2.630171155504657,0.1707042708512736,2.5448190200790206,2.372406894083437,6180,0,,
26/07/2024,1.91,0.0,0.96,920,925,920,20240726RUN02,13.847489818350574,100.448304609818,26/07/2024,3.00452422495453,2.433257716573284,3.0597338181742773,2.473059059650419,3.0597338181742773,0.0552095932197471,3.032129021564404,3.1812447946973634,6180,0,920,131
26/07/2024,2.06,0.0,1.03,925,930,925,20240726RUN02,13.847470217246393,100.44834628474638,26/07/2024,3.00452422495453,2.433257716573284,3.0597338181742773,2.473059059650419,3.0597338181742773,0.0552095932197471,3.032129021564404,2.8627279105924033,6180,0,927,132
26/07/2024,2.25,0.0,1.12,930,935,930,20240726RUN02,13.84745062977967,100.44838796637055,26/07/2024,3.00452422495453,2.433257716573284,3.0597338181742773,2.473059059650419,3.0597338181742773,0.0552095932197471,3.032129021564404,3.0247185399728713,6180,0,934,133
26/07/2024,2.76,0.0,1.38,935,940,935,20240726RUN02,13.84743105258988,100.44842965302051,26/07/2024,3.00452422495453,2.433257716573284,3.0597338181742773,2.473059059650419,3.0597338181742773,0.0552095932197471,3.032129021564404,3.078245456919457,6180,0,,
26/07/2024,2.07,0.01,1.04,940,945,940,20240726RUN02,13.84741140893467,100.44847130687559,26/07/2024,2.872882148707667,2.3139970080795624,2.797452386391438,2.6926764867515662,2.872882148707667,0.075429762316229,2.8351672675495525,3.068337711513398,6180,0,941,134
26/07/2024,1.88,0.0,0.94,945,950,945,20240726RUN02,13.847391641097238,100.44851289908488,26/07/2024,2.872882148707667,2.3139970080795624,2.797452386391438,2.6926764867515662,2.872882148707667,0.075429762316229,2.8351672675495525,2.9368880010130596,6180,0,948,135
26/07/2024,2.24,0.01,1.12,950,955,950,20240726RUN02,13.847371760837522,100.44855443514518,26/07/2024,2.872882148707667,2.3139970080795624,2.797452386391438,2.6926764867515662,2.872882148707667,0.075429762316229,2.8351672675495525,2.665325799839353,6180,0,,
26/07/2024,1.16,0.0,0.58,955,960,955,20240726RUN02,13.8473518154217,100.44859593845229,26/07/2024,2.872882148707667,2.3139970080795624,2.797452386391438,2.6926764867515662,2.872882148707667,0.075429762316229,2.8351672675495525,2.739610224008353,6180,0,955,136
26/07/2024,1.72,0.0,0.86,960,965,960,20240726RUN02,13.847331860296709,100.44863743686857,26/07/2024,4.427084400754685,3.4364247522252125,4.232509015909775,3.433606705599869,4.427084400754685,0.1945753848449101,4.32979670833223,4.230256641040046,6180,0,962,137
26/07/2024,2.31,0.0,1.16,965,970,965,20240726RUN02,13.847311945998225,100.44867895580173,26/07/2024,4.427084400754685,3.4364247522252125,4.232509015909775,3.433606705599869,4.427084400754685,0.1945753848449101,4.32979670833223,4.229024178089652,6180,0,969,138
26/07/2024,2.09,0.58,1.34,970,975,970,20240726RUN02,13.847292088304123,100.4487205030987,26/07/2024,4.427084400754685,3.4364247522252125,4.232509015909775,3.433606705599869,4.427084400754685,0.1945753848449101,4.32979670833223,4.536050148748043,6180,0,,
26/07/2024,0.89,0.01,0.45,975,980,975,20240726RUN02,13.847272283236764,100.44876207663377,26/07/2024,4.427084400754685,3.4364247522252125,4.232509015909775,3.433606705599869,4.427084400754685,0.1945753848449101,4.32979670833223,4.153921706522864,6180,0,976,139
26/07/2024,0.51,0.0,0.26,980,985,980,20240726RUN02,13.847252509799937,100.44880366591794,26/07/2024,2.457661140883125,1.882219515366015,2.4887542359669323,2.2867166151316303,2.4887542359669323,0.0310930950838068,2.4732076884250285,2.703956188928178,6180,0,983,140
26/07/2024,0.47,0.0,0.24,985,990,985,20240726RUN02,13.847232736539954,100.4488452552666,26/07/2024,2.457661140883125,1.882219515366015,2.4887542359669323,2.2867166151316303,2.4887542359669323,0.0310930950838068,2.4732076884250285,2.4416093817234277,6180,0,,
26/07/2024,0.39,0.0,0.2,990,995,990,20240726RUN02,13.84721299497133,100.44888686037764,26/07/2024,2.457661140883125,1.882219515366015,2.4887542359669323,2.2867166151316303,2.4887542359669323,0.0310930950838068,2.4732076884250285,2.2621092693233504,6180,0,990,141
26/07/2024,1.86,0.3,1.08,995,1000,995,20240726RUN02,13.847193306959491,100.44892849202891,26/07/2024,2.457661140883125,1.882219515366015,2.4887542359669323,2.2867166151316303,2.4887542359669323,0.0310930950838068,2.4732076884250285,2.499848329231855,6180,0,997,142
26/07/2024,2.26,0.27,1.26,1000,1005,1000,20240726RUN02,13.847173656426403,100.44897014219937,26/07/2024,3.3352447963684533,2.476270822120177,3.6447225220691184,2.8428007956046324,3.6447225220691184,0.3094777257006651,3.489983659218786,3.2236119359361646,6180,0,1004,143
26/07/2024,0.67,0.0,0.34,1005,1010,1005,20240726RUN02,13.847154042842876,100.44901181057047,26/07/2024,3.3352447963684533,2.476270822120177,3.6447225220691184,2.8428007956046324,3.6447225220691184,0.3094777257006651,3.489983659218786,3.598646738015424,6180,0,,
26/07/2024,0.16,0.03,0.1,1010,1015,1010,20240726RUN02,13.847134432197743,100.4490534803534,26/07/2024,3.3352447963684533,2.476270822120177,3.6447225220691184,2.8428007956046324,3.6447225220691184,0.3094777257006651,3.489983659218786,3.6064903512447533,6180,0,1011,144
26/07/2024,0.53,0.0,0.26,1015,1020,1015,20240726RUN02,13.847114819554735,100.44909514915258,26/07/2024,3.3352447963684533,2.476270822120177,3.6447225220691184,2.8428007956046324,3.6447225220691184,0.3094777257006651,3.489983659218786,3.643328490040396,6180,0,1018,145
26/07/2024,0.65,0.01,0.33,1020,1025,1020,20240726RUN02,13.847095229562377,100.44913682909667,26/07/2024,3.3123149816477166,2.198464139879937,3.266453920996398,2.035438816378817,3.3123149816477166,0.0458610606513185,3.289384451322057,3.274613153131716,6180,0,,
26/07/2024,0.3,0.06,0.18,1025,1030,1025,20240726RUN02,13.847075658144188,100.44917851816025,26/07/2024,3.3123149816477166,2.198464139879937,3.266453920996398,2.035438816378817,3.3123149816477166,0.0458610606513185,3.289384451322057,3.3151488499931725,6180,0,1025,146
26/07/2024,0.7,0.02,0.36,1030,1035,1030,20240726RUN02,13.847056067082338,100.44922019754492,26/07/2024,3.3123149816477166,2.198464139879937,3.266453920996398,2.035438816378817,3.3123149816477166,0.0458610606513185,3.289384451322057,3.286105979010518,6180,0,1032,147
26/07/2024,0.33,0.0,0.16,1035,1040,1035,20240726RUN02,13.847036455357664,100.44926186674917,26/07/2024,3.3123149816477166,2.198464139879937,3.266453920996398,2.035438816378817,3.3123149816477166,0.0458610606513185,3.289384451322057,3.15526851697987,6180,0,1039,148
26/07/2024,0.62,0.0,0.31,1040,1045,1040,20240726RUN02,13.847016859818252,100.44930354393048,26/07/2024,2.3520405114608374,1.3049224293027508,2.466440702851738,2.1835811847530557,2.466440702851738,0.1144001913909007,2.4092406071562875,2.4419183610871156,6180,0,,
26/07/2024,1.35,0.0,0.68,1045,1050,1045,20240726RUN02,13.846997253454639,100.44934521575178,26/07/2024,2.3520405114608374,1.3049224293027508,2.466440702851738,2.1835811847530557,2.466440702851738,0.1144001913909007,2.4092406071562875,2.559264963121888,6180,0,1046,149
26/07/2024,0.51,0.0,0.26,1050,1055,1050,20240726RUN02,13.846977623976967,100.4493868761744,26/07/2024,2.3520405114608374,1.3049224293027508,2.466440702851738,2.1835811847530557,2.466440702851738,0.1144001913909007,2.4092406071562875,2.1861629603159933,6180,0,1053,150
26/07/2024,0.96,0.0,0.48,1055,1060,1055,20240726RUN02,13.846957976419201,100.44942852764564,26/07/2024,2.3520405114608374,1.3049224293027508,2.466440702851738,2.1835811847530557,2.466440702851738,0.1144001913909007,2.4092406071562875,2.5466884873289306,6180,0,,
26/07/2024,1.46,0.0,0.73,1060,1065,1060,20240726RUN02,13.846938295066373,100.44947016239846,26/07/2024,3.45644607174692,3.859401044040071,4.1973118063106245,3.956980181369085,4.1973118063106245,0.7408657345637044,3.8268789390287723,4.105142827334878,6180,0,1060,151
26/07/2024,1.26,0.0,0.63,1065,1070,1065,20240726RUN02,13.84691858316854,100.44951178202125,26/07/2024,3.45644607174692,3.859401044040071,4.1973118063106245,3.956980181369085,4.1973118063106245,0.7408657345637044,3.8268789390287723,3.54442733634339,6180,0,1067,152
26/07/2024,1.33,0.0,0.66,1070,1075,1070,20240726RUN02,13.846898855553535,100.44955339385191,26/07/2024,3.45644607174692,3.859401044040071,4.1973118063106245,3.956980181369085,4.1973118063106245,0.7408657345637044,3.8268789390287723,3.5102114863391662,6180,0,1074,153
26/07/2024,1.35,0.0,0.68,1075,1080,1075,20240726RUN02,13.84687911466947,100.44959499904664,26/07/2024,3.45644607174692,3.859401044040071,4.1973118063106245,3.956980181369085,4.1973118063106245,0.7408657345637044,3.8268789390287723,4.063224791310391,6180,0,,
26/07/2024,0.97,0.0,0.48,1080,1085,1080,20240726RUN02,13.84685930935581,100.44963657216948,26/07/2024,2.702205815765504,2.313318775870345,3.124854648419176,2.5811940448271287,3.124854648419176,0.4226488326536719,2.9135302320923397,2.8469726902380748,6180,0,1082,154
26/07/2024,0.59,0.0,0.3,1085,1090,1085,20240726RUN02,13.846839406403037,100.44967809642874,26/07/2024,2.702205815765504,2.313318775870345,3.124854648419176,2.5811940448271287,3.124854648419176,0.4226488326536719,2.9135302320923397,2.7527997822589287,6180,0,1089,155
26/07/2024,0.94,0.0,0.47,1090,1095,1090,20240726RUN02,13.846819389737707,100.44971956338476,26/07/2024,2.702205815765504,2.313318775870345,3.124854648419176,2.5811940448271287,3.124854648419176,0.4226488326536719,2.9135302320923397,3.183102775555376,6180,0,,
26/07/2024,0.58,0.0,0.29,1095,1100,1095,20240726RUN02,13.846799239333961,100.44976096244208,26/07/2024,2.702205815765504,2.313318775870345,3.124854648419176,2.5811940448271287,3.124854648419176,0.4226488326536719,2.9135302320923397,2.7226526235051,6180,0,1096,156
26/07/2024,1.26,0.0,0.63,1100,1105,1100,20240726RUN02,13.846778964723539,100.44980229794766,26/07/2024,2.870850743586078,2.0198996861828467,2.982598798612921,2.50498495851806,2.982598798612921,0.1117480550268434,2.9267247710994995,2.9075763106751107,6180,0,1103,157
26/07/2024,0.73,0.0,0.36,1105,1110,1105,20240726RUN02,13.846758587077943,100.44984358033655,26/07/2024,2.870850743586078,2.0198996861828467,2.982598798612921,2.50498495851806,2.982598798612921,0.1117480550268434,2.9267247710994995,2.9775788494656648,6180,0,,
26/07/2024,0.34,0.0,0.17,1110,1115,1110,20240726RUN02,13.846738136947641,100.44988482519382,26/07/2024,2.870850743586078,2.0198996861828467,2.982598798612921,2.50498495851806,2.982598798612921,0.1117480550268434,2.9267247710994995,2.8110744944694095,6180,0,1110,158
26/07/2024,0.51,0.0,0.26,1115,1120,1115,20240726RUN02,13.846717621689633,100.44992603613353,26/07/2024,2.870850743586078,2.0198996861828467,2.982598798612921,2.50498495851806,2.982598798612921,0.1117480550268434,2.9267247710994995,3.0350245202747685,6180,0,1117,159
26/07/2024,0.12,0.0,0.06,1120,1125,1120,20240726RUN02,13.846697010998739,100.44996719717467,26/07/2024,3.913390098796088,3.0652632211154893,4.7379237997740535,4.072022800204297,4.7379237997740535,0.8245337009779661,4.3256569492850705,4.2903909565243445,6180,0,1124,160
26/07/2024,0.75,0.0,0.38,1125,1130,1125,20240726RUN02,13.846676241495771,100.45000827449519,26/07/2024,3.913390098796088,3.0652632211154893,4.7379237997740535,4.072022800204297,4.7379237997740535,0.8245337009779661,4.3256569492850705,3.9740477360128232,6180,0,,
26/07/2024,0.16,0.0,0.08,1130,1135,1130,20240726RUN02,13.846655318374344,100.45004927011843,26/07/2024,3.913390098796088,3.0652632211154893,4.7379237997740535,4.072022800204297,4.7379237997740535,0.8245337009779661,4.3256569492850705,4.653691570696058,6180,0,1131,161
26/07/2024,0.35,0.04,0.19,1135,1140,1135,20240726RUN02,13.846634299930148,100.45009021465802,26/07/2024,3.913390098796088,3.0652632211154893,4.7379237997740535,4.072022800204297,4.7379237997740535,0.8245337009779661,4.3256569492850705,4.365232456490621,6180,0,1138,162
26/07/2024,0.09,0.0,0.04,1140,1145,1140,20240726RUN02,13.846613207575441,100.45013111935296,26/07/2024,3.380707010053027,2.932367851795453,3.666860587298694,2.8191436452645453,3.666860587298694,0.2861535772456669,3.5237837986758604,3.58623506403753,6180,0,,
26/07/2024,0.14,0.0,0.07,1145,1150,1145,20240726RUN02,13.846592045369176,100.45017198631206,26/07/2024,3.380707010053027,2.932367851795453,3.666860587298694,2.8191436452645453,3.666860587298694,0.2861535772456669,3.5237837986758604,3.2758425145762513,6180,0,1145,163
26/07/2024,0.07,0.0,0.04,1150,1155,1150,20240726RUN02,13.84657079764899,100.45021280676211,26/07/2024,3.380707010053027,2.932367851795453,3.666860587298694,2.8191436452645453,3.666860587298694,0.2861535772456669,3.5237837986758604,3.521694717071448,6180,0,1152,164
26/07/2024,0.0,0.0,0.0,1155,1160,1155,20240726RUN02,13.846549425789684,100.45025355929847,26/07/2024,3.380707010053027,2.932367851795453,3.666860587298694,2.8191436452645453,3.666860587298694,0.2861535772456669,3.5237837986758604,3.544464363008331,6180,0,1159,165
26/07/2024,0.02,0.0,0.01,1160,1165,1160,20240726RUN02,13.846527864478208,100.45029420718144,26/07/2024,2.893864690278087,2.384997169561135,2.4763980330426074,1.855700619276512,2.893864690278087,0.4174666572354795,2.685131361660347,2.7570672565896945,6180,0,,
26/07/2024,0.0,0.0,0.0,1165,1170,1165,20240726RUN02,13.846506115922203,100.45033475046651,26/07/2024,2.893864690278087,2.384997169561135,2.4763980330426074,1.855700619276512,2.893864690278087,0.4174666572354795,2.685131361660347,2.5595381593688766,6180,0,1166,166
26/07/2024,0.01,0.08,0.04,1170,1175,1170,20240726RUN02,13.846484197849517,100.45037519805177,26/07/2024,2.893864690278087,2.384997169561135,2.4763980330426074,1.855700619276512,2.893864690278087,0.4174666572354795,2.685131361660347,2.720120644032851,6180,0,1173,167
26/07/2024,0.0,0.0,0.0,1175,1180,1175,20240726RUN02,13.846462145754808,100.45041556928724,26/07/2024,2.893864690278087,2.384997169561135,2.4763980330426074,1.855700619276512,2.893864690278087,0.4174666572354795,2.685131361660347,2.6866265066463737,6180,0,,
26/07/2024,0.0,0.0,0.0,1180,1185,1180,20240726RUN02,13.846439997485584,100.45045588536797,26/07/2024,2.330299760689664,2.036717642670756,2.724350069755493,2.1430749399279674,2.724350069755493,0.3940503090658294,2.5273249152225787,2.3164426165447134,6180,0,1180,168
26/07/2024,0.12,0.0,0.06,1185,1190,1185,20240726RUN02,13.846417786419526,100.4504961652548,26/07/2024,2.330299760689664,2.036717642670756,2.724350069755493,2.1430749399279674,2.724350069755493,0.3940503090658294,2.5273249152225787,2.6820766352659193,6180,0,1187,169
26/07/2024,0.31,0.0,0.16,1190,1195,1190,20240726RUN02,13.846395574141987,100.45053644441998,26/07/2024,2.330299760689664,2.036717642670756,2.724350069755493,2.1430749399279674,2.724350069755493,0.3940503090658294,2.5273249152225787,2.3121206648626065,6180,0,1194,170
26/07/2024,1.25,0.0,0.62,1195,1200,1195,20240726RUN02,13.846373447636173,100.45057677298723,26/07/2024,2.330299760689664,2.036717642670756,2.724350069755493,2.1430749399279674,2.724350069755493,0.3940503090658294,2.5273249152225787,2.5559522308716467,6180,0,,
26/07/2024,0.49,0.0,0.24,1200,1205,1200,20240726RUN02,13.846351399577953,100.45061714653549,26/07/2024,2.7770170641986147,2.122166930353909,2.7077494646024904,1.796888706376396,2.7770170641986147,0.0692675995961242,2.7423832644005524,2.834763832632768,6180,0,1201,171
26/07/2024,0.93,0.0,0.46,1205,1210,1205,20240726RUN02,13.846329379224564,100.45065753591955,26/07/2024,2.7770170641986147,2.122166930353909,2.7077494646024904,1.796888706376396,2.7770170641986147,0.0692675995961242,2.7423832644005524,2.5630657766960185,6180,0,1208,172
26/07/2024,0.33,0.0,0.16,1210,1215,1210,20240726RUN02,13.846307409663405,100.45069795423663,26/07/2024,2.7770170641986147,2.122166930353909,2.7077494646024904,1.796888706376396,2.7770170641986147,0.0692675995961242,2.7423832644005524,2.515292881609535,6180,0,,
26/07/2024,0.35,0.0,0.18,1215,1220,1215,20240726RUN02,13.846285539590015,100.45073842901186,26/07/2024,2.7770170641986147,2.122166930353909,2.7077494646024904,1.796888706376396,2.7770170641986147,0.0692675995961242,2.7423832644005524,2.8670244477484785,6180,0,1215,173
26/07/2024,0.23,0.0,0.12,1220,1225,1220,20240726RUN02,13.846263829062389,100.45077899364276,26/07/2024,1.5617307957684403,1.0359370236310304,1.643518417771439,1.2046773073622208,1.643518417771439,0.0817876220029985,1.6026246067699397,1.6166204078326865,6180,0,1222,174
26/07/2024,0.13,0.0,0.06,1225,1230,1225,20240726RUN02,13.846242288202854,100.45081965292563,26/07/2024,1.5617307957684403,1.0359370236310304,1.643518417771439,1.2046773073622208,1.643518417771439,0.0817876220029985,1.6026246067699397,1.5028688217435744,6180,0,1229,175
26/07/2024,0.35,0.0,0.18,1230,1235,1230,20240726RUN02,13.846220901773382,100.45086039750949,26/07/2024,1.5617307957684403,1.0359370236310304,1.643518417771439,1.2046773073622208,1.643518417771439,0.0817876220029985,1.6026246067699397,1.537751459070327,6180,0,,
26/07/2024,1.01,0.01,0.51,1235,1240,1235,20240726RUN02,13.846199692694169,100.45090123903957,26/07/2024,1.5617307957684403,1.0359370236310304,1.643518417771439,1.2046773073622208,1.643518417771439,0.0817876220029985,1.6026246067699397,1.5963644603577747,6180,0,1236,176
26/07/2024,0.98,0.34,0.66,1240,1245,1240,20240726RUN02,13.846178712276124,100.4509422040584,26/07/2024,2.1202575234557246,1.5718633813751124,1.97905442890608,2.061212311946288,2.1202575234557246,0.1412030945496445,2.0496559761809023,1.8831479449369448,6180,0,1243,177
26/07/2024,0.93,0.04,0.49,1245,1250,1245,20240726RUN02,13.846157960076402,100.4509832906725,26/07/2024,2.1202575234557246,1.5718633813751124,1.97905442890608,2.061212311946288,2.1202575234557246,0.1412030945496445,2.0496559761809023,2.1677327056907005,6180,0,,
26/07/2024,0.89,0.0,0.44,1250,1255,1250,20240726RUN02,13.846137371880701,100.45102446366597,26/07/2024,2.1202575234557246,1.5718633813751124,1.97905442890608,2.061212311946288,2.1202575234557246,0.1412030945496445,2.0496559761809023,2.232590805422364,6180,0,1250,178
26/07/2024,1.91,0.14,1.02,1255,1260,1255,20240726RUN02,13.846116865135498,100.4510656792376,26/07/2024,2.1202575234557246,1.5718633813751124,1.97905442890608,2.061212311946288,2.1202575234557246,0.1412030945496445,2.0496559761809023,2.0428361359155036,6180,0,1257,179
26/07/2024,2.12,0.0,1.06,1260,1265,1260,20240726RUN02,13.84609643736766,100.45110693581732,26/07/2024,3.1622039451510595,3.106915533973862,2.6140636176066168,2.139846051912569,3.1622039451510595,0.5481403275444428,2.888133781378838,2.831757069748622,6180,0,1264,180
26/07/2024,1.64,0.11,0.88,1265,1270,1265,20240726RUN02,13.846076129164977,100.45114825416833,26/07/2024,3.1622039451510595,3.106915533973862,2.6140636176066168,2.139846051912569,3.1622039451510595,0.5481403275444428,2.888133781378838,2.643796721262106,6180,0,,
26/07/2024,1.4,0.06,0.73,1270,1275,1270,20240726RUN02,13.846055909117023,100.45118961778408,26/07/2024,3.1622039451510595,3.106915533973862,2.6140636176066168,2.139846051912569,3.1622039451510595,0.5481403275444428,2.888133781378838,3.0959863132654704,6180,0,1271,181
26/07/2024,1.17,0.2,0.68,1275,1280,1275,20240726RUN02,13.84603575958961,100.45123101744356,26/07/2024,3.1622039451510595,3.106915533973862,2.6140636176066168,2.139846051912569,3.1622039451510595,0.5481403275444428,2.888133781378838,2.6925535617864305,6180,0,1278,182
26/07/2024,1.16,1.11,1.14,1280,1285,1280,20240726RUN02,13.84601572795476,100.45127247695224,26/07/2024,2.192160557203551,1.5995504414600723,1.997727031761372,1.5703863021809423,2.192160557203551,0.1944335254421791,2.094943794482462,2.19029752509035,6180,0,,
26/07/2024,0.73,2.06,1.4,1285,1290,1285,20240726RUN02,13.845995832788198,100.45131400525408,26/07/2024,2.192160557203551,1.5995504414600723,1.997727031761372,1.5703863021809423,2.192160557203551,0.1944335254421791,2.094943794482462,2.298509894491509,6180,0,1285,183
26/07/2024,0.95,1.21,1.08,1290,1295,1290,20240726RUN02,13.845976017358968,100.45135557349408,26/07/2024,2.192160557203551,1.5995504414600723,1.997727031761372,1.5703863021809423,2.192160557203551,0.1944335254421791,2.094943794482462,1.9807898497716359,6180,0,1292,184
26/07/2024,1.84,1.93,1.88,1295,1300,1295,20240726RUN02,13.84595619368282,100.45139713760798,26/07/2024,2.192160557203551,1.5995504414600723,1.997727031761372,1.5703863021809423,2.192160557203551,0.1944335254421791,2.094943794482462,1.9698425086259077,6180,0,1299,185
26/07/2024,1.11,2.41,1.76,1300,1305,1300,20240726RUN02,13.845936312337072,100.45143867283915,26/07/2024,3.698541642357865,2.932705330522804,4.075114027739809,3.060122768007265,4.075114027739809,0.3765723853819436,3.886827835048837,3.7826835692023266,6180,0,,
26/07/2024,0.99,4.4,2.7,1305,1310,1305,20240726RUN02,13.845916360375856,100.4514801725708,26/07/2024,3.698541642357865,2.932705330522804,4.075114027739809,3.060122768007265,4.075114027739809,0.3765723853819436,3.886827835048837,3.963984314630266,6180,0,1306,186
26/07/2024,0.1,3.39,1.74,1310,1315,1310,20240726RUN02,13.845896365101341,100.45152165047816,26/07/2024,3.698541642357865,2.932705330522804,4.075114027739809,3.060122768007265,4.075114027739809,0.3765723853819436,3.886827835048837,3.8448723820809416,6180,0,1313,187
26/07/2024,0.5,3.7,2.1,1315,1320,1315,20240726RUN02,13.845876353813297,100.45156312032394,26/07/2024,3.698541642357865,2.932705330522804,4.075114027739809,3.060122768007265,4.075114027739809,0.3765723853819436,3.886827835048837,3.929416910479789,6180,0,,
26/07/2024,0.33,2.61,1.47,1320,1325,1320,20240726RUN02,13.845856388473724,100.45160461331962,26/07/2024,3.134511945547069,2.6385960318766872,3.424445717231196,2.5425403021254094,3.424445717231196,0.2899337716841272,3.2794788313891328,3.071725747770464,6180,0,1320,188
26/07/2024,0.24,2.77,1.5,1325,1330,1325,20240726RUN02,13.845836509630677,100.4516461498046,26/07/2024,3.134511945547069,2.6385960318766872,3.424445717231196,2.5425403021254094,3.424445717231196,0.2899337716841272,3.2794788313891328,3.232356021403594,6180,0,1327,189
26/07/2024,0.75,2.18,1.46,1330,1335,1330,20240726RUN02,13.845816700657995,100.4516877212117,26/07/2024,3.134511945547069,2.6385960318766872,3.424445717231196,2.5425403021254094,3.424445717231196,0.2899337716841272,3.2794788313891328,3.468731015162148,6180,0,1334,190
26/07/2024,0.18,1.82,1.0,1335,1340,1335,20240726RUN02,13.845796949723248,100.45172932155118,26/07/2024,3.134511945547069,2.6385960318766872,3.424445717231196,2.5425403021254094,3.424445717231196,0.2899337716841272,3.2794788313891328,3.5703609304278725,6180,0,,
26/07/2024,0.78,3.98,2.38,1340,1345,1340,20240726RUN02,13.845777220985003,100.45177093292843,26/07/2024,3.9763220072261296,3.3413941916604406,4.009336162297159,2.733707267138519,4.009336162297159,0.0330141550710294,3.9928290847616443,3.725166151871391,6180,0,1341,191
26/07/2024,0.42,1.43,0.92,1345,1350,1345,20240726RUN02,13.845757508793135,100.4518125524833,26/07/2024,3.9763220072261296,3.3413941916604406,4.009336162297159,2.733707267138519,4.009336162297159,0.0330141550710294,3.9928290847616443,3.8738183606668506,6180,0,1348,192
26/07/2024,0.15,4.02,2.08,1350,1355,1350,20240726RUN02,13.845737836369493,100.451854191761,26/07/2024,3.9763220072261296,3.3413941916604406,4.009336162297159,2.733707267138519,4.009336162297159,0.0330141550710294,3.9928290847616443,4.05141819577214,6180,0,,
26/07/2024,0.27,3.72,2.0,1355,1360,1355,20240726RUN02,13.845718222817798,100.45189586004811,26/07/2024,3.9763220072261296,3.3413941916604406,4.009336162297159,2.733707267138519,4.009336162297159,0.0330141550710294,3.9928290847616443,4.2800886835517,6180,0,1355,193
26/07/2024,0.38,3.29,1.84,1360,1365,1360,20240726RUN02,13.845698588796054,100.45193751828279,26/07/2024,3.60350469402189,2.8176473696851034,4.043674289138558,2.428392677514704,4.043674289138558,0.4401695951166675,3.8235894915802238,3.600423737007519,6180,0,1362,194
26/07/2024,0.06,5.96,3.01,1365,1370,1365,20240726RUN02,13.845678890722828,100.45197914482294,26/07/2024,3.60350469402189,2.8176473696851034,4.043674289138558,2.428392677514704,4.043674289138558,0.4401695951166675,3.8235894915802238,4.071840734058526,6180,0,1369,195
26/07/2024,0.52,6.75,3.64,1370,1375,1370,20240726RUN02,13.845659231415368,100.45202079053168,26/07/2024,3.60350469402189,2.8176473696851034,4.043674289138558,2.428392677514704,4.043674289138558,0.4401695951166675,3.8235894915802238,3.9818883505687483,6180,0,,
26/07/2024,0.06,3.94,2.0,1375,1380,1375,20240726RUN02,13.845639667995997,100.45206248353645,26/07/2024,3.60350469402189,2.8176473696851034,4.043674289138558,2.428392677514704,4.043674289138558,0.4401695951166675,3.8235894915802238,3.508638201994037,6180,0,1376,196
26/07/2024,0.0,2.17,1.08,1380,1385,1380,20240726RUN02,13.845620139472581,100.45210419367595,26/07/2024,2.5885196441032896,2.211146272361145,2.7035304551261445,2.024400878661391,2.7035304551261445,0.1150108110228549,2.646025049614717,2.406130476098015,6180,0,1383,197
26/07/2024,0.05,3.12,1.58,1385,1390,1385,20240726RUN02,13.84560054614683,100.45214587197502,26/07/2024,2.5885196441032896,2.211146272361145,2.7035304551261445,2.024400878661391,2.7035304551261445,0.1150108110228549,2.646025049614717,2.9061747631738193,6180,0,,
26/07/2024,0.0,3.77,1.88,1390,1395,1390,20240726RUN02,13.845580881799002,100.45218751520649,26/07/2024,2.5885196441032896,2.211146272361145,2.7035304551261445,2.024400878661391,2.7035304551261445,0.1150108110228549,2.646025049614717,2.710797498005342,6180,0,1390,198
26/07/2024,0.0,5.23,2.62,1395,1400,1395,20240726RUN02,13.845561190509208,100.4522291451083,26/07/2024,2.5885196441032896,2.211146272361145,2.7035304551261445,2.024400878661391,2.7035304551261445,0.1150108110228549,2.646025049614717,2.724345384384068,6180,0,1398,199
26/07/2024,0.0,4.9,2.45,1400,1405,1400,20240726RUN02,13.845541490757546,100.45227077078795,26/07/2024,2.3514969302887403,2.0147200780090917,2.225481831094873,1.666786863006825,2.3514969302887403,0.1260150991938671,2.2884893806918067,2.4926114632993013,6180,0,,
26/07/2024,0.0,3.58,1.79,1405,1410,1405,20240726RUN02,13.845521783021873,100.4523123925322,26/07/2024,2.3514969302887403,2.0147200780090917,2.225481831094873,1.666786863006825,2.3514969302887403,0.1260150991938671,2.2884893806918067,2.2311769519640934,6180,0,1405,200
26/07/2024,0.0,5.2,2.6,1410,1415,1410,20240726RUN02,13.84550210318085,100.45235402808038,26/07/2024,2.3514969302887403,2.0147200780090917,2.225481831094873,1.666786863006825,2.3514969302887403,0.1260150991938671,2.2884893806918067,2.1175921646788765,6180,0,1412,201
26/07/2024,0.0,5.49,2.74,1415,1420,1415,20240726RUN02,13.845482527053857,100.4523957148351,26/07/2024,2.3514969302887403,2.0147200780090917,2.225481831094873,1.666786863006825,2.3514969302887403,0.1260150991938671,2.2884893806918067,2.3928662309911335,6180,0,1419,202
26/07/2024,0.0,5.45,2.72,1420,1425,1420,20240726RUN02,13.845463058479718,100.45243745432427,26/07/2024,4.109233717637229,3.2550577261121894,4.8206090812677616,3.843137137325478,4.8206090812677616,0.7113753636305322,4.464921399452495,4.590421323059142,6180,0,,
26/07/2024,0.38,3.65,2.02,1425,1430,1425,20240726RUN02,13.845443643068132,100.45247921972498,26/07/2024,4.109233717637229,3.2550577261121894,4.8206090812677616,3.843137137325478,4.8206090812677616,0.7113753636305322,4.464921399452495,4.640291984005937,6180,0,1426,203
26/07/2024,1.84,1.2,1.52,1430,1435,1430,20240726RUN02,13.84542426789026,100.45252100472106,26/07/2024,4.109233717637229,3.2550577261121894,4.8206090812677616,3.843137137325478,4.8206090812677616,0.7113753636305322,4.464921399452495,4.30451550099095,6180,0,1433,204
26/07/2024,2.8,0.0,1.4,1435,1440,1435,20240726RUN02,13.845404891956786,100.45256278938129,26/07/2024,4.109233717637229,3.2550577261121894,4.8206090812677616,3.843137137325478,4.8206090812677616,0.7113753636305322,4.464921399452495,4.348092157165535,6180,0,,
26/07/2024,1.9,0.0,0.95,1440,1445,1440,20240726RUN02,13.845385482019969,100.45260455755893,26/07/2024,2.719172973718597,2.250671247928984,3.883963205186255,2.25401946383265,3.883963205186255,1.1647902314676577,3.301568089452426,3.597852803314625,6180,0,1440,205
26/07/2024,4.54,0.17,2.36,1445,1450,1445,20240726RUN02,13.845366047060745,100.4526463135588,26/07/2024,2.719172973718597,2.250671247928984,3.883963205186255,2.25401946383265,3.883963205186255,1.1647902314676577,3.301568089452426,3.018101253821344,6180,0,1447,206
26/07/2024,4.21,0.44,2.33,1450,1455,1450,20240726RUN02,13.845346577675564,100.45268805273544,26/07/2024,2.719172973718597,2.250671247928984,3.883963205186255,2.25401946383265,3.883963205186255,1.1647902314676577,3.301568089452426,3.408170812769557,6180,0,1454,207
26/07/2024,1.47,1.51,1.49,1455,1460,1455,20240726RUN02,13.845327120804916,100.45272979794437,26/07/2024,2.719172973718597,2.250671247928984,3.883963205186255,2.25401946383265,3.883963205186255,1.1647902314676577,3.301568089452426,3.1680522120701786,6180,0,,
26/07/2024,0.09,2.83,1.46,1460,1465,1460,20240726RUN02,13.845307688328313,100.45277155503693,26/07/2024,2.399481134001312,1.6769632995820023,1.9121581420959448,1.5026181894789612,2.399481134001312,0.487322991905367,2.1558196380486283,2.262287950216154,6180,0,1461,208
26/07/2024,0.01,3.11,1.56,1465,1470,1465,20240726RUN02,13.845288232056598,100.45281330048974,26/07/2024,2.399481134001312,1.6769632995820023,1.9121581420959448,1.5026181894789612,2.399481134001312,0.487322991905367,2.1558196380486283,2.2279551133855997,6180,0,1468,209
26/07/2024,0.11,1.84,0.98,1470,1475,1470,20240726RUN02,13.845268800125735,100.45285505779843,26/07/2024,2.399481134001312,1.6769632995820023,1.9121581420959448,1.5026181894789612,2.399481134001312,0.487322991905367,2.1558196380486283,2.063205676331008,6180,0,,
26/07/2024,0.45,5.18,2.82,1475,1480,1475,20240726RUN02,13.845249470070023,100.45289686456398,26/07/2024,2.399481134001312,1.6769632995820023,1.9121581420959448,1.5026181894789612,2.399481134001312,0.487322991905367,2.1558196380486283,2.173520168840297,6180,0,1475,210
26/07/2024,0.13,5.87,3.0,1480,1485,1480,20240726RUN02,13.845230294287553,100.45293874561526,26/07/2024,2.377192522327948,1.7990893688085503,3.0019580620295,2.265584240932022,3.0019580620295,0.6247655397015519,2.689575292178724,2.806344785913599,6180,0,1482,211
26/07/2024,0.11,3.99,2.05,1485,1490,1485,20240726RUN02,13.845211433160078,100.4529807759126,26/07/2024,2.377192522327948,1.7990893688085503,3.0019580620295,2.265584240932022,3.0019580620295,0.6247655397015519,2.689575292178724,2.439318089250468,6180,0,1489,212
26/07/2024,0.44,3.02,1.73,1490,1495,1490,20240726RUN02,13.845193072715947,100.45302303758575,26/07/2024,2.377192522327948,1.7990893688085503,3.0019580620295,2.265584240932022,3.0019580620295,0.6247655397015519,2.689575292178724,2.595593316357854,6180,0,,
26/07/2024,2.03,2.19,2.11,1495,1500,1495,20240726RUN02,13.845175268376503,100.45306554772364,26/07/2024,2.377192522327948,1.7990893688085503,3.0019580620295,2.265584240932022,3.0019580620295,0.6247655397015519,2.689575292178724,2.771830789837283,6180,0,1496,213
26/07/2024,3.43,1.08,2.26,1500,1505,1500,20240726RUN02,13.845158039019466,100.45310830529543,26/07/2024,2.746152093713708,2.208562333746679,2.058382797118637,1.5696694537693905,2.746152093713708,0.687769296595071,2.4022674454161725,2.3780499750207844,6180,0,1503,214
26/07/2024,2.38,1.86,2.12,1505,1510,1505,20240726RUN02,13.84514142878488,100.4531513186107,26/07/2024,2.746152093713708,2.208562333746679,2.058382797118637,1.5696694537693905,2.746152093713708,0.687769296595071,2.4022674454161725,2.3478342913438652,6180,0,,
26/07/2024,2.42,1.04,1.73,1510,1515,1510,20240726RUN02,13.8451254899648,100.45319459706548,26/07/2024,2.746152093713708,2.208562333746679,2.058382797118637,1.5696694537693905,2.746152093713708,0.687769296595071,2.4022674454161725,2.193059947063039,6180,0,1510,215
26/07/2024,1.1,1.84,1.47,1515,1520,1515,20240726RUN02,13.845110374272137,100.45323818335105,26/07/2024,2.746152093713708,2.208562333746679,2.058382797118637,1.5696694537693905,2.746152093713708,0.687769296595071,2.4022674454161725,2.4422864382685825,6180,0,1517,216
26/07/2024,1.88,4.19,3.04,1520,1525,1520,20240726RUN02,13.845096214066238,100.45328210454221,26/07/2024,14.372236727223497,8.941088389935874,14.713889062398492,9.304193729268684,14.713889062398492,0.3416523351749987,14.543062894810994,14.326439288271095,6180,0,1524,217
26/07/2024,0.39,4.48,2.44,1525,1530,1525,20240726RUN02,13.845082307977925,100.45332611122213,26/07/2024,14.372236727223497,8.941088389935874,14.713889062398492,9.304193729268684,14.713889062398492,0.3416523351749987,14.543062894810994,14.636935549293701,6180,0,,
26/07/2024,0.02,3.69,1.86,1530,1535,1530,20240726RUN02,13.845068568438085,100.45337017231795,26/07/2024,14.372236727223497,8.941088389935874,14.713889062398492,9.304193729268684,14.713889062398492,0.3416523351749987,14.543062894810994,14.06190217255273,6180,0,1531,218
26/07/2024,0.22,2.94,1.58,1535,1540,1535,20240726RUN02,13.845056969096262,100.45341485682914,26/07/2024,14.372236727223497,8.941088389935874,14.713889062398492,9.304193729268684,14.713889062398492,0.3416523351749987,14.543062894810994,15.121540919872546,6180,0,1538,219
26/07/2024,2.2,1.59,1.9,1540,1545,1540,20240726RUN02,13.84504854977145,100.45346029305365,26/07/2024,3.4075274419746227,2.069257301534384,3.740763769363884,2.7181172688262443,3.740763769363884,0.3332363273892613,3.574145605669253,3.5199302764591858,6180,0,,
26/07/2024,2.47,1.01,1.74,1545,1550,1545,20240726RUN02,13.845041216048726,100.45350593110392,26/07/2024,3.4075274419746227,2.069257301534384,3.740763769363884,2.7181172688262443,3.740763769363884,0.3332363273892613,3.574145605669253,3.556266027401703,6180,0,1545,220
26/07/2024,0.94,2.47,1.7,1550,1555,1550,20240726RUN02,13.84503395211184,100.4535515808689,26/07/2024,3.4075274419746227,2.069257301534384,3.740763769363884,2.7181172688262443,3.740763769363884,0.3332363273892613,3.574145605669253,3.508136797119112,6180,0,1552,221
26/07/2024,0.05,6.51,3.28,1555,1560,1555,20240726RUN02,13.845026770958455,100.45359724428995,26/07/2024,3.4075274419746227,2.069257301534384,3.740763769363884,2.7181172688262443,3.740763769363884,0.3332363273892613,3.574145605669253,3.798247412748969,6180,0,1559,222
26/07/2024,0.4,8.93,4.66,1560,1565,1560,20240726RUN02,13.845019740698577,100.45364293227726,26/07/2024,2.530829897466009,2.143231778742145,2.396259857125973,1.7783323182081825,2.530829897466009,0.1345700403400354,2.463544877295991,2.467930442244128,6180,0,,
26/07/2024,0.27,8.36,4.31,1565,1570,1565,20240726RUN02,13.845012741096888,100.45368862516676,26/07/2024,2.530829897466009,2.143231778742145,2.396259857125973,1.7783323182081825,2.530829897466009,0.1345700403400354,2.463544877295991,2.419913254639936,6180,0,1566,223
26/07/2024,0.18,4.55,2.36,1570,1575,1570,20240726RUN02,13.84500566517313,100.45373430575181,26/07/2024,2.530829897466009,2.143231778742145,2.396259857125973,1.7783323182081825,2.530829897466009,0.1345700403400354,2.463544877295991,2.4388364291898617,6180,0,1573,224
26/07/2024,0.21,5.1,2.66,1575,1580,1575,20240726RUN02,13.844998488358737,100.45377996985093,26/07/2024,2.530829897466009,2.143231778742145,2.396259857125973,1.7783323182081825,2.530829897466009,0.1345700403400354,2.463544877295991,2.3398922893024827,6180,0,,
26/07/2024,0.35,5.24,2.8,1580,1585,1580,20240726RUN02,13.844991215065447,100.4538256179245,26/07/2024,2.475710784789542,2.205766347874885,2.219452394196054,1.847949541279227,2.475710784789542,0.2562583905934881,2.347581589492798,2.5575037018806643,6180,0,1580,225
26/07/2024,0.06,4.94,2.5,1585,1590,1585,20240726RUN02,13.84498385508897,100.45387125142973,26/07/2024,2.475710784789542,2.205766347874885,2.219452394196054,1.847949541279227,2.475710784789542,0.2562583905934881,2.347581589492798,2.54535959580101,6180,0,1587,226
26/07/2024,0.31,6.66,3.48,1590,1595,1590,20240726RUN02,13.844976457919342,100.45391687867239,26/07/2024,2.475710784789542,2.205766347874885,2.219452394196054,1.847949541279227,2.475710784789542,0.2562583905934881,2.347581589492798,2.2354582696046332,6180,0,1594,227
26/07/2024,0.05,6.36,3.2,1595,1600,1595,20240726RUN02,13.84496905105359,100.45396250423212,26/07/2024,2.475710784789542,2.205766347874885,2.219452394196054,1.847949541279227,2.475710784789542,0.2562583905934881,2.347581589492798,2.269741709102978,6180,0,,
26/07/2024,0.44,5.48,2.96,1600,1605,1600,20240726RUN02,13.844961634238329,100.45400812812736,26/07/2024,2.9497793586475685,1.799348613673037,1.8940350939140933,1.3748032048518588,2.9497793586475685,1.0557442647334752,2.421907226280831,2.5938591876248673,6180,0,1601,228
26/07/2024,0.1,4.76,2.43,1605,1610,1605,20240726RUN02,13.844954245441738,100.45405375677394,26/07/2024,2.9497793586475685,1.799348613673037,1.8940350939140933,1.3748032048518588,2.9497793586475685,1.0557442647334752,2.421907226280831,2.250298295153817,6180,0,1608,229
26/07/2024,0.0,3.04,1.52,1610,1615,1610,20240726RUN02,13.844946894599623,100.45409939185221,26/07/2024,2.9497793586475685,1.799348613673037,1.8940350939140933,1.3748032048518588,2.9497793586475685,1.0557442647334752,2.421907226280831,2.390469128548765,6180,0,,
26/07/2024,0.03,2.65,1.34,1615,1620,1615,20240726RUN02,13.84493953961112,100.45414502622947,26/07/2024,2.9497793586475685,1.799348613673037,1.8940350939140933,1.3748032048518588,2.9497793586475685,1.0557442647334752,2.421907226280831,2.2242875761455725,6180,0,1615,230
26/07/2024,0.06,3.02,1.54,1620,1625,1620,20240726RUN02,13.844932196351335,100.45419066257611,26/07/2024,5.141417199352793,3.738505552773368,3.916252075512208,3.0591518603254024,5.141417199352793,1.225165123840585,4.5288346374325,4.718570054655009,6180,0,1622,231
26/07/2024,0.0,4.88,2.44,1625,1630,1625,20240726RUN02,13.844924850801455,100.45423629854618,26/07/2024,5.141417199352793,3.738505552773368,3.916252075512208,3.0591518603254024,5.141417199352793,1.225165123840585,4.5288346374325,4.406773524008701,6180,0,1629,232
26/07/2024,0.0,5.31,2.66,1630,1635,1630,20240726RUN02,13.844917459312544,100.45428192669223,26/07/2024,5.141417199352793,3.738505552773368,3.916252075512208,3.0591518603254024,5.141417199352793,1.225165123840585,4.5288346374325,4.253716028604821,6180,0,,
26/07/2024,0.04,3.94,1.99,1635,1640,1635,20240726RUN02,13.844910036971257,100.45432754964799,26/07/2024,5.141417199352793,3.738505552773368,3.916252075512208,3.0591518603254024,5.141417199352793,1.225165123840585,4.5288346374325,4.781331543295045,6180,0,1636,233
26/07/2024,0.0,3.67,1.84,1640,1645,1640,20240726RUN02,13.844902660568456,100.4543731803756,26/07/2024,3.40773154735395,3.301446169800049,2.837238032073995,2.5612110366895746,3.40773154735395,0.5704935152799546,3.1224847897139725,3.3510039403853833,6180,0,1643,234
26/07/2024,0.0,3.27,1.64,1645,1650,1645,20240726RUN02,13.844895365419832,100.45441882485865,26/07/2024,3.40773154735395,3.301446169800049,2.837238032073995,2.5612110366895746,3.40773154735395,0.5704935152799546,3.1224847897139725,2.9630477772024904,6180,0,,
26/07/2024,0.0,3.83,1.92,1650,1655,1650,20240726RUN02,13.844888103199512,100.454464474819,26/07/2024,3.40773154735395,3.301446169800049,2.837238032073995,2.5612110366895746,3.40773154735395,0.5704935152799546,3.1224847897139725,2.8580428921220014,6180,0,1650,235
26/07/2024,0.03,4.49,2.26,1655,1660,1655,20240726RUN02,13.844880892409359,100.4545101333325,26/07/2024,3.40773154735395,3.301446169800049,2.837238032073995,2.5612110366895746,3.40773154735395,0.5704935152799546,3.1224847897139725,3.145075136594453,6180,0,1657,236
26/07/2024,0.0,3.35,1.68,1660,1665,1660,20240726RUN02,13.844873810402342,100.45455581289782,26/07/2024,3.095514709010642,2.0444989574318435,1.7103456442868312,1.2635294283648637,3.095514709010642,1.3851690647238106,2.4029301766487365,2.4868975678472567,6180,0,1664,237
26/07/2024,0.0,4.45,2.22,1665,1670,1665,20240726RUN02,13.84486672141491,100.45460149131985,26/07/2024,3.095514709010642,2.0444989574318435,1.7103456442868312,1.2635294283648637,3.095514709010642,1.3851690647238106,2.4029301766487365,2.3143715310357833,6180,0,,
26/07/2024,0.0,4.31,2.15,1670,1675,1670,20240726RUN02,13.844859435842876,100.4546471373321,26/07/2024,3.095514709010642,2.0444989574318435,1.7103456442868312,1.2635294283648637,3.095514709010642,1.3851690647238106,2.4029301766487365,2.520404310781062,6180,0,1671,238
26/07/2024,0.0,4.67,2.34,1675,1680,1675,20240726RUN02,13.844851957972134,100.45469275083683,26/07/2024,3.095514709010642,2.0444989574318435,1.7103456442868312,1.2635294283648637,3.095514709010642,1.3851690647238106,2.4029301766487365,2.2508505165006776,6180,0,1678,239
26/07/2024,0.0,4.3,2.15,1680,1685,1680,20240726RUN02,13.844844362814648,100.45473834403141,26/07/2024,2.084528152481132,1.1704548333734488,1.8490613879232125,1.2697711250501276,2.084528152481132,0.2354667645579196,1.9667947702021722,2.093515372872668,6180,0,,
26/07/2024,0.0,3.52,1.76,1685,1690,1685,20240726RUN02,13.844836692168215,100.4547839239784,26/07/2024,2.084528152481132,1.1704548333734488,1.8490613879232125,1.2697711250501276,2.084528152481132,0.2354667645579196,1.9667947702021722,2.039504697895468,6180,0,1685,240
26/07/2024,0.0,3.04,1.52,1690,1695,1690,20240726RUN02,13.844829027008956,100.45482950490137,26/07/2024,2.084528152481132,1.1704548333734488,1.8490613879232125,1.2697711250501276,2.084528152481132,0.2354667645579196,1.9667947702021722,1.818342261226155,6180,0,1692,241
26/07/2024,0.0,3.41,1.7,1695,1700,1695,20240726RUN02,13.844821448281293,100.45487510094867,26/07/2024,2.084528152481132,1.1704548333734488,1.8490613879232125,1.2697711250501276,2.084528152481132,0.2354667645579196,1.9667947702021722,1.7876610357309408,6180,0,,
26/07/2024,0.0,3.29,1.64,1700,1705,1700,20240726RUN02,13.844813958734864,100.45492071241816,26/07/2024,1.9087001230446123,1.861608125890372,2.5142810885921434,2.1788486275377794,2.5142810885921434,0.605580965547531,2.211490605818378,2.0076256703154325,6180,0,1700,242
26/07/2024,0.11,3.76,1.93,1705,1710,1705,20240726RUN02,13.844806452600338,100.45496632104617,26/07/2024,1.9087001230446123,1.861608125890372,2.5142810885921434,2.1788486275377794,2.5142810885921434,0.605580965547531,2.211490605818378,2.0420682436573028,6180,0,1707,243
26/07/2024,0.06,3.51,1.78,1710,1715,1710,20240726RUN02,13.844798888385819,100.45501191960693,26/07/2024,1.9087001230446123,1.861608125890372,2.5142810885921434,2.1788486275377794,2.5142810885921434,0.605580965547531,2.211490605818378,2.1843085721846696,6180,0,1714,244
26/07/2024,0.03,3.2,1.62,1715,1720,1715,20240726RUN02,13.84479127616642,100.45505750980246,26/07/2024,1.9087001230446123,1.861608125890372,2.5142810885921434,2.1788486275377794,2.5142810885921434,0.605580965547531,2.211490605818378,2.3574722294539017,6180,0,,
26/07/2024,0.06,1.55,0.8,1720,1725,1720,20240726RUN02,13.844783601333203,100.45510308900778,26/07/2024,1.910604799356788,1.2349404142237586,3.1472071505672945,1.81018057835588,3.1472071505672945,1.2366023512105069,2.5289059749620413,2.6659230112355274,6180,0,1721,245
26/07/2024,1.01,0.87,0.94,1725,1730,1725,20240726RUN02,13.844775929482212,100.45514866875355,26/07/2024,1.910604799356788,1.2349404142237586,3.1472071505672945,1.81018057835588,3.1472071505672945,1.2366023512105069,2.5289059749620413,2.391314026920381,6180,0,1728,246
26/07/2024,0.66,0.02,0.34,1730,1735,1730,20240726RUN02,13.84476840263266,100.45519427375362,26/07/2024,1.910604799356788,1.2349404142237586,3.1472071505672945,1.81018057835588,3.1472071505672945,1.2366023512105069,2.5289059749620413,2.6484335635619236,6180,0,,
26/07/2024,2.42,0.0,1.21,1735,1740,1735,20240726RUN02,13.844761047958864,100.45523990818965,26/07/2024,1.910604799356788,1.2349404142237586,3.1472071505672945,1.81018057835588,3.1472071505672945,1.2366023512105069,2.5289059749620413,2.434201910188393,6180,0,1735,247
26/07/2024,3.1,0.02,1.56,1740,1745,1740,20240726RUN02,13.844753743153515,100.45528555102445,26/07/2024,2.8926580144129304,2.167769863894153,2.2655294584653616,1.894891454496753,2.8926580144129304,0.6271285559475688,2.579093736439146,2.698021011642881,6180,0,1742,248
26/07/2024,1.92,0.01,0.96,1745,1750,1745,20240726RUN02,13.84474641623757,100.45533119014179,26/07/2024,2.8926580144129304,2.167769863894153,2.2655294584653616,1.894891454496753,2.8926580144129304,0.6271285559475688,2.579093736439146,2.561817764182729,6180,0,1749,249
26/07/2024,2.59,0.08,1.34,1750,1755,1750,20240726RUN02,13.84473905676774,100.4553768237659,26/07/2024,2.8926580144129304,2.167769863894153,2.2655294584653616,1.894891454496753,2.8926580144129304,0.6271285559475688,2.579093736439146,2.583012568622222,6180,0,,
26/07/2024,2.28,0.45,1.36,1755,1760,1755,20240726RUN02,13.844731658984143,100.45542245087258,26/07/2024,2.8926580144129304,2.167769863894153,2.2655294584653616,1.894891454496753,2.8926580144129304,0.6271285559475688,2.579093736439146,2.6137539624996173,6180,0,1756,250
26/07/2024,0.66,0.27,0.46,1760,1765,1760,20240726RUN02,13.84472421613489,100.45546807030698,26/07/2024,2.893827418645057,2.091515008589084,2.790343732747707,1.8885766478502477,2.893827418645057,0.1034836858973502,2.842085575696382,2.861122895615894,6180,0,1763,251
26/07/2024,0.48,2.0,1.24,1765,1770,1765,20240726RUN02,13.84471671172911,100.45551367923737,26/07/2024,2.893827418645057,2.091515008589084,2.790343732747707,1.8885766478502477,2.893827418645057,0.1034836858973502,2.842085575696382,2.9952809248015178,6180,0,,
26/07/2024,0.88,2.41,1.64,1770,1775,1770,20240726RUN02,13.84470918264647,100.45555928385376,26/07/2024,2.893827418645057,2.091515008589084,2.790343732747707,1.8885766478502477,2.893827418645057,0.1034836858973502,2.842085575696382,2.595196328656957,6180,0,1770,252
26/07/2024,0.25,4.11,2.18,1775,1780,1775,20240726RUN02,13.844701674725062,100.45560489211597,26/07/2024,2.893827418645057,2.091515008589084,2.790343732747707,1.8885766478502477,2.893827418645057,0.1034836858973502,2.842085575696382,2.985467786827564,6180,0,1777,253
26/07/2024,0.12,8.99,4.56,1780,1785,1780,20240726RUN02,13.844694170064509,100.45565050096252,26/07/2024,3.062733484074612,2.2175161033562296,2.679657693330097,1.9827283158918445,3.062733484074612,0.3830757907445146,2.8711955887023546,2.6610025566033304,6180,0,1784,254
26/07/2024,0.0,11.85,5.92,1785,1790,1785,20240726RUN02,13.844686652185652,100.45569610749658,26/07/2024,3.062733484074612,2.2175161033562296,2.679657693330097,1.9827283158918445,3.062733484074612,0.3830757907445146,2.8711955887023546,3.1165081309782137,6180,0,,
26/07/2024,0.21,4.43,2.32,1790,1795,1790,20240726RUN02,13.844679087810212,100.45574170602569,26/07/2024,3.062733484074612,2.2175161033562296,2.679657693330097,1.9827283158918445,3.062733484074612,0.3830757907445146,2.8711955887023546,3.1113711986215513,6180,0,1791,255
26/07/2024,0.01,2.99,1.5,1795,1800,1795,20240726RUN02,13.844671472875259,100.45578729570974,26/07/2024,3.062733484074612,2.2175161033562296,2.679657693330097,1.9827283158918445,3.062733484074612,0.3830757907445146,2.8711955887023546,2.609169878052556,6180,0,1798,256
26/07/2024,4.6,2.03,3.31,1800,1805,1800,20240726RUN02,13.844663908350132,100.45583289417482,26/07/2024,5.076202791742573,3.704849673619668,5.039528215755791,2.984489287416204,5.076202791742573,0.0366745759867823,5.057865503749182,4.7672728110255775,6180,0,,
26/07/2024,6.94,0.02,3.48,1805,1810,1805,20240726RUN02,13.844656443487196,100.45587850989337,26/07/2024,5.076202791742573,3.704849673619668,5.039528215755791,2.984489287416204,5.076202791742573,0.0366745759867823,5.057865503749182,5.309595044575085,6180,0,1805,257
26/07/2024,6.67,0.41,3.54,1810,1815,1810,20240726RUN02,13.844648966352269,100.45592412349824,26/07/2024,5.076202791742573,3.704849673619668,5.039528215755791,2.984489287416204,5.076202791742573,0.0366745759867823,5.057865503749182,5.175726713957773,6180,0,1812,258
26/07/2024,4.21,0.2,2.2,1815,1820,1815,20240726RUN02,13.84464147989729,100.45596973540478,26/07/2024,5.076202791742573,3.704849673619668,5.039528215755791,2.984489287416204,5.076202791742573,0.0366745759867823,5.057865503749182,4.702948839549289,6180,0,1819,259
26/07/2024,7.95,0.26,4.11,1820,1825,1820,20240726RUN02,13.844634067746643,100.45601536005888,26/07/2024,4.530514389912572,3.2601897947912315,3.1492626334599825,2.176469984766888,4.530514389912572,1.3812517564525892,3.839888511686277,3.575791895065089,6180,0,,
26/07/2024,5.56,1.2,3.38,1825,1830,1825,20240726RUN02,13.84462670224133,100.45606099262926,26/07/2024,4.530514389912572,3.2601897947912315,3.1492626334599825,2.176469984766888,4.530514389912572,1.3812517564525892,3.839888511686277,3.7019437853693127,6180,0,1826,260
26/07/2024,0.98,8.95,4.96,1830,1835,1830,20240726RUN02,13.844619358569593,100.4561066289048,26/07/2024,4.530514389912572,3.2601897947912315,3.1492626334599825,2.176469984766888,4.530514389912572,1.3812517564525892,3.839888511686277,4.143642532160131,6180,0,1833,261
26/07/2024,0.07,4.87,2.47,1835,1840,1835,20240726RUN02,13.844612012698002,100.45615226482686,26/07/2024,4.530514389912572,3.2601897947912315,3.1492626334599825,2.176469984766888,4.530514389912572,1.3812517564525892,3.839888511686277,3.7130699951193176,6180,0,,
26/07/2024,0.37,3.16,1.76,1840,1845,1840,20240726RUN02,13.844604612371098,100.4561978915146,26/07/2024,2.092565388691511,1.795073973774896,1.9656190859459013,1.4651413636536614,2.092565388691511,0.1269463027456097,2.0290922373187064,2.0115085990394204,6180,0,1840,262
26/07/2024,0.18,0.02,0.1,1845,1850,1845,20240726RUN02,13.844597158382157,100.45624350906239,26/07/2024,2.092565388691511,1.795073973774896,1.9656190859459013,1.4651413636536614,2.092565388691511,0.1269463027456097,2.0290922373187064,2.0053735962822086,6180,0,1847,263
26/07/2024,0.14,0.41,0.28,1850,1855,1850,20240726RUN02,13.844589607952814,100.45628910996858,26/07/2024,2.092565388691511,1.795073973774896,1.9656190859459013,1.4651413636536614,2.092565388691511,0.1269463027456097,2.0290922373187064,2.1589468252112187,6180,0,1854,264
26/07/2024,0.34,1.57,0.96,1855,1860,1855,20240726RUN02,13.844581976064582,100.4563346966611,26/07/2024,2.092565388691511,1.795073973774896,1.9656190859459013,1.4651413636536614,2.092565388691511,0.1269463027456097,2.0290922373187064,2.1226541078577283,6180,0,,
26/07/2024,0.01,0.16,0.08,1860,1865,1860,20240726RUN02,13.844574412250042,100.45638029523303,26/07/2024,2.7730683705650785,2.4410973449695965,2.485343463832102,1.7764012357535048,2.7730683705650785,0.2877249067329765,2.62920591719859,2.720053792041608,6180,0,1861,265
26/07/2024,0.05,2.04,1.04,1865,1870,1865,20240726RUN02,13.844566933548453,100.45642590854531,26/07/2024,2.7730683705650785,2.4410973449695965,2.485343463832102,1.7764012357535048,2.7730683705650785,0.2877249067329765,2.62920591719859,2.7657400806737957,6180,0,1868,266
26/07/2024,0.12,0.92,0.52,1870,1875,1870,20240726RUN02,13.84455948923274,100.45647152774697,26/07/2024,2.7730683705650785,2.4410973449695965,2.485343463832102,1.7764012357535048,2.7730683705650785,0.2877249067329765,2.62920591719859,2.754147208453058,6180,0,,
26/07/2024,0.11,1.23,0.67,1875,1880,1875,20240726RUN02,13.844552074990503,100.45651715210063,26/07/2024,2.7730683705650785,2.4410973449695965,2.485343463832102,1.7764012357535048,2.7730683705650785,0.2877249067329765,2.62920591719859,2.3926522141629483,6180,0,1875,267
26/07/2024,0.2,0.54,0.37,1880,1885,1880,20240726RUN02,13.844544676356909,100.4565627790485,26/07/2024,1.8606517036148968,1.4263018478817353,1.774168083849461,1.2175752441069347,1.8606517036148968,0.0864836197654357,1.817409893732179,1.7926442391147734,6180,0,1882,268
26/07/2024,0.0,0.5,0.25,1885,1890,1885,20240726RUN02,13.844537313577677,100.45660841208891,26/07/2024,1.8606517036148968,1.4263018478817353,1.774168083849461,1.2175752441069347,1.8606517036148968,0.0864836197654357,1.817409893732179,1.9948895518374066,6180,0,1889,269
26/07/2024,0.53,1.91,1.22,1890,1895,1890,20240726RUN02,13.844530038772577,100.45665405990518,26/07/2024,1.8606517036148968,1.4263018478817353,1.774168083849461,1.2175752441069347,1.8606517036148968,0.0864836197654357,1.817409893732179,1.6678061706047107,6180,0,,
26/07/2024,0.77,0.39,0.58,1895,1900,1895,20240726RUN02,13.844522887068988,100.45669972806715,26/07/2024,1.8606517036148968,1.4263018478817353,1.774168083849461,1.2175752441069347,1.8606517036148968,0.0864836197654357,1.817409893732179,1.8125335512347867,6180,0,1896,270
26/07/2024,0.47,0.72,0.6,1900,1905,1900,20240726RUN02,13.844515826321581,100.45674541104826,26/07/2024,2.1345493337422847,1.4836347564011751,1.9903083829411088,1.64144060237526,2.1345493337422847,0.1442409508011755,2.062428858341697,2.112879633671075,6180,0,1903,271
26/07/2024,1.16,0.1,0.63,1905,1910,1905,20240726RUN02,13.844508785041121,100.45679109717334,26/07/2024,2.1345493337422847,1.4836347564011751,1.9903083829411088,1.64144060237526,2.1345493337422847,0.1442409508011755,2.062428858341697,1.9463602572446468,6180,0,,
26/07/2024,2.35,0.23,1.29,1910,1915,1910,20240726RUN02,13.84450177891834,100.4568367889879,26/07/2024,2.1345493337422847,1.4836347564011751,1.9903083829411088,1.64144060237526,2.1345493337422847,0.1442409508011755,2.062428858341697,2.221891334938107,6180,0,1910,272
26/07/2024,2.08,0.01,1.04,1915,1920,1915,20240726RUN02,13.844494794260688,100.45688248423446,26/07/2024,2.1345493337422847,1.4836347564011751,1.9903083829411088,1.64144060237526,2.1345493337422847,0.1442409508011755,2.062428858341697,2.2138405275019513,6180,0,1917,273
26/07/2024,2.5,0.02,1.26,1920,1925,1920,20240726RUN02,13.844487765851783,100.45692817242849,26/07/2024,2.312597946768717,1.937540568299957,1.7675931238661553,1.3080343711541953,2.312597946768717,0.5450048229025617,2.040095535317436,1.9141452644207755,6180,0,1924,274
26/07/2024,3.15,0.01,1.58,1925,1930,1925,20240726RUN02,13.844480642531133,100.4569738452378,26/07/2024,2.312597946768717,1.937540568299957,1.7675931238661553,1.3080343711541953,2.312597946768717,0.5450048229025617,2.040095535317436,2.1130837837159264,6180,0,,
26/07/2024,2.54,0.0,1.27,1930,1935,1930,20240726RUN02,13.844473402308891,100.45701949874679,26/07/2024,2.312597946768717,1.937540568299957,1.7675931238661553,1.3080343711541953,2.312597946768717,0.5450048229025617,2.040095535317436,2.034056882644588,6180,0,1931,275
26/07/2024,2.46,0.0,1.23,1935,1940,1935,20240726RUN02,13.844466056991973,100.45706513471926,26/07/2024,2.312597946768717,1.937540568299957,1.7675931238661553,1.3080343711541953,2.312597946768717,0.5450048229025617,2.040095535317436,2.23376925294847,6180,0,1938,276
26/07/2024,3.19,0.02,1.6,1940,1945,1940,20240726RUN02,13.844458582470562,100.45711074870422,26/07/2024,2.8407616403754523,2.0007202487213225,2.52379319564846,1.5392120469128825,2.8407616403754523,0.3169684447269922,2.682277418011956,2.540266145629859,6180,0,,
26/07/2024,2.06,0.0,1.03,1945,1950,1945,20240726RUN02,13.844450980157081,100.45715634056917,26/07/2024,2.8407616403754523,2.0007202487213225,2.52379319564846,1.5392120469128825,2.8407616403754523,0.3169684447269922,2.682277418011956,2.7403815002826986,6180,0,1945,277
26/07/2024,0.87,0.0,0.44,1950,1955,1950,20240726RUN02,13.84444330514588,100.45720191970257,26/07/2024,2.8407616403754523,2.0007202487213225,2.52379319564846,1.5392120469128825,2.8407616403754523,0.3169684447269922,2.682277418011956,2.7568228842978804,6180,0,1952,278
26/07/2024,1.42,0.0,0.71,1955,1960,1955,20240726RUN02,13.844435603966774,100.45724749417883,26/07/2024,2.8407616403754523,2.0007202487213225,2.52379319564846,1.5392120469128825,2.8407616403754523,0.3169684447269922,2.682277418011956,2.7339622326931647,6180,0,1959,279
26/07/2024,1.51,0.0,0.76,1960,1965,1960,20240726RUN02,13.844427919982856,100.45729307168074,26/07/2024,2.916305890706089,2.078143635704992,3.5339192411568527,2.7588258259741867,3.5339192411568527,0.6176133504507639,3.2251125659314708,3.2982930528104255,6180,0,,
26/07/2024,1.25,0.0,0.62,1965,1970,1965,20240726RUN02,13.844420288735673,100.45733865844826,26/07/2024,2.916305890706089,2.078143635704992,3.5339192411568527,2.7588258259741867,3.5339192411568527,0.6176133504507639,3.2251125659314708,3.467828788650948,6180,0,1966,280
26/07/2024,0.74,0.0,0.37,1970,1975,1970,20240726RUN02,13.844412726088805,100.45738425717516,26/07/2024,2.916305890706089,2.078143635704992,3.5339192411568527,2.7588258259741867,3.5339192411568527,0.6176133504507639,3.2251125659314708,3.0449838676317795,6180,0,1973,281
26/07/2024,2.23,0.0,1.12,1975,1980,1975,20240726RUN02,13.84440519388852,100.45742986123753,26/07/2024,2.916305890706089,2.078143635704992,3.5339192411568527,2.7588258259741867,3.5339192411568527,0.6176133504507639,3.2251125659314708,3.1821857311284014,6180,0,,
26/07/2024,1.57,0.0,0.78,1980,1985,1980,20240726RUN02,13.844397650957204,100.45747546341553,26/07/2024,1.985149982807545,1.6105183040759938,1.759222262917874,1.355861111005638,1.985149982807545,0.2259277198896709,1.8721861228627095,1.877015910064009,6180,0,1980,282
26/07/2024,1.38,0.13,0.75,1985,1990,1985,20240726RUN02,13.84439015444893,100.45752107363727,26/07/2024,1.985149982807545,1.6105183040759938,1.759222262917874,1.355861111005638,1.985149982807545,0.2259277198896709,1.8721861228627095,1.8167010074970797,6180,0,1987,283
26/07/2024,1.39,0.01,0.7,1990,1995,1990,20240726RUN02,13.844382770653441,100.45756670305926,26/07/2024,1.985149982807545,1.6105183040759938,1.759222262917874,1.355861111005638,1.985149982807545,0.2259277198896709,1.8721861228627095,2.0363983123395495,6180,0,1994,284
26/07/2024,1.64,0.0,0.82,1995,2000,1995,20240726RUN02,13.844375509929645,100.45761235315658,26/07/2024,1.985149982807545,1.6105183040759938,1.759222262917874,1.355861111005638,1.985149982807545,0.2259277198896709,1.8721861228627095,1.9369114498401285,6180,0,,
26/07/2024,1.04,0.0,0.52,2000,2005,2000,20240726RUN02,13.84436836495177,100.45765802238235,26/07/2024,2.444752435076397,1.6350337393141725,2.2984952669819227,1.643696543556392,2.444752435076397,0.1462571680944742,2.3716238510291596,2.479732265513268,6180,0,2001,285
26/07/2024,1.76,0.0,0.88,2005,2010,2005,20240726RUN02,13.844361324415642,100.4577037086336,26/07/2024,2.444752435076397,1.6350337393141725,2.2984952669819227,1.643696543556392,2.444752435076397,0.1462571680944742,2.3716238510291596,2.5349317266553726,6180,0,2008,286
26/07/2024,2.27,0.03,1.15,2010,2015,2010,20240726RUN02,13.84435435507369,100.45774940629396,26/07/2024,2.444752435076397,1.6350337393141725,2.2984952669819227,1.643696543556392,2.444752435076397,0.1462571680944742,2.3716238510291596,2.164902734021042,6180,0,,
26/07/2024,1.49,0.0,0.74,2015,2020,2015,20240726RUN02,13.844347416767029,100.45779510887846,26/07/2024,2.444752435076397,1.6350337393141725,2.2984952669819227,1.643696543556392,2.444752435076397,0.1462571680944742,2.3716238510291596,2.330587415339204,6180,0,2016,287
26/07/2024,2.83,0.0,1.42,2020,2025,2020,20240726RUN02,13.844340522355264,100.45784081846168,26/07/2024,2.030817120265929,1.4950000117726732,2.3115944497617806,1.672469838824587,2.3115944497617806,0.2807773294958511,2.171205785013855,2.275108926777616,6180,0,2023,288
26/07/2024,2.99,0.04,1.52,2025,2030,2025,20240726RUN02,13.844333681969273,100.45788653652542,26/07/2024,2.030817120265929,1.4950000117726732,2.3115944497617806,1.672469838824587,2.3115944497617806,0.2807773294958511,2.171205785013855,2.2290286442362284,6180,0,,
26/07/2024,1.33,0.0,0.66,2030,2035,2030,20240726RUN02,13.844326817407698,100.45793225075329,26/07/2024,2.030817120265929,1.4950000117726732,2.3115944497617806,1.672469838824587,2.3115944497617806,0.2807773294958511,2.171205785013855,2.1214595912608343,6180,0,2030,289
26/07/2024,2.05,0.0,1.02,2035,2040,2035,20240726RUN02,13.84431977185478,100.45797793611582,26/07/2024,2.030817120265929,1.4950000117726732,2.3115944497617806,1.672469838824587,2.3115944497617806,0.2807773294958511,2.171205785013855,2.3401479065314037,6180,0,2037,290
26/07/2024,1.45,0.04,0.74,2040,2045,2040,20240726RUN02,13.844312456900779,100.45802357710076,26/07/2024,1.7893363258504331,1.360713821737373,1.550366786098299,0.9130310744510344,1.7893363258504331,0.2389695397521343,1.669851555974366,1.5194903309081147,6180,0,2044,291
26/07/2024,2.43,0.01,1.22,2045,2050,2045,20240726RUN02,13.844304912315291,100.45806917895918,26/07/2024,1.7893363258504331,1.360713821737373,1.550366786098299,0.9130310744510344,1.7893363258504331,0.2389695397521343,1.669851555974366,1.682832267768153,6180,0,,
26/07/2024,2.04,0.0,1.02,2050,2055,2050,20240726RUN02,13.84429717251068,100.45811474651202,26/07/2024,1.7893363258504331,1.360713821737373,1.550366786098299,0.9130310744510344,1.7893363258504331,0.2389695397521343,1.669851555974366,1.5032089935860284,6180,0,2051,292
26/07/2024,1.75,0.0,0.88,2055,2060,2055,20240726RUN02,13.844289300146393,100.45816029029386,26/07/2024,1.7893363258504331,1.360713821737373,1.550366786098299,0.9130310744510344,1.7893363258504331,0.2389695397521343,1.669851555974366,1.7639528811399476,6180,0,2058,293
26/07/2024,1.68,0.0,0.84,2060,2065,2060,20240726RUN02,13.84428138306035,100.45820582596203,26/07/2024,2.2840592055537043,1.4789124315499231,2.471386870223399,1.5372353454097107,2.471386870223399,0.1873276646696946,2.3777230378885514,2.2156180796874962,6180,0,,
26/07/2024,4.47,0.0,2.24,2065,2070,2065,20240726RUN02,13.844273475564442,100.45825136339045,26/07/2024,2.2840592055537043,1.4789124315499231,2.471386870223399,1.5372353454097107,2.471386870223399,0.1873276646696946,2.3777230378885514,2.5851883445268826,6180,0,2065,294
26/07/2024,2.48,0.07,1.27,2070,2075,2070,20240726RUN02,13.844265599681052,100.45829690652727,26/07/2024,2.2840592055537043,1.4789124315499231,2.471386870223399,1.5372353454097107,2.471386870223399,0.1873276646696946,2.3777230378885514,2.263052719639045,6180,0,2072,295
26/07/2024,1.81,0.0,0.9,2075,2080,2075,20240726RUN02,13.844257747522589,100.45834245394654,26/07/2024,2.2840592055537043,1.4789124315499231,2.471386870223399,1.5372353454097107,2.471386870223399,0.1873276646696946,2.3777230378885514,2.6095699852253587,6180,0,2079,296
26/07/2024,2.04,0.0,1.02,2080,2085,2080,20240726RUN02,13.844249889628665,100.4583880003656,26/07/2024,2.297661547535951,1.9041067207339128,2.014724875519628,1.844706898852898,2.297661547535951,0.2829366720163233,2.1561932115277895,2.249039980765375,6180,0,,
26/07/2024,1.21,0.0,0.6,2085,2090,2085,20240726RUN02,13.844242024224844,100.45843354538421,26/07/2024,2.297661547535951,1.9041067207339128,2.014724875519628,1.844706898852898,2.297661547535951,0.2829366720163233,2.1561932115277895,2.332622066049446,6180,0,2086,297
26/07/2024,1.57,0.0,0.78,2090,2095,2090,20240726RUN02,13.844234160558797,100.4584790907401,26/07/2024,2.297661547535951,1.9041067207339128,2.014724875519628,1.844706898852898,2.297661547535951,0.2829366720163233,2.1561932115277895,1.9470394682467989,6180,0,2093,298
26/07/2024,1.58,0.05,0.82,2095,2100,2095,20240726RUN02,13.844226294568946,100.45852463567272,26/07/2024,2.297661547535951,1.9041067207339128,2.014724875519628,1.844706898852898,2.297661547535951,0.2829366720163233,2.1561932115277895,2.0755381328491684,6180,0,,
26/07/2024,1.29,0.0,0.64,2100,2105,2100,20240726RUN02,13.844218404201046,100.45857017617895,26/07/2024,3.1378810630583205,3.070402785805989,2.58023104866008,2.288435786961052,3.1378810630583205,0.5576500143982406,2.8590560558592,2.627679594076966,6180,0,2100,299
26/07/2024,0.62,0.23,0.42,2105,2110,2105,20240726RUN02,13.844210508153937,100.45861571570737,26/07/2024,3.1378810630583205,3.070402785805989,2.58023104866008,2.288435786961052,3.1378810630583205,0.5576500143982406,2.8590560558592,2.653519700566228,6180,0,2107,300
26/07/2024,1.11,0.05,0.58,2110,2115,2110,20240726RUN02,13.844202639926896,100.45866126022077,26/07/2024,3.1378810630583205,3.070402785805989,2.58023104866008,2.288435786961052,3.1378810630583205,0.5576500143982406,2.8590560558592,2.8888564376779953,6180,0,2114,301
26/07/2024,1.54,0.11,0.82,2115,2120,2115,20240726RUN02,13.844194784142044,100.45870680695447,26/07/2024,3.1378810630583205,3.070402785805989,2.58023104866008,2.288435786961052,3.1378810630583205,0.5576500143982406,2.8590560558592,3.1072839404234354,6180,0,,
26/07/2024,0.29,0.0,0.14,2120,2125,2120,20240726RUN02,13.844186949794986,100.4587523576084,26/07/2024,2.336555532304972,2.1554572242808376,1.864020974118733,1.3528274537802008,2.336555532304972,0.4725345581862383,2.1002882532118523,2.1612247994592417,6180,0,2121,302
26/07/2024,0.75,0.06,0.4,2125,2130,2125,20240726RUN02,13.844179116384987,100.4587979084311,26/07/2024,2.336555532304972,2.1554572242808376,1.864020974118733,1.3528274537802008,2.336555532304972,0.4725345581862383,2.1002882532118523,2.273178128764203,6180,0,2128,303
26/07/2024,0.26,0.0,0.13,2130,2135,2130,20240726RUN02,13.844171267768889,100.45884345648346,26/07/2024,2.336555532304972,2.1554572242808376,1.864020974118733,1.3528274537802008,2.336555532304972,0.4725345581862383,2.1002882532118523,2.0301055899007228,6180,0,,
26/07/2024,0.5,0.0,0.25,2135,2140,2135,20240726RUN02,13.844163414013668,100.45888900364905,26/07/2024,2.336555532304972,2.1554572242808376,1.864020974118733,1.3528274537802008,2.336555532304972,0.4725345581862383,2.1002882532118523,2.0090300488885453,6180,0,2135,304
26/07/2024,0.8,0.0,0.4,2140,2145,2140,20240726RUN02,13.84415555987942,100.45893455072745,26/07/2024,2.413087554909992,1.5753546469262525,1.7258862364533825,1.3203756531939213,2.413087554909992,0.6872013184566097,2.0694868956816874,2.016747316272422,6180,0,2142,305
26/07/2024,0.88,0.07,0.48,2145,2150,2145,20240726RUN02,13.844147719384901,100.45898010026055,26/07/2024,2.413087554909992,1.5753546469262525,1.7258862364533825,1.3203756531939213,2.413087554909992,0.6872013184566097,2.0694868956816874,2.0980013253094225,6180,0,2149,306
26/07/2024,1.14,0.1,0.62,2150,2155,2150,20240726RUN02,13.844139871512596,100.45902564841104,26/07/2024,2.413087554909992,1.5753546469262525,1.7258862364533825,1.3203756531939213,2.413087554909992,0.6872013184566097,2.0694868956816874,1.8796144464688649,6180,0,,
26/07/2024,1.44,0.4,0.92,2155,2160,2155,20240726RUN02,13.844131998819487,100.45907119210105,26/07/2024,2.413087554909992,1.5753546469262525,1.7258862364533825,1.3203756531939213,2.413087554909992,0.6872013184566097,2.0694868956816874,2.1524312621187085,6180,0,2156,307
26/07/2024,0.6,0.26,0.43,2160,2165,2160,20240726RUN02,13.844124104362233,100.45911673182287,26/07/2024,2.506870170231874,1.8059339076095289,2.728874603309792,1.8621045197776112,2.728874603309792,0.2220044330779176,2.6178723867708333,2.488976931470465,6180,0,2163,308
26/07/2024,0.46,0.0,0.23,2165,2170,2165,20240726RUN02,13.844116196717101,100.45916226920106,26/07/2024,2.506870170231874,1.8059339076095289,2.728874603309792,1.8621045197776112,2.728874603309792,0.2220044330779176,2.6178723867708333,2.8166863926815893,6180,0,,
26/07/2024,0.28,0.31,0.3,2170,2175,2170,20240726RUN02,13.844108306961855,100.45920780983312,26/07/2024,2.506870170231874,1.8059339076095289,2.728874603309792,1.8621045197776112,2.728874603309792,0.2220044330779176,2.6178723867708333,2.477547913247721,6180,0,2170,309
26/07/2024,0.16,0.11,0.14,2175,2180,2175,20240726RUN02,13.8441004918062,100.45925336390347,26/07/2024,2.506870170231874,1.8059339076095289,2.728874603309792,1.8621045197776112,2.728874603309792,0.2220044330779176,2.6178723867708333,2.832544010392053,6180,0,2177,310
26/07/2024,0.51,0.34,0.43,2180,2185,2180,20240726RUN02,13.84409273583955,100.4592989285611,26/07/2024,3.7355068409257246,2.9474000149946638,4.887473421861816,3.8369767150718737,4.887473421861816,1.151966580936091,4.31149013139377,4.562513475175252,6180,0,2184,311
26/07/2024,0.54,0.4,0.47,2185,2190,2185,20240726RUN02,13.844084929177724,100.4593444841725,26/07/2024,3.7355068409257246,2.9474000149946638,4.887473421861816,3.8369767150718737,4.887473421861816,1.151966580936091,4.31149013139377,4.6638166193823345,6180,0,,
26/07/2024,0.82,0.37,0.6,2190,2195,2190,20240726RUN02,13.844077031475614,100.45939002333364,26/07/2024,3.7355068409257246,2.9474000149946638,4.887473421861816,3.8369767150718737,4.887473421861816,1.151966580936091,4.31149013139377,4.171574840683597,6180,0,2191,312
26/07/2024,0.58,1.12,0.85,2195,2200,2195,20240726RUN02,13.844069109448911,100.45943555814719,26/07/2024,3.7355068409257246,2.9474000149946638,4.887473421861816,3.8369767150718737,4.887473421861816,1.151966580936091,4.31149013139377,4.034288705754352,6180,0,2198,313
26/07/2024,0.57,0.13,0.35,2200,2205,2200,20240726RUN02,13.844061184692475,100.45948109243379,26/07/2024,2.17777603871634,1.94367095033818,2.737994217411784,2.18983722528355,2.737994217411784,0.5602181786954441,2.457885128064062,2.369501488870246,6180,0,,
26/07/2024,0.94,0.05,0.5,2205,2210,2205,20240726RUN02,13.844053263338663,100.45952662727596,26/07/2024,2.17777603871634,1.94367095033818,2.737994217411784,2.18983722528355,2.737994217411784,0.5602181786954441,2.457885128064062,2.412997855640503,6180,0,2205,314
26/07/2024,0.36,0.23,0.3,2210,2215,2210,20240726RUN02,13.844045393076902,100.45957217136488,26/07/2024,2.17777603871634,1.94367095033818,2.737994217411784,2.18983722528355,2.737994217411784,0.5602181786954441,2.457885128064062,2.327201516995329,6180,0,2212,315
26/07/2024,0.24,0.0,0.12,2215,2220,2215,20240726RUN02,13.8440375683105,100.45961772366144,26/07/2024,2.17777603871634,1.94367095033818,2.737994217411784,2.18983722528355,2.737994217411784,0.5602181786954441,2.457885128064062,2.5993929434000163,6180,0,2219,316
26/07/2024,0.31,0.0,0.16,2220,2225,2220,20240726RUN02,13.844029782527926,100.45966328297997,26/07/2024,1.7954437226002784,1.2005150945277872,2.098024362792269,1.4683422238952233,2.098024362792269,0.3025806401919908,1.9467340426962736,2.0558109802906364,6180,0,,
26/07/2024,0.36,0.01,0.18,2225,2230,2225,20240726RUN02,13.844022074959398,100.4597088562499,26/07/2024,1.7954437226002784,1.2005150945277872,2.098024362792269,1.4683422238952233,2.098024362792269,0.3025806401919908,1.9467340426962736,1.8134182309882567,6180,0,2226,317
26/07/2024,0.85,0.07,0.46,2230,2235,2230,20240726RUN02,13.844014416001528,100.45975443810796,26/07/2024,1.7954437226002784,1.2005150945277872,2.098024362792269,1.4683422238952233,2.098024362792269,0.3025806401919908,1.9467340426962736,1.9104817022515568,6180,0,2233,318
26/07/2024,0.89,0.02,0.46,2235,2240,2235,20240726RUN02,13.84400673122268,100.4598000153921,26/07/2024,1.7954437226002784,1.2005150945277872,2.098024362792269,1.4683422238952233,2.098024362792269,0.3025806401919908,1.9467340426962736,1.8710706115791422,6180,0,,
26/07/2024,1.37,0.12,0.75,2240,2245,2240,20240726RUN02,13.843999014493576,100.45984558704387,26/07/2024,3.03808076102173,2.6770780436618797,2.8698217256082166,3.09044064993554,3.03808076102173,0.1682590354135134,2.9539512433149735,2.915959095269578,6180,0,2240,319
26/07/2024,1.36,0.12,0.74,2245,2250,2245,20240726RUN02,13.843991319343289,100.45989116250423,26/07/2024,3.03808076102173,2.6770780436618797,2.8698217256082166,3.09044064993554,3.03808076102173,0.1682590354135134,2.9539512433149735,3.0282756185092294,6180,0,2247,320
26/07/2024,0.86,0.0,0.43,2250,2255,2250,20240726RUN02,13.843983708065094,100.45993675270397,26/07/2024,3.03808076102173,2.6770780436618797,2.8698217256082166,3.09044064993554,3.03808076102173,0.1682590354135134,2.9539512433149735,2.9209036357666127,6180,0,2254,321
26/07/2024,1.78,0.01,0.9,2255,2260,2255,20240726RUN02,13.843976092846336,100.45998234218169,26/07/2024,3.03808076102173,2.6770780436618797,2.8698217256082166,3.09044064993554,3.03808076102173,0.1682590354135134,2.9539512433149735,2.8067153867541186,6180,0,,
26/07/2024,1.52,0.0,0.76,2260,2265,2260,20240726RUN02,13.843968370761218,100.4600279128309,26/07/2024,1.6770310382844569,1.2900184959764966,1.7696383618871168,1.2141790158094994,1.7696383618871168,0.0926073236026598,1.7233347000857868,1.65024325222851,6180,0,2261,322
26/07/2024,2.32,0.01,1.16,2265,2270,2265,20240726RUN02,13.843960566394477,100.46007346880161,26/07/2024,1.6770310382844569,1.2900184959764966,1.7696383618871168,1.2141790158094994,1.7696383618871168,0.0926073236026598,1.7233347000857868,1.7075797625805351,6180,0,2268,323
26/07/2024,2.05,0.0,1.02,2270,2275,2270,20240726RUN02,13.843952691957512,100.46011901211037,26/07/2024,1.6770310382844569,1.2900184959764966,1.7696383618871168,1.2141790158094994,1.7696383618871168,0.0926073236026598,1.7233347000857868,1.5653449714432812,6180,0,,
26/07/2024,0.65,0.0,0.32,2275,2280,2275,20240726RUN02,13.843944707244653,100.46016453531047,26/07/2024,1.6770310382844569,1.2900184959764966,1.7696383618871168,1.2141790158094994,1.7696383618871168,0.0926073236026598,1.7233347000857868,1.7325650921690294,6180,0,2275,324
26/07/2024,2.03,0.1,1.06,2280,2285,2280,20240726RUN02,13.843936648609818,100.46021004488463,26/07/2024,1.910835307323079,1.2420988161801014,2.693154884228219,1.8826678709518647,2.693154884228219,0.7823195769051399,2.301995095775649,2.178948887732072,6180,0,2282,325
26/07/2024,0.75,0.0,0.38,2285,2290,2285,20240726RUN02,13.843928614701927,100.46025555904124,26/07/2024,1.910835307323079,1.2420988161801014,2.693154884228219,1.8826678709518647,2.693154884228219,0.7823195769051399,2.301995095775649,2.398896104164728,6180,0,2289,326
26/07/2024,0.02,0.0,0.01,2290,2295,2290,20240726RUN02,13.843920600942583,100.46030107691757,26/07/2024,1.910835307323079,1.2420988161801014,2.693154884228219,1.8826678709518647,2.693154884228219,0.7823195769051399,2.301995095775649,2.2962746076128067,6180,0,,
26/07/2024,0.23,0.38,0.3,2295,2300,2295,20240726RUN02,13.843912593603601,100.46034659598332,26/07/2024,1.910835307323079,1.2420988161801014,2.693154884228219,1.8826678709518647,2.693154884228219,0.7823195769051399,2.301995095775649,2.279938711138087,6180,0,2296,327
26/07/2024,0.41,0.14,0.28,2300,2305,2300,20240726RUN02,13.843904635791379,100.46039212413473,26/07/2024,1.9038149386107937,1.536769288709478,2.0418778536691766,1.3656313927658374,2.0418778536691766,0.1380629150583829,1.9728463961399851,2.118362387074662,6180,0,2303,328
26/07/2024,0.73,0.0,0.36,2305,2310,2305,20240726RUN02,13.843896713712693,100.4604376588214,26/07/2024,1.9038149386107937,1.536769288709478,2.0418778536691766,1.3656313927658374,2.0418778536691766,0.1380629150583829,1.9728463961399851,2.0138893880865223,6180,0,,
26/07/2024,1.19,0.29,0.74,2310,2315,2310,20240726RUN02,13.84388881126416,100.46048319711205,26/07/2024,1.9038149386107937,1.536769288709478,2.0418778536691766,1.3656313927658374,2.0418778536691766,0.1380629150583829,1.9728463961399851,1.962952679583164,6180,0,2310,329
26/07/2024,0.57,0.08,0.32,2315,2320,2315,20240726RUN02,13.843880954760012,100.46052874369737,26/07/2024,1.9038149386107937,1.536769288709478,2.0418778536691766,1.3656313927658374,2.0418778536691766,0.1380629150583829,1.9728463961399851,1.9941800586726472,6180,0,2318,330
26/07/2024,0.71,0.0,0.36,2320,2325,2320,20240726RUN02,13.843873144464542,100.46057429862715,26/07/2024,2.441068669443819,1.816936132107896,2.466633735477894,2.0230139852735536,2.466633735477894,0.0255650660340749,2.4538512024608563,2.242947910743684,6180,0,,
26/07/2024,0.51,0.0,0.26,2325,2330,2325,20240726RUN02,13.843865371758776,100.4606198602588,26/07/2024,2.441068669443819,1.816936132107896,2.466633735477894,2.0230139852735536,2.466633735477894,0.0255650660340749,2.4538512024608563,2.2691746756626,6180,0,2325,331
26/07/2024,1.71,0.0,0.86,2330,2335,2330,20240726RUN02,13.84385763586705,100.46066542847038,26/07/2024,2.441068669443819,1.816936132107896,2.466633735477894,2.0230139852735536,2.466633735477894,0.0255650660340749,2.4538512024608563,2.5755021493565704,6180,0,2332,332
26/07/2024,2.07,0.06,1.06,2335,2340,2335,20240726RUN02,13.843849919066981,100.46071100006024,26/07/2024,2.441068669443819,1.816936132107896,2.466633735477894,2.0230139852735536,2.466633735477894,0.0255650660340749,2.4538512024608563,2.528270130520763,6180,0,2339,333
26/07/2024,2.39,0.09,1.24,2340,2345,2340,20240726RUN02,13.843842213254497,100.46075657355753,26/07/2024,2.3509578411477428,1.9091845966736447,1.681352795946074,1.2435529056100674,2.3509578411477428,0.6696050452016689,2.0161553185469083,2.0103165060755623,6180,0,,
26/07/2024,0.69,0.0,0.34,2345,2350,2345,20240726RUN02,13.843834515784428,100.46080214851388,26/07/2024,2.3509578411477428,1.9091845966736447,1.681352795946074,1.2435529056100674,2.3509578411477428,0.6696050452016689,2.0161553185469083,1.9660736306357252,6180,0,2346,334
26/07/2024,1.24,0.0,0.62,2350,2355,2350,20240726RUN02,13.843826791240945,100.46084771868053,26/07/2024,2.3509578411477428,1.9091845966736447,1.681352795946074,1.2435529056100674,2.3509578411477428,0.6696050452016689,2.0161553185469083,1.8999563448567605,6180,0,2353,335
26/07/2024,1.56,0.0,0.78,2355,2360,2355,20240726RUN02,13.843819037182556,100.46089328358,26/07/2024,2.3509578411477428,1.9091845966736447,1.681352795946074,1.2435529056100674,2.3509578411477428,0.6696050452016689,2.0161553185469083,2.182522168977639,6180,0,,
26/07/2024,0.83,0.03,0.43,2360,2365,2360,20240726RUN02,13.843811309916305,100.46093885331746,26/07/2024,3.0476763145855346,2.8470066629983912,2.1259423577395955,1.958008939707036,3.0476763145855346,0.9217339568459392,2.586809336162565,2.768985751277834,6180,0,2360,336
26/07/2024,0.94,0.0,0.47,2365,2370,2365,20240726RUN02,13.843803586058021,100.46098442359495,26/07/2024,3.0476763145855346,2.8470066629983912,2.1259423577395955,1.958008939707036,3.0476763145855346,0.9217339568459392,2.586809336162565,2.348619748775315,6180,0,2367,337
26/07/2024,0.53,0.0,0.26,2370,2375,2370,20240726RUN02,13.843795780293831,100.46102997927828,26/07/2024,3.0476763145855346,2.8470066629983912,2.1259423577395955,1.958008939707036,3.0476763145855346,0.9217339568459392,2.586809336162565,2.646946271041675,6180,0,2374,338
26/07/2024,3.95,0.18,2.06,2375,2380,2375,20240726RUN02,13.843787854699197,100.46107551328143,26/07/2024,3.0476763145855346,2.8470066629983912,2.1259423577395955,1.958008939707036,3.0476763145855346,0.9217339568459392,2.586809336162565,2.3369920445121584,6180,0,,
26/07/2024,3.93,0.52,2.22,2380,2385,2380,20240726RUN02,13.843779794028721,100.46112102240667,26/07/2024,4.01446411977356,2.607272034163048,3.789772423404939,2.035861764225257,4.01446411977356,0.2246916963686214,3.9021182715892495,4.081691764877677,6180,0,2381,339
26/07/2024,1.57,0.34,0.96,2385,2390,2385,20240726RUN02,13.843771662581618,100.46116651840207,26/07/2024,4.01446411977356,2.607272034163048,3.789772423404939,2.035861764225257,4.01446411977356,0.2246916963686214,3.9021182715892495,3.6941608980519067,6180,0,2388,340
26/07/2024,2.27,1.15,1.71,2390,2395,2390,20240726RUN02,13.843763523695625,100.46121201299661,26/07/2024,4.01446411977356,2.607272034163048,3.789772423404939,2.035861764225257,4.01446411977356,0.2246916963686214,3.9021182715892495,3.6448446205121092,6180,0,,
26/07/2024,1.87,2.35,2.11,2395,2400,2395,20240726RUN02,13.843755390439066,100.46125750871172,26/07/2024,4.01446411977356,2.607272034163048,3.789772423404939,2.035861764225257,4.01446411977356,0.2246916963686214,3.9021182715892495,3.9656185378000095,6180,0,2395,341
26/07/2024,0.67,3.57,2.12,2400,2405,2400,20240726RUN02,13.843747344403114,100.46130302055312,26/07/2024,3.4226977680025503,2.440672901223353,3.4411829802997937,2.724473951748258,3.4411829802997937,0.0184852122972434,3.4319403741511723,3.2562056958742076,6180,0,2402,342
26/07/2024,3.54,6.36,4.95,2405,2410,2405,20240726RUN02,13.843739450999237,100.4613485603522,26/07/2024,3.4226977680025503,2.440672901223353,3.4411829802997937,2.724473951748258,3.4411829802997937,0.0184852122972434,3.4319403741511723,3.2852529586117507,6180,0,2409,343
26/07/2024,3.74,1.24,2.49,2410,2415,2410,20240726RUN02,13.843731644444247,100.4613941158734,26/07/2024,3.4226977680025503,2.440672901223353,3.4411829802997937,2.724473951748258,3.4411829802997937,0.0184852122972434,3.4319403741511723,3.582201531844467,6180,0,,
26/07/2024,1.62,2.44,2.03,2415,2420,2415,20240726RUN02,13.843723826643668,100.46143966944142,26/07/2024,3.4226977680025503,2.440672901223353,3.4411829802997937,2.724473951748258,3.4411829802997937,0.0184852122972434,3.4319403741511723,3.5030969039194533,6180,0,2416,344
26/07/2024,0.37,0.09,0.23,2420,2425,2420,20240726RUN02,13.843716008604716,100.46148522297565,26/07/2024,2.206105535045367,1.4143692048060303,1.4844478418569105,1.0882705770101797,2.206105535045367,0.7216576931884569,1.845276688451139,1.8729933449558531,6180,0,2423,345
26/07/2024,0.11,0.05,0.08,2425,2430,2425,20240726RUN02,13.843708175803355,100.46153077379064,26/07/2024,2.206105535045367,1.4143692048060303,1.4844478418569105,1.0882705770101797,2.206105535045367,0.7216576931884569,1.845276688451139,1.9647269033935988,6180,0,,
26/07/2024,0.08,0.13,0.11,2430,2435,2430,20240726RUN02,13.84370024883772,100.4615763075335,26/07/2024,2.206105535045367,1.4143692048060303,1.4844478418569105,1.0882705770101797,2.206105535045367,0.7216576931884569,1.845276688451139,1.8051806733654587,6180,0,2430,346
26/07/2024,0.16,0.03,0.1,2435,2440,2435,20240726RUN02,13.84369226339132,100.46162183061168,26/07/2024,2.206105535045367,1.4143692048060303,1.4844478418569105,1.0882705770101797,2.206105535045367,0.7216576931884569,1.845276688451139,1.7379110968425862,6180,0,2437,347
26/07/2024,0.05,0.02,0.04,2440,2445,2440,20240726RUN02,13.843684271444157,100.46166735250463,26/07/2024,1.7773376996150771,1.2826605434844105,1.8829742628504067,1.3313783353541797,1.8829742628504067,0.1056365632353295,1.830155981232742,2.0100786495433463,6180,0,2444,348
26/07/2024,0.25,0.18,0.22,2445,2450,2445,20240726RUN02,13.843676262167898,100.46171287119022,26/07/2024,1.7773376996150771,1.2826605434844105,1.8829742628504067,1.3313783353541797,1.8829742628504067,0.1056365632353295,1.830155981232742,1.7132137943145211,6180,0,,
26/07/2024,0.25,0.13,0.19,2450,2455,2450,20240726RUN02,13.843668237379498,100.46175838699612,26/07/2024,1.7773376996150771,1.2826605434844105,1.8829742628504067,1.3313783353541797,1.8829742628504067,0.1056365632353295,1.830155981232742,1.7246349437022837,6180,0,2451,349
26/07/2024,0.12,0.86,0.49,2455,2460,2455,20240726RUN02,13.843660235197806,100.46180390693733,26/07/2024,1.7773376996150771,1.2826605434844105,1.8829742628504067,1.3313783353541797,1.8829742628504067,0.1056365632353295,1.830155981232742,1.866848286367313,6180,0,2458,350
26/07/2024,0.02,0.16,0.09,2460,2465,2460,20240726RUN02,13.8436522886332,100.46184943709218,26/07/2024,2.070031324801578,1.9245347719332924,1.9254533978933548,1.913951335994836,2.070031324801578,0.144577926908223,1.9977423613474663,1.8439504675221854,6180,0,,
26/07/2024,0.03,1.26,0.64,2465,2470,2465,20240726RUN02,13.843644400246772,100.4618949778655,26/07/2024,2.070031324801578,1.9245347719332924,1.9254533978933548,1.913951335994836,2.070031324801578,0.144577926908223,1.9977423613474663,2.1822967553350217,6180,0,2465,351
26/07/2024,0.12,0.19,0.16,2470,2475,2470,20240726RUN02,13.843636573822927,100.46194052983495,26/07/2024,2.070031324801578,1.9245347719332924,1.9254533978933548,1.913951335994836,2.070031324801578,0.144577926908223,1.9977423613474663,2.0509876219679866,6180,0,2472,352
26/07/2024,0.09,0.0,0.04,2475,2480,2475,20240726RUN02,13.843628769471382,100.46198608576513,26/07/2024,2.070031324801578,1.9245347719332924,1.9254533978933548,1.913951335994836,2.070031324801578,0.144577926908223,1.9977423613474663,2.049683551051571,6180,0,2479,353
26/07/2024,0.26,0.67,0.46,2480,2485,2480,20240726RUN02,13.84362091697961,100.46203163305569,26/07/2024,2.902557255772206,1.9784186395781949,2.3881278659673306,1.7561229127875624,2.902557255772206,0.5144293898048753,2.6453425608697683,2.3857483535111506,6180,0,,
26/07/2024,0.45,0.7,0.57,2485,2490,2485,20240726RUN02,13.843613076694988,100.46207718251452,26/07/2024,2.902557255772206,1.9784186395781949,2.3881278659673306,1.7561229127875624,2.902557255772206,0.5144293898048753,2.6453425608697683,2.852130438817214,6180,0,2486,354
26/07/2024,0.35,0.11,0.23,2490,2495,2490,20240726RUN02,13.843605317294456,100.46212274646876,26/07/2024,2.902557255772206,1.9784186395781949,2.3881278659673306,1.7561229127875624,2.902557255772206,0.5144293898048753,2.6453425608697683,2.6915065703550543,6180,0,2493,355
26/07/2024,1.24,0.47,0.86,2495,2500,2495,20240726RUN02,13.843597586886077,100.46216831557302,26/07/2024,2.902557255772206,1.9784186395781949,2.3881278659673306,1.7561229127875624,2.902557255772206,0.5144293898048753,2.6453425608697683,2.813182425749504,6180,0,,
26/07/2024,0.29,0.57,0.43,2500,2505,2500,20240726RUN02,13.843589871299343,100.46221388729856,26/07/2024,2.1036345826566496,2.033076302844901,2.4433919790152085,1.922213303537603,2.4433919790152085,0.3397573963585589,2.273513280835929,2.2281763817923266,6180,0,2500,356
26/07/2024,0.46,0.08,0.27,2505,2510,2505,20240726RUN02,13.843582147748503,100.46225945760303,26/07/2024,2.1036345826566496,2.033076302844901,2.4433919790152085,1.922213303537603,2.4433919790152085,0.3397573963585589,2.273513280835929,2.4524891059812175,6180,0,2507,357
26/07/2024,0.55,0.0,0.28,2510,2515,2510,20240726RUN02,13.84357440696047,100.4623050248924,26/07/2024,2.1036345826566496,2.033076302844901,2.4433919790152085,1.922213303537603,2.4433919790152085,0.3397573963585589,2.273513280835929,2.2849466253633213,6180,0,2514,358
26/07/2024,0.31,0.06,0.18,2515,2520,2515,20240726RUN02,13.843566673281185,100.46235059344224,26/07/2024,2.1036345826566496,2.033076302844901,2.4433919790152085,1.922213303537603,2.4433919790152085,0.3397573963585589,2.273513280835929,2.336266006953067,6180,0,,
26/07/2024,0.6,0.47,0.53,2520,2525,2520,20240726RUN02,13.843558936469597,100.4623961614311,26/07/2024,2.258081275321693,2.093892636516861,2.283113085247468,1.6832255026347591,2.283113085247468,0.0250318099257746,2.2705971802845806,2.1363478525023867,6180,0,2521,359
26/07/2024,0.94,1.3,1.12,2525,2530,2525,20240726RUN02,13.84355119108102,100.46244172785546,26/07/2024,2.258081275321693,2.093892636516861,2.283113085247468,1.6832255026347591,2.283113085247468,0.0250318099257746,2.2705971802845806,2.1310309362335373,6180,0,2528,360
26/07/2024,0.81,0.48,0.64,2530,2535,2530,20240726RUN02,13.84354343845339,100.46248729295817,26/07/2024,2.258081275321693,2.093892636516861,2.283113085247468,1.6832255026347591,2.283113085247468,0.0250318099257746,2.2705971802845806,2.3148429861514552,6180,0,,
26/07/2024,0.16,1.98,1.07,2535,2540,2535,20240726RUN02,13.84353569307036,100.46253285934351,26/07/2024,2.258081275321693,2.093892636516861,2.283113085247468,1.6832255026347591,2.283113085247468,0.0250318099257746,2.2705971802845806,2.393560054417583,6180,0,2535,361
26/07/2024,0.28,1.66,0.97,2540,2545,2540,20240726RUN02,13.843527914165188,100.46257841978415,26/07/2024,1.8306442002385064,1.5652635862891704,2.008906826794743,1.4090576366462886,2.008906826794743,0.1782626265562363,1.9197755135166248,1.7634453960813024,6180,0,2542,362
26/07/2024,0.26,0.84,0.55,2545,2550,2545,20240726RUN02,13.843520111684098,100.46262397601679,26/07/2024,1.8306442002385064,1.5652635862891704,2.008906826794743,1.4090576366462886,2.008906826794743,0.1782626265562363,1.9197755135166248,1.9739291357905941,6180,0,2549,363
26/07/2024,0.05,0.02,0.04,2550,2555,2550,20240726RUN02,13.843512384362796,100.46266954566423,26/07/2024,1.8306442002385064,1.5652635862891704,2.008906826794743,1.4090576366462886,2.008906826794743,0.1782626265562363,1.9197755135166248,2.0374405168472696,6180,0,,
26/07/2024,0.11,0.24,0.18,2555,2560,2555,20240726RUN02,13.843504729056704,100.46271512804576,26/07/2024,1.8306442002385064,1.5652635862891704,2.008906826794743,1.4090576366462886,2.008906826794743,0.1782626265562363,1.9197755135166248,2.0237251094212976,6180,0,2556,364
26/07/2024,0.49,0.0,0.24,2560,2565,2560,20240726RUN02,13.843497154120456,100.46276072442784,26/07/2024,2.9771595108113167,2.351904853981192,2.0414521572045925,1.7398214687560902,2.9771595108113167,0.9357073536067242,2.5093058340079546,2.319204785607879,6180,0,2563,365
26/07/2024,0.32,1.95,1.14,2565,2570,2565,20240726RUN02,13.843489736473508,100.46280634789993,26/07/2024,2.9771595108113167,2.351904853981192,2.0414521572045925,1.7398214687560902,2.9771595108113167,0.9357073536067242,2.5093058340079546,2.592467173805029,6180,0,,
26/07/2024,0.03,1.48,0.76,2570,2575,2570,20240726RUN02,13.843482513784217,100.46285200403845,26/07/2024,2.9771595108113167,2.351904853981192,2.0414521572045925,1.7398214687560902,2.9771595108113167,0.9357073536067242,2.5093058340079546,2.742295882866321,6180,0,2570,366
26/07/2024,0.02,0.37,0.2,2575,2580,2575,20240726RUN02,13.84347554059773,100.46289770081616,26/07/2024,2.9771595108113167,2.351904853981192,2.0414521572045925,1.7398214687560902,2.9771595108113167,0.9357073536067242,2.5093058340079546,2.655074402955516,6180,0,2577,367
26/07/2024,0.0,0.27,0.14,2580,2585,2580,20240726RUN02,13.843468879678694,100.46294344630897,26/07/2024,2.033877269081496,1.4964274366160242,2.056962333668039,1.5178464592183738,2.056962333668039,0.0230850645865428,2.0454198013747673,2.143374468501978,6180,0,2584,368
26/07/2024,0.62,2.43,1.52,2585,2590,2585,20240726RUN02,13.843462574361439,100.46298924453419,26/07/2024,2.033877269081496,1.4964274366160242,2.056962333668039,1.5178464592183738,2.056962333668039,0.0230850645865428,2.0454198013747673,2.058293791156967,6180,0,,
26/07/2024,0.46,1.03,0.74,2590,2595,2590,20240726RUN02,13.843456649054232,100.4630350958559,26/07/2024,2.033877269081496,1.4964274366160242,2.056962333668039,1.5178464592183738,2.056962333668039,0.0230850645865428,2.0454198013747673,1.8411913074268256,6180,0,2591,369
26/07/2024,0.33,0.37,0.35,2595,2600,2595,20240726RUN02,13.843451041353012,100.46308098907481,26/07/2024,2.033877269081496,1.4964274366160242,2.056962333668039,1.5178464592183738,2.056962333668039,0.0230850645865428,2.0454198013747673,2.188029479050332,6180,0,2598,370
26/07/2024,0.78,0.73,0.76,2600,2605,2600,20240726RUN02,13.843445699014751,100.46312691547519,26/07/2024,3.0842227841040497,2.0313627267413854,2.205725687659278,1.753505732890915,3.0842227841040497,0.8784970964447716,2.644974235881664,2.4438870836742064,6180,0,,
26/07/2024,0.21,0.59,0.4,2605,2610,2605,20240726RUN02,13.843440568388486,100.46317286714805,26/07/2024,3.0842227841040497,2.0313627267413854,2.205725687659278,1.753505732890915,3.0842227841040497,0.8784970964447716,2.644974235881664,2.7785135572559736,6180,0,2605,371
26/07/2024,0.02,0.39,0.2,2610,2615,2610,20240726RUN02,13.843435535554828,100.4632188301682,26/07/2024,3.0842227841040497,2.0313627267413854,2.205725687659278,1.753505732890915,3.0842227841040497,0.8784970964447716,2.644974235881664,2.8983392255582174,6180,0,2612,372
26/07/2024,0.09,1.04,0.57,2615,2620,2615,20240726RUN02,13.843430587872218,100.46326480283606,26/07/2024,3.0842227841040497,2.0313627267413854,2.205725687659278,1.753505732890915,3.0842227841040497,0.8784970964447716,2.644974235881664,2.5429859835609827,6180,0,2619,373
26/07/2024,0.23,6.38,3.3,2620,2625,2620,20240726RUN02,13.843425816535644,100.46331079499154,26/07/2024,3.1491181630525418,2.178039763328873,2.9058434039051573,2.232841349023999,3.1491181630525418,0.2432747591473845,3.0274807834788495,2.985550931859908,6180,0,,
26/07/2024,0.03,4.18,2.1,2625,2630,2625,20240726RUN02,13.843421280881431,100.4633568120936,26/07/2024,3.1491181630525418,2.178039763328873,2.9058434039051573,2.232841349023999,3.1491181630525418,0.2432747591473845,3.0274807834788495,3.22892234193511,6180,0,2626,374
26/07/2024,0.0,4.18,2.09,2630,2635,2630,20240726RUN02,13.843416937826314,100.46340284876752,26/07/2024,3.1491181630525418,2.178039763328873,2.9058434039051573,2.232841349023999,3.1491181630525418,0.2432747591473845,3.0274807834788495,2.888232492226957,6180,0,2634,375
26/07/2024,0.24,6.03,3.14,2635,2640,2635,20240726RUN02,13.8434126983957,100.46344889562874,26/07/2024,3.1491181630525418,2.178039763328873,2.9058434039051573,2.232841349023999,3.1491181630525418,0.2432747591473845,3.0274807834788495,3.210183421381027,6180,0,,
26/07/2024,0.16,4.74,2.45,2640,2645,2640,20240726RUN02,13.843408532227707,100.46349494961463,26/07/2024,3.1030176652257757,2.9822293742867134,2.6950370374247297,2.254892972943367,3.1030176652257757,0.4079806278010456,2.8990273513252527,2.6301972367426627,6180,0,2641,376
26/07/2024,2.42,2.43,2.42,2645,2650,2645,20240726RUN02,13.843404466232359,100.46354101295776,26/07/2024,3.1030176652257757,2.9822293742867134,2.6950370374247297,2.254892972943367,3.1030176652257757,0.4079806278010456,2.8990273513252527,2.7895506659508196,6180,0,2648,377
26/07/2024,2.39,1.1,1.74,2650,2655,2650,20240726RUN02,13.84340057057643,100.46358709163103,26/07/2024,3.1030176652257757,2.9822293742867134,2.6950370374247297,2.254892972943367,3.1030176652257757,0.4079806278010456,2.8990273513252527,3.1857543114773303,6180,0,,
26/07/2024,0.95,3.05,2.0,2655,2660,2655,20240726RUN02,13.843396942022991,100.46363319302674,26/07/2024,3.1030176652257757,2.9822293742867134,2.6950370374247297,2.254892972943367,3.1030176652257757,0.4079806278010456,2.8990273513252527,3.1758097644992844,6180,0,2655,378
26/07/2024,4.77,1.74,3.26,2660,2665,2660,20240726RUN02,13.843393581947032,100.46367931575433,26/07/2024,3.954364739613281,2.7143225849966908,3.2681835184509755,2.6063361463759067,3.954364739613281,0.6861812211623057,3.611274129032128,3.596348030160168,6180,0,2662,379
26/07/2024,5.07,0.0,2.54,2665,2670,2665,20240726RUN02,13.843390427824671,100.46372545391503,26/07/2024,3.954364739613281,2.7143225849966908,3.2681835184509755,2.6063361463759067,3.954364739613281,0.6861812211623057,3.611274129032128,3.8865972672703464,6180,0,2669,380
26/07/2024,4.69,0.0,2.35,2670,2675,2670,20240726RUN02,13.843387464690966,100.46377160531286,26/07/2024,3.954364739613281,2.7143225849966908,3.2681835184509755,2.6063361463759067,3.954364739613281,0.6861812211623057,3.611274129032128,3.313189335402095,6180,0,,
26/07/2024,9.19,0.0,4.6,2675,2680,2675,20240726RUN02,13.843384751909966,100.46381777273245,26/07/2024,3.954364739613281,2.7143225849966908,3.2681835184509755,2.6063361463759067,3.954364739613281,0.6861812211623057,3.611274129032128,3.481972787074156,6180,0,2676,381
26/07/2024,5.13,0.0,2.56,2680,2685,2680,20240726RUN02,13.843382327910458,100.46386395692166,26/07/2024,3.135951980617563,2.767262430814777,3.792336408111957,2.201201963233658,3.792336408111957,0.6563844274943937,3.46414419436476,3.3981508138129195,6180,0,2683,382
26/07/2024,5.9,0.0,2.95,2685,2690,2685,20240726RUN02,13.843380178548493,100.46391015541586,26/07/2024,3.135951980617563,2.767262430814777,3.792336408111957,2.201201963233658,3.792336408111957,0.6563844274943937,3.46414419436476,3.332518279453104,6180,0,,
26/07/2024,5.95,0.0,2.98,2690,2695,2690,20240726RUN02,13.843378331596407,100.4639563675436,26/07/2024,3.135951980617563,2.767262430814777,3.792336408111957,2.201201963233658,3.792336408111957,0.6563844274943937,3.46414419436476,3.740661330874832,6180,0,2690,383
26/07/2024,5.35,0.29,2.82,2695,2700,2695,20240726RUN02,13.84337683786421,100.4640025931563,26/07/2024,3.135951980617563,2.767262430814777,3.792336408111957,2.201201963233658,3.792336408111957,0.6563844274943937,3.46414419436476,3.3341205697090293,6180,0,2697,384
26/07/2024,4.86,0.54,2.7,2700,2705,2700,20240726RUN02,13.843375654631078,100.46404882831939,26/07/2024,3.201421877919566,2.838325781573736,3.830368462189656,2.921431273832857,3.830368462189656,0.6289465842700905,3.515895170054611,3.4139272761419246,6180,0,2704,385
26/07/2024,2.79,0.38,1.58,2705,2710,2705,20240726RUN02,13.843374772751478,100.46409507061539,26/07/2024,3.201421877919566,2.838325781573736,3.830368462189656,2.921431273832857,3.830368462189656,0.6289465842700905,3.515895170054611,3.3656610326429566,6180,0,,
26/07/2024,3.15,0.19,1.67,2710,2715,2710,20240726RUN02,13.843374246070375,100.46414131856118,26/07/2024,3.201421877919566,2.838325781573736,3.830368462189656,2.921431273832857,3.830368462189656,0.6289465842700905,3.515895170054611,3.654527519663057,6180,0,2711,386
26/07/2024,1.7,0.44,1.07,2715,2720,2715,20240726RUN02,13.843374015859322,100.46418756913941,26/07/2024,3.201421877919566,2.838325781573736,3.830368462189656,2.921431273832857,3.830368462189656,0.6289465842700905,3.515895170054611,3.351277670330552,6180,0,2718,387
26/07/2024,2.77,0.12,1.44,2720,2725,2720,20240726RUN02,13.84337401961275,100.4642338202668,26/07/2024,4.531083758397516,3.1756545725818515,3.733691886680838,3.004568242427034,4.531083758397516,0.7973918717166781,4.132387822539177,3.938606311715367,6180,0,,
26/07/2024,2.49,0.79,1.64,2725,2730,2725,20240726RUN02,13.843374287197594,100.46428007040345,26/07/2024,4.531083758397516,3.1756545725818515,3.733691886680838,3.004568242427034,4.531083758397516,0.7973918717166781,4.132387822539177,3.721167015754504,6180,0,2725,388
26/07/2024,3.42,0.82,2.12,2730,2735,2730,20240726RUN02,13.843374763272784,100.46432631877266,26/07/2024,4.531083758397516,3.1756545725818515,3.733691886680838,3.004568242427034,4.531083758397516,0.7973918717166781,4.132387822539177,4.252532708998409,6180,0,2732,389
26/07/2024,1.14,1.21,1.17,2735,2740,2735,20240726RUN02,13.843375355123076,100.4643725656018,26/07/2024,4.531083758397516,3.1756545725818515,3.733691886680838,3.004568242427034,4.531083758397516,0.7973918717166781,4.132387822539177,4.345680343148138,6180,0,2739,390
26/07/2024,2.6,0.83,1.72,2740,2745,2740,20240726RUN02,13.843376087622227,100.46441881029368,26/07/2024,8.169397770017419,6.232332308296617,7.730500775899712,6.374172174039337,8.169397770017419,0.438896994117707,7.949949272958565,8.283094804720147,6180,0,,
26/07/2024,1.25,1.0,1.12,2745,2750,2745,20240726RUN02,13.843376922116477,100.46446505319341,26/07/2024,8.169397770017419,6.232332308296617,7.730500775899712,6.374172174039337,8.169397770017419,0.438896994117707,7.949949272958565,8.690106989567248,6180,0,2746,391
26/07/2024,1.25,1.48,1.36,2750,2755,2750,20240726RUN02,13.84337781202988,100.4645112950071,26/07/2024,8.169397770017419,6.232332308296617,7.730500775899712,6.374172174039337,8.169397770017419,0.438896994117707,7.949949272958565,7.445270348066784,6180,0,2753,392
26/07/2024,7.46,4.91,6.18,2755,2760,2755,20240726RUN02,13.843378832250695,100.46455753385791,26/07/2024,8.169397770017419,6.232332308296617,7.730500775899712,6.374172174039337,8.169397770017419,0.438896994117707,7.949949272958565,7.380294279950838,6180,0,,
26/07/2024,4.47,2.0,3.24,2760,2765,2760,20240726RUN02,13.84338005568765,100.46460376738396,26/07/2024,6.669026278715871,5.285999554869545,7.727434065370611,4.7583850287234535,7.727434065370611,1.0584077866547394,7.198230172043241,7.418940364994599,6180,0,2760,393
26/07/2024,3.44,2.59,3.01,2765,2770,2765,20240726RUN02,13.843381528886457,100.46464999331705,26/07/2024,6.669026278715871,5.285999554869545,7.727434065370611,4.7583850287234535,7.727434065370611,1.0584077866547394,7.198230172043241,7.137825141382947,6180,0,2767,394
26/07/2024,1.12,4.72,2.92,2770,2775,2770,20240726RUN02,13.84338323256402,100.46469621101068,26/07/2024,6.669026278715871,5.285999554869545,7.727434065370611,4.7583850287234535,7.727434065370611,1.0584077866547394,7.198230172043241,7.470036226663124,6180,0,2774,395
26/07/2024,4.86,1.22,3.04,2775,2780,2775,20240726RUN02,13.843385122305254,100.46474242114687,26/07/2024,6.669026278715871,5.285999554869545,7.727434065370611,4.7583850287234535,7.727434065370611,1.0584077866547394,7.198230172043241,6.6298335146477365,6180,0,,
26/07/2024,3.88,0.22,2.05,2780,2785,2780,20240726RUN02,13.843387184595601,100.46478862327683,26/07/2024,8.32755183547885,7.973607377599813,9.314327863730584,8.991393377106363,9.314327863730584,0.9867760282517324,8.820939849604716,9.647762580642896,6180,0,2781,396
26/07/2024,4.54,0.4,2.47,2785,2790,2785,20240726RUN02,13.843389407269093,100.46483481746515,26/07/2024,8.32755183547885,7.973607377599813,9.314327863730584,8.991393377106363,9.314327863730584,0.9867760282517324,8.820939849604716,8.379226644817505,6180,0,2788,397
26/07/2024,2.24,0.41,1.33,2790,2795,2790,20240726RUN02,13.843391816363333,100.46488100182629,26/07/2024,8.32755183547885,7.973607377599813,9.314327863730584,8.991393377106363,9.314327863730584,0.9867760282517324,8.820939849604716,8.592388813624124,6180,0,,
26/07/2024,0.99,0.55,0.77,2795,2800,2795,20240726RUN02,13.843394495453682,100.46492717085327,26/07/2024,8.32755183547885,7.973607377599813,9.314327863730584,8.991393377106363,9.314327863730584,0.9867760282517324,8.820939849604716,8.607393495383265,6180,0,2795,398
26/07/2024,0.06,0.2,0.13,2800,2805,2800,20240726RUN02,13.843397497711598,100.464973319192,26/07/2024,6.007869270403639,3.5775112181382496,7.7039649542906705,4.965027305898495,7.7039649542906705,1.696095683887032,6.855917112347155,6.48547928136252,6180,0,2802,399
26/07/2024,1.06,0.78,0.92,2805,2810,2805,20240726RUN02,13.843400875594154,100.46501944000943,26/07/2024,6.007869270403639,3.5775112181382496,7.7039649542906705,4.965027305898495,7.7039649542906705,1.696095683887032,6.855917112347155,7.125659961760697,6180,0,2809,400
26/07/2024,0.1,1.77,0.94,2810,2815,2810,20240726RUN02,13.84340462897349,100.4650655304814,26/07/2024,6.007869270403639,3.5775112181382496,7.7039649542906705,4.965027305898495,7.7039649542906705,1.696095683887032,6.855917112347155,6.441700617894013,6180,0,,
26/07/2024,0.14,2.05,1.1,2815,2820,2815,20240726RUN02,13.843408675526735,100.46511159512008,26/07/2024,6.007869270403639,3.5775112181382496,7.7039649542906705,4.965027305898495,7.7039649542906705,1.696095683887032,6.855917112347155,7.26026348990209,6180,0,2816,401
26/07/2024,0.43,3.97,2.2,2820,2825,2820,20240726RUN02,13.843413019838454,100.4651576313724,26/07/2024,3.1199460782180317,2.287653230461294,2.648273830839867,1.988226110742005,3.1199460782180317,0.4716722473781645,2.8841099545289492,2.960227456271447,6180,0,2823,402
26/07/2024,0.11,2.18,1.14,2825,2830,2825,20240726RUN02,13.843417616051163,100.4652036420673,26/07/2024,3.1199460782180317,2.287653230461294,2.648273830839867,1.988226110742005,3.1199460782180317,0.4716722473781645,2.8841099545289492,2.8647630450977215,6180,0,,
26/07/2024,0.19,1.11,0.65,2830,2835,2830,20240726RUN02,13.84342244729095,100.46524962756416,26/07/2024,3.1199460782180317,2.287653230461294,2.648273830839867,1.988226110742005,3.1199460782180317,0.4716722473781645,2.8841099545289492,2.68960402856219,6180,0,2830,403
26/07/2024,0.24,0.22,0.23,2835,2840,2835,20240726RUN02,13.843427569553738,100.4652955801112,26/07/2024,3.1199460782180317,2.287653230461294,2.648273830839867,1.988226110742005,3.1199460782180317,0.4716722473781645,2.8841099545289492,3.111241175245913,6180,0,2837,404
26/07/2024,0.19,0.4,0.3,2840,2845,2840,20240726RUN02,13.843433006121149,100.46534149489959,26/07/2024,2.017745472855308,1.448644560225519,1.7178970099650273,1.4665068763586506,2.017745472855308,0.2998484628902806,1.8678212414101676,1.8188981903120744,6180,0,2844,405
26/07/2024,0.4,0.02,0.21,2845,2850,2845,20240726RUN02,13.843438702010877,100.46538737674723,26/07/2024,2.017745472855308,1.448644560225519,1.7178970099650273,1.4665068763586506,2.017745472855308,0.2998484628902806,1.8678212414101676,1.8469274780022902,6180,0,,
26/07/2024,0.74,0.17,0.46,2850,2855,2850,20240726RUN02,13.843444572342719,100.46543323557673,26/07/2024,2.017745472855308,1.448644560225519,1.7178970099650273,1.4665068763586506,2.017745472855308,0.2998484628902806,1.8678212414101676,1.8950045808511014,6180,0,2851,406
26/07/2024,0.96,0.0,0.48,2855,2860,2855,20240726RUN02,13.843450489768012,100.46547908808637,26/07/2024,2.017745472855308,1.448644560225519,1.7178970099650273,1.4665068763586506,2.017745472855308,0.2998484628902806,1.8678212414101676,1.9463255596454592,6180,0,2858,407
26/07/2024,0.89,0.0,0.44,2860,2865,2860,20240726RUN02,13.84345636630159,100.46552494610958,26/07/2024,3.014200442004661,2.225906377205489,2.7474723410840385,2.4397353225063,3.014200442004661,0.2667281009206226,2.88083639154435,2.632599809855121,6180,0,,
26/07/2024,0.7,0.0,0.35,2865,2870,2865,20240726RUN02,13.843462326068085,100.46557079286318,26/07/2024,3.014200442004661,2.225906377205489,2.7474723410840385,2.4397353225063,3.014200442004661,0.2667281009206226,2.88083639154435,3.0866666978868977,6180,0,2865,408
26/07/2024,0.67,0.08,0.38,2870,2875,2870,20240726RUN02,13.843468577285622,100.46561659886389,26/07/2024,3.014200442004661,2.225906377205489,2.7474723410840385,2.4397353225063,3.014200442004661,0.2667281009206226,2.88083639154435,2.902168215144315,6180,0,2872,409
26/07/2024,0.61,0.0,0.3,2875,2880,2875,20240726RUN02,13.843475319594704,100.46566233170384,26/07/2024,3.014200442004661,2.225906377205489,2.7474723410840385,2.4397353225063,3.014200442004661,0.2667281009206226,2.88083639154435,3.055448896482488,6180,0,2879,410
26/07/2024,1.03,0.0,0.52,2880,2885,2880,20240726RUN02,13.843482511580568,100.46570799279971,26/07/2024,2.211372450808293,1.4365358033799591,1.926301683366613,1.375950947214097,2.211372450808293,0.2850707674416801,2.0688370670874527,2.1249079260527495,6180,0,,
26/07/2024,1.98,0.2,1.09,2885,2890,2885,20240726RUN02,13.843490138296259,100.46575357992357,26/07/2024,2.211372450808293,1.4365358033799591,1.926301683366613,1.375950947214097,2.211372450808293,0.2850707674416801,2.0688370670874527,2.1577383744581025,6180,0,2886,411
26/07/2024,0.71,0.0,0.36,2890,2895,2890,20240726RUN02,13.84349815101125,100.46579909776467,26/07/2024,2.211372450808293,1.4365358033799591,1.926301683366613,1.375950947214097,2.211372450808293,0.2850707674416801,2.0688370670874527,1.9641781746930778,6180,0,2893,412
26/07/2024,1.22,0.0,0.61,2895,2900,2895,20240726RUN02,13.84350637560311,100.46584457609586,26/07/2024,2.211372450808293,1.4365358033799591,1.926301683366613,1.375950947214097,2.211372450808293,0.2850707674416801,2.0688370670874527,2.1134122734483975,6180,0,,
26/07/2024,2.1,0.09,1.1,2900,2905,2900,20240726RUN02,13.843514605491714,100.46589005346425,26/07/2024,3.276046956379528,2.370870625861996,3.0796883661840635,2.4105289882997063,3.276046956379528,0.1963585901954641,3.1778676612817955,3.486429796221103,6180,0,2900,413
26/07/2024,1.55,0.09,0.82,2905,2910,2905,20240726RUN02,13.843522761432883,100.46593554479618,26/07/2024,3.276046956379528,2.370870625861996,3.0796883661840635,2.4105289882997063,3.276046956379528,0.1963585901954641,3.1778676612817955,3.02609577815078,6180,0,2907,414
26/07/2024,0.91,0.0,0.46,2910,2915,2910,20240726RUN02,13.84353092352307,100.46598103500098,26/07/2024,3.276046956379528,2.370870625861996,3.0796883661840635,2.4105289882997063,3.276046956379528,0.1963585901954641,3.1778676612817955,3.2296307324684648,6180,0,2914,415
26/07/2024,1.46,0.02,0.74,2915,2920,2915,20240726RUN02,13.843539219297353,100.46602649982057,26/07/2024,3.276046956379528,2.370870625861996,3.0796883661840635,2.4105289882997063,3.276046956379528,0.1963585901954641,3.1778676612817955,2.9929394587220064,6180,0,,
26/07/2024,1.33,0.0,0.66,2920,2925,2920,20240726RUN02,13.84354776393007,100.46607191628804,26/07/2024,2.507127459249026,1.9541925674316385,2.117248605569128,1.5762070704445734,2.507127459249026,0.3898788536798978,2.312188032409077,2.171719404848038,6180,0,2921,416
26/07/2024,1.48,0.0,0.74,2925,2930,2925,20240726RUN02,13.84355659571272,100.46611727517843,26/07/2024,2.507127459249026,1.9541925674316385,2.117248605569128,1.5762070704445734,2.507127459249026,0.3898788536798978,2.312188032409077,2.342907357473454,6180,0,2928,417
26/07/2024,1.78,0.03,0.9,2930,2935,2930,20240726RUN02,13.843565751509475,100.46616256678439,26/07/2024,2.507127459249026,1.9541925674316385,2.117248605569128,1.5762070704445734,2.507127459249026,0.3898788536798978,2.312188032409077,2.429894389624725,6180,0,,
26/07/2024,1.58,0.0,0.79,2935,2940,2935,20240726RUN02,13.843575226820455,100.46620778947727,26/07/2024,2.507127459249026,1.9541925674316385,2.117248605569128,1.5762070704445734,2.507127459249026,0.3898788536798978,2.312188032409077,2.469605981536425,6180,0,2936,418
26/07/2024,2.35,0.0,1.18,2940,2945,2940,20240726RUN02,13.843584971397517,100.46625295225245,26/07/2024,3.076804781852972,1.852169890190296,3.2780422614783813,2.436701305427352,3.2780422614783813,0.201237479625409,3.1774235216656765,3.0212834680679572,6180,0,2943,419
26/07/2024,1.98,0.0,0.99,2945,2950,2945,20240726RUN02,13.843594930068372,100.46629806609593,26/07/2024,3.076804781852972,1.852169890190296,3.2780422614783813,2.436701305427352,3.2780422614783813,0.201237479625409,3.1774235216656765,3.412379398898129,6180,0,,
26/07/2024,3.01,0.0,1.5,2950,2955,2950,20240726RUN02,13.843605071002678,100.46634313741217,26/07/2024,3.076804781852972,1.852169890190296,3.2780422614783813,2.436701305427352,3.2780422614783813,0.201237479625409,3.1774235216656765,3.34779736640297,6180,0,2950,420
26/07/2024,2.88,0.0,1.44,2955,2960,2955,20240726RUN02,13.843615435559412,100.46638815533584,26/07/2024,3.076804781852972,1.852169890190296,3.2780422614783813,2.436701305427352,3.2780422614783813,0.201237479625409,3.1774235216656765,2.9557355729544397,6180,0,2957,421
26/07/2024,2.2,0.0,1.1,2960,2965,2960,20240726RUN02,13.843626028225788,100.46643311765598,26/07/2024,2.5210175211504717,1.7708116576850883,2.415264424585023,1.9896240946101644,2.5210175211504717,0.105753096565448,2.4681409728677473,2.605500726387626,6180,0,2964,422
26/07/2024,2.35,0.0,1.18,2965,2970,2965,20240726RUN02,13.843636819228259,100.46647803055443,26/07/2024,2.5210175211504717,1.7708116576850883,2.415264424585023,1.9896240946101644,2.5210175211504717,0.105753096565448,2.4681409728677473,2.334362322850291,6180,0,,
26/07/2024,2.75,0.04,1.4,2970,2975,2970,20240726RUN02,13.84364777452759,100.46652290176782,26/07/2024,2.5210175211504717,1.7708116576850883,2.415264424585023,1.9896240946101644,2.5210175211504717,0.105753096565448,2.4681409728677473,2.4809191861322426,6180,0,2971,423
26/07/2024,2.31,0.0,1.16,2975,2980,2975,20240726RUN02,13.843658835851532,100.46656774576306,26/07/2024,2.5210175211504717,1.7708116576850883,2.415264424585023,1.9896240946101644,2.5210175211504717,0.105753096565448,2.4681409728677473,2.2472906690549306,6180,0,2978,424
26/07/2024,2.31,0.0,1.16,2980,2985,2980,20240726RUN02,13.843669948104743,100.46661257659042,26/07/2024,2.559242772369921,2.069218799630554,2.122366223198753,1.4960428554251168,2.559242772369921,0.4368765491711679,2.3408044977843367,2.2799152377552265,6180,0,,
26/07/2024,1.02,0.03,0.52,2985,2990,2985,20240726RUN02,13.843681147635928,100.4666573846493,26/07/2024,2.559242772369921,2.069218799630554,2.122366223198753,1.4960428554251168,2.559242772369921,0.4368765491711679,2.3408044977843367,2.4640213391351824,6180,0,2985,425
26/07/2024,0.65,0.0,0.32,2990,2995,2990,20240726RUN02,13.843692507761737,100.46670215035878,26/07/2024,2.559242772369921,2.069218799630554,2.122366223198753,1.4960428554251168,2.559242772369921,0.4368765491711679,2.3408044977843367,2.2219551850295196,6180,0,2992,426
26/07/2024,0.93,0.23,0.58,2995,3000,2995,20240726RUN02,13.843704035096138,100.46674687126527,26/07/2024,2.559242772369921,2.069218799630554,2.122366223198753,1.4960428554251168,2.559242772369921,0.4368765491711679,2.3408044977843367,2.4657326356362677,6180,0,2999,427
26/07/2024,0.29,0.1,0.2,3000,3005,3000,20240726RUN02,13.843715757362448,100.4667915390646,26/07/2024,2.0853869900561217,1.585034014122872,2.202547936727827,1.2514219069990868,2.202547936727827,0.1171609466717051,2.1439674633919745,2.1359407386662155,6180,0,,
26/07/2024,0.21,0.09,0.15,3005,3010,3005,20240726RUN02,13.843727685185804,100.46683614986243,26/07/2024,2.0853869900561217,1.585034014122872,2.202547936727827,1.2514219069990868,2.202547936727827,0.1171609466717051,2.1439674633919745,2.1088875168345953,6180,0,3006,428
26/07/2024,0.11,0.0,0.06,3010,3015,3010,20240726RUN02,13.843739754929304,100.46688072069477,26/07/2024,2.0853869900561217,1.585034014122872,2.202547936727827,1.2514219069990868,2.202547936727827,0.1171609466717051,2.1439674633919745,1.9953080429820373,6180,0,3013,429
26/07/2024,0.02,0.02,0.02,3015,3020,3015,20240726RUN02,13.843751927479914,100.46692526222424,26/07/2024,2.0853869900561217,1.585034014122872,2.202547936727827,1.2514219069990868,2.202547936727827,0.1171609466717051,2.1439674633919745,2.2427575202205903,6180,0,,
26/07/2024,0.12,0.34,0.23,3020,3025,3020,20240726RUN02,13.843764328858084,100.4669697374545,26/07/2024,1.940096738632157,1.377267829717506,2.060285654226914,1.3656285310065317,2.060285654226914,0.1201889155947568,2.0001911964295354,1.9198005114844419,6180,0,3020,430
26/07/2024,0.05,0.02,0.04,3025,3030,3025,20240726RUN02,13.843777115031369,100.46701409833409,26/07/2024,1.940096738632157,1.377267829717506,2.060285654226914,1.3656285310065317,2.060285654226914,0.1201889155947568,2.0001911964295354,2.182734625878826,6180,0,3027,431
26/07/2024,0.13,0.1,0.12,3030,3035,3030,20240726RUN02,13.843790339660885,100.46705832440178,26/07/2024,1.940096738632157,1.377267829717506,2.060285654226914,1.3656285310065317,2.060285654226914,0.1201889155947568,2.0001911964295354,2.048090775451456,6180,0,3034,432
26/07/2024,0.03,0.0,0.02,3035,3040,3035,20240726RUN02,13.843803959606124,100.46710242466699,26/07/2024,1.940096738632157,1.377267829717506,2.060285654226914,1.3656285310065317,2.060285654226914,0.1201889155947568,2.0001911964295354,2.0506371995219745,6180,0,,
26/07/2024,0.1,0.56,0.33,3040,3045,3040,20240726RUN02,13.843817888715614,100.46714642375528,26/07/2024,2.8242115898198508,2.159742602561304,2.9091523821320786,2.056661017175312,2.9091523821320786,0.0849407923122278,2.8666819859759647,2.6581318850616666,6180,0,3041,433
26/07/2024,0.06,0.0,0.03,3045,3050,3045,20240726RUN02,13.843832011048374,100.46719035829939,26/07/2024,2.8242115898198508,2.159742602561304,2.9091523821320786,2.056661017175312,2.9091523821320786,0.0849407923122278,2.8666819859759647,2.9938753344762206,6180,0,3048,434
26/07/2024,0.05,1.56,0.8,3050,3055,3050,20240726RUN02,13.843846202409805,100.4672342695536,26/07/2024,2.8242115898198508,2.159742602561304,2.9091523821320786,2.056661017175312,2.9091523821320786,0.0849407923122278,2.8666819859759647,3.130072853413326,6180,0,,
26/07/2024,0.34,0.48,0.41,3055,3060,3055,20240726RUN02,13.843860330313479,100.46727820225664,26/07/2024,2.8242115898198508,2.159742602561304,2.9091523821320786,2.056661017175312,2.9091523821320786,0.0849407923122278,2.8666819859759647,2.730228690933826,6180,0,3055,435
26/07/2024,0.64,0.9,0.77,3060,3065,3060,20240726RUN02,13.843874320550269,100.46732218105679,26/07/2024,1.5895853670941429,1.0715105252149155,2.0832123362584296,1.3172491571339522,2.0832123362584296,0.4936269691642867,1.8363988516762864,1.9593403578203115,6180,0,3062,436
26/07/2024,1.13,1.19,1.16,3065,3070,3065,20240726RUN02,13.843888235126096,100.46736618497371,26/07/2024,1.5895853670941429,1.0715105252149155,2.0832123362584296,1.3172491571339522,2.0832123362584296,0.4936269691642867,1.8363988516762864,1.9744113002623371,6180,0,3069,437
26/07/2024,0.4,1.91,1.16,3070,3075,3070,20240726RUN02,13.84390217848391,100.46741017935864,26/07/2024,1.5895853670941429,1.0715105252149155,2.0832123362584296,1.3172491571339522,2.0832123362584296,0.4936269691642867,1.8363988516762864,1.7931602967374602,6180,0,,
26/07/2024,0.66,0.68,0.67,3075,3080,3075,20240726RUN02,13.843916124832324,100.46745417277614,26/07/2024,1.5895853670941429,1.0715105252149155,2.0832123362584296,1.3172491571339522,2.0832123362584296,0.4936269691642867,1.8363988516762864,1.8216329378808056,6180,0,3076,438
26/07/2024,0.58,0.52,0.55,3080,3085,3080,20240726RUN02,13.843930035791505,100.46749817793926,26/07/2024,1.0487472581686963,0.7230989417199434,1.5972408999842571,1.0943252096080884,1.5972408999842571,0.5484936418155606,1.3229940790764767,1.336139045957986,6180,0,3083,439
26/07/2024,0.49,0.76,0.62,3085,3090,3085,20240726RUN02,13.843943930011273,100.46754218865817,26/07/2024,1.0487472581686963,0.7230989417199434,1.5972408999842571,1.0943252096080884,1.5972408999842571,0.5484936418155606,1.3229940790764767,1.193928747650547,6180,0,,
26/07/2024,0.5,0.05,0.28,3090,3095,3090,20240726RUN02,13.843957835589276,100.46758619566079,26/07/2024,1.0487472581686963,0.7230989417199434,1.5972408999842571,1.0943252096080884,1.5972408999842571,0.5484936418155606,1.3229940790764767,1.2794562394600884,6180,0,3090,440
26/07/2024,0.51,0.07,0.29,3095,3100,3095,20240726RUN02,13.843971819644022,100.46763017661237,26/07/2024,1.0487472581686963,0.7230989417199434,1.5972408999842571,1.0943252096080884,1.5972408999842571,0.5484936418155606,1.3229940790764767,1.1988341248635273,6180,0,3097,441
26/07/2024,0.38,0.0,0.19,3100,3105,3100,20240726RUN02,13.843985901681966,100.46767412482487,26/07/2024,1.724962299851156,1.096516493384846,1.813323152705682,1.4241205459977435,1.813323152705682,0.0883608528545258,1.769142726278419,1.7595280080718996,6180,0,3104,442
26/07/2024,0.12,0.16,0.14,3105,3110,3105,20240726RUN02,13.844000038023587,100.46771805478055,26/07/2024,1.724962299851156,1.096516493384846,1.813323152705682,1.4241205459977435,1.813323152705682,0.0883608528545258,1.769142726278419,1.8172006396970075,6180,0,,
26/07/2024,0.18,0.93,0.56,3110,3115,3110,20240726RUN02,13.844014243720405,100.46776196128734,26/07/2024,1.724962299851156,1.096516493384846,1.813323152705682,1.4241205459977435,1.813323152705682,0.0883608528545258,1.769142726278419,1.6620575566645843,6180,0,3111,443
26/07/2024,0.87,0.0,0.44,3115,3120,3115,20240726RUN02,13.84402854514687,100.46780583524611,26/07/2024,1.724962299851156,1.096516493384846,1.813323152705682,1.4241205459977435,1.813323152705682,0.0883608528545258,1.769142726278419,1.7926629984592408,6180,0,3118,444
26/07/2024,0.31,0.0,0.16,3120,3125,3120,20240726RUN02,13.844042886028685,100.4678496957268,26/07/2024,1.9825059994342509,1.82184295809218,2.4039033929386235,1.7127553379779552,2.4039033929386235,0.4213973935043729,2.193204696186437,2.0471341686458935,6180,0,,
26/07/2024,0.75,0.0,0.38,3125,3130,3125,20240726RUN02,13.844057224704907,100.46789355698888,26/07/2024,1.9825059994342509,1.82184295809218,2.4039033929386235,1.7127553379779552,2.4039033929386235,0.4213973935043729,2.193204696186437,2.320705039551891,6180,0,3125,445
26/07/2024,1.39,0.0,0.7,3130,3135,3130,20240726RUN02,13.844071528482468,100.46793743016664,26/07/2024,1.9825059994342509,1.82184295809218,2.4039033929386235,1.7127553379779552,2.4039033929386235,0.4213973935043729,2.193204696186437,2.1041478488568313,6180,0,3132,446
26/07/2024,1.32,0.0,0.66,3135,3140,3135,20240726RUN02,13.84408580789561,100.46798131169514,26/07/2024,1.9825059994342509,1.82184295809218,2.4039033929386235,1.7127553379779552,2.4039033929386235,0.4213973935043729,2.193204696186437,2.2243363239659932,6180,0,3139,447
26/07/2024,1.7,0.02,0.86,3140,3145,3140,20240726RUN02,13.84410014553824,100.46802517331837,26/07/2024,2.1275356478665417,1.958935303626388,2.134905105645067,1.5378723030533266,2.134905105645067,0.0073694577785254,2.1312203767558042,2.056258893035911,6180,0,,
26/07/2024,1.81,0.0,0.9,3145,3150,3145,20240726RUN02,13.844114577923918,100.46806900235782,26/07/2024,2.1275356478665417,1.958935303626388,2.134905105645067,1.5378723030533266,2.134905105645067,0.0073694577785254,2.1312203767558042,2.2212934574461145,6180,0,3146,448
26/07/2024,1.33,0.0,0.66,3150,3155,3150,20240726RUN02,13.844128975597995,100.46811284338908,26/07/2024,2.1275356478665417,1.958935303626388,2.134905105645067,1.5378723030533266,2.134905105645067,0.0073694577785254,2.1312203767558042,1.967275293762481,6180,0,3153,449
26/07/2024,0.4,0.0,0.2,3155,3160,3155,20240726RUN02,13.844143154565694,100.4681567589889,26/07/2024,2.1275356478665417,1.958935303626388,2.134905105645067,1.5378723030533266,2.134905105645067,0.0073694577785254,2.1312203767558042,2.18680496195087,6180,0,,
26/07/2024,0.56,0.16,0.36,3160,3165,3160,20240726RUN02,13.844157066963348,100.46820076381292,26/07/2024,2.3823451238096784,2.276812274376394,3.01823172021664,2.491494230682135,3.01823172021664,0.6358865964069613,2.700288422013159,2.890304846132888,6180,0,3160,450
26/07/2024,0.23,0.04,0.14,3165,3170,3165,20240726RUN02,13.844170724530514,100.4682448521583,26/07/2024,2.3823451238096784,2.276812274376394,3.01823172021664,2.491494230682135,3.01823172021664,0.6358865964069613,2.700288422013159,2.7520242188326423,6180,0,3167,451
26/07/2024,0.56,0.0,0.28,3170,3175,3170,20240726RUN02,13.844184189306906,100.46828900270415,26/07/2024,2.3823451238096784,2.276812274376394,3.01823172021664,2.491494230682135,3.01823172021664,0.6358865964069613,2.700288422013159,2.481261603183163,6180,0,3174,452
26/07/2024,0.6,0.0,0.3,3175,3180,3175,20240726RUN02,13.84419763897987,100.46833315807466,26/07/2024,2.3823451238096784,2.276812274376394,3.01823172021664,2.491494230682135,3.01823172021664,0.6358865964069613,2.700288422013159,2.7697827727957005,6180,0,,
26/07/2024,1.11,0.0,0.56,3180,3185,3180,20240726RUN02,13.844211253902564,100.46837726029607,26/07/2024,1.7192025907416348,1.2244607386016686,1.7171991225421717,1.29088384670507,1.7192025907416348,0.0020034681994631,1.7182008566419031,1.8565897161423057,6180,0,3181,453
26/07/2024,0.42,0.0,0.21,3185,3190,3185,20240726RUN02,13.844225221958377,100.46842124656177,26/07/2024,1.7192025907416348,1.2244607386016686,1.7171991225421717,1.29088384670507,1.7192025907416348,0.0020034681994631,1.7182008566419031,1.5712405813903758,6180,0,3188,454
26/07/2024,0.42,0.0,0.21,3190,3195,3190,20240726RUN02,13.844239580076644,100.46846510125611,26/07/2024,1.7192025907416348,1.2244607386016686,1.7171991225421717,1.29088384670507,1.7192025907416348,0.0020034681994631,1.7182008566419031,1.7142293872947016,6180,0,,
26/07/2024,1.12,0.0,0.56,3195,3200,3195,20240726RUN02,13.844254092518888,100.46850890278198,26/07/2024,1.7192025907416348,1.2244607386016686,1.7171991225421717,1.29088384670507,1.7192025907416348,0.0020034681994631,1.7182008566419031,1.5754739847783696,6180,0,3195,455
26/07/2024,0.91,0.0,0.46,3200,3205,3200,20240726RUN02,13.84426864913032,100.46855268897717,26/07/2024,2.0626519254652487,1.396053501925199,1.7106017523346977,1.3071670923330223,2.0626519254652487,0.352050173130551,1.8866268388999732,1.7269899000738997,6180,0,3202,456
26/07/2024,1.4,0.14,0.77,3205,3210,3205,20240726RUN02,13.844283219264991,100.46859647047135,26/07/2024,2.0626519254652487,1.396053501925199,1.7106017523346977,1.3071670923330223,2.0626519254652487,0.352050173130551,1.8866268388999732,1.8700012379867235,6180,0,3209,457
26/07/2024,2.4,0.31,1.36,3210,3215,3210,20240726RUN02,13.844297754991917,100.46864026389343,26/07/2024,2.0626519254652487,1.396053501925199,1.7106017523346977,1.3071670923330223,2.0626519254652487,0.352050173130551,1.8866268388999732,2.0607788921112435,6180,0,,
26/07/2024,1.93,0.14,1.03,3215,3220,3215,20240726RUN02,13.844312253958455,100.46868407008316,26/07/2024,2.0626519254652487,1.396053501925199,1.7106017523346977,1.3071670923330223,2.0626519254652487,0.352050173130551,1.8866268388999732,2.003935988956313,6180,0,3216,458
26/07/2024,2.51,0.39,1.45,3220,3225,3220,20240726RUN02,13.844326694573839,100.4687278964641,26/07/2024,5.51239359142895,5.751544402155875,4.527391014826359,3.793325782780749,5.51239359142895,0.9850025766025912,5.019892303127655,5.280663602270197,6180,0,3223,459
26/07/2024,2.8,0.45,1.62,3225,3230,3225,20240726RUN02,13.84434107080226,100.46877174499402,26/07/2024,5.51239359142895,5.751544402155875,4.527391014826359,3.793325782780749,5.51239359142895,0.9850025766025912,5.019892303127655,5.0221688027201745,6180,0,,
26/07/2024,2.28,0.16,1.22,3230,3235,3230,20240726RUN02,13.844355388408312,100.46881561358263,26/07/2024,5.51239359142895,5.751544402155875,4.527391014826359,3.793325782780749,5.51239359142895,0.9850025766025912,5.019892303127655,4.94512556248486,6180,0,3230,460
26/07/2024,3.64,0.36,2.0,3235,3240,3235,20240726RUN02,13.844369610684822,100.46885951457426,26/07/2024,5.51239359142895,5.751544402155875,4.527391014826359,3.793325782780749,5.51239359142895,0.9850025766025912,5.019892303127655,5.081688831682847,6180,0,3237,461
26/07/2024,2.75,0.29,1.52,3240,3245,3240,20240726RUN02,13.844383771773437,100.46890343623451,26/07/2024,3.753316934088621,4.163892883629391,3.419394241046253,4.492007940534212,3.753316934088621,0.3339226930423677,3.5863555875674367,3.6834938671793966,6180,0,3244,462
26/07/2024,4.11,0.62,2.37,3245,3250,3245,20240726RUN02,13.84439793363026,100.46894735761072,26/07/2024,3.753316934088621,4.163892883629391,3.419394241046253,4.492007940534212,3.753316934088621,0.3339226930423677,3.5863555875674367,3.7491323297434667,6180,0,,
26/07/2024,4.16,0.6,2.38,3250,3255,3250,20240726RUN02,13.84441208423883,100.4689912827481,26/07/2024,3.753316934088621,4.163892883629391,3.419394241046253,4.492007940534212,3.753316934088621,0.3339226930423677,3.5863555875674367,3.4834564376659545,6180,0,3252,463
26/07/2024,3.77,0.31,2.04,3255,3260,3255,20240726RUN02,13.844426224963907,100.4690352112335,26/07/2024,3.753316934088621,4.163892883629391,3.419394241046253,4.492007940534212,3.753316934088621,0.3339226930423677,3.5863555875674367,3.4580791325436087,6180,0,3259,464
26/07/2024,4.08,0.0,2.04,3260,3265,3260,20240726RUN02,13.844440351369139,100.46907914451107,26/07/2024,1.4895237456316577,1.1802840124952303,1.094161465603578,1.012857084354616,1.4895237456316577,0.3953622800280798,1.2918426056176178,1.2952114351729054,6180,0,,
26/07/2024,1.67,0.01,0.84,3265,3270,3265,20240726RUN02,13.844454432223415,100.46912309307699,26/07/2024,1.4895237456316577,1.1802840124952303,1.094161465603578,1.012857084354616,1.4895237456316577,0.3953622800280798,1.2918426056176178,1.2348095094525984,6180,0,3266,465
26/07/2024,1.81,0.03,0.92,3270,3275,3270,20240726RUN02,13.844468454068908,100.46916706139298,26/07/2024,1.4895237456316577,1.1802840124952303,1.094161465603578,1.012857084354616,1.4895237456316577,0.3953622800280798,1.2918426056176178,1.2026953133754443,6180,0,3273,466
26/07/2024,2.09,0.02,1.06,3275,3280,3275,20240726RUN02,13.844482432682618,100.4692110441219,26/07/2024,1.4895237456316577,1.1802840124952303,1.094161465603578,1.012857084354616,1.4895237456316577,0.3953622800280798,1.2918426056176178,1.3556134404438427,6180,0,,
26/07/2024,1.69,0.0,0.84,3280,3285,3280,20240726RUN02,13.84449638267758,100.4692550363759,26/07/2024,1.9056727133202809,1.281458815108674,1.044079349652737,0.8196802011362775,1.9056727133202809,0.8615933636675437,1.474876031486509,1.4074655554974047,6180,0,3280,467
26/07/2024,2.05,0.01,1.03,3285,3290,3285,20240726RUN02,13.8445103002469,100.46929903936447,26/07/2024,1.9056727133202809,1.281458815108674,1.044079349652737,0.8196802011362775,1.9056727133202809,0.8615933636675437,1.474876031486509,1.5515403557348841,6180,0,3287,468
26/07/2024,1.39,0.0,0.7,3290,3295,3290,20240726RUN02,13.844524186893606,100.46934305260245,26/07/2024,1.9056727133202809,1.281458815108674,1.044079349652737,0.8196802011362775,1.9056727133202809,0.8615933636675437,1.474876031486509,1.457752248044323,6180,0,3294,469
26/07/2024,1.87,0.0,0.94,3295,3300,3295,20240726RUN02,13.844538033988902,100.46938707890594,26/07/2024,1.9056727133202809,1.281458815108674,1.044079349652737,0.8196802011362775,1.9056727133202809,0.8615933636675437,1.474876031486509,1.5240334207250539,6180,0,,
26/07/2024,1.36,0.0,0.68,3300,3305,3300,20240726RUN02,13.844551859907734,100.46943111217978,26/07/2024,1.649924626426153,1.9227226240721809,1.210103003430024,0.8629183043558774,1.649924626426153,0.4398216229961287,1.4300138149280883,1.5282335143490557,6180,0,3301,470
26/07/2024,1.34,0.0,0.67,3305,3310,3305,20240726RUN02,13.844565680711876,100.4694751471773,26/07/2024,1.649924626426153,1.9227226240721809,1.210103003430024,0.8629183043558774,1.649924626426153,0.4398216229961287,1.4300138149280883,1.3391856413303904,6180,0,3308,471
26/07/2024,0.93,0.0,0.46,3310,3315,3310,20240726RUN02,13.844579473405462,100.46951919140814,26/07/2024,1.649924626426153,1.9227226240721809,1.210103003430024,0.8629183043558774,1.649924626426153,0.4398216229961287,1.4300138149280883,1.429130789072277,6180,0,,
26/07/2024,1.65,0.0,0.82,3315,3320,3315,20240726RUN02,13.844593258291741,100.46956323821293,26/07/2024,1.649924626426153,1.9227226240721809,1.210103003430024,0.8629183043558774,1.649924626426153,0.4398216229961287,1.4300138149280883,1.451337727743625,6180,0,3315,472
26/07/2024,2.61,0.0,1.3,3320,3325,3320,20240726RUN02,13.844607090065306,100.46960726958106,26/07/2024,1.579713116130114,1.2570315208459957,1.2105146811923533,0.9625467282614122,1.579713116130114,0.3691984349377608,1.3951138986612337,1.3776041234702172,6180,0,3322,473
26/07/2024,0.95,0.0,0.48,3325,3330,3325,20240726RUN02,13.844620938079766,100.4696512956109,26/07/2024,1.579713116130114,1.2570315208459957,1.2105146811923533,0.9625467282614122,1.579713116130114,0.3691984349377608,1.3951138986612337,1.298209247493868,6180,0,3329,474
26/07/2024,1.45,0.0,0.72,3330,3335,3330,20240726RUN02,13.844634809928193,100.469695313813,26/07/2024,1.579713116130114,1.2570315208459957,1.2105146811923533,0.9625467282614122,1.579713116130114,0.3691984349377608,1.3951138986612337,1.3256552790266418,6180,0,,
26/07/2024,1.41,0.0,0.7,3335,3340,3335,20240726RUN02,13.844648751392828,100.46973930894124,26/07/2024,1.579713116130114,1.2570315208459957,1.2105146811923533,0.9625467282614122,1.579713116130114,0.3691984349377608,1.3951138986612337,1.4934531708144712,6180,0,3336,475
26/07/2024,2.15,0.0,1.08,3340,3345,3340,20240726RUN02,13.844662722566214,100.46978329421296,26/07/2024,2.6112607738266047,2.3442837231786395,2.16967722887648,1.5030215800441349,2.6112607738266047,0.4415835449501246,2.3904690013515424,2.598437977223627,6180,0,3343,476
26/07/2024,2.44,0.0,1.22,3345,3350,3345,20240726RUN02,13.844676687635982,100.46982728153607,26/07/2024,2.6112607738266047,2.3442837231786395,2.16967722887648,1.5030215800441349,2.6112607738266047,0.4415835449501246,2.3904690013515424,2.400076129530153,6180,0,,
26/07/2024,3.07,0.0,1.54,3350,3355,3350,20240726RUN02,13.844690654295311,100.46987126832465,26/07/2024,2.6112607738266047,2.3442837231786395,2.16967722887648,1.5030215800441349,2.6112607738266047,0.4415835449501246,2.3904690013515424,2.2591810254582247,6180,0,3350,477
26/07/2024,1.86,0.0,0.93,3355,3360,3355,20240726RUN02,13.844704643608816,100.46991524757334,26/07/2024,2.6112607738266047,2.3442837231786395,2.16967722887648,1.5030215800441349,2.6112607738266047,0.4415835449501246,2.3904690013515424,2.534454365920657,6180,0,3357,478
26/07/2024,2.28,0.0,1.14,3360,3365,3360,20240726RUN02,13.844718622700873,100.4699592302599,26/07/2024,2.0125675980736526,1.4983755865733084,1.8679377156016168,1.6958697464979295,2.0125675980736526,0.144629882472036,1.9402526568376346,1.9466797505962115,6180,0,3364,479
26/07/2024,3.33,0.0,1.66,3365,3370,3365,20240726RUN02,13.844732563546636,100.47000322564634,26/07/2024,2.0125675980736526,1.4983755865733084,1.8679377156016168,1.6958697464979295,2.0125675980736526,0.144629882472036,1.9402526568376346,1.8501413637918376,6180,0,,
26/07/2024,2.9,0.0,1.45,3370,3375,3370,20240726RUN02,13.844746508443846,100.47004721972935,26/07/2024,2.0125675980736526,1.4983755865733084,1.8679377156016168,1.6958697464979295,2.0125675980736526,0.144629882472036,1.9402526568376346,2.111089497795328,6180,0,3371,480
26/07/2024,2.47,0.04,1.26,3375,3380,3375,20240726RUN02,13.844760473101752,100.4700912072553,26/07/2024,2.0125675980736526,1.4983755865733084,1.8679377156016168,1.6958697464979295,2.0125675980736526,0.144629882472036,1.9402526568376346,1.9835190196344632,6180,0,3378,481
26/07/2024,2.72,0.0,1.36,3380,3385,3380,20240726RUN02,13.844774461415875,100.4701351869216,26/07/2024,1.5960739144680165,1.0943672919956609,1.5757788650199616,1.1188103193197534,1.5960739144680165,0.0202950494480549,1.585926389743989,1.581163987585822,6180,0,,
26/07/2024,1.83,0.0,0.92,3385,3390,3385,20240726RUN02,13.844788442674076,100.4701791689293,26/07/2024,1.5960739144680165,1.0943672919956609,1.5757788650199616,1.1188103193197534,1.5960739144680165,0.0202950494480549,1.585926389743989,1.6162207376666935,6180,0,3385,482
26/07/2024,1.15,0.0,0.57,3390,3395,3390,20240726RUN02,13.844802371850328,100.47022316822101,26/07/2024,1.5960739144680165,1.0943672919956609,1.5757788650199616,1.1188103193197534,1.5960739144680165,0.0202950494480549,1.585926389743989,1.4959900599749747,6180,0,3392,483
26/07/2024,0.44,0.0,0.22,3395,3400,3395,20240726RUN02,13.844816287399748,100.47026717205247,26/07/2024,1.5960739144680165,1.0943672919956609,1.5757788650199616,1.1188103193197534,1.5960739144680165,0.0202950494480549,1.585926389743989,1.5919541768641616,6180,0,3399,484
26/07/2024,0.87,0.1,0.48,3400,3405,3400,20240726RUN02,13.844830181492563,100.47031118293636,26/07/2024,2.0836348598463426,1.7216285409791852,1.3963165880025412,0.9591516795277476,2.0836348598463426,0.6873182718438013,1.739975723924442,1.7025325982444086,6180,0,,
26/07/2024,0.79,0.01,0.4,3405,3410,3405,20240726RUN02,13.84484397438927,100.47035522715858,26/07/2024,2.0836348598463426,1.7216285409791852,1.3963165880025412,0.9591516795277476,2.0836348598463426,0.6873182718438013,1.739975723924442,1.6241171837325377,6180,0,3406,485
26/07/2024,1.64,0.0,0.82,3410,3415,3410,20240726RUN02,13.844857705677066,100.47039929158078,26/07/2024,2.0836348598463426,1.7216285409791852,1.3963165880025412,0.9591516795277476,2.0836348598463426,0.6873182718438013,1.739975723924442,1.747573649767379,6180,0,3413,486
26/07/2024,1.47,0.0,0.74,3415,3420,3415,20240726RUN02,13.84487152468519,100.4704433272275,26/07/2024,2.0836348598463426,1.7216285409791852,1.3963165880025412,0.9591516795277476,2.0836348598463426,0.6873182718438013,1.739975723924442,1.6735470955087388,6180,0,,
26/07/2024,1.24,0.01,0.62,3420,3425,3420,20240726RUN02,13.844885548637516,100.47048729491522,26/07/2024,1.58681554261725,1.1938021752354209,1.4246380926654023,1.217243689868719,1.58681554261725,0.1621774499518475,1.5057268176413263,1.492811155395746,6180,0,3420,487
26/07/2024,1.4,0.0,0.7,3425,3430,3425,20240726RUN02,13.844899735296869,100.47053120794106,26/07/2024,1.58681554261725,1.1938021752354209,1.4246380926654023,1.217243689868719,1.58681554261725,0.1621774499518475,1.5057268176413263,1.4432609898740432,6180,0,3427,488
26/07/2024,1.34,0.0,0.67,3430,3435,3430,20240726RUN02,13.844913988970086,100.47057509821475,26/07/2024,1.58681554261725,1.1938021752354209,1.4246380926654023,1.217243689868719,1.58681554261725,0.1621774499518475,1.5057268176413263,1.527121976081974,6180,0,3434,489
26/07/2024,1.58,0.0,0.79,3435,3440,3435,20240726RUN02,13.844928288288964,100.470618972952,26/07/2024,1.58681554261725,1.1938021752354209,1.4246380926654023,1.217243689868719,1.58681554261725,0.1621774499518475,1.5057268176413263,1.4449592430155038,6180,0,,
26/07/2024,1.81,0.0,0.9,3440,3445,3440,20240726RUN02,13.844942615317148,100.47066283821052,26/07/2024,2.738510135136136,2.267674628096284,2.2480098165819857,1.7648058832662752,2.738510135136136,0.4905003185541501,2.493259975859061,2.3950341713292893,6180,0,3441,490
26/07/2024,1.49,0.0,0.74,3445,3450,3445,20240726RUN02,13.844956897292066,100.47070671887377,26/07/2024,2.738510135136136,2.267674628096284,2.2480098165819857,1.7648058832662752,2.738510135136136,0.4905003185541501,2.493259975859061,2.4403802047008476,6180,0,3448,491
26/07/2024,1.23,0.0,0.62,3450,3455,3450,20240726RUN02,13.844971100000004,100.47075062644235,26/07/2024,2.738510135136136,2.267674628096284,2.2480098165819857,1.7648058832662752,2.738510135136136,0.4905003185541501,2.493259975859061,2.599648971675069,6180,0,,
26/07/2024,1.62,0.0,0.81,3455,3460,3455,20240726RUN02,13.844985327336403,100.47079452569119,26/07/2024,2.738510135136136,2.267674628096284,2.2480098165819857,1.7648058832662752,2.738510135136136,0.4905003185541501,2.493259975859061,2.431922235890344,6180,0,3455,492
26/07/2024,2.25,0.0,1.12,3460,3465,3460,20240726RUN02,13.844999649456142,100.47083839260779,26/07/2024,3.119638957840819,2.270673186490357,2.088203178166967,1.4683857084012817,3.119638957840819,1.0314357796738518,2.603921068003893,2.533486354243099,6180,0,3462,493
26/07/2024,3.85,0.0,1.92,3465,3470,3465,20240726RUN02,13.845014073687572,100.47088222448573,26/07/2024,3.119638957840819,2.270673186490357,2.088203178166967,1.4683857084012817,3.119638957840819,1.0314357796738518,2.603921068003893,2.5259443288285697,6180,0,3469,494
26/07/2024,3.6,0.0,1.8,3470,3475,3470,20240726RUN02,13.845028674244755,100.47092599518251,26/07/2024,3.119638957840819,2.270673186490357,2.088203178166967,1.4683857084012817,3.119638957840819,1.0314357796738518,2.603921068003893,2.4932550532825086,6180,0,,
26/07/2024,3.41,0.0,1.7,3475,3480,3475,20240726RUN02,13.84504336865192,100.47096973300916,26/07/2024,3.119638957840819,2.270673186490357,2.088203178166967,1.4683857084012817,3.119638957840819,1.0314357796738518,2.603921068003893,2.636611002251824,6180,0,3476,495
26/07/2024,2.23,0.0,1.12,3480,3485,3480,20240726RUN02,13.845057980301554,100.47101349984644,26/07/2024,3.381543608948053,3.6842305416248826,2.328283039654543,1.767142782201285,3.381543608948053,1.0532605692935104,2.854913324301298,2.7004572233753596,6180,0,3483,496
26/07/2024,2.79,0.0,1.4,3485,3490,3485,20240726RUN02,13.845072339808594,100.47105735389312,26/07/2024,3.381543608948053,3.6842305416248826,2.328283039654543,1.767142782201285,3.381543608948053,1.0532605692935104,2.854913324301298,2.8186662554560318,6180,0,,
26/07/2024,2.68,0.0,1.34,3490,3495,3490,20240726RUN02,13.845086290853889,100.47110134570214,26/07/2024,3.381543608948053,3.6842305416248826,2.328283039654543,1.767142782201285,3.381543608948053,1.0532605692935104,2.854913324301298,2.9831833060872612,6180,0,3490,497
26/07/2024,2.0,0.0,1.0,3495,3500,3495,20240726RUN02,13.84509973564005,100.47114550223655,26/07/2024,3.381543608948053,3.6842305416248826,2.328283039654543,1.767142782201285,3.381543608948053,1.0532605692935104,2.854913324301298,2.9370364742243567,6180,0,3497,498
26/07/2024,1.91,0.0,0.96,3500,3505,3500,20240726RUN02,13.845112617588113,100.47118983422524,26/07/2024,2.6804532322131687,1.8310060758214783,3.1773591061578688,2.466703638463991,3.1773591061578688,0.4969058739447001,2.9289061691855185,3.140971669565899,6180,0,3504,499
26/07/2024,0.7,0.0,0.35,3505,3510,3505,20240726RUN02,13.845125309411745,100.47123422386854,26/07/2024,2.6804532322131687,1.8310060758214783,3.1773591061578688,2.466703638463991,3.1773591061578688,0.4969058739447001,2.9289061691855185,2.8533369692889385,6180,0,,
26/07/2024,0.8,0.0,0.4,3510,3515,3510,20240726RUN02,13.845138373641177,100.47127850000184,26/07/2024,2.6804532322131687,1.8310060758214783,3.1773591061578688,2.466703638463991,3.1773591061578688,0.4969058739447001,2.9289061691855185,3.1588507438335656,6180,0,3511,500
26/07/2024,0.49,0.0,0.24,3515,3520,3515,20240726RUN02,13.84515184093767,100.47132264968991,26/07/2024,2.6804532322131687,1.8310060758214783,3.1773591061578688,2.466703638463991,3.1773591061578688,0.4969058739447001,2.9289061691855185,2.7713049241135725,6180,0,3518,501
26/07/2024,0.72,0.0,0.36,3520,3525,3520,20240726RUN02,13.845165395487262,100.47136677152713,26/07/2024,3.316107977203848,3.1102751332433733,3.5613072982303144,2.8971221465254,3.5613072982303144,0.2451993210264662,3.4387076377170813,3.263177102492793,6180,0,,
26/07/2024,1.72,0.24,0.98,3525,3530,3525,20240726RUN02,13.845178962489932,100.47141088928782,26/07/2024,3.316107977203848,3.1102751332433733,3.5613072982303144,2.8971221465254,3.5613072982303144,0.2451993210264662,3.4387076377170813,3.498280238877551,6180,0,3525,502
26/07/2024,0.81,0.11,0.46,3530,3535,3530,20240726RUN02,13.84519257693545,100.47145499162826,26/07/2024,3.316107977203848,3.1102751332433733,3.5613072982303144,2.8971221465254,3.5613072982303144,0.2451993210264662,3.4387076377170813,3.6811613200922397,6180,0,3532,503
26/07/2024,1.36,0.0,0.68,3535,3540,3535,20240726RUN02,13.845206265649772,100.4714990699319,26/07/2024,3.316107977203848,3.1102751332433733,3.5613072982303144,2.8971221465254,3.5613072982303144,0.2451993210264662,3.4387076377170813,3.4301635575608995,6180,0,3539,504
26/07/2024,0.73,0.0,0.36,3540,3545,3540,20240726RUN02,13.84522004742928,100.4715431178404,26/07/2024,2.214741626943255,1.5466078910581116,2.9937339180531204,2.242931827790506,2.9937339180531204,0.7789922911098652,2.6042377724981876,2.372057413166876,6180,0,,
26/07/2024,0.55,0.0,0.28,3545,3550,3545,20240726RUN02,13.845233896863782,100.47158714359928,26/07/2024,2.214741626943255,1.5466078910581116,2.9937339180531204,2.242931827790506,2.9937339180531204,0.7789922911098652,2.6042377724981876,2.5940706335857646,6180,0,3546,505
26/07/2024,0.73,0.0,0.36,3550,3555,3550,20240726RUN02,13.845247774651849,100.47163116001248,26/07/2024,2.214741626943255,1.5466078910581116,2.9937339180531204,2.242931827790506,2.9937339180531204,0.7789922911098652,2.6042377724981876,2.5706686363818365,6180,0,3554,506
26/07/2024,0.73,0.29,0.51,3555,3560,3555,20240726RUN02,13.84526167102976,100.47167517032682,26/07/2024,2.214741626943255,1.5466078910581116,2.9937339180531204,2.242931827790506,2.9937339180531204,0.7789922911098652,2.6042377724981876,2.7362928294072897,6180,0,,
26/07/2024,0.63,0.02,0.32,3560,3565,3560,20240726RUN02,13.845275542357697,100.47171918895174,26/07/2024,2.471054030729019,1.9309717197012188,3.127029000529413,2.1664585930461118,3.127029000529413,0.6559749698003938,2.7990415156292157,3.075979541238533,6180,0,3561,507
26/07/2024,1.14,0.12,0.63,3565,3570,3565,20240726RUN02,13.845289431970219,100.47176320161208,26/07/2024,2.471054030729019,1.9309717197012188,3.127029000529413,2.1664585930461118,3.127029000529413,0.6559749698003938,2.7990415156292157,2.6340003470952666,6180,0,3568,508
26/07/2024,1.31,0.0,0.66,3570,3575,3570,20240726RUN02,13.845303398155787,100.47180718889597,26/07/2024,2.471054030729019,1.9309717197012188,3.127029000529413,2.1664585930461118,3.127029000529413,0.6559749698003938,2.7990415156292157,2.5720103623534607,6180,0,,
26/07/2024,0.35,0.0,0.18,3575,3580,3575,20240726RUN02,13.845317451291244,100.47185114732443,26/07/2024,2.471054030729019,1.9309717197012188,3.127029000529413,2.1664585930461118,3.127029000529413,0.6559749698003938,2.7990415156292157,2.7149223406413094,6180,0,3575,509
26/07/2024,0.49,0.0,0.24,3580,3585,3580,20240726RUN02,13.845331593882465,100.47189507582746,26/07/2024,2.685892205776732,1.9737876277666329,3.784225152061144,2.53514915027927,3.784225152061144,1.0983329462844127,3.235058678918938,3.387288139008804,6180,0,3582,510
26/07/2024,0.15,0.0,0.08,3585,3590,3585,20240726RUN02,13.845345850441065,100.4719389658282,26/07/2024,2.685892205776732,1.9737876277666329,3.784225152061144,2.53514915027927,3.784225152061144,1.0983329462844127,3.235058678918938,2.9717022212408657,6180,0,3589,511
26/07/2024,0.11,0.0,0.06,3590,3595,3590,20240726RUN02,13.84536028181275,100.47198279595779,26/07/2024,2.685892205776732,1.9737876277666329,3.784225152061144,2.53514915027927,3.784225152061144,1.0983329462844127,3.235058678918938,3.0642276126888652,6180,0,,
26/07/2024,1.53,1.02,1.27,3595,3600,3595,20240726RUN02,13.845374853732938,100.4720265773509,26/07/2024,2.685892205776732,1.9737876277666329,3.784225152061144,2.53514915027927,3.784225152061144,1.0983329462844127,3.235058678918938,3.278481376589461,6180,0,3596,512
26/07/2024,0.56,0.1,0.33,3600,3605,3600,20240726RUN02,13.845389530024011,100.47207032210886,26/07/2024,3.342699806586836,2.2400562942342077,4.645787233084692,2.9722195450943887,4.645787233084692,1.3030874264978562,3.994243519835764,4.0187457673701745,6180,0,3603,513
26/07/2024,0.41,0.0,0.2,3605,3610,3605,20240726RUN02,13.845404252051972,100.47211405079814,26/07/2024,3.342699806586836,2.2400562942342077,4.645787233084692,2.9722195450943887,4.645787233084692,1.3030874264978562,3.994243519835764,3.795229747166625,6180,0,,
26/07/2024,1.23,0.02,0.62,3610,3615,3610,20240726RUN02,13.845418982266239,100.47215777662237,26/07/2024,3.342699806586836,2.2400562942342077,4.645787233084692,2.9722195450943887,4.645787233084692,1.3030874264978562,3.994243519835764,3.9186416479544484,6180,0,3610,514
26/07/2024,0.82,0.0,0.41,3615,3620,3615,20240726RUN02,13.845433793297063,100.47220147379136,26/07/2024,3.342699806586836,2.2400562942342077,4.645787233084692,2.9722195450943887,4.645787233084692,1.3030874264978562,3.994243519835764,4.307425098874498,6180,0,3617,515
26/07/2024,1.33,0.0,0.66,3620,3625,3620,20240726RUN02,13.845448706211082,100.47224513465763,26/07/2024,2.5322562972240235,2.0530934152193034,4.1462151895572585,2.51852793935699,4.1462151895572585,1.613958892333235,3.339235743390641,3.664565666853246,6180,0,3624,516
26/07/2024,1.77,0.0,0.88,3625,3630,3625,20240726RUN02,13.845463726740359,100.4722887568545,26/07/2024,2.5322562972240235,2.0530934152193034,4.1462151895572585,2.51852793935699,4.1462151895572585,1.613958892333235,3.339235743390641,3.1115125027339827,6180,0,,
26/07/2024,0.75,0.0,0.38,3630,3635,3630,20240726RUN02,13.84547887424232,100.47233233317071,26/07/2024,2.5322562972240235,2.0530934152193034,4.1462151895572585,2.51852793935699,4.1462151895572585,1.613958892333235,3.339235743390641,3.0308816904452724,6180,0,3631,517
26/07/2024,1.4,0.0,0.7,3635,3640,3635,20240726RUN02,13.8454942050133,100.47237584239927,26/07/2024,2.5322562972240235,2.0530934152193034,4.1462151895572585,2.51852793935699,4.1462151895572585,1.613958892333235,3.339235743390641,3.60232753470281,6180,0,3638,518
26/07/2024,1.66,0.0,0.83,3640,3645,3640,20240726RUN02,13.845509819384562,100.47241924586541,26/07/2024,2.1887767779087395,1.500388048130226,3.003600927558891,2.079852580780782,3.003600927558891,0.8148241496501516,2.5961888527338153,2.599601208617936,6180,0,,
26/07/2024,1.01,0.0,0.5,3645,3650,3645,20240726RUN02,13.845525719922659,100.47246254050273,26/07/2024,2.1887767779087395,1.500388048130226,3.003600927558891,2.079852580780782,3.003600927558891,0.8148241496501516,2.5961888527338153,2.827543976976406,6180,0,3645,519
26/07/2024,1.39,0.0,0.7,3650,3655,3650,20240726RUN02,13.845541839975922,100.47250575007017,26/07/2024,2.1887767779087395,1.500388048130226,3.003600927558891,2.079852580780782,3.003600927558891,0.8148241496501516,2.5961888527338153,2.4366946485158745,6180,0,3652,520
26/07/2024,1.66,0.0,0.83,3655,3660,3655,20240726RUN02,13.845558288940904,100.47254882947175,26/07/2024,2.1887767779087395,1.500388048130226,3.003600927558891,2.079852580780782,3.003600927558891,0.8148241496501516,2.5961888527338153,2.7699044257993055,6180,0,3659,521
26/07/2024,0.75,0.0,0.38,3660,3665,3660,20240726RUN02,13.84557518581981,100.47259172686559,26/07/2024,3.154994531591368,2.1852180876309326,3.8992838658010776,2.884249807276828,3.8992838658010776,0.7442893342097099,3.527139198696223,3.443856946449287,6180,0,,
26/07/2024,0.31,0.0,0.16,3665,3670,3665,20240726RUN02,13.845592506301466,100.47263444702365,26/07/2024,3.154994531591368,2.1852180876309326,3.8992838658010776,2.884249807276828,3.8992838658010776,0.7442893342097099,3.527139198696223,3.208495040533438,6180,0,3666,522
26/07/2024,0.4,0.0,0.2,3670,3675,3670,20240726RUN02,13.845610232556192,100.47267699241871,26/07/2024,3.154994531591368,2.1852180876309326,3.8992838658010776,2.884249807276828,3.8992838658010776,0.7442893342097099,3.527139198696223,3.773391382729583,6180,0,3673,523
26/07/2024,0.38,0.0,0.19,3675,3680,3675,20240726RUN02,13.845628399473322,100.47271934267015,26/07/2024,3.154994531591368,2.1852180876309326,3.8992838658010776,2.884249807276828,3.8992838658010776,0.7442893342097099,3.527139198696223,3.803891327497722,6180,0,,
26/07/2024,0.02,0.0,0.01,3680,3685,3680,20240726RUN02,13.84564704825132,100.47276147287468,26/07/2024,3.3387555183735884,2.3419407137677384,4.773349012021381,3.21784132128692,4.773349012021381,1.4345934936477924,4.056052265197485,3.878840248194978,6180,0,3680,524
26/07/2024,0.18,0.0,0.09,3685,3690,3685,20240726RUN02,13.84566619248106,100.4728033697745,26/07/2024,3.3387555183735884,2.3419407137677384,4.773349012021381,3.21784132128692,4.773349012021381,1.4345934936477924,4.056052265197485,4.251118306891113,6180,0,3687,525
26/07/2024,0.41,0.0,0.2,3690,3695,3690,20240726RUN02,13.845685806127332,100.47284503868748,26/07/2024,3.3387555183735884,2.3419407137677384,4.773349012021381,3.21784132128692,4.773349012021381,1.4345934936477924,4.056052265197485,3.832498022768461,6180,0,3694,526
26/07/2024,0.47,0.0,0.24,3695,3700,3695,20240726RUN02,13.845705869842899,100.47288648247867,26/07/2024,3.3387555183735884,2.3419407137677384,4.773349012021381,3.21784132128692,4.773349012021381,1.4345934936477924,4.056052265197485,3.9982237699948024,6180,0,,
26/07/2024,0.2,0.0,0.1,3700,3705,3700,20240726RUN02,13.845726404827698,100.4729276836973,26/07/2024,3.384003302255153,2.728952272232075,3.3438903545408687,2.694818524967039,3.384003302255153,0.0401129477142845,3.363946828398011,3.5996352183821143,6180,0,3701,527
26/07/2024,0.26,0.0,0.13,3705,3710,3705,20240726RUN02,13.845747440583542,100.47296861933658,26/07/2024,3.384003302255153,2.728952272232075,3.3438903545408687,2.694818524967039,3.384003302255153,0.0401129477142845,3.363946828398011,3.5451594736297114,6180,0,3708,528
26/07/2024,0.23,0.03,0.13,3710,3715,3710,20240726RUN02,13.845768980461642,100.47300927953896,26/07/2024,3.384003302255153,2.728952272232075,3.3438903545408687,2.694818524967039,3.384003302255153,0.0401129477142845,3.363946828398011,3.1365964011785246,6180,0,,
26/07/2024,0.24,0.0,0.12,3715,3720,3715,20240726RUN02,13.845791000089113,100.47304966984565,26/07/2024,3.384003302255153,2.728952272232075,3.3438903545408687,2.694818524967039,3.384003302255153,0.0401129477142845,3.363946828398011,3.064967090005676,6180,0,3715,529
26/07/2024,0.28,0.0,0.14,3720,3725,3720,20240726RUN02,13.845813448521008,100.4730898122172,26/07/2024,2.8277388075987897,1.8221773689246457,3.839334199290553,2.719352383440369,3.839334199290553,1.0115953916917633,3.3335365034446713,3.11829949739889,6180,0,3722,530
26/07/2024,0.43,0.02,0.22,3725,3730,3725,20240726RUN02,13.845836284394949,100.47312972501865,26/07/2024,2.8277388075987897,1.8221773689246457,3.839334199290553,2.719352383440369,3.839334199290553,1.0115953916917633,3.3335365034446713,3.3470309002177703,6180,0,3729,531
26/07/2024,0.32,0.0,0.16,3730,3735,3730,20240726RUN02,13.845859513998873,100.47316939913956,26/07/2024,2.8277388075987897,1.8221773689246457,3.839334199290553,2.719352383440369,3.839334199290553,1.0115953916917633,3.3335365034446713,3.6155794365654375,6180,0,,
26/07/2024,0.29,0.0,0.14,3735,3740,3735,20240726RUN02,13.845883156511082,100.47320881690501,26/07/2024,2.8277388075987897,1.8221773689246457,3.839334199290553,2.719352383440369,3.839334199290553,1.0115953916917633,3.3335365034446713,3.461275518270015,6180,0,3736,532
26/07/2024,0.19,0.0,0.1,3740,3745,3740,20240726RUN02,13.845907186295623,100.47324798856953,26/07/2024,2.934677594820754,2.269850328128633,2.65344401879037,2.0691688636888346,2.934677594820754,0.2812335760303841,2.794060806805562,2.850026937360162,6180,0,3743,533
26/07/2024,0.12,0.0,0.06,3745,3750,3745,20240726RUN02,13.845931571486162,100.4732869295454,26/07/2024,2.934677594820754,2.269850328128633,2.65344401879037,2.0691688636888346,2.934677594820754,0.2812335760303841,2.794060806805562,2.8048775702664783,6180,0,,
26/07/2024,0.29,0.0,0.14,3750,3755,3750,20240726RUN02,13.845956297000601,100.47332564515733,26/07/2024,2.934677594820754,2.269850328128633,2.65344401879037,2.0691688636888346,2.934677594820754,0.2812335760303841,2.794060806805562,2.8911747724089563,6180,0,3750,534
26/07/2024,0.44,0.0,0.22,3755,3760,3755,20240726RUN02,13.845981369198991,100.47336412650553,26/07/2024,2.934677594820754,2.269850328128633,2.65344401879037,2.0691688636888346,2.934677594820754,0.2812335760303841,2.794060806805562,2.773036389016775,6180,0,3757,535
26/07/2024,0.01,0.0,0.0,3760,3765,3760,20240726RUN02,13.846006783461739,100.47340237211655,26/07/2024,3.926480232641193,3.62855933483757,3.771552724688988,2.954779051182136,3.926480232641193,0.154927507952205,3.8490164786650904,4.1570412015891005,6180,0,3764,536
26/07/2024,0.35,0.0,0.18,3765,3770,3765,20240726RUN02,13.846032553622347,100.47344036743154,26/07/2024,3.926480232641193,3.62855933483757,3.771552724688988,2.954779051182136,3.926480232641193,0.154927507952205,3.8490164786650904,3.742351048167838,6180,0,,
26/07/2024,0.63,0.16,0.4,3770,3775,3770,20240726RUN02,13.846058675860267,100.47347811002557,26/07/2024,3.926480232641193,3.62855933483757,3.771552724688988,2.954779051182136,3.926480232641193,0.154927507952205,3.8490164786650904,3.4986563611189174,6180,0,3771,537
26/07/2024,0.29,0.83,0.56,3775,3780,3775,20240726RUN02,13.846085151394039,100.47351559381895,26/07/2024,3.926480232641193,3.62855933483757,3.771552724688988,2.954779051182136,3.926480232641193,0.154927507952205,3.8490164786650904,3.8433504660399813,6180,0,3778,538
26/07/2024,0.23,0.22,0.22,3780,3785,3780,20240726RUN02,13.84611198842077,100.4735528072285,26/07/2024,3.391357197625468,2.3534585525755896,2.7297628667108604,2.097963625613314,3.391357197625468,0.6615943309146073,3.0605600321681643,2.801393823533284,6180,0,,
26/07/2024,0.25,0.4,0.32,3785,3790,3785,20240726RUN02,13.846139195835558,100.47358973792703,26/07/2024,3.391357197625468,2.3534585525755896,2.7297628667108604,2.097963625613314,3.391357197625468,0.6615943309146073,3.0605600321681643,3.2644752064027043,6180,0,3785,539
26/07/2024,0.22,0.0,0.11,3790,3795,3790,20240726RUN02,13.846166798468255,100.47362636005883,26/07/2024,3.391357197625468,2.3534585525755896,2.7297628667108604,2.097963625613314,3.391357197625468,0.6615943309146073,3.0605600321681643,3.192301682445853,6180,0,3792,540
26/07/2024,0.52,0.18,0.35,3795,3800,3795,20240726RUN02,13.846194773242567,100.47366268526386,26/07/2024,3.391357197625468,2.3534585525755896,2.7297628667108604,2.097963625613314,3.391357197625468,0.6615943309146073,3.0605600321681643,3.235791337002684,6180,0,3799,541
26/07/2024,0.53,0.44,0.48,3800,3805,3800,20240726RUN02,13.846223080937076,100.47369873933596,26/07/2024,2.2448973853466825,1.8942665284463165,2.3446047445626688,1.9055859323746296,2.3446047445626688,0.0997073592159862,2.2947510649546756,2.375532279733654,6180,0,,
26/07/2024,0.6,0.38,0.49,3805,3810,3805,20240726RUN02,13.846251718899662,100.47373451903488,26/07/2024,2.2448973853466825,1.8942665284463165,2.3446047445626688,1.9055859323746296,2.3446047445626688,0.0997073592159862,2.2947510649546756,2.4265673504566094,6180,0,3806,542
26/07/2024,0.52,0.01,0.26,3810,3815,3810,20240726RUN02,13.846280699122973,100.47377000891336,26/07/2024,2.2448973853466825,1.8942665284463165,2.3446047445626688,1.9055859323746296,2.3446047445626688,0.0997073592159862,2.2947510649546756,2.1146484482101746,6180,0,3813,543
26/07/2024,0.3,0.19,0.24,3815,3820,3815,20240726RUN02,13.84631005439591,100.47380517443958,26/07/2024,2.2448973853466825,1.8942665284463165,2.3446047445626688,1.9055859323746296,2.3446047445626688,0.0997073592159862,2.2947510649546756,2.306738255259427,6180,0,,
26/07/2024,0.18,0.27,0.22,3820,3825,3820,20240726RUN02,13.84633977299542,100.47384001880108,26/07/2024,1.8225534075870284,1.4456746327655268,2.413672716009972,2.02581344996815,2.413672716009972,0.5911193084229429,2.1181130617985002,1.9108051562147748,6180,0,3820,544
26/07/2024,0.15,0.41,0.28,3825,3830,3825,20240726RUN02,13.846369884988057,100.47387450749972,26/07/2024,1.8225534075870284,1.4456746327655268,2.413672716009972,2.02581344996815,2.413672716009972,0.5911193084229429,2.1181130617985002,1.995487945900649,6180,0,3827,545
26/07/2024,0.3,0.52,0.41,3830,3835,3830,20240726RUN02,13.84640040308603,100.47390862018433,26/07/2024,1.8225534075870284,1.4456746327655268,2.413672716009972,2.02581344996815,2.413672716009972,0.5911193084229429,2.1181130617985002,2.2679337982508843,6180,0,3834,546
26/07/2024,0.98,0.34,0.66,3835,3840,3835,20240726RUN02,13.846431309191107,100.47394236497121,26/07/2024,1.8225534075870284,1.4456746327655268,2.413672716009972,2.02581344996815,2.413672716009972,0.5911193084229429,2.1181130617985002,2.2572764894526194,6180,0,,
26/07/2024,0.96,0.29,0.62,3840,3845,3840,20240726RUN02,13.84646258298157,100.47397575306157,26/07/2024,1.4900332715775706,1.1681998650119143,1.4422709083879892,1.449932772127955,1.4900332715775706,0.0477623631895813,1.46615208998278,1.6011060029197657,6180,0,3841,547
26/07/2024,0.53,0.36,0.44,3845,3850,3845,20240726RUN02,13.84649417035535,100.47400883059018,26/07/2024,1.4900332715775706,1.1681998650119143,1.4422709083879892,1.449932772127955,1.4900332715775706,0.0477623631895813,1.46615208998278,1.337964656634388,6180,0,3848,548
26/07/2024,1.06,0.49,0.78,3850,3855,3850,20240726RUN02,13.846526040451744,100.47404162285603,26/07/2024,1.4900332715775706,1.1681998650119143,1.4422709083879892,1.449932772127955,1.4900332715775706,0.0477623631895813,1.46615208998278,1.405361295180179,6180,0,,
26/07/2024,1.09,0.37,0.73,3855,3860,3855,20240726RUN02,13.84655819526864,100.47407412268328,26/07/2024,1.4900332715775706,1.1681998650119143,1.4422709083879892,1.449932772127955,1.4900332715775706,0.0477623631895813,1.46615208998278,1.4626401758158583,6180,0,3855,549
26/07/2024,1.22,0.43,0.82,3860,3865,3860,20240726RUN02,13.84659061763549,100.47410634296489,26/07/2024,2.54389383884682,1.6585336579915415,2.3490743144668493,1.7872264855440572,2.54389383884682,0.1948195243799708,2.4464840766568345,2.284824068792398,6180,0,3862,550
26/07/2024,1.12,0.26,0.69,3865,3870,3865,20240726RUN02,13.846623266656886,100.47413832268654,26/07/2024,2.54389383884682,1.6585336579915415,2.3490743144668493,1.7872264855440572,2.54389383884682,0.1948195243799708,2.4464840766568345,2.2494663625725337,6180,0,,
26/07/2024,0.67,0.01,0.34,3870,3875,3870,20240726RUN02,13.846656136069578,100.4741700650528,26/07/2024,2.54389383884682,1.6585336579915415,2.3490743144668493,1.7872264855440572,2.54389383884682,0.1948195243799708,2.4464840766568345,2.607471504362585,6180,0,3870,551
26/07/2024,1.17,0.94,1.06,3875,3880,3875,20240726RUN02,13.846689210550986,100.47420158360026,26/07/2024,2.54389383884682,1.6585336579915415,2.3490743144668493,1.7872264855440572,2.54389383884682,0.1948195243799708,2.4464840766568345,2.390610307395424,6180,0,3877,552
26/07/2024,0.18,0.15,0.16,3880,3885,3880,20240726RUN02,13.846722472680216,100.47423289466248,26/07/2024,3.870005052131329,3.0298709626597966,3.30178209654584,2.363454081340288,3.870005052131329,0.5682229555854885,3.5858935743385842,3.745860751406957,6180,0,3884,553
26/07/2024,0.75,0.39,0.57,3885,3890,3885,20240726RUN02,13.846755891360612,100.47426403067611,26/07/2024,3.870005052131329,3.0298709626597966,3.30178209654584,2.363454081340288,3.870005052131329,0.5682229555854885,3.5858935743385842,3.5114303015938013,6180,0,,
26/07/2024,1.27,0.94,1.1,3890,3895,3890,20240726RUN02,13.846789463539851,100.47429499316017,26/07/2024,3.870005052131329,3.0298709626597966,3.30178209654584,2.363454081340288,3.870005052131329,0.5682229555854885,3.5858935743385842,3.4748598404489175,6180,0,3891,554
26/07/2024,0.35,0.09,0.22,3895,3900,3895,20240726RUN02,13.846823220551899,100.47432574438601,26/07/2024,3.870005052131329,3.0298709626597966,3.30178209654584,2.363454081340288,3.870005052131329,0.5682229555854885,3.5858935743385842,3.3447710767210475,6180,0,3898,555
26/07/2024,0.92,0.15,0.54,3900,3905,3900,20240726RUN02,13.846857123753312,100.47435632672949,26/07/2024,2.542398624365733,1.7067091783990975,3.799195057207779,2.638791320972167,3.799195057207779,1.2567964328420462,3.170796840786756,3.229358643208184,6180,0,,
26/07/2024,0.51,0.01,0.26,3905,3910,3905,20240726RUN02,13.846891106935583,100.47438681605492,26/07/2024,2.542398624365733,1.7067091783990975,3.799195057207779,2.638791320972167,3.799195057207779,1.2567964328420462,3.170796840786756,3.4744268963141645,6180,0,3905,556
26/07/2024,0.97,0.42,0.7,3910,3915,3910,20240726RUN02,13.846925135409792,100.47441725244876,26/07/2024,2.542398624365733,1.7067091783990975,3.799195057207779,2.638791320972167,3.799195057207779,1.2567964328420462,3.170796840786756,3.1615758846047557,6180,0,3912,557
26/07/2024,0.22,0.14,0.18,3915,3920,3915,20240726RUN02,13.846959217151463,100.47444762628153,26/07/2024,2.542398624365733,1.7067091783990975,3.799195057207779,2.638791320972167,3.799195057207779,1.2567964328420462,3.170796840786756,3.0221887589570446,6180,0,3919,558
26/07/2024,0.61,0.15,0.38,3920,3925,3920,20240726RUN02,13.846993357785795,100.47447793079168,26/07/2024,2.0523903146859253,1.565158492796277,3.1645559618903976,2.220760087478775,3.1645559618903976,1.1121656472044723,2.6084731382881614,2.7184654097259804,6180,0,,
26/07/2024,0.48,0.09,0.28,3925,3930,3925,20240726RUN02,13.847027530684036,100.47450819720822,26/07/2024,2.0523903146859253,1.565158492796277,3.1645559618903976,2.220760087478775,3.1645559618903976,1.1121656472044723,2.6084731382881614,2.3989956916538433,6180,0,3926,559
26/07/2024,1.13,0.47,0.8,3930,3935,3930,20240726RUN02,13.847061735275627,100.47453842610028,26/07/2024,2.0523903146859253,1.565158492796277,3.1645559618903976,2.220760087478775,3.1645559618903976,1.1121656472044723,2.6084731382881614,2.3827020834383528,6180,0,3933,560
26/07/2024,0.69,0.09,0.39,3935,3940,3935,20240726RUN02,13.847095956123484,100.47456863572698,26/07/2024,2.0523903146859253,1.565158492796277,3.1645559618903976,2.220760087478775,3.1645559618903976,1.1121656472044723,2.6084731382881614,2.8412299407819535,6180,0,,
26/07/2024,0.54,0.05,0.3,3940,3945,3940,20240726RUN02,13.847130136401502,100.47459889343567,26/07/2024,2.079211399271805,1.574100966266082,2.826928149111623,2.168378625536361,2.826928149111623,0.7477167498398183,2.453069774191714,2.5700884194825098,6180,0,3940,561
26/07/2024,0.7,0.56,0.63,3945,3950,3945,20240726RUN02,13.847164240112576,100.4746292414603,26/07/2024,2.079211399271805,1.574100966266082,2.826928149111623,2.168378625536361,2.826928149111623,0.7477167498398183,2.453069774191714,2.470035682555402,6180,0,3947,562
26/07/2024,0.45,0.03,0.24,3950,3955,3950,20240726RUN02,13.847198287175338,100.4746596560703,26/07/2024,2.079211399271805,1.574100966266082,2.826928149111623,2.168378625536361,2.826928149111623,0.7477167498398183,2.453069774191714,2.5053986420325836,6180,0,3954,563
26/07/2024,0.55,0.43,0.49,3955,3960,3955,20240726RUN02,13.847232279888967,100.4746901343001,26/07/2024,2.079211399271805,1.574100966266082,2.826928149111623,2.168378625536361,2.826928149111623,0.7477167498398183,2.453069774191714,2.3543630036599876,6180,0,,
26/07/2024,0.83,0.31,0.57,3960,3965,3960,20240726RUN02,13.847266216905368,100.47472067748146,26/07/2024,1.8343140530869224,1.742084449609684,2.887637075058775,1.8809869818680136,2.887637075058775,1.0533230219718528,2.3609755640728487,2.152452076674867,6180,0,3961,564
26/07/2024,0.62,0.25,0.44,3965,3970,3965,20240726RUN02,13.847300120880192,100.47475125906176,26/07/2024,1.8343140530869224,1.742084449609684,2.887637075058775,1.8809869818680136,2.887637075058775,1.0533230219718528,2.3609755640728487,2.3745026867883556,6180,0,3968,565
26/07/2024,0.32,0.03,0.18,3970,3975,3970,20240726RUN02,13.847334004284109,100.4747818645444,26/07/2024,1.8343140530869224,1.742084449609684,2.887637075058775,1.8809869818680136,2.887637075058775,1.0533230219718528,2.3609755640728487,2.2269418217607617,6180,0,,
26/07/2024,0.25,0.7,0.48,3975,3980,3975,20240726RUN02,13.847367862299524,100.4748124994456,26/07/2024,1.8343140530869224,1.742084449609684,2.887637075058775,1.8809869818680136,2.887637075058775,1.0533230219718528,2.3609755640728487,2.458908720685542,6180,0,3975,566
26/07/2024,0.47,0.29,0.38,3980,3985,3980,20240726RUN02,13.847401709824462,100.47484314645614,26/07/2024,2.3412781698384943,1.7606853806682092,2.3114734464583053,1.5695181094141315,2.3412781698384943,0.029804723380189,2.3263758081484,2.493667800949668,6180,0,3982,567
26/07/2024,0.11,0.15,0.13,3985,3990,3985,20240726RUN02,13.847435584684607,100.47487376180884,26/07/2024,2.3412781698384943,1.7606853806682092,2.3114734464583053,1.5695181094141315,2.3412781698384943,0.029804723380189,2.3263758081484,2.24658366114726,6180,0,3989,568
26/07/2024,0.71,1.58,1.14,3990,3995,3990,20240726RUN02,13.847469491384189,100.47490434022973,26/07/2024,2.3412781698384943,1.7606853806682092,2.3114734464583053,1.5695181094141315,2.3412781698384943,0.029804723380189,2.3263758081484,2.1696653173316043,6180,0,,
26/07/2024,0.21,0.48,0.34,3995,4000,3995,20240726RUN02,13.847503430289056,100.47493488124721,26/07/2024,2.3412781698384943,1.7606853806682092,2.3114734464583053,1.5695181094141315,2.3412781698384943,0.029804723380189,2.3263758081484,2.1678162798169494,6180,0,3996,569
26/07/2024,0.27,0.0,0.14,4000,4005,4000,20240726RUN02,13.847537373056156,100.47496541777876,26/07/2024,1.6751691221805616,1.1373048166245616,2.5874524211638663,1.8177817165227683,2.5874524211638663,0.9122832989833048,2.131310771672214,2.1598156307480476,6180,0,4003,570
26/07/2024,0.29,0.38,0.34,4005,4010,4005,20240726RUN02,13.847571303442603,100.4749959687302,26/07/2024,1.6751691221805616,1.1373048166245616,2.5874524211638663,1.8177817165227683,2.5874524211638663,0.9122832989833048,2.131310771672214,2.1738624003406395,6180,0,,
26/07/2024,0.2,0.0,0.1,4010,4015,4010,20240726RUN02,13.847605245104289,100.47502650655741,26/07/2024,1.6751691221805616,1.1373048166245616,2.5874524211638663,1.8177817165227683,2.5874524211638663,0.9122832989833048,2.131310771672214,2.2882550225678857,6180,0,4010,571
26/07/2024,0.62,0.32,0.47,4015,4020,4015,20240726RUN02,13.847639211682559,100.47505701535833,26/07/2024,1.6751691221805616,1.1373048166245616,2.5874524211638663,1.8177817165227683,2.5874524211638663,0.9122832989833048,2.131310771672214,1.9888878797161351,6180,0,4017,572
26/07/2024,0.08,0.07,0.08,4020,4025,4020,20240726RUN02,13.847673223095454,100.47508747176572,26/07/2024,2.306978521159266,1.7597846074214434,3.54498192734837,3.1733559614840554,3.54498192734837,1.238003406189104,2.925980224253818,2.956758419749363,6180,0,4024,573
26/07/2024,0.05,0.02,0.04,4025,4030,4025,20240726RUN02,13.847707288446392,100.47511786497728,26/07/2024,2.306978521159266,1.7597846074214434,3.54498192734837,3.1733559614840554,3.54498192734837,1.238003406189104,2.925980224253818,2.8805132023990714,6180,0,,
26/07/2024,0.34,0.7,0.52,4030,4035,4030,20240726RUN02,13.847741394673333,100.47514821016553,26/07/2024,2.306978521159266,1.7597846074214434,3.54498192734837,3.1733559614840554,3.54498192734837,1.238003406189104,2.925980224253818,2.970976185218637,6180,0,4031,574
26/07/2024,0.14,0.04,0.09,4035,4040,4035,20240726RUN02,13.847775546395784,100.47517850168173,26/07/2024,2.306978521159266,1.7597846074214434,3.54498192734837,3.1733559614840554,3.54498192734837,1.238003406189104,2.925980224253818,3.0709135370454512,6180,0,4038,575
26/07/2024,0.77,0.36,0.56,4040,4045,4040,20240726RUN02,13.847809748424213,100.47520873374361,26/07/2024,2.5248007366737584,1.8980251819612364,3.1590864179375355,2.142181267222237,3.1590864179375355,0.6342856812637772,2.841943577305647,2.662318332047741,6180,0,,
26/07/2024,0.12,0.14,0.13,4045,4050,4045,20240726RUN02,13.847844001326903,100.4752389054098,26/07/2024,2.5248007366737584,1.8980251819612364,3.1590864179375355,2.142181267222237,3.1590864179375355,0.6342856812637772,2.841943577305647,3.0539902777751955,6180,0,4045,576
26/07/2024,0.32,0.12,0.22,4050,4055,4050,20240726RUN02,13.847878314636983,100.47526900506952,26/07/2024,2.5248007366737584,1.8980251819612364,3.1590864179375355,2.142181267222237,3.1590864179375355,0.6342856812637772,2.841943577305647,2.959462202846596,6180,0,4052,577
26/07/2024,0.52,0.33,0.43,4055,4060,4055,20240726RUN02,13.847912674799717,100.47529904868966,26/07/2024,2.5248007366737584,1.8980251819612364,3.1590864179375355,2.142181267222237,3.1590864179375355,0.6342856812637772,2.841943577305647,2.595084160825521,6180,0,4059,578
26/07/2024,0.55,0.11,0.33,4060,4065,4060,20240726RUN02,13.847947066161144,100.47532905491158,26/07/2024,1.745601717325837,1.1438803806743458,2.5570765357335747,2.0230760346610808,2.5570765357335747,0.811474818407738,2.151339126529706,2.273393837594603,6180,0,,
26/07/2024,0.68,0.44,0.56,4065,4070,4065,20240726RUN02,13.847981457590471,100.47535906103056,26/07/2024,1.745601717325837,1.1438803806743458,2.5570765357335747,2.0230760346610808,2.5570765357335747,0.811474818407738,2.151339126529706,2.056457868165798,6180,0,4066,579
26/07/2024,1.11,0.08,0.6,4070,4075,4070,20240726RUN02,13.848015812667194,100.47538911078297,26/07/2024,1.745601717325837,1.1438803806743458,2.5570765357335747,2.0230760346610808,2.5570765357335747,0.811474818407738,2.151339126529706,2.2302244483475646,6180,0,4073,580
26/07/2024,0.77,0.03,0.4,4075,4080,4075,20240726RUN02,13.848050143218284,100.47541918985247,26/07/2024,1.745601717325837,1.1438803806743458,2.5570765357335747,2.0230760346610808,2.5570765357335747,0.811474818407738,2.151339126529706,1.9967178589536279,6180,0,,
26/07/2024,1.29,0.47,0.88,4080,4085,4080,20240726RUN02,13.848084447252795,100.47544930060491,26/07/2024,2.178314569117433,1.3915939756906937,2.449306019669112,1.8966872078140904,2.449306019669112,0.2709914505516781,2.3138102943932726,2.2691003256789672,6180,0,4080,581
26/07/2024,1.61,0.47,1.04,4085,4090,4085,20240726RUN02,13.848118743841685,100.47547942024299,26/07/2024,2.178314569117433,1.3915939756906937,2.449306019669112,1.8966872078140904,2.449306019669112,0.2709914505516781,2.3138102943932726,2.3917628871889556,6180,0,4087,582
26/07/2024,1.02,0.0,0.51,4090,4095,4090,20240726RUN02,13.848153055966831,100.4755095213296,26/07/2024,2.178314569117433,1.3915939756906937,2.449306019669112,1.8966872078140904,2.449306019669112,0.2709914505516781,2.3138102943932726,2.426825218972824,6180,0,4094,583
26/07/2024,1.26,0.49,0.88,4095,4100,4095,20240726RUN02,13.848187368400005,100.47553962209973,26/07/2024,2.178314569117433,1.3915939756906937,2.449306019669112,1.8966872078140904,2.449306019669112,0.2709914505516781,2.3138102943932726,2.302879666174971,6180,0,,
26/07/2024,1.2,0.07,0.64,4100,4105,4100,20240726RUN02,13.848221674789507,100.47556973006972,26/07/2024,2.5199136406390026,1.6305989976472874,3.083033277619931,2.2753979143226366,3.083033277619931,0.5631196369809284,2.8014734591294665,2.94543088093614,6180,0,4101,584
26/07/2024,1.54,0.06,0.8,4105,4110,4105,20240726RUN02,13.848255927692065,100.47559990178024,26/07/2024,2.5199136406390026,1.6305989976472874,3.083033277619931,2.2753979143226366,3.083033277619931,0.5631196369809284,2.8014734591294665,2.887079989315496,6180,0,4108,585
26/07/2024,1.56,0.17,0.86,4110,4115,4110,20240726RUN02,13.848290097900673,100.47563017147858,26/07/2024,2.5199136406390026,1.6305989976472874,3.083033277619931,2.2753979143226366,3.083033277619931,0.5631196369809284,2.8014734591294665,2.6055022444733655,6180,0,,
26/07/2024,1.03,0.01,0.52,4115,4120,4115,20240726RUN02,13.848324194991918,100.47566052748122,26/07/2024,2.5199136406390026,1.6305989976472874,3.083033277619931,2.2753979143226366,3.083033277619931,0.5631196369809284,2.8014734591294665,2.8691320982378725,6180,0,4115,586
26/07/2024,2.34,0.99,1.66,4120,4125,4120,20240726RUN02,13.848358238453905,100.47569094649114,26/07/2024,2.285698277919865,1.7066233010628442,2.7031177092639123,2.141218819518368,2.7031177092639123,0.4174194313440473,2.4944079935918886,2.372575995934754,6180,0,4122,587
26/07/2024,1.49,0.45,0.97,4125,4130,4125,20240726RUN02,13.848392278285809,100.47572136973469,26/07/2024,2.285698277919865,1.7066233010628442,2.7031177092639123,2.141218819518368,2.7031177092639123,0.4174194313440473,2.4944079935918886,2.386146927537054,6180,0,4129,588
26/07/2024,1.04,0.03,0.54,4130,4135,4130,20240726RUN02,13.848426326236387,100.47575178345011,26/07/2024,2.285698277919865,1.7066233010628442,2.7031177092639123,2.141218819518368,2.7031177092639123,0.4174194313440473,2.4944079935918886,2.514413379904004,6180,0,,
26/07/2024,1.14,0.02,0.58,4135,4140,4135,20240726RUN02,13.848460384083413,100.47578218561728,26/07/2024,2.285698277919865,1.7066233010628442,2.7031177092639123,2.141218819518368,2.7031177092639123,0.4174194313440473,2.4944079935918886,2.6319349687811893,6180,0,4136,589
26/07/2024,1.12,0.0,0.56,4140,4145,4140,20240726RUN02,13.848494437713,100.47581259277047,26/07/2024,2.678125991634692,1.7329679573020884,3.3102457402402194,2.4597884957446987,3.3102457402402194,0.6321197486055272,2.994185865937456,2.7304864215267157,6180,0,4143,590
26/07/2024,2.02,0.16,1.09,4145,4150,4145,20240726RUN02,13.84852847684877,100.47584301686625,26/07/2024,2.678125991634692,1.7329679573020884,3.3102457402402194,2.4597884957446987,3.3102457402402194,0.6321197486055272,2.994185865937456,3.1550684312890014,6180,0,,
26/07/2024,1.5,0.43,0.96,4150,4155,4150,20240726RUN02,13.848562517279753,100.47587343945929,26/07/2024,2.678125991634692,1.7329679573020884,3.3102457402402194,2.4597884957446987,3.3102457402402194,0.6321197486055272,2.994185865937456,2.937700491555085,6180,0,4150,591
26/07/2024,1.62,0.56,1.09,4155,4160,4155,20240726RUN02,13.848596583926613,100.475903831303,26/07/2024,2.678125991634692,1.7329679573020884,3.3102457402402194,2.4597884957446987,3.3102457402402194,0.6321197486055272,2.994185865937456,2.877878216432212,6180,0,4157,592
26/07/2024,1.37,0.07,0.72,4160,4165,4160,20240726RUN02,13.848630694126388,100.47593417187994,26/07/2024,2.409568071214528,2.142280740162541,3.0955223156999625,2.526027832526169,3.0955223156999625,0.6859542444854347,2.7525451934572454,2.654049871052286,6180,0,4164,593
26/07/2024,1.3,0.25,0.78,4165,4170,4165,20240726RUN02,13.848664825036648,100.47596448811925,26/07/2024,2.409568071214528,2.142280740162541,3.0955223156999625,2.526027832526169,3.0955223156999625,0.6859542444854347,2.7525451934572454,2.9003727130583075,6180,0,,
26/07/2024,1.88,0.61,1.24,4170,4175,4170,20240726RUN02,13.848698950208407,100.4759948111086,26/07/2024,2.409568071214528,2.142280740162541,3.0955223156999625,2.526027832526169,3.0955223156999625,0.6859542444854347,2.7525451934572454,2.775130604092968,6180,0,4172,594
26/07/2024,1.07,0.2,0.64,4175,4180,4175,20240726RUN02,13.848733082382504,100.47602512579789,26/07/2024,2.409568071214528,2.142280740162541,3.0955223156999625,2.526027832526169,3.0955223156999625,0.6859542444854347,2.7525451934572454,2.6167661051711106,6180,0,4179,595
26/07/2024,1.94,1.24,1.59,4180,4185,4180,20240726RUN02,13.848767208345343,100.47605544783158,26/07/2024,2.745897109204267,1.987790292692056,2.285757098991802,1.8091111026871327,2.745897109204267,0.4601400102124651,2.515827104098035,2.5098562113812566,6180,0,,
26/07/2024,1.03,0.36,0.7,4185,4190,4185,20240726RUN02,13.848801290855995,100.47608582101577,26/07/2024,2.745897109204267,1.987790292692056,2.285757098991802,1.8091111026871327,2.745897109204267,0.4601400102124651,2.515827104098035,2.63524440575914,6180,0,4186,596
26/07/2024,0.67,0.23,0.45,4190,4195,4190,20240726RUN02,13.848835301349702,100.47611627865989,26/07/2024,2.745897109204267,1.987790292692056,2.285757098991802,1.8091111026871327,2.745897109204267,0.4601400102124651,2.515827104098035,2.4157650280899006,6180,0,4193,597
26/07/2024,0.74,0.17,0.46,4195,4200,4195,20240726RUN02,13.848869254482208,100.47614680327614,26/07/2024,2.745897109204267,1.987790292692056,2.285757098991802,1.8091111026871327,2.745897109204267,0.4601400102124651,2.515827104098035,2.7250514736007343,6180,0,,
26/07/2024,1.42,0.58,1.0,4200,4205,4200,20240726RUN02,13.848903199402956,100.47617733746661,26/07/2024,1.6240507238201327,1.1934351089797632,2.7227428966135374,1.8166389517133623,2.7227428966135374,1.0986921727934047,2.1733968102168353,2.267690134181482,6180,0,4200,598
26/07/2024,0.67,0.1,0.38,4205,4210,4205,20240726RUN02,13.848937167719075,100.47620784439262,26/07/2024,1.6240507238201327,1.1934351089797632,2.7227428966135374,1.8166389517133623,2.7227428966135374,1.0986921727934047,2.1733968102168353,2.318641569404905,6180,0,4207,599
26/07/2024,1.2,0.7,0.95,4210,4215,4210,20240726RUN02,13.848971169019455,100.4762383128119,26/07/2024,1.6240507238201327,1.1934351089797632,2.7227428966135374,1.8166389517133623,2.7227428966135374,1.0986921727934047,2.1733968102168353,2.0720448712601605,6180,0,4214,600
26/07/2024,0.91,0.95,0.93,4215,4220,4215,20240726RUN02,13.849005199199917,100.47626874742053,26/07/2024,1.6240507238201327,1.1934351089797632,2.7227428966135374,1.8166389517133623,2.7227428966135374,1.0986921727934047,2.1733968102168353,2.016985389433934,6180,0,,
26/07/2024,0.88,0.76,0.82,4220,4225,4220,20240726RUN02,13.84903923066601,100.47629918053853,26/07/2024,2.0358532039087325,1.2097091670566078,3.154092469548321,2.3061767966942144,3.154092469548321,1.118239265639588,2.5949728367285267,2.667716803238217,6180,0,4221,601
26/07/2024,1.19,1.73,1.46,4225,4230,4225,20240726RUN02,13.849073247599296,100.47632963065993,26/07/2024,2.0358532039087325,1.2097091670566078,3.154092469548321,2.3061767966942144,3.154092469548321,1.118239265639588,2.5949728367285267,2.4316939627896814,6180,0,4228,602
26/07/2024,0.28,1.28,0.78,4230,4235,4230,20240726RUN02,13.849107252092903,100.47636009529661,26/07/2024,2.0358532039087325,1.2097091670566078,3.154092469548321,2.3061767966942144,3.154092469548321,1.118239265639588,2.5949728367285267,2.795286790548322,6180,0,,
26/07/2024,0.58,1.92,1.25,4235,4240,4235,20240726RUN02,13.84914124356365,100.47639057516889,26/07/2024,2.0358532039087325,1.2097091670566078,3.154092469548321,2.3061767966942144,3.154092469548321,1.118239265639588,2.5949728367285267,2.561470148523453,6180,0,4235,603
26/07/2024,0.47,2.55,1.51,4240,4245,4240,20240726RUN02,13.849175227700128,100.47642106361789,26/07/2024,2.271696897867437,1.751075013067557,3.655239688784373,2.709265712827823,3.655239688784373,1.3835427909169362,2.9634682933259047,3.0574756374127627,6180,0,4242,604
26/07/2024,0.94,3.06,2.0,4245,4250,4245,20240726RUN02,13.849209215402507,100.47645154789805,26/07/2024,2.271696897867437,1.751075013067557,3.655239688784373,2.709265712827823,3.655239688784373,1.3835427909169362,2.9634682933259047,2.8272126942332316,6180,0,4249,605
26/07/2024,0.76,2.84,1.8,4250,4255,4250,20240726RUN02,13.849243235450686,100.47648199427834,26/07/2024,2.271696897867437,1.751075013067557,3.655239688784373,2.709265712827823,3.655239688784373,1.3835427909169362,2.9634682933259047,3.1030554998852136,6180,0,,
26/07/2024,0.03,2.12,1.08,4255,4260,4255,20240726RUN02,13.849277296801418,100.47651239229177,26/07/2024,2.271696897867437,1.751075013067557,3.655239688784373,2.709265712827823,3.655239688784373,1.3835427909169362,2.9634682933259047,2.9375638842972562,6180,0,4256,606
26/07/2024,0.71,2.25,1.48,4260,4265,4260,20240726RUN02,13.849311389027626,100.47654275407287,26/07/2024,1.98284407452108,1.4750995988324829,2.9528382332156564,2.5063771545721387,2.9528382332156564,0.9699941586945768,2.467841153868368,2.224949183997456,6180,0,4263,607
26/07/2024,0.43,1.8,1.12,4265,4270,4265,20240726RUN02,13.84934550929688,100.4765730828098,26/07/2024,1.98284407452108,1.4750995988324829,2.9528382332156564,2.5063771545721387,2.9528382332156564,0.9699941586945768,2.467841153868368,2.6896301414730295,6180,0,,
26/07/2024,0.21,1.8,1.01,4270,4275,4270,20240726RUN02,13.849379675625832,100.47660335720236,26/07/2024,1.98284407452108,1.4750995988324829,2.9528382332156564,2.5063771545721387,2.9528382332156564,0.9699941586945768,2.467841153868368,2.4459123840454575,6180,0,4270,608
26/07/2024,0.03,2.31,1.17,4275,4280,4275,20240726RUN02,13.849413854537552,100.47663361672527,26/07/2024,1.98284407452108,1.4750995988324829,2.9528382332156564,2.5063771545721387,2.9528382332156564,0.9699941586945768,2.467841153868368,2.5657998935102277,6180,0,4277,609
26/07/2024,0.03,2.39,1.21,4280,4285,4280,20240726RUN02,13.849448023983467,100.47666388746258,26/07/2024,2.02152945089482,1.5044374383020511,2.911633547730532,1.9859499175348196,2.911633547730532,0.8901040968357123,2.4665814993126762,2.453950231189248,6180,0,4284,610
26/07/2024,0.06,1.95,1.0,4285,4290,4285,20240726RUN02,13.849482194045864,100.47669415745449,26/07/2024,2.02152945089482,1.5044374383020511,2.911633547730532,1.9859499175348196,2.911633547730532,0.8901040968357123,2.4665814993126762,2.6946749249523565,6180,0,,
26/07/2024,0.0,1.38,0.69,4290,4295,4290,20240726RUN02,13.84951635490466,100.4767244383434,26/07/2024,2.02152945089482,1.5044374383020511,2.911633547730532,1.9859499175348196,2.911633547730532,0.8901040968357123,2.4665814993126762,2.374884355127272,6180,0,4291,611
26/07/2024,0.01,1.83,0.92,4295,4300,4295,20240726RUN02,13.849550520272523,100.47675471392705,26/07/2024,2.02152945089482,1.5044374383020511,2.911633547730532,1.9859499175348196,2.911633547730532,0.8901040968357123,2.4665814993126762,2.263505304939767,6180,0,4298,612
26/07/2024,0.13,1.3,0.72,4300,4305,4300,20240726RUN02,13.849584709000077,100.47678496186701,26/07/2024,3.051289921039042,2.5670472316485227,3.4211614652363247,2.869402130304951,3.4211614652363247,0.3698715441972826,3.2362256931376834,3.5061908744274097,6180,0,,
26/07/2024,0.03,0.93,0.48,4305,4310,4305,20240726RUN02,13.849618913314373,100.47681519132188,26/07/2024,3.051289921039042,2.5670472316485227,3.4211614652363247,2.869402130304951,3.4211614652363247,0.3698715441972826,3.2362256931376834,3.4599745331568195,6180,0,4305,613
26/07/2024,0.0,0.12,0.06,4310,4315,4310,20240726RUN02,13.849653105337724,100.4768454353568,26/07/2024,3.051289921039042,2.5670472316485227,3.4211614652363247,2.869402130304951,3.4211614652363247,0.3698715441972826,3.2362256931376834,3.2086003722549696,6180,0,4312,614
26/07/2024,0.08,0.76,0.42,4315,4320,4315,20240726RUN02,13.849687254885557,100.47687572964844,26/07/2024,3.051289921039042,2.5670472316485227,3.4211614652363247,2.869402130304951,3.4211614652363247,0.3698715441972826,3.2362256931376834,2.929149761592305,6180,0,4319,615
26/07/2024,0.2,1.15,0.68,4320,4325,4320,20240726RUN02,13.849721338137451,100.47690610207576,26/07/2024,2.681704680476048,1.733698076337264,3.4625804937127302,2.285075102646948,3.4625804937127302,0.7808758132366829,3.072142587094389,2.8944789490233407,6180,0,,
26/07/2024,0.01,0.89,0.45,4325,4330,4325,20240726RUN02,13.849755369324164,100.47693653551283,26/07/2024,2.681704680476048,1.733698076337264,3.4625804937127302,2.285075102646948,3.4625804937127302,0.7808758132366829,3.072142587094389,3.111246349523844,6180,0,4326,616
26/07/2024,0.0,0.77,0.38,4330,4335,4330,20240726RUN02,13.849789350504407,100.47696702742503,26/07/2024,2.681704680476048,1.733698076337264,3.4625804937127302,2.285075102646948,3.4625804937127302,0.7808758132366829,3.072142587094389,2.7809216106101498,6180,0,4333,617
26/07/2024,0.0,1.19,0.6,4335,4340,4335,20240726RUN02,13.849823282835882,100.47699757627595,26/07/2024,2.681704680476048,1.733698076337264,3.4625804937127302,2.285075102646948,3.4625804937127302,0.7808758132366829,3.072142587094389,3.259674273096999,6180,0,,
26/07/2024,0.06,1.4,0.73,4340,4345,4340,20240726RUN02,13.849857208565568,100.47702813278845,26/07/2024,1.5130864522691598,1.206025007138768,1.8496325358854664,1.5375550939689917,1.8496325358854664,0.3365460836163065,1.681359494077313,1.7976204816439494,6180,0,4340,618
26/07/2024,0.13,1.82,0.98,4345,4350,4345,20240726RUN02,13.849891134264697,100.47705868936727,26/07/2024,1.5130864522691598,1.206025007138768,1.8496325358854664,1.5375550939689917,1.8496325358854664,0.3365460836163065,1.681359494077313,1.7024165215799816,6180,0,4347,619
26/07/2024,0.0,1.09,0.55,4350,4355,4350,20240726RUN02,13.84992505613574,100.47708925037779,26/07/2024,1.5130864522691598,1.206025007138768,1.8496325358854664,1.5375550939689917,1.8496325358854664,0.3365460836163065,1.681359494077313,1.844536921623891,6180,0,4354,620
26/07/2024,0.0,1.2,0.6,4355,4360,4355,20240726RUN02,13.849958976599774,100.4771198130817,26/07/2024,1.5130864522691598,1.206025007138768,1.8496325358854664,1.5375550939689917,1.8496325358854664,0.3365460836163065,1.681359494077313,1.5660132860936749,6180,0,,
26/07/2024,0.46,1.47,0.96,4360,4365,4360,20240726RUN02,13.849992900218325,100.47715037210322,26/07/2024,2.9919560905166835,2.960419402370184,2.579676203210238,1.971133942310661,2.9919560905166835,0.4122798873064455,2.7858161468634606,2.89201820349332,6180,0,4361,621
26/07/2024,1.72,2.09,1.9,4365,4370,4365,20240726RUN02,13.850026847178032,100.47718090398877,26/07/2024,2.9919560905166835,2.960419402370184,2.579676203210238,1.971133942310661,2.9919560905166835,0.4122798873064455,2.7858161468634606,2.819650085225809,6180,0,4368,622
26/07/2024,1.14,1.24,1.19,4370,4375,4370,20240726RUN02,13.850060809004168,100.47721141851184,26/07/2024,2.9919560905166835,2.960419402370184,2.579676203210238,1.971133942310661,2.9919560905166835,0.4122798873064455,2.7858161468634606,2.545888494432058,6180,0,,
26/07/2024,0.23,0.46,0.34,4375,4380,4375,20240726RUN02,13.850094777556558,100.47724192522918,26/07/2024,2.9919560905166835,2.960419402370184,2.579676203210238,1.971133942310661,2.9919560905166835,0.4122798873064455,2.7858161468634606,2.630011137558325,6180,0,4375,623
26/07/2024,0.72,1.17,0.94,4380,4385,4380,20240726RUN02,13.850128753997188,100.47727242277632,26/07/2024,2.243612278890312,1.6737093827774705,3.1301816119587533,1.988990096105014,3.1301816119587533,0.8865693330684414,2.6868969454245324,2.8559685982609118,6180,0,4382,624
26/07/2024,1.53,0.75,1.14,4385,4390,4385,20240726RUN02,13.850162732784453,100.47730291759811,26/07/2024,2.243612278890312,1.6737093827774705,3.1301816119587533,1.988990096105014,3.1301816119587533,0.8865693330684414,2.6868969454245324,2.656823177787732,6180,0,4389,625
26/07/2024,1.94,1.3,1.62,4390,4395,4390,20240726RUN02,13.850196707709989,100.47733341698176,26/07/2024,2.243612278890312,1.6737093827774705,3.1301816119587533,1.988990096105014,3.1301816119587533,0.8865693330684414,2.6868969454245324,2.7225787197306293,6180,0,,
26/07/2024,1.84,1.92,1.88,4395,4400,4395,20240726RUN02,13.8502306921404,100.47736390524487,26/07/2024,2.243612278890312,1.6737093827774705,3.1301816119587533,1.988990096105014,3.1301816119587533,0.8865693330684414,2.6868969454245324,2.804424865736286,6180,0,4396,626
26/07/2024,0.55,1.4,0.98,4400,4405,4400,20240726RUN02,13.850264686030926,100.47739438235847,26/07/2024,2.840915508792632,1.811430479773065,2.8269051880854787,1.6504065331705504,2.840915508792632,0.0140103207071531,2.8339103484390553,2.866888270932758,6180,0,4403,627
26/07/2024,0.14,1.22,0.68,4405,4410,4405,20240726RUN02,13.850298662014225,100.47742488037319,26/07/2024,2.840915508792632,1.811430479773065,2.8269051880854787,1.6504065331705504,2.840915508792632,0.0140103207071531,2.8339103484390553,2.7699489409683697,6180,0,,
26/07/2024,0.02,1.68,0.85,4410,4415,4410,20240726RUN02,13.850332628018402,100.47745539004451,26/07/2024,2.840915508792632,1.811430479773065,2.8269051880854787,1.6504065331705504,2.840915508792632,0.0140103207071531,2.8339103484390553,2.6422731443259204,6180,0,4410,628
26/07/2024,0.02,2.28,1.15,4415,4420,4415,20240726RUN02,13.850366632662544,100.47748585456728,26/07/2024,2.840915508792632,1.811430479773065,2.8269051880854787,1.6504065331705504,2.840915508792632,0.0140103207071531,2.8339103484390553,3.1046581391594863,6180,0,4417,629
26/07/2024,0.0,2.23,1.12,4420,4425,4420,20240726RUN02,13.850400685278348,100.47751626302339,26/07/2024,2.2475467475162234,1.5065655026209652,3.0568078587683445,2.0470523732812644,3.0568078587683445,0.8092611112521211,2.6521773031422837,2.763205610279068,6180,0,4424,630
26/07/2024,0.0,1.88,0.94,4425,4430,4425,20240726RUN02,13.850434742851478,100.47754666566996,26/07/2024,2.2475467475162234,1.5065655026209652,3.0568078587683445,2.0470523732812644,3.0568078587683445,0.8092611112521211,2.6521773031422837,2.580463763459981,6180,0,,
26/07/2024,0.13,2.51,1.32,4430,4435,4430,20240726RUN02,13.850468794642325,100.47757707510223,26/07/2024,2.2475467475162234,1.5065655026209652,3.0568078587683445,2.0470523732812644,3.0568078587683445,0.8092611112521211,2.6521773031422837,2.5289745946588766,6180,0,4431,631
26/07/2024,0.1,2.63,1.36,4435,4440,4435,20240726RUN02,13.850502872728585,100.47760745359574,26/07/2024,2.2475467475162234,1.5065655026209652,3.0568078587683445,2.0470523732812644,3.0568078587683445,0.8092611112521211,2.6521773031422837,2.70312017204038,6180,0,4438,632
26/07/2024,0.08,3.15,1.62,4440,4445,4440,20240726RUN02,13.850536981548595,100.47763779598638,26/07/2024,2.844771073046298,2.0875416460145964,3.6804961740925553,2.617943620990031,3.6804961740925553,0.8357251010462572,3.2626336235694264,3.008536048855121,6180,0,,
26/07/2024,0.3,2.73,1.52,4445,4450,4445,20240726RUN02,13.85057109575539,100.47766813204352,26/07/2024,2.844771073046298,2.0875416460145964,3.6804961740925553,2.617943620990031,3.6804961740925553,0.8357251010462572,3.2626336235694264,3.124378225154061,6180,0,4445,633
26/07/2024,0.98,2.67,1.82,4450,4455,4450,20240726RUN02,13.850605212382728,100.47769846529565,26/07/2024,2.844771073046298,2.0875416460145964,3.6804961740925553,2.617943620990031,3.6804961740925553,0.8357251010462572,3.2626336235694264,3.5163584523306852,6180,0,4452,634
26/07/2024,3.62,3.28,3.45,4455,4460,4455,20240726RUN02,13.850639358722676,100.47772876345522,26/07/2024,2.844771073046298,2.0875416460145964,3.6804961740925553,2.617943620990031,3.6804961740925553,0.8357251010462572,3.2626336235694264,3.2825183829771802,6180,0,4459,635
26/07/2024,0.92,2.5,1.71,4460,4465,4460,20240726RUN02,13.85067355395557,100.47775900378069,26/07/2024,4.348330726090111,3.569169988699945,4.854271666463444,3.756716717841425,4.854271666463444,0.5059409403733337,4.601301196276777,4.343998397747825,6180,0,,
26/07/2024,1.07,1.83,1.45,4465,4470,4465,20240726RUN02,13.850707757941066,100.47778923384446,26/07/2024,4.348330726090111,3.569169988699945,4.854271666463444,3.756716717841425,4.854271666463444,0.5059409403733337,4.601301196276777,4.993091844339441,6180,0,4466,636
26/07/2024,1.76,0.8,1.28,4470,4475,4470,20240726RUN02,13.850741948347068,100.47781947991339,26/07/2024,4.348330726090111,3.569169988699945,4.854271666463444,3.756716717841425,4.854271666463444,0.5059409403733337,4.601301196276777,4.582463847593532,6180,0,4473,637
26/07/2024,1.28,0.2,0.74,4475,4480,4475,20240726RUN02,13.850776148290745,100.47784971467081,26/07/2024,4.348330726090111,3.569169988699945,4.854271666463444,3.756716717841425,4.854271666463444,0.5059409403733337,4.601301196276777,4.463062001538941,6180,0,,
26/07/2024,0.97,0.3,0.64,4480,4485,4480,20240726RUN02,13.850810345145153,100.4778799532088,26/07/2024,2.5597846798285806,2.1822497152608187,2.2664863356426883,1.8444275972033104,2.5597846798285806,0.2932983441858923,2.4131355077356345,2.2739370831841956,6180,0,4480,638
26/07/2024,1.35,1.47,1.41,4485,4490,4485,20240726RUN02,13.850844550370425,100.47791018173906,26/07/2024,2.5597846798285806,2.1822497152608187,2.2664863356426883,1.8444275972033104,2.5597846798285806,0.2932983441858923,2.4131355077356345,2.3361518386702858,6180,0,4488,639
26/07/2024,1.25,1.78,1.52,4490,4495,4490,20240726RUN02,13.850878767849775,100.47794039571974,26/07/2024,2.5597846798285806,2.1822497152608187,2.2664863356426883,1.8444275972033104,2.5597846798285806,0.2932983441858923,2.4131355077356345,2.3163759176541925,6180,0,,
26/07/2024,0.58,1.02,0.8,4495,4500,4495,20240726RUN02,13.850912970911951,100.47797062679136,26/07/2024,2.5597846798285806,2.1822497152608187,2.2664863356426883,1.8444275972033104,2.5597846798285806,0.2932983441858923,2.4131355077356345,2.609386331436227,6180,0,4495,640
26/07/2024,1.67,0.93,1.3,4500,4505,4500,20240726RUN02,13.850947137158233,100.47800090144125,26/07/2024,1.923462857154384,1.460634845740848,2.1365487865739685,1.548996977523604,2.1365487865739685,0.2130859294195843,2.0300058218641763,1.8567847003553182,6180,0,4502,641
26/07/2024,1.48,1.14,1.31,4505,4510,4505,20240726RUN02,13.8509812702584,100.47803121521287,26/07/2024,1.923462857154384,1.460634845740848,2.1365487865739685,1.548996977523604,2.1365487865739685,0.2130859294195843,2.0300058218641763,2.1399031655052863,6180,0,4509,642
26/07/2024,1.81,0.36,1.08,4510,4515,4510,20240726RUN02,13.851015402692942,100.47806152978417,26/07/2024,1.923462857154384,1.460634845740848,2.1365487865739685,1.548996977523604,2.1365487865739685,0.2130859294195843,2.0300058218641763,2.01693233375405,6180,0,,
26/07/2024,1.47,0.21,0.84,4515,4520,4515,20240726RUN02,13.85104953657602,100.47809184262685,26/07/2024,1.923462857154384,1.460634845740848,2.1365487865739685,1.548996977523604,2.1365487865739685,0.2130859294195843,2.0300058218641763,2.1127302243546824,6180,0,4516,643
26/07/2024,1.51,0.05,0.78,4520,4525,4520,20240726RUN02,13.851083656383393,100.47812217214596,26/07/2024,2.093613181751695,1.4930970481444306,1.820069518169224,1.4165314771624482,2.093613181751695,0.2735436635824713,1.9568413499604596,2.0380432559342783,6180,0,4523,644
26/07/2024,2.26,0.08,1.17,4525,4530,4525,20240726RUN02,13.851117731581892,100.47815255416909,26/07/2024,2.093613181751695,1.4930970481444306,1.820069518169224,1.4165314771624482,2.093613181751695,0.2735436635824713,1.9568413499604596,1.910642941235868,6180,0,,
26/07/2024,1.53,0.22,0.88,4530,4535,4530,20240726RUN02,13.851151756675945,100.47818299495874,26/07/2024,2.093613181751695,1.4930970481444306,1.820069518169224,1.4165314771624482,2.093613181751695,0.2735436635824713,1.9568413499604596,1.9422980910263556,6180,0,4530,645
26/07/2024,1.23,0.06,0.64,4535,4540,4535,20240726RUN02,13.851185757079222,100.47821346464133,26/07/2024,2.093613181751695,1.4930970481444306,1.820069518169224,1.4165314771624482,2.093613181751695,0.2735436635824713,1.9568413499604596,1.9313617030306718,6180,0,4537,646
26/07/2024,0.59,0.14,0.36,4540,4545,4540,20240726RUN02,13.85121974413583,100.47824394985396,26/07/2024,2.795073291576593,1.8889600814469876,2.042712714659482,1.3885050841671172,2.795073291576593,0.7523605769171104,2.4188930031180376,2.2318333285677316,6180,0,4544,647
26/07/2024,0.4,0.04,0.22,4545,4550,4545,20240726RUN02,13.851253704827473,100.4782744658485,26/07/2024,2.795073291576593,1.8889600814469876,2.042712714659482,1.3885050841671172,2.795073291576593,0.7523605769171104,2.4188930031180376,2.3958483383789924,6180,0,,
26/07/2024,1.07,0.06,0.57,4550,4555,4550,20240726RUN02,13.851287647355035,100.47830500300903,26/07/2024,2.795073291576593,1.8889600814469876,2.042712714659482,1.3885050841671172,2.795073291576593,0.7523605769171104,2.4188930031180376,2.5970063157779237,6180,0,4551,648
26/07/2024,0.64,0.21,0.42,4555,4560,4555,20240726RUN02,13.851321595027422,100.47833553416568,26/07/2024,2.795073291576593,1.8889600814469876,2.042712714659482,1.3885050841671172,2.795073291576593,0.7523605769171104,2.4188930031180376,2.4266598786277003,6180,0,4558,649
26/07/2024,0.58,0.22,0.4,4560,4565,4560,20240726RUN02,13.851355574609304,100.47836602813993,26/07/2024,2.534047268432541,1.8486862388710588,2.5908270696904543,1.878739890314478,2.5908270696904543,0.056779801257913,2.5624371690614973,2.554465730752214,6180,0,,
26/07/2024,0.59,0.01,0.3,4565,4570,4565,20240726RUN02,13.851389624997543,100.47839643924029,26/07/2024,2.534047268432541,1.8486862388710588,2.5908270696904543,1.878739890314478,2.5908270696904543,0.056779801257913,2.5624371690614973,2.379320118609507,6180,0,4565,650
26/07/2024,0.78,0.02,0.4,4570,4575,4570,20240726RUN02,13.851423747919224,100.47842676514868,26/07/2024,2.534047268432541,1.8486862388710588,2.5908270696904543,1.878739890314478,2.5908270696904543,0.056779801257913,2.5624371690614973,2.576741035496733,6180,0,4572,651
26/07/2024,0.27,0.1,0.18,4575,4580,4575,20240726RUN02,13.851457902794035,100.47845705336935,26/07/2024,2.534047268432541,1.8486862388710588,2.5908270696904543,1.878739890314478,2.5908270696904543,0.056779801257913,2.5624371690614973,2.705339961442842,6180,0,4579,652
26/07/2024,0.63,0.0,0.32,4580,4585,4580,20240726RUN02,13.851492094882461,100.4784872975691,26/07/2024,2.811071252513055,1.866922649830257,2.996072486520548,2.3372696519350025,2.996072486520548,0.1850012340074931,2.9035718695168016,3.0952787200776952,6180,0,,
26/07/2024,0.47,0.0,0.24,4585,4590,4585,20240726RUN02,13.851526338692619,100.47851748045217,26/07/2024,2.811071252513055,1.866922649830257,2.996072486520548,2.3372696519350025,2.996072486520548,0.1850012340074931,2.9035718695168016,2.639176219359358,6180,0,4586,653
26/07/2024,0.53,0.0,0.26,4590,4595,4590,20240726RUN02,13.851560605869455,100.4785476355238,26/07/2024,2.811071252513055,1.866922649830257,2.996072486520548,2.3372696519350025,2.996072486520548,0.1850012340074931,2.9035718695168016,2.722617122316193,6180,0,4593,654
26/07/2024,0.19,0.06,0.12,4595,4600,4595,20240726RUN02,13.851594860419976,100.47857780561426,26/07/2024,2.811071252513055,1.866922649830257,2.996072486520548,2.3372696519350025,2.996072486520548,0.1850012340074931,2.9035718695168016,3.0479117346360813,6180,0,,
26/07/2024,0.28,2.1,1.19,4600,4605,4600,20240726RUN02,13.85162909067322,100.47860800453918,26/07/2024,2.209648820659515,1.469182824224591,2.7808809274673902,2.1335653011878635,2.7808809274673902,0.5712321068078752,2.4952648740634524,2.5873645451478255,6180,0,4600,655
26/07/2024,0.69,7.13,3.91,4605,4610,4605,20240726RUN02,13.851663352010219,100.47863816638902,26/07/2024,2.209648820659515,1.469182824224591,2.7808809274673902,2.1335653011878635,2.7808809274673902,0.5712321068078752,2.4952648740634524,2.6048746884045744,6180,0,4607,656
26/07/2024,0.02,4.53,2.28,4610,4615,4610,20240726RUN02,13.851697691518751,100.4786682348824,26/07/2024,2.209648820659515,1.469182824224591,2.7808809274673902,2.1335653011878635,2.7808809274673902,0.5712321068078752,2.4952648740634524,2.655415291629673,6180,0,4614,657
26/07/2024,0.06,1.97,1.01,4615,4620,4615,20240726RUN02,13.85173211789361,100.47869819921841,26/07/2024,2.209648820659515,1.469182824224591,2.7808809274673902,2.1335653011878635,2.7808809274673902,0.5712321068078752,2.4952648740634524,2.3438545208301296,6180,0,,
26/07/2024,0.41,4.21,2.31,4620,4625,4620,20240726RUN02,13.851766669811798,100.47872801178984,26/07/2024,2.0070445412245745,1.8606753766748905,2.50505325171374,1.6169535668326618,2.50505325171374,0.4980087104891653,2.2560488964691574,2.1127862248036315,6180,0,4621,658
26/07/2024,0.4,1.26,0.83,4625,4630,4625,20240726RUN02,13.851801381230517,100.47875762972762,26/07/2024,2.0070445412245745,1.8606753766748905,2.50505325171374,1.6169535668326618,2.50505325171374,0.4980087104891653,2.2560488964691574,2.278196171249878,6180,0,4628,659
26/07/2024,1.03,5.83,3.43,4630,4635,4630,20240726RUN02,13.851836198269394,100.47878711775327,26/07/2024,2.0070445412245745,1.8606753766748905,2.50505325171374,1.6169535668326618,2.50505325171374,0.4980087104891653,2.2560488964691574,2.235006129043189,6180,0,,
26/07/2024,1.3,4.27,2.78,4635,4640,4635,20240726RUN02,13.851871017141981,100.47881660350627,26/07/2024,2.0070445412245745,1.8606753766748905,2.50505325171374,1.6169535668326618,2.50505325171374,0.4980087104891653,2.2560488964691574,2.378781127276663,6180,0,4635,660
26/07/2024,0.54,0.68,0.61,4640,4645,4640,20240726RUN02,13.851905786595239,100.47884615036968,26/07/2024,1.840375045239111,1.5611412007112455,2.176248861814085,1.4882146598174364,2.176248861814085,0.3358738165749741,2.008311953526598,2.0273029538400498,6180,0,4642,661
26/07/2024,0.91,0.17,0.54,4645,4650,4645,20240726RUN02,13.851940488831493,100.47887577990289,26/07/2024,1.840375045239111,1.5611412007112455,2.176248861814085,1.4882146598174364,2.176248861814085,0.3358738165749741,2.008311953526598,1.982379424574892,6180,0,4649,662
26/07/2024,1.04,0.0,0.52,4650,4655,4650,20240726RUN02,13.851975104789537,100.47890551509083,26/07/2024,1.840375045239111,1.5611412007112455,2.176248861814085,1.4882146598174364,2.176248861814085,0.3358738165749741,2.008311953526598,1.8544416853049,6180,0,,
26/07/2024,1.08,0.0,0.54,4655,4660,4655,20240726RUN02,13.85200962155107,100.4789353708517,26/07/2024,1.840375045239111,1.5611412007112455,2.176248861814085,1.4882146598174364,2.176248861814085,0.3358738165749741,2.008311953526598,1.8826199288902967,6180,0,4656,663
26/07/2024,1.23,0.23,0.73,4660,4665,4660,20240726RUN02,13.852044014802532,100.47896537562414,26/07/2024,2.885462190968081,2.0949640238885903,2.381714553985681,1.8042470517906444,2.885462190968081,0.5037476369823999,2.633588372476881,2.3716432676375367,6180,0,4663,664
26/07/2024,0.72,0.03,0.38,4665,4670,4665,20240726RUN02,13.852078301604003,100.47899550772853,26/07/2024,2.885462190968081,2.0949640238885903,2.381714553985681,1.8042470517906444,2.885462190968081,0.5037476369823999,2.633588372476881,2.8891499329368533,6180,0,,
26/07/2024,0.63,0.09,0.36,4670,4675,4670,20240726RUN02,13.852112507514548,100.479025736096,26/07/2024,2.885462190968081,2.0949640238885903,2.381714553985681,1.8042470517906444,2.885462190968081,0.5037476369823999,2.633588372476881,2.5204552951782304,6180,0,4670,665
26/07/2024,0.37,0.0,0.18,4675,4680,4675,20240726RUN02,13.852146664798866,100.47905602215121,26/07/2024,2.885462190968081,2.0949640238885903,2.381714553985681,1.8042470517906444,2.885462190968081,0.5037476369823999,2.633588372476881,2.597101142958546,6180,0,4677,666
26/07/2024,0.5,0.15,0.32,4680,4685,4680,20240726RUN02,13.852180777177265,100.47908636114947,26/07/2024,2.298559209670393,1.7224787488427138,2.115441446441084,1.756571677446838,2.298559209670393,0.1831177632293088,2.2070003280557384,2.219047869946833,6180,0,4684,667
26/07/2024,0.4,0.08,0.24,4685,4690,4685,20240726RUN02,13.85221482797681,100.47911677251268,26/07/2024,2.298559209670393,1.7224787488427138,2.115441446441084,1.756571677446838,2.298559209670393,0.1831177632293088,2.2070003280557384,2.022954714896612,6180,0,,
26/07/2024,0.26,0.13,0.2,4690,4695,4690,20240726RUN02,13.852248850335169,100.47914721727781,26/07/2024,2.298559209670393,1.7224787488427138,2.115441446441084,1.756571677446838,2.298559209670393,0.1831177632293088,2.2070003280557384,2.3563144660747573,6180,0,4691,668
26/07/2024,0.46,0.29,0.38,4695,4700,4695,20240726RUN02,13.852282883846458,100.47917764902203,26/07/2024,2.298559209670393,1.7224787488427138,2.115441446441084,1.756571677446838,2.298559209670393,0.1831177632293088,2.2070003280557384,2.2271796264859636,6180,0,4698,669
26/07/2024,0.58,0.07,0.32,4700,4705,4700,20240726RUN02,13.852316949683823,100.47920804296453,26/07/2024,1.3152282744479138,1.2997331803289724,1.7959612227985464,1.380541169803537,1.7959612227985464,0.4807329483506326,1.5555947486232302,1.5902128008438956,6180,0,,
26/07/2024,0.51,0.0,0.26,4705,4710,4705,20240726RUN02,13.852351028912233,100.47923842118746,26/07/2024,1.3152282744479138,1.2997331803289724,1.7959612227985464,1.380541169803537,1.7959612227985464,0.4807329483506326,1.5555947486232302,1.501724470997602,6180,0,4705,670
26/07/2024,1.63,0.07,0.85,4710,4715,4710,20240726RUN02,13.852385154712684,100.47926874465536,26/07/2024,1.3152282744479138,1.2997331803289724,1.7959612227985464,1.380541169803537,1.7959612227985464,0.4807329483506326,1.5555947486232302,1.5983069018473854,6180,0,4712,671
26/07/2024,1.04,0.04,0.54,4715,4720,4715,20240726RUN02,13.852419367662888,100.47929896509619,26/07/2024,1.3152282744479138,1.2997331803289724,1.7959612227985464,1.380541169803537,1.7959612227985464,0.4807329483506326,1.5555947486232302,1.5168121249100688,6180,0,4719,672
26/07/2024,0.83,0.0,0.42,4720,4725,4720,20240726RUN02,13.852453615611244,100.47932914403607,26/07/2024,2.457498584460062,2.075518474384258,2.3466412720163783,2.178663627369555,2.457498584460062,0.1108573124436835,2.40206992823822,2.380214706191438,6180,0,,
26/07/2024,0.46,0.0,0.23,4725,4730,4725,20240726RUN02,13.852487857221291,100.47935933048062,26/07/2024,2.457498584460062,2.075518474384258,2.3466412720163783,2.178663627369555,2.457498584460062,0.1108573124436835,2.40206992823822,2.282466067918934,6180,0,4726,673
26/07/2024,0.7,0.0,0.35,4730,4735,4730,20240726RUN02,13.85252208951192,100.47938952799777,26/07/2024,2.457498584460062,2.075518474384258,2.3466412720163783,2.178663627369555,2.457498584460062,0.1108573124436835,2.40206992823822,2.4463696178548635,6180,0,4733,674
26/07/2024,0.21,0.0,0.1,4735,4740,4735,20240726RUN02,13.852556316395061,100.47941973188826,26/07/2024,2.457498584460062,2.075518474384258,2.3466412720163783,2.178663627369555,2.457498584460062,0.1108573124436835,2.40206992823822,2.4495821569688427,6180,0,,
26/07/2024,0.91,0.2,0.56,4740,4745,4740,20240726RUN02,13.852590527004851,100.47944995505415,26/07/2024,2.597145438755632,1.90505976856002,2.5543751683464304,1.90809542645168,2.597145438755632,0.0427702704092016,2.5757603035510312,2.5017935435590264,6180,0,4740,675
26/07/2024,1.49,0.0,0.74,4745,4750,4745,20240726RUN02,13.852624726808306,100.47948019102387,26/07/2024,2.597145438755632,1.90505976856002,2.5543751683464304,1.90809542645168,2.597145438755632,0.0427702704092016,2.5757603035510312,2.823019415632384,6180,0,4747,676
26/07/2024,1.07,0.0,0.54,4750,4755,4750,20240726RUN02,13.852658902240801,100.47951045583264,26/07/2024,2.597145438755632,1.90505976856002,2.5543751683464304,1.90809542645168,2.597145438755632,0.0427702704092016,2.5757603035510312,2.6588795161717194,6180,0,4754,677
26/07/2024,1.78,0.0,0.89,4755,4760,4755,20240726RUN02,13.852693008396203,100.4795408022966,26/07/2024,2.597145438755632,1.90505976856002,2.5543751683464304,1.90809542645168,2.597145438755632,0.0427702704092016,2.5757603035510312,2.5836930909533113,6180,0,,
26/07/2024,1.27,0.0,0.64,4760,4765,4760,20240726RUN02,13.852727085920492,100.47957118244196,26/07/2024,1.9124746797488013,1.405994285543159,1.8516841039920449,1.2395159484000384,1.9124746797488013,0.0607905757567566,1.882079391870423,2.0459113254630314,6180,0,4761,678
26/07/2024,1.4,0.0,0.7,4765,4770,4765,20240726RUN02,13.852761182273436,100.47960154040703,26/07/2024,1.9124746797488013,1.405994285543159,1.8516841039920449,1.2395159484000384,1.9124746797488013,0.0607905757567566,1.882079391870423,1.7515295441029175,6180,0,4768,679
26/07/2024,2.0,0.0,1.0,4770,4775,4770,20240726RUN02,13.852795266926151,100.4796319120541,26/07/2024,1.9124746797488013,1.405994285543159,1.8516841039920449,1.2395159484000384,1.9124746797488013,0.0607905757567566,1.882079391870423,1.837001027652597,6180,0,,
26/07/2024,1.44,0.0,0.72,4775,4780,4775,20240726RUN02,13.852829338963076,100.47966229850071,26/07/2024,1.9124746797488013,1.405994285543159,1.8516841039920449,1.2395159484000384,1.9124746797488013,0.0607905757567566,1.882079391870423,1.9501277379475361,6180,0,4775,680
26/07/2024,1.88,0.01,0.94,4780,4785,4780,20240726RUN02,13.852863416933486,100.47969267789047,26/07/2024,1.9860803881507068,1.6234900513793598,2.915750465562884,1.866662591974123,2.915750465562884,0.9296700774121772,2.4509154268567954,2.4574806768871156,6180,0,4782,681
26/07/2024,1.95,0.02,0.98,4785,4790,4785,20240726RUN02,13.852897493694604,100.4797230586456,26/07/2024,1.9860803881507068,1.6234900513793598,2.915750465562884,1.866662591974123,2.915750465562884,0.9296700774121772,2.4509154268567954,2.2126713580369315,6180,0,,
26/07/2024,1.18,0.0,0.59,4790,4795,4790,20240726RUN02,13.852931559994486,100.47975345169986,26/07/2024,1.9860803881507068,1.6234900513793598,2.915750465562884,1.866662591974123,2.915750465562884,0.9296700774121772,2.4509154268567954,2.4463453092022314,6180,0,4790,682
26/07/2024,1.67,0.0,0.84,4795,4800,4795,20240726RUN02,13.852965613435819,100.47978385977702,26/07/2024,1.9860803881507068,1.6234900513793598,2.915750465562884,1.866662591974123,2.915750465562884,0.9296700774121772,2.4509154268567954,2.6706205428210206,6180,0,4797,683
26/07/2024,1.53,0.0,0.76,4800,4805,4800,20240726RUN02,13.85299967676966,100.47981425619004,26/07/2024,1.6578076044459733,1.584309199136164,2.00044902708371,1.2417208855380808,2.00044902708371,0.3426414226377368,1.8291283157648417,1.9593998620726225,6180,0,4804,684
26/07/2024,0.88,0.0,0.44,4805,4810,4805,20240726RUN02,13.853033762787122,100.4798446259056,26/07/2024,1.6578076044459733,1.584309199136164,2.00044902708371,1.2417208855380808,2.00044902708371,0.3426414226377368,1.8291283157648417,1.6783777947505811,6180,0,,
26/07/2024,1.23,0.0,0.62,4810,4815,4810,20240726RUN02,13.853067859195653,100.47987498340987,26/07/2024,1.6578076044459733,1.584309199136164,2.00044902708371,1.2417208855380808,2.00044902708371,0.3426414226377368,1.8291283157648417,1.8786993535010792,6180,0,4811,685
26/07/2024,0.95,0.01,0.48,4815,4820,4815,20240726RUN02,13.853101961415359,100.47990533403588,26/07/2024,1.6578076044459733,1.584309199136164,2.00044902708371,1.2417208855380808,2.00044902708371,0.3426414226377368,1.8291283157648417,1.9751401488003841,6180,0,4818,686
26/07/2024,1.07,0.0,0.54,4820,4825,4820,20240726RUN02,13.853136070610525,100.47993567643933,26/07/2024,1.8882123573892675,1.532846435143308,2.036596764663368,1.3544000354894865,2.036596764663368,0.1483844072741003,1.9624045610263177,1.828274965676318,6180,0,,
26/07/2024,1.97,0.08,1.02,4825,4830,4825,20240726RUN02,13.853170196901674,100.47996599867066,26/07/2024,1.8882123573892675,1.532846435143308,2.036596764663368,1.3544000354894865,2.036596764663368,0.1483844072741003,1.9624045610263177,1.925037469219916,6180,0,4825,687
26/07/2024,2.57,0.04,1.3,4830,4835,4830,20240726RUN02,13.85320436508376,100.47999627142723,26/07/2024,1.8882123573892675,1.532846435143308,2.036596764663368,1.3544000354894865,2.036596764663368,0.1483844072741003,1.9624045610263177,1.9844517376268893,6180,0,4832,688
26/07/2024,1.42,0.11,0.76,4835,4840,4835,20240726RUN02,13.853238587769837,100.48002647958283,26/07/2024,1.8882123573892675,1.532846435143308,2.036596764663368,1.3544000354894865,2.036596764663368,0.1483844072741003,1.9624045610263177,2.0002964629108813,6180,0,4839,689
26/07/2024,2.2,0.0,1.1,4840,4845,4840,20240726RUN02,13.853272832483253,100.48005666154327,26/07/2024,1.1702801685312545,0.8906786394062267,2.194102025126342,1.5836964774842026,2.194102025126342,1.0238218565950876,1.6821910968287983,1.7857765789151936,6180,0,,
26/07/2024,2.22,0.0,1.11,4845,4850,4845,20240726RUN02,13.853307049570867,100.48008687628885,26/07/2024,1.1702801685312545,0.8906786394062267,2.194102025126342,1.5836964774842026,2.194102025126342,1.0238218565950876,1.6821910968287983,1.6345597667462728,6180,0,4846,690
26/07/2024,2.03,0.04,1.03,4850,4855,4850,20240726RUN02,13.85334122219673,100.48011714369167,26/07/2024,1.1702801685312545,0.8906786394062267,2.194102025126342,1.5836964774842026,2.194102025126342,1.0238218565950876,1.6821910968287983,1.622945327109364,6180,0,4853,691
26/07/2024,1.72,0.0,0.86,4855,4860,4855,20240726RUN02,13.853375368293207,100.48014744239961,26/07/2024,1.1702801685312545,0.8906786394062267,2.194102025126342,1.5836964774842026,2.194102025126342,1.0238218565950876,1.6821910968287983,1.7363084897018857,6180,0,,
26/07/2024,1.75,0.01,0.88,4860,4865,4860,20240726RUN02,13.853409497703536,100.48017776077077,26/07/2024,2.4867656109407448,1.9942925711110304,2.301719794456754,1.781270880537864,2.4867656109407448,0.1850458164839907,2.394242702698749,2.3030213653746845,6180,0,4860,692
26/07/2024,1.54,0.01,0.78,4865,4870,4865,20240726RUN02,13.853443568430018,100.48020814812037,26/07/2024,2.4867656109407448,1.9942925711110304,2.301719794456754,1.781270880537864,2.4867656109407448,0.1850458164839907,2.394242702698749,2.3210889486086628,6180,0,4867,693
26/07/2024,2.07,0.16,1.12,4870,4875,4870,20240726RUN02,13.853477558163414,100.48023863033903,26/07/2024,2.4867656109407448,1.9942925711110304,2.301719794456754,1.781270880537864,2.4867656109407448,0.1850458164839907,2.394242702698749,2.5061804801551126,6180,0,4874,694
26/07/2024,1.38,0.02,0.7,4875,4880,4875,20240726RUN02,13.853511507894787,100.48026915925165,26/07/2024,2.4867656109407448,1.9942925711110304,2.301719794456754,1.781270880537864,2.4867656109407448,0.1850458164839907,2.394242702698749,2.5444679334415214,6180,0,,
26/07/2024,1.94,0.57,1.25,4880,4885,4880,20240726RUN02,13.853545437885774,100.48029971098148,26/07/2024,2.805741572053387,1.994764570127349,3.133076310436336,2.367331222942695,3.133076310436336,0.327334738382949,2.9694089412448617,2.898541429790297,6180,0,4881,695
26/07/2024,1.52,0.06,0.79,4885,4890,4885,20240726RUN02,13.85357935338497,100.48033027963423,26/07/2024,2.805741572053387,1.994764570127349,3.133076310436336,2.367331222942695,3.133076310436336,0.327334738382949,2.9694089412448617,3.210383841762204,6180,0,4888,696
26/07/2024,2.06,0.3,1.18,4890,4895,4890,20240726RUN02,13.853613279971439,100.48036083538342,26/07/2024,2.805741572053387,1.994764570127349,3.133076310436336,2.367331222942695,3.133076310436336,0.327334738382949,2.9694089412448617,2.8476604116955855,6180,0,,
26/07/2024,2.24,0.76,1.5,4895,4900,4895,20240726RUN02,13.853647230614317,100.48039136305358,26/07/2024,2.805741572053387,1.994764570127349,3.133076310436336,2.367331222942695,3.133076310436336,0.327334738382949,2.9694089412448617,2.752199381580582,6180,0,4895,697
26/07/2024,1.47,0.02,0.74,4900,4905,4900,20240726RUN02,13.85368117960723,100.48042189272238,26/07/2024,2.413440438129041,2.093203763275587,2.809986037802349,2.368286477937066,2.809986037802349,0.396545599673308,2.611713237965695,2.3900386870623582,6180,0,4902,698
26/07/2024,1.93,0.0,0.96,4905,4910,4905,20240726RUN02,13.853715157008489,100.48045238921267,26/07/2024,2.413440438129041,2.093203763275587,2.809986037802349,2.368286477937066,2.809986037802349,0.396545599673308,2.611713237965695,2.806273943338739,6180,0,4909,699
26/07/2024,1.61,0.0,0.8,4910,4915,4910,20240726RUN02,13.85374920422589,100.48048280397832,26/07/2024,2.413440438129041,2.093203763275587,2.809986037802349,2.368286477937066,2.809986037802349,0.396545599673308,2.611713237965695,2.7839991465497937,6180,0,,
26/07/2024,1.68,0.06,0.87,4915,4920,4915,20240726RUN02,13.85378327209336,100.48051319453262,26/07/2024,2.413440438129041,2.093203763275587,2.809986037802349,2.368286477937066,2.809986037802349,0.396545599673308,2.611713237965695,2.759753167179646,6180,0,4916,700
26/07/2024,2.4,0.13,1.26,4920,4925,4920,20240726RUN02,13.85381732999144,100.48054359678748,26/07/2024,2.3407090526288465,1.9363973905236689,2.564786463281669,2.0698164171452818,2.564786463281669,0.2240774106528222,2.4527477579552577,2.512872606356666,6180,0,4923,701
26/07/2024,0.77,0.02,0.4,4925,4930,4925,20240726RUN02,13.853851375205739,100.48057401393565,26/07/2024,2.3407090526288465,1.9363973905236689,2.564786463281669,2.0698164171452818,2.564786463281669,0.2240774106528222,2.4527477579552577,2.247156641183125,6180,0,,
26/07/2024,1.69,0.05,0.87,4930,4935,4930,20240726RUN02,13.853885399025103,100.48060445608257,26/07/2024,2.3407090526288465,1.9363973905236689,2.564786463281669,2.0698164171452818,2.564786463281669,0.2240774106528222,2.4527477579552577,2.539455102178541,6180,0,4930,702
26/07/2024,1.49,0.05,0.77,4935,4940,4935,20240726RUN02,13.853919438390657,100.48063488006186,26/07/2024,2.3407090526288465,1.9363973905236689,2.564786463281669,2.0698164171452818,2.564786463281669,0.2240774106528222,2.4527477579552577,2.4464401615960285,6180,0,4937,703
26/07/2024,1.72,0.07,0.9,4940,4945,4940,20240726RUN02,13.853953499263294,100.48066527873189,26/07/2024,2.0999721475155995,2.199117493283286,2.4354502248184424,1.4549910669802744,2.4354502248184424,0.3354780773028429,2.2677111861670207,2.2529931834586745,6180,0,4944,704
26/07/2024,1.13,0.0,0.56,4945,4950,4945,20240726RUN02,13.85398754996744,100.48069568936431,26/07/2024,2.0999721475155995,2.199117493283286,2.4354502248184424,1.4549910669802744,2.4354502248184424,0.3354780773028429,2.2677111861670207,2.3710338228082906,6180,0,,
26/07/2024,1.3,0.0,0.65,4950,4955,4950,20240726RUN02,13.8540216037905,100.48072609628076,26/07/2024,2.0999721475155995,2.199117493283286,2.4354502248184424,1.4549910669802744,2.4354502248184424,0.3354780773028429,2.2677111861670207,2.393139614167165,6180,0,4951,705
26/07/2024,2.17,0.0,1.08,4955,4960,4955,20240726RUN02,13.854055677475255,100.48075647981103,26/07/2024,2.0999721475155995,2.199117493283286,2.4354502248184424,1.4549910669802744,2.4354502248184424,0.3354780773028429,2.2677111861670207,2.1119770899314516,6180,0,4958,706
26/07/2024,1.66,0.0,0.83,4960,4965,4960,20240726RUN02,13.854089739498683,100.48078687710063,26/07/2024,2.430373843605331,1.883264379600948,1.674808204390864,1.3433659066347947,2.430373843605331,0.755565639214467,2.0525910239980973,2.2044549469007793,6180,0,,
26/07/2024,2.06,0.0,1.03,4965,4970,4965,20240726RUN02,13.854123764689568,100.48081731757485,26/07/2024,2.430373843605331,1.883264379600948,1.674808204390864,1.3433659066347947,2.430373843605331,0.755565639214467,2.0525910239980973,2.2500866967303446,6180,0,4965,707
26/07/2024,1.67,0.0,0.84,4970,4975,4970,20240726RUN02,13.854157774670885,100.48084777595766,26/07/2024,2.430373843605331,1.883264379600948,1.674808204390864,1.3433659066347947,2.430373843605331,0.755565639214467,2.0525910239980973,1.9150985116758563,6180,0,4972,708
26/07/2024,1.76,0.0,0.88,4975,4980,4975,20240726RUN02,13.854191753603528,100.4808782705712,26/07/2024,2.430373843605331,1.883264379600948,1.674808204390864,1.3433659066347947,2.430373843605331,0.755565639214467,2.0525910239980973,2.085679382310282,6180,0,4979,709
26/07/2024,1.8,0.0,0.9,4980,4985,4980,20240726RUN02,13.854225695827338,100.48090880796657,26/07/2024,1.804170978325576,1.2208590339279368,1.3302798435267702,1.2220969260660404,1.804170978325576,0.4738911347988059,1.5672254109261732,1.4373653356824097,6180,0,,
26/07/2024,1.4,0.0,0.7,4985,4990,4985,20240726RUN02,13.854259637298608,100.48093934630685,26/07/2024,1.804170978325576,1.2208590339279368,1.3302798435267702,1.2220969260660404,1.804170978325576,0.4738911347988059,1.5672254109261732,1.6956923430705797,6180,0,4986,710
26/07/2024,1.51,0.03,0.77,4990,4995,4990,20240726RUN02,13.854293569879347,100.48096989504084,26/07/2024,1.804170978325576,1.2208590339279368,1.3302798435267702,1.2220969260660404,1.804170978325576,0.4738911347988059,1.5672254109261732,1.645370640255015,6180,0,4993,711
26/07/2024,1.91,0.0,0.96,4995,5000,4995,20240726RUN02,13.854327482937974,100.48100046651068,26/07/2024,1.804170978325576,1.2208590339279368,1.3302798435267702,1.2220969260660404,1.804170978325576,0.4738911347988059,1.5672254109261732,1.6356987968215204,6180,0,,
26/07/2024,1.88,0.05,0.96,5000,5005,5000,20240726RUN02,13.854361393846988,100.48103104049363,26/07/2024,3.0640679150031453,2.201542844573884,2.231046493801065,1.4851964524283734,3.0640679150031453,0.8330214212020803,2.647557204402105,2.529050048107373,6180,0,5000,712
26/07/2024,1.55,0.01,0.78,5005,5010,5005,20240726RUN02,13.854395289542541,100.48106163213987,26/07/2024,3.0640679150031453,2.201542844573884,2.231046493801065,1.4851964524283734,3.0640679150031453,0.8330214212020803,2.647557204402105,2.72171662276968,6180,0,5007,713
26/07/2024,1.92,0.0,0.96,5010,5015,5010,20240726RUN02,13.854429130293704,100.48109228750742,26/07/2024,3.0640679150031453,2.201542844573884,2.231046493801065,1.4851964524283734,3.0640679150031453,0.8330214212020803,2.647557204402105,2.6636236588283606,6180,0,5014,714
26/07/2024,1.81,0.0,0.9,5015,5020,5015,20240726RUN02,13.854462933281255,100.48112298648813,26/07/2024,3.0640679150031453,2.201542844573884,2.231046493801065,1.4851964524283734,3.0640679150031453,0.8330214212020803,2.647557204402105,2.82582862011295,6180,0,,
26/07/2024,1.53,0.0,0.76,5020,5025,5020,20240726RUN02,13.85449674039029,100.48115368079567,26/07/2024,2.219229041345684,1.6351707628707732,2.43571510059822,1.665592874203038,2.43571510059822,0.2164860592525355,2.327472070971952,2.2367531286472695,6180,0,5021,715
26/07/2024,1.0,0.0,0.5,5025,5030,5025,20240726RUN02,13.85453051130696,100.48118441674723,26/07/2024,2.219229041345684,1.6351707628707732,2.43571510059822,1.665592874203038,2.43571510059822,0.2164860592525355,2.327472070971952,2.3898470989281053,6180,0,5028,716
26/07/2024,1.0,0.0,0.5,5030,5035,5030,20240726RUN02,13.854564207108062,100.48121523897014,26/07/2024,2.219229041345684,1.6351707628707732,2.43571510059822,1.665592874203038,2.43571510059822,0.2164860592525355,2.327472070971952,2.4816985221565724,6180,0,,
26/07/2024,0.84,0.0,0.42,5035,5040,5035,20240726RUN02,13.854597844682512,100.48124612785308,26/07/2024,2.219229041345684,1.6351707628707732,2.43571510059822,1.665592874203038,2.43571510059822,0.2164860592525355,2.327472070971952,2.1237408520597243,6180,0,5035,717
26/07/2024,0.73,0.0,0.36,5040,5045,5040,20240726RUN02,13.854631450999968,100.48127705234874,26/07/2024,4.969700267403505,3.742259451264565,3.714945025416878,2.979700200521,4.969700267403505,1.254755241986627,4.342322646410191,4.3746891827836185,6180,0,5042,718
26/07/2024,0.77,0.0,0.38,5045,5050,5045,20240726RUN02,13.85466501028832,100.48130803029682,26/07/2024,4.969700267403505,3.742259451264565,3.714945025416878,2.979700200521,4.969700267403505,1.254755241986627,4.342322646410191,3.9129456367229922,6180,0,5049,719
26/07/2024,0.97,1.03,1.0,5050,5055,5050,20240726RUN02,13.854698478113455,100.48133911173676,26/07/2024,4.969700267403505,3.742259451264565,3.714945025416878,2.979700200521,4.969700267403505,1.254755241986627,4.342322646410191,4.748638211673453,6180,0,,
26/07/2024,1.82,1.82,1.82,5055,5060,5055,20240726RUN02,13.854731818910865,100.48137033582965,26/07/2024,4.969700267403505,3.742259451264565,3.714945025416878,2.979700200521,4.969700267403505,1.254755241986627,4.342322646410191,4.246997624003424,6180,0,5056,720
26/07/2024,2.04,0.59,1.32,5060,5065,5060,20240726RUN02,13.854765048548286,100.48140168390543,26/07/2024,3.902310177441895,2.3632977120858856,3.672176195571918,2.7427491952574443,3.902310177441895,0.2301339818699768,3.7872431865069065,3.897390918358141,6180,0,5063,721
26/07/2024,1.33,0.8,1.06,5065,5070,5065,20240726RUN02,13.854798194433657,100.48143312473941,26/07/2024,3.902310177441895,2.3632977120858856,3.672176195571918,2.7427491952574443,3.902310177441895,0.2301339818699768,3.7872431865069065,3.455020506405203,6180,0,,
26/07/2024,1.68,0.23,0.96,5070,5075,5070,20240726RUN02,13.85483123389928,100.48146468269867,26/07/2024,3.902310177441895,2.3632977120858856,3.672176195571918,2.7427491952574443,3.902310177441895,0.2301339818699768,3.7872431865069065,3.5296449535130625,6180,0,5070,722
26/07/2024,1.42,0.02,0.72,5075,5080,5075,20240726RUN02,13.854864163017874,100.48149636127287,26/07/2024,3.902310177441895,2.3632977120858856,3.672176195571918,2.7427491952574443,3.902310177441895,0.2301339818699768,3.7872431865069065,4.108547023760778,6180,0,5077,723
26/07/2024,1.54,0.0,0.77,5080,5085,5080,20240726RUN02,13.854896987134667,100.48152815375353,26/07/2024,4.3823078186973365,2.9071866500914703,3.3204803346025407,2.4065759307947463,4.3823078186973365,1.061827484094796,3.851394076649939,3.767902518126545,6180,0,5084,724
26/07/2024,1.13,0.0,0.56,5085,5090,5085,20240726RUN02,13.854929681685073,100.48156008579298,26/07/2024,4.3823078186973365,2.9071866500914703,3.3204803346025407,2.4065759307947463,4.3823078186973365,1.061827484094796,3.851394076649939,3.948778160492469,6180,0,,
26/07/2024,1.64,0.0,0.82,5090,5095,5090,20240726RUN02,13.854962165708274,100.48159224196915,26/07/2024,4.3823078186973365,2.9071866500914703,3.3204803346025407,2.4065759307947463,4.3823078186973365,1.061827484094796,3.851394076649939,3.872320937787335,6180,0,5091,725
26/07/2024,1.81,0.0,0.9,5095,5100,5095,20240726RUN02,13.854994348326906,100.48162471390107,26/07/2024,4.3823078186973365,2.9071866500914703,3.3204803346025407,2.4065759307947463,4.3823078186973365,1.061827484094796,3.851394076649939,3.727649670839477,6180,0,5098,726
26/07/2024,1.07,0.0,0.54,5100,5105,5100,20240726RUN02,13.855026197190252,100.48165752880917,26/07/2024,3.980879677687571,2.6620881015399207,2.509900725109695,2.276739912663011,3.980879677687571,1.4709789525778758,3.245390201398633,3.286501079557808,6180,0,,
26/07/2024,0.6,0.03,0.32,5105,5110,5105,20240726RUN02,13.85505770160755,100.48169069011453,26/07/2024,3.980879677687571,2.6620881015399207,2.509900725109695,2.276739912663011,3.980879677687571,1.4709789525778758,3.245390201398633,3.267703029387678,6180,0,5106,727
26/07/2024,0.41,0.0,0.2,5110,5115,5110,20240726RUN02,13.85508885403713,100.48172419802168,26/07/2024,3.980879677687571,2.6620881015399207,2.509900725109695,2.276739912663011,3.980879677687571,1.4709789525778758,3.245390201398633,3.0280030473822173,6180,0,5113,728
26/07/2024,0.66,0.05,0.36,5115,5120,5115,20240726RUN02,13.855119651860791,100.48175804743886,26/07/2024,3.980879677687571,2.6620881015399207,2.509900725109695,2.276739912663011,3.980879677687571,1.4709789525778758,3.245390201398633,3.2201696846994228,6180,0,,
26/07/2024,1.0,0.0,0.5,5120,5125,5120,20240726RUN02,13.855150038243595,100.4817922840348,26/07/2024,4.183213273039392,3.4272575766431794,3.214869582718899,2.5594083455575,4.183213273039392,0.9683436903204932,3.6990414278791457,3.8877744515021293,6180,0,5120,729
26/07/2024,0.3,0.0,0.15,5125,5130,5125,20240726RUN02,13.855179975671252,100.48182693258401,26/07/2024,4.183213273039392,3.4272575766431794,3.214869582718899,2.5594083455575,4.183213273039392,0.9683436903204932,3.6990414278791457,3.717875587321482,6180,0,5127,730
26/07/2024,1.41,0.0,0.7,5130,5135,5130,20240726RUN02,13.85520943031016,100.48186201166503,26/07/2024,4.183213273039392,3.4272575766431794,3.214869582718899,2.5594083455575,4.183213273039392,0.9683436903204932,3.6990414278791457,4.031433414853236,6180,0,5134,731
26/07/2024,0.71,0.0,0.36,5135,5140,5135,20240726RUN02,13.855238301360014,100.48189759514612,26/07/2024,4.183213273039392,3.4272575766431794,3.214869582718899,2.5594083455575,4.183213273039392,0.9683436903204932,3.6990414278791457,3.384387545377085,6180,0,,
26/07/2024,1.54,0.0,0.77,5140,5145,5140,20240726RUN02,13.855266486590594,100.4819337498801,26/07/2024,3.492870434934335,2.6371373672687217,4.489055066086504,3.825817011877485,4.489055066086504,0.9961846311521688,3.9909627505104197,4.349626931872708,6180,0,5141,732
26/07/2024,1.39,0.0,0.7,5145,5150,5145,20240726RUN02,13.855293983326801,100.48197045581159,26/07/2024,3.492870434934335,2.6371373672687217,4.489055066086504,3.825817011877485,4.489055066086504,0.9961846311521688,3.9909627505104197,3.8617544104063097,6180,0,5148,733
26/07/2024,1.45,0.0,0.72,5150,5155,5150,20240726RUN02,13.855320783130463,100.48200769761651,26/07/2024,3.492870434934335,2.6371373672687217,4.489055066086504,3.825817011877485,4.489055066086504,0.9961846311521688,3.9909627505104197,3.990767891229658,6180,0,,
26/07/2024,1.47,0.0,0.74,5155,5160,5155,20240726RUN02,13.85534677601218,100.4820455333999,26/07/2024,3.492870434934335,2.6371373672687217,4.489055066086504,3.825817011877485,4.489055066086504,0.9961846311521688,3.9909627505104197,3.955257061446647,6180,0,5155,734
26/07/2024,1.12,0.0,0.56,5160,5165,5160,20240726RUN02,13.855371843514915,100.48208401749447,26/07/2024,1.9690097283089776,1.0859195172151497,2.630304124885372,1.8972695159188333,2.630304124885372,0.6612943965763938,2.2996569265971747,2.4473939060295735,6180,0,5162,735
26/07/2024,0.93,0.0,0.46,5165,5170,5165,20240726RUN02,13.855395910724413,100.48212316447258,26/07/2024,1.9690097283089776,1.0859195172151497,2.630304124885372,1.8972695159188333,2.630304124885372,0.6612943965763938,2.2996569265971747,2.089835816868555,6180,0,5169,736
26/07/2024,1.33,0.0,0.66,5170,5175,5170,20240726RUN02,13.855418939822455,100.48216296030532,26/07/2024,1.9690097283089776,1.0859195172151497,2.630304124885372,1.8972695159188333,2.630304124885372,0.6612943965763938,2.2996569265971747,2.3373374660192994,6180,0,,
26/07/2024,1.63,0.0,0.82,5175,5180,5175,20240726RUN02,13.855441019479649,100.48220331607382,26/07/2024,1.9690097283089776,1.0859195172151497,2.630304124885372,1.8972695159188333,2.630304124885372,0.6612943965763938,2.2996569265971747,2.0944774238609205,6180,0,5176,737
26/07/2024,1.98,0.0,0.99,5180,5185,5180,20240726RUN02,13.855462188251824,100.48224417990592,26/07/2024,2.1677939675930764,1.5449624242639874,2.9856464592568805,2.1151744942040467,2.9856464592568805,0.8178524916638041,2.5767202134249785,2.7661700483707716,6180,0,5183,738
26/07/2024,1.56,0.0,0.78,5185,5190,5185,20240726RUN02,13.85548242828198,100.48228553369825,26/07/2024,2.1677939675930764,1.5449624242639874,2.9856464592568805,2.1151744942040467,2.9856464592568805,0.8178524916638041,2.5767202134249785,2.537103666776884,6180,0,,
26/07/2024,1.16,0.0,0.58,5190,5195,5190,20240726RUN02,13.855501688808571,100.48232737450277,26/07/2024,2.1677939675930764,1.5449624242639874,2.9856464592568805,2.1151744942040467,2.9856464592568805,0.8178524916638041,2.5767202134249785,2.511967652738191,6180,0,5190,739
26/07/2024,0.78,0.0,0.39,5195,5200,5195,20240726RUN02,13.85552000403491,100.48236965771682,26/07/2024,2.1677939675930764,1.5449624242639874,2.9856464592568805,2.1151744942040467,2.9856464592568805,0.8178524916638041,2.5767202134249785,2.7797950896510932,6180,0,5197,740
26/07/2024,0.3,0.0,0.15,5200,5205,5200,20240726RUN02,13.855537411456355,100.48241234084557,26/07/2024,1.8145001101908915,1.288850489333833,2.9640889958798504,1.7531325336053258,2.9640889958798504,1.149588885688959,2.389294553035371,2.3761012514071775,6180,0,5204,741
26/07/2024,0.69,0.0,0.34,5205,5210,5205,20240726RUN02,13.855553923223216,100.48245539512325,26/07/2024,1.8145001101908915,1.288850489333833,2.9640889958798504,1.7531325336053258,2.9640889958798504,1.149588885688959,2.389294553035371,2.5299622225561067,6180,0,,
26/07/2024,1.16,0.0,0.58,5210,5215,5210,20240726RUN02,13.855569523440163,100.48249880397805,26/07/2024,1.8145001101908915,1.288850489333833,2.9640889958798504,1.7531325336053258,2.9640889958798504,1.149588885688959,2.389294553035371,2.2118163122634678,6180,0,5211,742
26/07/2024,1.15,0.0,0.57,5215,5220,5215,20240726RUN02,13.855584178165818,100.4825425565325,26/07/2024,1.8145001101908915,1.288850489333833,2.9640889958798504,1.7531325336053258,2.9640889958798504,1.149588885688959,2.389294553035371,2.215462670869412,6180,0,5218,743
26/07/2024,1.64,0.0,0.82,5220,5225,5220,20240726RUN02,13.855597839906027,100.48258664445,26/07/2024,3.297807760323872,2.6820553555125817,2.9107915846836847,2.3348451787194087,3.297807760323872,0.3870161756401868,3.104299672503778,2.846109029562451,6180,0,,
26/07/2024,0.96,0.0,0.48,5225,5230,5225,20240726RUN02,13.855610517780603,100.48263103913472,26/07/2024,3.297807760323872,2.6820553555125817,2.9107915846836847,2.3348451787194087,3.297807760323872,0.3870161756401868,3.104299672503778,3.202118727013094,6180,0,5225,744
26/07/2024,1.34,0.0,0.67,5230,5235,5230,20240726RUN02,13.855622233205661,100.482675709972,26/07/2024,3.297807760323872,2.6820553555125817,2.9107915846836847,2.3348451787194087,3.297807760323872,0.3870161756401868,3.104299672503778,2.8422535773191844,6180,0,5232,745
26/07/2024,2.14,0.0,1.07,5235,5240,5235,20240726RUN02,13.855632954350702,100.48272064148155,26/07/2024,3.297807760323872,2.6820553555125817,2.9107915846836847,2.3348451787194087,3.297807760323872,0.3870161756401868,3.104299672503778,3.3660017210826703,6180,0,5239,746
26/07/2024,1.97,0.0,0.98,5240,5245,5240,20240726RUN02,13.855642641455209,100.48276581832263,26/07/2024,2.376713383323352,2.008962751739753,2.627622719277493,2.104602899316157,2.627622719277493,0.2509093359541414,2.5021680513004223,2.313018987964181,6180,0,,
26/07/2024,1.86,0.0,0.93,5245,5250,5245,20240726RUN02,13.855651278384558,100.48281121765703,26/07/2024,2.376713383323352,2.008962751739753,2.627622719277493,2.104602899316157,2.627622719277493,0.2509093359541414,2.5021680513004223,2.4055067132550834,6180,0,5246,747
26/07/2024,1.3,0.0,0.65,5250,5255,5250,20240726RUN02,13.855658857639874,100.48285681449829,26/07/2024,2.376713383323352,2.008962751739753,2.627622719277493,2.104602899316157,2.627622719277493,0.2509093359541414,2.5021680513004223,2.5853357931662084,6180,0,5253,748
26/07/2024,1.23,0.0,0.62,5255,5260,5255,20240726RUN02,13.855665382134369,100.48290258188023,26/07/2024,2.376713383323352,2.008962751739753,2.627622719277493,2.104602899316157,2.627622719277493,0.2509093359541414,2.5021680513004223,2.5751161412903,6180,0,,
26/07/2024,1.7,0.0,0.85,5260,5265,5260,20240726RUN02,13.855670878542123,100.4829484904961,26/07/2024,2.857343979100735,2.193614217621387,2.5302754740354265,1.5299169256293077,2.857343979100735,0.3270685050653084,2.6938097265680807,2.7844495940933385,6180,0,5260,749
26/07/2024,1.78,0.0,0.89,5265,5270,5265,20240726RUN02,13.85567534232243,100.48299451637389,26/07/2024,2.857343979100735,2.193614217621387,2.5302754740354265,1.5299169256293077,2.857343979100735,0.3270685050653084,2.6938097265680807,2.6607879576742506,6180,0,5267,750
26/07/2024,1.61,0.0,0.8,5270,5275,5270,20240726RUN02,13.855678808963642,100.48304063210657,26/07/2024,2.857343979100735,2.193614217621387,2.5302754740354265,1.5299169256293077,2.857343979100735,0.3270685050653084,2.6938097265680807,2.5580945283482786,6180,0,5274,751
26/07/2024,1.48,0.0,0.74,5275,5280,5275,20240726RUN02,13.855681277711195,100.48308681518755,26/07/2024,2.857343979100735,2.193614217621387,2.5302754740354265,1.5299169256293077,2.857343979100735,0.3270685050653084,2.6938097265680807,2.8872303059205375,6180,0,,
26/07/2024,1.36,0.0,0.68,5280,5285,5280,20240726RUN02,13.855682733685693,100.48313304316297,26/07/2024,2.6665102379510057,2.0534859574028195,3.622619775833028,2.879483253418915,3.622619775833028,0.956109537882022,3.144565006892017,2.8306643687326676,6180,0,5281,752
26/07/2024,1.63,0.0,0.82,5285,5290,5285,20240726RUN02,13.855683136450013,100.48317929333712,26/07/2024,2.6665102379510057,2.0534859574028195,3.622619775833028,2.879483253418915,3.622619775833028,0.956109537882022,3.144565006892017,3.2940166589344395,6180,0,5288,753
26/07/2024,1.81,0.0,0.9,5290,5295,5290,20240726RUN02,13.855682543146031,100.48322554150523,26/07/2024,2.6665102379510057,2.0534859574028195,3.622619775833028,2.879483253418915,3.622619775833028,0.956109537882022,3.144565006892017,3.179655123594974,6180,0,,
26/07/2024,1.16,0.0,0.58,5295,5300,5295,20240726RUN02,13.855680997286212,100.48327176652768,26/07/2024,2.6665102379510057,2.0534859574028195,3.622619775833028,2.879483253418915,3.622619775833028,0.956109537882022,3.144565006892017,3.2026676892251578,6180,0,5295,754
26/07/2024,1.24,0.0,0.62,5300,5305,5300,20240726RUN02,13.855678509205156,100.48331794857624,26/07/2024,2.0602682996491324,1.9549363693585613,2.466115307915975,1.7052576603773926,2.466115307915975,0.4058470082668428,2.263191803782554,2.3042982533081546,6180,0,5302,755
26/07/2024,0.88,0.0,0.44,5305,5310,5305,20240726RUN02,13.855675197687615,100.48336407664421,26/07/2024,2.0602682996491324,1.9549363693585613,2.466115307915975,1.7052576603773926,2.466115307915975,0.4058470082668428,2.263191803782554,2.2538863608543505,6180,0,5309,756
26/07/2024,1.25,0.0,0.62,5310,5315,5310,20240726RUN02,13.855671117436135,100.48341014015753,26/07/2024,2.0602682996491324,1.9549363693585613,2.466115307915975,1.7052576603773926,2.466115307915975,0.4058470082668428,2.263191803782554,2.132065048171874,6180,0,,
26/07/2024,0.93,0.0,0.46,5315,5320,5315,20240726RUN02,13.855666285940595,100.4834561275264,26/07/2024,2.0602682996491324,1.9549363693585613,2.466115307915975,1.7052576603773926,2.466115307915975,0.4058470082668428,2.263191803782554,2.3717051798439,6180,0,5316,757
26/07/2024,0.46,0.0,0.23,5320,5325,5320,20240726RUN02,13.855660716275983,100.48350202738212,26/07/2024,2.3507729781192017,1.401326435247886,2.664065619405924,2.1412227800108035,2.664065619405924,0.3132926412867221,2.5074192987625628,2.6716381686948694,6180,0,5323,758
26/07/2024,0.16,0.0,0.08,5325,5330,5325,20240726RUN02,13.855654415132715,100.4835478280446,26/07/2024,2.3507729781192017,1.401326435247886,2.664065619405924,2.1412227800108035,2.664065619405924,0.3132926412867221,2.5074192987625628,2.2660926873122116,6180,0,,
26/07/2024,0.66,0.0,0.33,5330,5335,5330,20240726RUN02,13.855647435612024,100.48359352560553,26/07/2024,2.3507729781192017,1.401326435247886,2.664065619405924,2.1412227800108035,2.664065619405924,0.3132926412867221,2.5074192987625628,2.724337454285291,6180,0,5330,759
26/07/2024,0.44,0.0,0.22,5335,5340,5335,20240726RUN02,13.855639816012483,100.48363911604518,26/07/2024,2.3507729781192017,1.401326435247886,2.664065619405924,2.1412227800108035,2.664065619405924,0.3132926412867221,2.5074192987625628,2.2747495260834905,6180,0,5337,760
26/07/2024,1.36,0.0,0.68,5340,5345,5340,20240726RUN02,13.85563158686227,100.48368459536562,26/07/2024,2.954715985912438,2.428450015430694,3.8801589379525,2.986505982222202,3.8801589379525,0.9254429520400618,3.417437461932469,3.476786053034324,6180,0,5344,761
26/07/2024,0.36,0.0,0.18,5345,5350,5345,20240726RUN02,13.855622791561032,100.48372996361371,26/07/2024,2.954715985912438,2.428450015430694,3.8801589379525,2.986505982222202,3.8801589379525,0.9254429520400618,3.417437461932469,3.0975704865653215,6180,0,,
26/07/2024,0.1,0.0,0.05,5350,5355,5350,20240726RUN02,13.855613520152598,100.4837752325988,26/07/2024,2.954715985912438,2.428450015430694,3.8801589379525,2.986505982222202,3.8801589379525,0.9254429520400618,3.417437461932469,3.737556345729657,6180,0,5351,762
26/07/2024,0.04,0.0,0.02,5355,5360,5355,20240726RUN02,13.855603898340968,100.4838204249332,26/07/2024,2.954715985912438,2.428450015430694,3.8801589379525,2.986505982222202,3.8801589379525,0.9254429520400618,3.417437461932469,3.1592386330708195,6180,0,5358,763
26/07/2024,0.84,0.0,0.42,5360,5365,5360,20240726RUN02,13.855593997863718,100.48386555423347,26/07/2024,2.9339933476821667,2.323025993074605,2.613184364314258,2.161555581446592,2.9339933476821667,0.3208089833679088,2.773588855998212,2.8849498648405456,6180,0,,
26/07/2024,2.63,0.0,1.32,5365,5370,5365,20240726RUN02,13.855583821622407,100.48391061918063,26/07/2024,2.9339933476821667,2.323025993074605,2.613184364314258,2.161555581446592,2.9339933476821667,0.3208089833679088,2.773588855998212,2.709111875608038,6180,0,5365,764
26/07/2024,2.34,0.0,1.17,5370,5375,5370,20240726RUN02,13.855573382376733,100.48395562118,26/07/2024,2.9339933476821667,2.323025993074605,2.613184364314258,2.161555581446592,2.9339933476821667,0.3208089833679088,2.773588855998212,2.7308751214884683,6180,0,5372,765
26/07/2024,2.21,0.0,1.1,5375,5380,5375,20240726RUN02,13.8555627092827,100.4840005656787,26/07/2024,2.9339933476821667,2.323025993074605,2.613184364314258,2.161555581446592,2.9339933476821667,0.3208089833679088,2.773588855998212,2.9070697386029822,6180,0,5379,766
26/07/2024,1.95,0.0,0.98,5380,5385,5380,20240726RUN02,13.855551789344105,100.48404544794968,26/07/2024,3.39378076934425,2.5783480532745973,3.315750469956141,3.286262527861862,3.39378076934425,0.0780302993881085,3.3547656196501956,3.629313648274498,6180,0,,
26/07/2024,1.93,0.0,0.96,5385,5390,5385,20240726RUN02,13.855540592818889,100.4840902588432,26/07/2024,3.39378076934425,2.5783480532745973,3.315750469956141,3.286262527861862,3.39378076934425,0.0780302993881085,3.3547656196501956,3.0573557645897833,6180,0,5386,767
26/07/2024,2.83,0.0,1.42,5390,5395,5390,20240726RUN02,13.855529155634231,100.48413500608768,26/07/2024,3.39378076934425,2.5783480532745973,3.315750469956141,3.286262527861862,3.39378076934425,0.0780302993881085,3.3547656196501956,3.5627684285265384,6180,0,5393,768
26/07/2024,2.51,0.0,1.25,5395,5400,5395,20240726RUN02,13.855517569797394,100.4841797134401,26/07/2024,3.39378076934425,2.5783480532745973,3.315750469956141,3.286262527861862,3.39378076934425,0.0780302993881085,3.3547656196501956,3.309254383900702,6180,0,,
26/07/2024,1.89,0.0,0.94,5400,5405,5400,20240726RUN02,13.855505854660827,100.48422438554582,26/07/2024,2.8387302978279934,1.9530778641697364,3.25150174074584,2.4244686289562623,3.25150174074584,0.4127714429178466,3.0451160192869167,2.8805803333298754,6180,0,5400,769
26/07/2024,1.89,0.0,0.94,5405,5410,5405,20240726RUN02,13.855494006619486,100.48426902096126,26/07/2024,2.8387302978279934,1.9530778641697364,3.25150174074584,2.4244686289562623,3.25150174074584,0.4127714429178466,3.0451160192869167,2.9110793738993963,6180,0,5408,770
26/07/2024,2.16,0.0,1.08,5410,5415,5410,20240726RUN02,13.855482087043379,100.484313636365,26/07/2024,2.8387302978279934,1.9530778641697364,3.25150174074584,2.4244686289562623,3.25150174074584,0.4127714429178466,3.0451160192869167,2.8100154652757987,6180,0,,
26/07/2024,2.14,0.0,1.07,5415,5420,5415,20240726RUN02,13.855470118339678,100.4843582379921,26/07/2024,2.8387302978279934,1.9530778641697364,3.25150174074584,2.4244686289562623,3.25150174074584,0.4127714429178466,3.0451160192869167,3.342007968706611,6180,0,5415,771
26/07/2024,1.87,0.0,0.94,5420,5425,5420,20240726RUN02,13.855458032627789,100.48440280647647,26/07/2024,3.2292424999044127,2.2982719981271305,3.648036948456266,2.8001730074559577,3.648036948456266,0.4187944485518526,3.438639724180339,3.440236567380837,6180,0,5422,772
26/07/2024,1.87,0.1,0.99,5425,5430,5425,20240726RUN02,13.855445790687888,100.48444733035325,26/07/2024,3.2292424999044127,2.2982719981271305,3.648036948456266,2.8001730074559577,3.648036948456266,0.4187944485518526,3.438639724180339,3.142176198427382,6180,0,5429,773
26/07/2024,1.74,0.1,0.92,5430,5435,5430,20240726RUN02,13.85543344151004,100.48449182322464,26/07/2024,3.2292424999044127,2.2982719981271305,3.648036948456266,2.8001730074559577,3.648036948456266,0.4187944485518526,3.438639724180339,3.621166237438522,6180,0,,
26/07/2024,1.91,0.0,0.96,5435,5440,5435,20240726RUN02,13.855421025926226,100.48453629670658,26/07/2024,3.2292424999044127,2.2982719981271305,3.648036948456266,2.8001730074559577,3.648036948456266,0.4187944485518526,3.438639724180339,3.505239946872521,6180,0,5436,774
26/07/2024,1.94,0.01,0.98,5440,5445,5440,20240726RUN02,13.855408547583778,100.48458075176772,26/07/2024,3.237309923199588,2.439138205095789,3.242529863755387,2.5734714784046315,3.242529863755387,0.0052199405557988,3.2399198934774875,3.201397988224739,6180,0,5443,775
26/07/2024,1.66,0.0,0.83,5445,5450,5445,20240726RUN02,13.855396047772047,100.48462520048236,26/07/2024,3.237309923199588,2.439138205095789,3.242529863755387,2.5734714784046315,3.242529863755387,0.0052199405557988,3.2399198934774875,3.431556236525731,6180,0,,
26/07/2024,1.62,0.02,0.82,5450,5455,5450,20240726RUN02,13.855383503564093,100.48466963610434,26/07/2024,3.237309923199588,2.439138205095789,3.242529863755387,2.5734714784046315,3.242529863755387,0.0052199405557988,3.2399198934774875,3.071500843543876,6180,0,5450,776
26/07/2024,2.66,0.0,1.33,5455,5460,5455,20240726RUN02,13.855370895762201,100.48471405286931,26/07/2024,3.237309923199588,2.439138205095789,3.242529863755387,2.5734714784046315,3.242529863755387,0.0052199405557988,3.2399198934774875,3.3102865209819106,6180,0,5457,777
26/07/2024,1.51,0.0,0.76,5460,5465,5460,20240726RUN02,13.855358286718916,100.48475846927728,26/07/2024,2.515677575905898,1.799315705528516,2.24499454844676,1.928599189830684,2.515677575905898,0.2706830274591376,2.3803360621763288,2.614806166957279,6180,0,5464,778
26/07/2024,1.26,0.0,0.63,5465,5470,5465,20240726RUN02,13.855345696043027,100.4848028911235,26/07/2024,2.515677575905898,1.799315705528516,2.24499454844676,1.928599189830684,2.515677575905898,0.2706830274591376,2.3803360621763288,2.163174496606383,6180,0,,
26/07/2024,1.44,0.0,0.72,5470,5475,5470,20240726RUN02,13.855333094693824,100.48484730978312,26/07/2024,2.515677575905898,1.799315705528516,2.24499454844676,1.928599189830684,2.515677575905898,0.2706830274591376,2.3803360621763288,2.4687485969014946,6180,0,5471,779
26/07/2024,1.52,0.0,0.76,5475,5480,5475,20240726RUN02,13.855320446619302,100.48489171444564,26/07/2024,2.515677575905898,1.799315705528516,2.24499454844676,1.928599189830684,2.515677575905898,0.2706830274591376,2.3803360621763288,2.3390855050897095,6180,0,5478,780
26/07/2024,1.65,0.05,0.85,5480,5485,5480,20240726RUN02,13.855307734341737,100.48493609997955,26/07/2024,2.5545328043862083,1.876401381898822,2.5205419752797398,1.8238378060532647,2.5545328043862083,0.033990829106469,2.5375373898329743,2.6805760056932835,6180,0,,
26/07/2024,1.5,0.0,0.75,5485,5490,5485,20240726RUN02,13.855295001799362,100.48498047941034,26/07/2024,2.5545328043862083,1.876401381898822,2.5205419752797398,1.8238378060532647,2.5545328043862083,0.033990829106469,2.5375373898329743,2.3598809291575886,6180,0,5485,781
26/07/2024,2.04,0.0,1.02,5490,5495,5490,20240726RUN02,13.855282279232984,100.48502486184175,26/07/2024,2.5545328043862083,1.876401381898822,2.5205419752797398,1.8238378060532647,2.5545328043862083,0.033990829106469,2.5375373898329743,2.650815330182728,6180,0,5492,782
26/07/2024,1.89,0.0,0.94,5495,5500,5495,20240726RUN02,13.855269542988673,100.48506924011198,26/07/2024,2.5545328043862083,1.876401381898822,2.5205419752797398,1.8238378060532647,2.5545328043862083,0.033990829106469,2.5375373898329743,2.3038855846803803,6180,0,5499,783
26/07/2024,1.67,0.0,0.84,5500,5505,5500,20240726RUN02,13.855256769862084,100.48511360728672,26/07/2024,2.29369813612153,1.8788307225752208,2.506793980074709,1.9471592449200803,2.506793980074709,0.2130958439531793,2.4002460580981193,2.3570244123766444,6180,0,,
26/07/2024,1.52,0.0,0.76,5505,5510,5505,20240726RUN02,13.855243969119492,100.48515796610032,26/07/2024,2.29369813612153,1.8788307225752208,2.506793980074709,1.9471592449200803,2.506793980074709,0.2130958439531793,2.4002460580981193,2.2386881206960854,6180,0,5506,784
26/07/2024,1.8,0.05,0.92,5510,5515,5510,20240726RUN02,13.855231150792834,100.48520231959692,26/07/2024,2.29369813612153,1.8788307225752208,2.506793980074709,1.9471592449200803,2.506793980074709,0.2130958439531793,2.4002460580981193,2.5355033805178846,6180,0,5513,785
26/07/2024,1.97,0.01,0.99,5515,5520,5515,20240726RUN02,13.855218309398248,100.48524666610986,26/07/2024,2.29369813612153,1.8788307225752208,2.506793980074709,1.9471592449200803,2.506793980074709,0.2130958439531793,2.4002460580981193,2.4668768442590303,6180,0,,
26/07/2024,1.59,0.04,0.82,5520,5525,5520,20240726RUN02,13.855205450470855,100.48529100728315,26/07/2024,3.218383781618585,2.7356206558021827,3.60096847512956,2.836070258319677,3.60096847512956,0.3825846935109749,3.4096761283740724,3.631589581544997,6180,0,5520,786
26/07/2024,2.03,0.02,1.02,5525,5530,5525,20240726RUN02,13.855192589177546,100.48533534778161,26/07/2024,3.218383781618585,2.7356206558021827,3.60096847512956,2.836070258319677,3.60096847512956,0.3825846935109749,3.4096761283740724,3.133323062741486,6180,0,5527,787
26/07/2024,1.26,0.0,0.63,5530,5535,5530,20240726RUN02,13.855179743024655,100.48537969286377,26/07/2024,3.218383781618585,2.7356206558021827,3.60096847512956,2.836070258319677,3.60096847512956,0.3825846935109749,3.4096761283740724,3.435973457863009,6180,0,5534,788
26/07/2024,2.01,0.0,1.0,5535,5540,5535,20240726RUN02,13.855166876779702,100.48542403173862,26/07/2024,3.218383781618585,2.7356206558021827,3.60096847512956,2.836070258319677,3.60096847512956,0.3825846935109749,3.4096761283740724,3.3594833809550404,6180,0,,
26/07/2024,1.68,0.03,0.86,5540,5545,5540,20240726RUN02,13.855153990078088,100.48546836449556,26/07/2024,2.115400435300813,1.5533213120138605,3.112208880390586,2.182723593728346,3.112208880390586,0.9968084450897732,2.6138046578456997,2.547427380269801,6180,0,5541,789
26/07/2024,1.96,0.0,0.98,5545,5550,5545,20240726RUN02,13.855141082134526,100.4855126906885,26/07/2024,2.115400435300813,1.5533213120138605,3.112208880390586,2.182723593728346,3.112208880390586,0.9968084450897732,2.6138046578456997,2.86007948187762,6180,0,5548,790
26/07/2024,2.08,0.0,1.04,5550,5555,5550,20240726RUN02,13.8551281469437,100.48555700860565,26/07/2024,2.115400435300813,1.5533213120138605,3.112208880390586,2.182723593728346,3.112208880390586,0.9968084450897732,2.6138046578456997,2.5388013506293756,6180,0,,
26/07/2024,1.78,0.0,0.89,5555,5560,5555,20240726RUN02,13.855115210991823,100.485601326306,26/07/2024,2.115400435300813,1.5533213120138605,3.112208880390586,2.182723593728346,3.112208880390586,0.9968084450897732,2.6138046578456997,2.724689765854179,6180,0,5555,791
26/07/2024,1.5,0.0,0.75,5560,5565,5560,20240726RUN02,13.85510226567113,100.48564564105361,26/07/2024,2.681973636701096,1.8179372393520383,4.352457859813205,2.654281335767494,4.352457859813205,1.670484223112109,3.5172157482571507,3.3632273545340565,6180,0,5562,792
26/07/2024,0.8,0.0,0.4,5565,5570,5565,20240726RUN02,13.855089337857617,100.48568996117612,26/07/2024,2.681973636701096,1.8179372393520383,4.352457859813205,2.654281335767494,4.352457859813205,1.670484223112109,3.5172157482571507,3.197755781265813,6180,0,5569,793
26/07/2024,0.43,0.0,0.22,5570,5575,5570,20240726RUN02,13.855076431048621,100.48573428774888,26/07/2024,2.681973636701096,1.8179372393520383,4.352457859813205,2.654281335767494,4.352457859813205,1.670484223112109,3.5172157482571507,3.676747552267693,6180,0,,
26/07/2024,1.36,0.0,0.68,5575,5580,5575,20240726RUN02,13.855063520565327,100.48577861313359,26/07/2024,2.681973636701096,1.8179372393520383,4.352457859813205,2.654281335767494,4.352457859813205,1.670484223112109,3.5172157482571507,3.6318838334144594,6180,0,5576,794
26/07/2024,1.0,0.0,0.5,5580,5585,5580,20240726RUN02,13.855050649811124,100.48582295064233,26/07/2024,2.333025562096009,1.6100109770054352,2.781648746659627,2.003676321265889,2.781648746659627,0.4486231845636181,2.557337154377818,2.783960228233954,6180,0,5583,795
26/07/2024,0.42,0.0,0.21,5585,5590,5585,20240726RUN02,13.855037839136521,100.48586730641928,26/07/2024,2.333025562096009,1.6100109770054352,2.781648746659627,2.003676321265889,2.781648746659627,0.4486231845636181,2.557337154377818,2.4185750250427436,6180,0,,
26/07/2024,1.05,0.0,0.52,5590,5595,5590,20240726RUN02,13.855025051036586,100.48591166893115,26/07/2024,2.333025562096009,1.6100109770054352,2.781648746659627,2.003676321265889,2.781648746659627,0.4486231845636181,2.557337154377818,2.449295844523217,6180,0,5590,796
26/07/2024,0.78,0.0,0.39,5595,5600,5595,20240726RUN02,13.855012318070324,100.48595604805242,26/07/2024,2.333025562096009,1.6100109770054352,2.781648746659627,2.003676321265889,2.781648746659627,0.4486231845636181,2.557337154377818,2.593773356729664,6180,0,5597,797
26/07/2024,1.36,0.01,0.68,5600,5605,5600,20240726RUN02,13.854999632727662,100.48600044147314,26/07/2024,2.423237803131273,1.613968666540906,2.594778132331768,1.7092498520279815,2.594778132331768,0.1715403292004946,2.5090079677315202,2.330697226598803,6180,0,5604,798
26/07/2024,1.22,0.01,0.62,5605,5610,5605,20240726RUN02,13.854986932330291,100.48604483038365,26/07/2024,2.423237803131273,1.613968666540906,2.594778132331768,1.7092498520279815,2.594778132331768,0.1715403292004946,2.5090079677315202,2.552928522100691,6180,0,,
26/07/2024,1.34,0.03,0.68,5610,5615,5610,20240726RUN02,13.85497418237698,100.48608920448453,26/07/2024,2.423237803131273,1.613968666540906,2.594778132331768,1.7092498520279815,2.594778132331768,0.1715403292004946,2.5090079677315202,2.5536101326538323,6180,0,5611,799
26/07/2024,1.35,0.0,0.68,5615,5620,5615,20240726RUN02,13.854961388619223,100.48613356539552,26/07/2024,2.423237803131273,1.613968666540906,2.594778132331768,1.7092498520279815,2.594778132331768,0.1715403292004946,2.5090079677315202,2.723334259615333,6180,0,5618,800
26/07/2024,1.33,0.0,0.66,5620,5625,5620,20240726RUN02,13.854948628927671,100.48617793659594,26/07/2024,1.9608386886806817,1.6007014720950457,1.9297062924727584,1.5928381481078009,1.9608386886806817,0.031132396207923,1.94527249057672,1.90460915466685,6180,0,,
26/07/2024,1.42,0.0,0.71,5625,5630,5625,20240726RUN02,13.854935933213648,100.4862223269804,26/07/2024,1.9608386886806817,1.6007014720950457,1.9297062924727584,1.5928381481078009,1.9608386886806817,0.031132396207923,1.94527249057672,1.8964048369871656,6180,0,5625,801
26/07/2024,1.41,0.0,0.7,5630,5635,5630,20240726RUN02,13.85492322715513,100.48626671429301,26/07/2024,1.9608386886806817,1.6007014720950457,1.9297062924727584,1.5928381481078009,1.9608386886806817,0.031132396207923,1.94527249057672,2.071411241306124,6180,0,5632,802
26/07/2024,1.63,0.0,0.82,5635,5640,5635,20240726RUN02,13.854910536169568,100.48631110608362,26/07/2024,1.9608386886806817,1.6007014720950457,1.9297062924727584,1.5928381481078009,1.9608386886806817,0.031132396207923,1.94527249057672,1.8790821979327113,6180,0,5639,803
26/07/2024,1.36,0.0,0.68,5640,5645,5640,20240726RUN02,13.85489790283224,100.48635551508868,26/07/2024,3.8567322251119007,2.9087697092407607,4.102454431663869,2.415413043872962,4.102454431663869,0.2457222065519682,3.979593328387885,4.062005811994913,6180,0,,
26/07/2024,1.4,0.0,0.7,5645,5650,5645,20240726RUN02,13.85488532503023,100.48639994060663,26/07/2024,3.8567322251119007,2.9087697092407607,4.102454431663869,2.415413043872962,4.102454431663869,0.2457222065519682,3.979593328387885,4.2197338047854585,6180,0,5646,804
26/07/2024,1.6,0.0,0.8,5650,5655,5650,20240726RUN02,13.854872806260424,100.48644438357319,26/07/2024,3.8567322251119007,2.9087697092407607,4.102454431663869,2.415413043872962,4.102454431663869,0.2457222065519682,3.979593328387885,4.019280739171923,6180,0,5653,805
26/07/2024,2.57,0.03,1.3,5655,5660,5655,20240726RUN02,13.854860359249248,100.48648884764353,26/07/2024,3.8567322251119007,2.9087697092407607,4.102454431663869,2.415413043872962,4.102454431663869,0.2457222065519682,3.979593328387885,3.9036807348793103,6180,0,,
26/07/2024,2.74,0.0,1.37,5660,5665,5660,20240726RUN02,13.854848016769282,100.48653334219613,26/07/2024,3.30087047257638,2.291687567617079,2.9732344575630787,2.002150633219945,3.30087047257638,0.3276360150133013,3.137052465069729,3.2570032933773367,6180,0,5660,806
26/07/2024,2.38,0.0,1.19,5665,5670,5665,20240726RUN02,13.85483582033302,100.48657787891777,26/07/2024,3.30087047257638,2.291687567617079,2.9732344575630787,2.002150633219945,3.30087047257638,0.3276360150133013,3.137052465069729,2.9181994437633745,6180,0,5667,807
26/07/2024,2.66,0.0,1.33,5670,5675,5670,20240726RUN02,13.854823789485494,100.4866224627753,26/07/2024,3.30087047257638,2.291687567617079,2.9732344575630787,2.002150633219945,3.30087047257638,0.3276360150133013,3.137052465069729,3.163404532232608,6180,0,5674,808
26/07/2024,1.75,0.0,0.88,5675,5680,5675,20240726RUN02,13.85481196244035,100.48666710369395,26/07/2024,3.30087047257638,2.291687567617079,2.9732344575630787,2.002150633219945,3.30087047257638,0.3276360150133013,3.137052465069729,3.265523675602623,6180,0,,
26/07/2024,2.23,0.0,1.12,5680,5685,5680,20240726RUN02,13.854800319285424,100.48671179518999,26/07/2024,3.176583872123781,2.356290083863979,3.0867448209743023,2.4322879197970746,3.176583872123781,0.0898390511494788,3.1316643465490417,3.2757570882832017,6180,0,5681,809
26/07/2024,1.37,0.0,0.68,5685,5690,5685,20240726RUN02,13.854788864162233,100.4867565375399,26/07/2024,3.176583872123781,2.356290083863979,3.0867448209743023,2.4322879197970746,3.176583872123781,0.0898390511494788,3.1316643465490417,3.101376072190898,6180,0,5688,810
26/07/2024,2.24,0.0,1.12,5690,5695,5690,20240726RUN02,13.854777643545185,100.48680134205287,26/07/2024,3.176583872123781,2.356290083863979,3.0867448209743023,2.4322879197970746,3.176583872123781,0.0898390511494788,3.1316643465490417,3.2492565673975236,6180,0,,
26/07/2024,1.88,0.0,0.94,5695,5700,5695,20240726RUN02,13.854766675394101,100.48684621199143,26/07/2024,3.176583872123781,2.356290083863979,3.0867448209743023,2.4322879197970746,3.176583872123781,0.0898390511494788,3.1316643465490417,2.9607848834096906,6180,0,5695,811
26/07/2024,2.25,0.0,1.12,5700,5705,5700,20240726RUN02,13.854756006260176,100.48689115737763,26/07/2024,5.115047081911608,3.6458479867014537,3.554157998145105,2.982779708382713,5.115047081911608,1.5608890837665026,4.3346025400283565,4.045010426839948,6180,0,5702,812
26/07/2024,2.38,0.0,1.19,5705,5710,5705,20240726RUN02,13.854745693075435,100.48693618968173,26/07/2024,5.115047081911608,3.6458479867014537,3.554157998145105,2.982779708382713,5.115047081911608,1.5608890837665026,4.3346025400283565,4.72819026190247,6180,0,5709,813
26/07/2024,2.06,0.0,1.03,5710,5715,5710,20240726RUN02,13.854735705318832,100.48698129874981,26/07/2024,5.115047081911608,3.6458479867014537,3.554157998145105,2.982779708382713,5.115047081911608,1.5608890837665026,4.3346025400283565,4.091520212861488,6180,0,,
26/07/2024,1.91,0.0,0.96,5715,5720,5715,20240726RUN02,13.854725994880278,100.48702647119944,26/07/2024,5.115047081911608,3.6458479867014537,3.554157998145105,2.982779708382713,5.115047081911608,1.5608890837665026,4.3346025400283565,4.752728037930108,6180,0,5716,814
26/07/2024,1.84,0.0,0.92,5720,5725,5720,20240726RUN02,13.854716633873714,100.48707172075258,26/07/2024,3.707281535507943,2.263867467629346,2.937708845339226,1.953738162490379,3.707281535507943,0.769572690168717,3.3224951904235844,3.361911681587809,6180,0,5724,815
26/07/2024,1.82,0.0,0.91,5725,5730,5725,20240726RUN02,13.85470777344826,100.48711707557688,26/07/2024,3.707281535507943,2.263867467629346,2.937708845339226,1.953738162490379,3.707281535507943,0.769572690168717,3.3224951904235844,3.0914876643007103,6180,0,,
26/07/2024,1.08,0.0,0.54,5730,5735,5730,20240726RUN02,13.854699515030655,100.4871625492212,26/07/2024,3.707281535507943,2.263867467629346,2.937708845339226,1.953738162490379,3.707281535507943,0.769572690168717,3.3224951904235844,3.642801054084824,6180,0,5731,816
26/07/2024,0.94,0.0,0.47,5735,5740,5735,20240726RUN02,13.854691878838633,100.48720813657071,26/07/2024,3.707281535507943,2.263867467629346,2.937708845339226,1.953738162490379,3.707281535507943,0.769572690168717,3.3224951904235844,3.247383962352097,6180,0,5738,817
26/07/2024,0.99,0.0,0.5,5740,5745,5740,20240726RUN02,13.854684965307271,100.48725384430817,26/07/2024,2.7626561637947478,2.2069575704253093,2.6406354474309053,1.9896961707957637,2.7626561637947478,0.122020716363842,2.7016458056128263,2.566179839865576,6180,0,,
26/07/2024,0.87,0.0,0.44,5745,5750,5745,20240726RUN02,13.854679012320357,100.48729969298691,26/07/2024,2.7626561637947478,2.2069575704253093,2.6406354474309053,1.9896961707957637,2.7626561637947478,0.122020716363842,2.7016458056128263,2.7973314058331247,6180,0,5745,818
26/07/2024,1.38,0.0,0.69,5750,5755,5750,20240726RUN02,13.854674230403992,100.48734568474053,26/07/2024,2.7626561637947478,2.2069575704253093,2.6406354474309053,1.9896961707957637,2.7626561637947478,0.122020716363842,2.7016458056128263,2.558097467521933,6180,0,5752,819
26/07/2024,1.6,0.04,0.82,5755,5760,5755,20240726RUN02,13.854670686243171,100.48739179356139,26/07/2024,2.7626561637947478,2.2069575704253093,2.6406354474309053,1.9896961707957637,2.7626561637947478,0.122020716363842,2.7016458056128263,2.7980375594554996,6180,0,5759,820
26/07/2024,2.27,0.01,1.14,5760,5765,5760,20240726RUN02,13.854668417777038,100.48743798647554,26/07/2024,4.035228409388925,3.843770211030298,4.324022019916407,3.277069357115608,4.324022019916407,0.288793610527482,4.179625214652665,4.491910950671116,6180,0,,
26/07/2024,1.45,0.38,0.92,5765,5770,5765,20240726RUN02,13.854667432029702,100.48748422666279,26/07/2024,4.035228409388925,3.843770211030298,4.324022019916407,3.277069357115608,4.324022019916407,0.288793610527482,4.179625214652665,4.496808865785161,6180,0,5766,821
26/07/2024,2.84,0.71,1.78,5770,5775,5770,20240726RUN02,13.854667712654775,100.48753047690987,26/07/2024,4.035228409388925,3.843770211030298,4.324022019916407,3.277069357115608,4.324022019916407,0.288793610527482,4.179625214652665,3.9388065436745285,6180,0,5773,822
26/07/2024,1.98,0.02,1.0,5775,5780,5775,20240726RUN02,13.85466937132977,100.48757669667886,26/07/2024,4.035228409388925,3.843770211030298,4.324022019916407,3.277069357115608,4.324022019916407,0.288793610527482,4.179625214652665,3.8748015157649376,6180,0,,
26/07/2024,1.2,0.08,0.64,5780,5785,5780,20240726RUN02,13.8546724040622,100.48762284364767,26/07/2024,3.517194646596507,2.2939447794821466,2.951987745367377,2.3220839094730708,3.517194646596507,0.5652069012291299,3.234591195981942,3.5450474732891366,6180,0,5780,823
26/07/2024,1.56,0.12,0.84,5785,5790,5785,20240726RUN02,13.854676604113035,100.48766889512109,26/07/2024,3.517194646596507,2.2939447794821466,2.951987745367377,2.3220839094730708,3.517194646596507,0.5652069012291299,3.234591195981942,3.200621295203941,6180,0,5787,824
26/07/2024,1.52,0.11,0.82,5790,5795,5790,20240726RUN02,13.854681782048743,100.48771484236258,26/07/2024,3.517194646596507,2.2939447794821466,2.951987745367377,2.3220839094730708,3.517194646596507,0.5652069012291299,3.234591195981942,3.0179592284422414,6180,0,5794,825
26/07/2024,1.48,0.23,0.86,5795,5800,5795,20240726RUN02,13.85468790699844,100.48776066753886,26/07/2024,3.517194646596507,2.2939447794821466,2.951987745367377,2.3220839094730708,3.517194646596507,0.5652069012291299,3.234591195981942,3.2312231616329234,6180,0,,
26/07/2024,0.75,0.33,0.54,5800,5805,5800,20240726RUN02,13.854694958587341,100.48780635310501,26/07/2024,2.581174988490112,1.829817917840087,3.1808441993311725,1.9675703948055527,3.1808441993311725,0.5996692108410606,2.881009593910642,2.6013372863484983,6180,0,5801,826
26/07/2024,0.6,0.23,0.42,5805,5810,5805,20240726RUN02,13.854702901586856,100.4878518849148,26/07/2024,2.581174988490112,1.829817917840087,3.1808441993311725,1.9675703948055527,3.1808441993311725,0.5996692108410606,2.881009593910642,2.924251272965591,6180,0,5808,827
26/07/2024,0.4,0.18,0.29,5810,5815,5810,20240726RUN02,13.854712136190823,100.48789715925963,26/07/2024,2.581174988490112,1.829817917840087,3.1808441993311725,1.9675703948055527,3.1808441993311725,0.5996692108410606,2.881009593910642,2.7337685472842748,6180,0,,
26/07/2024,1.46,0.97,1.21,5815,5820,5815,20240726RUN02,13.85472303787941,100.48794204331143,26/07/2024,2.581174988490112,1.829817917840087,3.1808441993311725,1.9675703948055527,3.1808441993311725,0.5996692108410606,2.881009593910642,3.0723334133777858,6180,0,5815,828
26/07/2024,1.54,0.83,1.18,5820,5825,5820,20240726RUN02,13.854735264382523,100.48798657000494,26/07/2024,1.9339742419266197,1.4547314607816022,2.6190647901558,2.060947484621496,2.6190647901558,0.6850905482291805,2.27651951604121,2.353984484524459,6180,0,5822,829
26/07/2024,1.16,0.91,1.03,5825,5830,5825,20240726RUN02,13.854748487452849,100.4880307978139,26/07/2024,1.9339742419266197,1.4547314607816022,2.6190647901558,2.060947484621496,2.6190647901558,0.6850905482291805,2.27651951604121,2.360057105243742,6180,0,5829,830
26/07/2024,0.82,0.61,0.72,5830,5835,5830,20240726RUN02,13.854762468469449,100.4880747812326,26/07/2024,1.9339742419266197,1.4547314607816022,2.6190647901558,2.060947484621496,2.6190647901558,0.6850905482291805,2.27651951604121,2.4637860097860065,6180,0,,
26/07/2024,2.3,0.56,1.43,5835,5840,5835,20240726RUN02,13.854777037353891,100.48811856442101,26/07/2024,1.9339742419266197,1.4547314607816022,2.6190647901558,2.060947484621496,2.6190647901558,0.6850905482291805,2.27651951604121,2.1644034714036757,6180,0,5836,831
26/07/2024,2.2,0.56,1.38,5840,5845,5840,20240726RUN02,13.854792130444753,100.48816216130963,26/07/2024,2.7315601572568027,2.2574000414694164,2.9830431358352643,2.073009125342125,2.9830431358352643,0.2514829785784616,2.8573016465460332,3.024870105176786,6180,0,5843,832
26/07/2024,1.58,0.61,1.1,5845,5850,5845,20240726RUN02,13.854807689465035,100.48820558635796,26/07/2024,2.7315601572568027,2.2574000414694164,2.9830431358352643,2.073009125342125,2.9830431358352643,0.2514829785784616,2.8573016465460332,3.084867881743978,6180,0,,
26/07/2024,1.53,0.61,1.07,5850,5855,5850,20240726RUN02,13.85482365764711,100.48824885556846,26/07/2024,2.7315601572568027,2.2574000414694164,2.9830431358352643,2.073009125342125,2.9830431358352643,0.2514829785784616,2.8573016465460332,2.7769540181803736,6180,0,5850,833
26/07/2024,0.94,1.09,1.02,5855,5860,5855,20240726RUN02,13.85483997855154,100.48829198673802,26/07/2024,2.7315601572568027,2.2574000414694164,2.9830431358352643,2.073009125342125,2.9830431358352643,0.2514829785784616,2.8573016465460332,2.6381051687223103,6180,0,5857,834
26/07/2024,0.98,0.95,0.96,5860,5865,5860,20240726RUN02,13.854856616665144,100.48833499078728,26/07/2024,2.2952659017755908,1.847002131593247,2.139716942738328,1.5766652602512914,2.2952659017755908,0.1555489590372634,2.217491422256959,1.9969201164418142,6180,0,5864,835
26/07/2024,1.03,0.16,0.6,5865,5870,5865,20240726RUN02,13.854873587036307,100.48837785862318,26/07/2024,2.2952659017755908,1.847002131593247,2.139716942738328,1.5766652602512914,2.2952659017755908,0.1555489590372634,2.217491422256959,2.4041840503196656,6180,0,,
26/07/2024,0.64,0.3,0.47,5870,5875,5870,20240726RUN02,13.854890960886253,100.48842055666033,26/07/2024,2.2952659017755908,1.847002131593247,2.139716942738328,1.5766652602512914,2.2952659017755908,0.1555489590372634,2.217491422256959,2.212450560685227,6180,0,5871,836
26/07/2024,0.7,0.69,0.7,5875,5880,5875,20240726RUN02,13.854908852787865,100.48846302995298,26/07/2024,2.2952659017755908,1.847002131593247,2.139716942738328,1.5766652602512914,2.2952659017755908,0.1555489590372634,2.217491422256959,2.2143972836136756,6180,0,5878,837
26/07/2024,0.48,0.58,0.53,5880,5885,5880,20240726RUN02,13.854927300518087,100.48850525348077,26/07/2024,2.1535060091459792,1.5073857616446429,3.1010306901517817,2.89747420654716,3.1010306901517817,0.9475246810058024,2.6272683496488805,2.75431343815021,6180,0,,
26/07/2024,0.47,0.4,0.44,5885,5890,5885,20240726RUN02,13.854946306270438,100.48854721683496,26/07/2024,2.1535060091459792,1.5073857616446429,3.1010306901517817,2.89747420654716,3.1010306901517817,0.9475246810058024,2.6272683496488805,2.787545347711479,6180,0,5885,838
26/07/2024,0.78,0.89,0.84,5890,5895,5890,20240726RUN02,13.85496591230388,100.48858888987218,26/07/2024,2.1535060091459792,1.5073857616446429,3.1010306901517817,2.89747420654716,3.1010306901517817,0.9475246810058024,2.6272683496488805,2.3927426354463037,6180,0,5892,839
26/07/2024,1.3,0.16,0.73,5895,5900,5895,20240726RUN02,13.854986172557002,100.48863023377848,26/07/2024,2.1535060091459792,1.5073857616446429,3.1010306901517817,2.89747420654716,3.1010306901517817,0.9475246810058024,2.6272683496488805,2.846851831957637,6180,0,5899,840
26/07/2024,4.58,0.2,2.39,5900,5905,5900,20240726RUN02,13.855007063367221,100.4886712476486,26/07/2024,9.132801853258645,7.69928803887918,9.251330359689792,7.855768149763026,9.251330359689792,0.1185285064311472,9.192066106474218,9.346237760168284,6180,0,,
26/07/2024,7.38,0.37,3.88,5905,5910,5905,20240726RUN02,13.855028559236404,100.48871193278589,26/07/2024,9.132801853258645,7.69928803887918,9.251330359689792,7.855768149763026,9.251330359689792,0.1185285064311472,9.192066106474218,9.233920308934943,6180,0,5906,841
26/07/2024,3.6,0.08,1.84,5910,5915,5910,20240726RUN02,13.855051629168809,100.48875168987523,26/07/2024,9.132801853258645,7.69928803887918,9.251330359689792,7.855768149763026,9.251330359689792,0.1185285064311472,9.192066106474218,9.327696045275605,6180,0,5913,842
26/07/2024,1.79,0.0,0.9,5915,5920,5915,20240726RUN02,13.855078739851466,100.48878865414902,26/07/2024,9.132801853258645,7.69928803887918,9.251330359689792,7.855768149763026,9.251330359689792,0.1185285064311472,9.192066106474218,8.693098720544063,6180,0,,
26/07/2024,0.74,0.0,0.37,5920,5925,5920,20240726RUN02,13.855110080685895,100.488821950562,26/07/2024,3.6580642616961145,2.7046635335070337,4.528853230984193,2.971796684643518,4.528853230984193,0.8707889692880788,4.093458746340154,3.806970413439029,6180,0,5920,843
26/07/2024,0.81,0.0,0.4,5925,5930,5925,20240726RUN02,13.855143409710529,100.4888531825544,26/07/2024,3.6580642616961145,2.7046635335070337,4.528853230984193,2.971796684643518,4.528853230984193,0.8707889692880788,4.093458746340154,4.356070645598454,6180,0,5927,844
26/07/2024,0.99,0.0,0.5,5930,5935,5930,20240726RUN02,13.855177463572518,100.48888358799358,26/07/2024,3.6580642616961145,2.7046635335070337,4.528853230984193,2.971796684643518,4.528853230984193,0.8707889692880788,4.093458746340154,4.192594475693004,6180,0,5934,845
26/07/2024,0.93,0.0,0.46,5935,5940,5935,20240726RUN02,13.855211760454864,100.4889137064388,26/07/2024,3.6580642616961145,2.7046635335070337,4.528853230984193,2.971796684643518,4.528853230984193,0.8707889692880788,4.093458746340154,3.932779775672852,6180,0,,
26/07/2024,0.83,0.0,0.42,5940,5945,5940,20240726RUN02,13.855246089322993,100.48894378681317,26/07/2024,4.121278931907206,2.91717868894815,4.307183332957204,3.3478325786582865,4.307183332957204,0.1859044010499984,4.2142311324322055,4.188286408671979,6180,0,5941,846
26/07/2024,0.95,0.0,0.48,5945,5950,5945,20240726RUN02,13.855280355817206,100.48897394142828,26/07/2024,4.121278931907206,2.91717868894815,4.307183332957204,3.3478325786582865,4.307183332957204,0.1859044010499984,4.2142311324322055,3.9772349048447873,6180,0,5948,847
26/07/2024,1.16,0.0,0.58,5950,5955,5950,20240726RUN02,13.85531452521223,100.48900421117992,26/07/2024,4.121278931907206,2.91717868894815,4.307183332957204,3.3478325786582865,4.307183332957204,0.1859044010499984,4.2142311324322055,4.016724474492818,6180,0,,
26/07/2024,1.27,0.0,0.64,5955,5960,5955,20240726RUN02,13.855348600889931,100.48903459132383,26/07/2024,4.121278931907206,2.91717868894815,4.307183332957204,3.3478325786582865,4.307183332957204,0.1859044010499984,4.2142311324322055,4.498412282058315,6180,0,5955,848
26/07/2024,0.59,0.0,0.3,5960,5965,5960,20240726RUN02,13.85538260724113,100.48906505271798,26/07/2024,3.777690780806272,2.6999991266138985,4.548822862369503,3.2052338682041186,4.548822862369503,0.7711320815632319,4.163256821587888,4.335053034073695,6180,0,5962,849
26/07/2024,0.96,0.0,0.48,5965,5970,5965,20240726RUN02,13.855416548781793,100.48909558974276,26/07/2024,3.777690780806272,2.6999991266138985,4.548822862369503,3.2052338682041186,4.548822862369503,0.7711320815632319,4.163256821587888,4.23029791383295,6180,0,5969,850
26/07/2024,1.79,0.0,0.9,5970,5975,5970,20240726RUN02,13.85545039176555,100.4891262410225,26/07/2024,3.777690780806272,2.6999991266138985,4.548822862369503,3.2052338682041186,4.548822862369503,0.7711320815632319,4.163256821587888,4.015070675501297,6180,0,,
26/07/2024,1.29,0.0,0.64,5975,5980,5975,20240726RUN02,13.855484063741038,100.4891570887177,26/07/2024,3.777690780806272,2.6999991266138985,4.548822862369503,3.2052338682041186,4.548822862369503,0.7711320815632319,4.163256821587888,4.347950035670749,6180,0,5976,851
26/07/2024,1.24,0.0,0.62,5980,5985,5980,20240726RUN02,13.855517387430028,100.48918832971691,26/07/2024,4.517314768024077,3.50893584670273,4.75568611366411,3.813403839082229,4.75568611366411,0.2383713456400329,4.6365004408440935,4.358278713796916,6180,0,5983,852
26/07/2024,2.1,0.0,1.05,5985,5990,5985,20240726RUN02,13.855550175603117,100.4892201582548,26/07/2024,4.517314768024077,3.50893584670273,4.75568611366411,3.813403839082229,4.75568611366411,0.2383713456400329,4.6365004408440935,4.581356503120446,6180,0,,
26/07/2024,0.74,0.0,0.37,5990,5995,5990,20240726RUN02,13.855582334909942,100.48925265172953,26/07/2024,4.517314768024077,3.50893584670273,4.75568611366411,3.813403839082229,4.75568611366411,0.2383713456400329,4.6365004408440935,4.819601378812901,6180,0,5990,853
26/07/2024,1.31,0.0,0.66,5995,6000,5995,20240726RUN02,13.855613798493915,100.48928585093259,26/07/2024,4.517314768024077,3.50893584670273,4.75568611366411,3.813403839082229,4.75568611366411,0.2383713456400329,4.6365004408440935,5.080755367128823,6180,0,5997,854
26/07/2024,1.03,0.05,0.54,6000,6005,6000,20240726RUN02,13.855644538001004,100.48931975315013,26/07/2024,2.6328940011740665,2.104728056620847,2.591406273283977,1.9216196151462597,2.6328940011740665,0.0414877278900895,2.6121501372290217,2.5770274229637242,6180,0,6004,855
26/07/2024,1.02,0.0,0.51,6005,6010,6005,20240726RUN02,13.855674583903356,100.48935430084629,26/07/2024,2.6328940011740665,2.104728056620847,2.591406273283977,1.9216196151462597,2.6328940011740665,0.0414877278900895,2.6121501372290217,2.7238158900900347,6180,0,,
26/07/2024,0.55,0.0,0.28,6010,6015,6010,20240726RUN02,13.85570400679943,100.48938940552362,26/07/2024,2.6328940011740665,2.104728056620847,2.591406273283977,1.9216196151462597,2.6328940011740665,0.0414877278900895,2.6121501372290217,2.4817317417774003,6180,0,6011,856
26/07/2024,0.86,0.0,0.43,6015,6020,6015,20240726RUN02,13.855732849934201,100.48942501061701,26/07/2024,2.6328940011740665,2.104728056620847,2.591406273283977,1.9216196151462597,2.6328940011740665,0.0414877278900895,2.6121501372290217,2.4863687751417953,6180,0,6018,857
26/07/2024,0.66,0.0,0.33,6020,6025,6020,20240726RUN02,13.855761088797989,100.48946111955371,26/07/2024,6.4985743281015385,4.031532913347326,7.559343106447097,4.362253124183312,7.559343106447097,1.0607687783455582,7.0289587172743175,6.575238620931693,6180,0,,
26/07/2024,1.08,0.0,0.54,6025,6030,6025,20240726RUN02,13.855788701630235,100.48949773220782,26/07/2024,6.4985743281015385,4.031532913347326,7.559343106447097,4.362253124183312,7.559343106447097,1.0607687783455582,7.0289587172743175,7.343016944607169,6180,0,6026,858
26/07/2024,0.1,0.0,0.05,6030,6035,6030,20240726RUN02,13.85581562970267,100.48953487495592,26/07/2024,6.4985743281015385,4.031532913347326,7.559343106447097,4.362253124183312,7.559343106447097,1.0607687783455582,7.0289587172743175,7.035766993947586,6180,0,6033,859
26/07/2024,1.21,0.0,0.6,6035,6040,6035,20240726RUN02,13.855841763728229,100.48957260752115,26/07/2024,6.4985743281015385,4.031532913347326,7.559343106447097,4.362253124183312,7.559343106447097,1.0607687783455582,7.0289587172743175,7.344465456036132,6180,0,,
26/07/2024,1.1,0.0,0.55,6040,6045,6040,20240726RUN02,13.855867052502168,100.48961093809905,26/07/2024,7.530536165895555,6.2466263884564,6.866144508551196,5.161208846252436,7.530536165895555,0.6643916573443587,7.198340337223375,7.077087764387774,6180,0,6040,860
26/07/2024,0.62,0.0,0.31,6045,6050,6045,20240726RUN02,13.855891403470833,100.48964989993968,26/07/2024,7.530536165895555,6.2466263884564,6.866144508551196,5.161208846252436,7.530536165895555,0.6643916573443587,7.198340337223375,7.6477639936527915,6180,0,6047,861
26/07/2024,1.43,0.0,0.72,6050,6055,6050,20240726RUN02,13.855914785699124,100.48968947902227,26/07/2024,7.530536165895555,6.2466263884564,6.866144508551196,5.161208846252436,7.530536165895555,0.6643916573443587,7.198340337223375,7.378771930771595,6180,0,6054,862
26/07/2024,1.7,0.0,0.85,6055,6060,6055,20240726RUN02,13.855937302752508,100.48972958095278,26/07/2024,7.530536165895555,6.2466263884564,6.866144508551196,5.161208846252436,7.530536165895555,0.6643916573443587,7.198340337223375,6.6624634681001575,6180,0,,
26/07/2024,1.6,0.0,0.8,6060,6065,6060,20240726RUN02,13.855959023482477,100.48977014037662,26/07/2024,5.569863887448333,4.32372309450262,4.514422438922304,3.2058825326485176,5.569863887448333,1.0554414485260288,5.042143163185319,5.135674412985187,6180,0,6061,863
26/07/2024,2.43,0.0,1.22,6065,6070,6065,20240726RUN02,13.85597990310115,100.48981115981624,26/07/2024,5.569863887448333,4.32372309450262,4.514422438922304,3.2058825326485176,5.569863887448333,1.0554414485260288,5.042143163185319,4.962782681196635,6180,0,6068,864
26/07/2024,2.1,0.0,1.05,6070,6075,6070,20240726RUN02,13.855999851095534,100.48985266164745,26/07/2024,5.569863887448333,4.32372309450262,4.514422438922304,3.2058825326485176,5.569863887448333,1.0554414485260288,5.042143163185319,4.725202158961494,6180,0,,
26/07/2024,1.76,0.0,0.88,6075,6080,6075,20240726RUN02,13.856018815837631,100.48989464347004,26/07/2024,5.569863887448333,4.32372309450262,4.514422438922304,3.2058825326485176,5.569863887448333,1.0554414485260288,5.042143163185319,5.528696997581975,6180,0,6075,865
26/07/2024,1.05,0.0,0.52,6080,6085,6080,20240726RUN02,13.856036772596463,100.48993708718399,26/07/2024,6.403875896620429,3.8357946623411743,5.234916041203264,3.866694024958692,6.403875896620429,1.1689598554171647,5.819395968911847,5.886274606199357,6180,0,6082,866
26/07/2024,1.88,0.0,0.94,6085,6090,6085,20240726RUN02,13.856053757538186,100.4899799481655,26/07/2024,6.403875896620429,3.8357946623411743,5.234916041203264,3.866694024958692,6.403875896620429,1.1689598554171647,5.819395968911847,5.937161620325079,6180,0,6089,867
26/07/2024,2.86,0.2,1.53,6090,6095,6090,20240726RUN02,13.85606981109381,100.49002318331709,26/07/2024,6.403875896620429,3.8357946623411743,5.234916041203264,3.866694024958692,6.403875896620429,1.1689598554171647,5.819395968911847,5.507130762433365,6180,0,,
26/07/2024,2.59,0.03,1.31,6095,6100,6095,20240726RUN02,13.85608481947673,100.490066810208,26/07/2024,6.403875896620429,3.8357946623411743,5.234916041203264,3.866694024958692,6.403875896620429,1.1689598554171647,5.819395968911847,6.050858440225459,6180,0,6096,868
26/07/2024,1.66,0.0,0.83,6100,6105,6100,20240726RUN02,13.856098793069394,100.49011079542335,26/07/2024,6.735490780935555,4.039852313136252,6.6207864706745,6.4584636666672495,6.735490780935555,0.1147043102610547,6.678138625805028,7.0755651868209295,6180,0,6103,869
26/07/2024,4.63,0.5,2.56,6105,6110,6105,20240726RUN02,13.856111531430777,100.49015517099208,26/07/2024,6.735490780935555,4.039852313136252,6.6207864706745,6.4584636666672495,6.735490780935555,0.1147043102610547,6.678138625805028,6.169697320735139,6180,0,,
26/07/2024,5.56,0.0,2.78,6110,6115,6110,20240726RUN02,13.856123014277749,100.49019990473715,26/07/2024,6.735490780935555,4.039852313136252,6.6207864706745,6.4584636666672495,6.735490780935555,0.1147043102610547,6.678138625805028,6.765087834293582,6180,0,6110,870
26/07/2024,4.52,0.0,2.26,6115,6120,6115,20240726RUN02,13.856133616803673,100.49024486673551,26/07/2024,6.735490780935555,4.039852313136252,6.6207864706745,6.4584636666672495,6.735490780935555,0.1147043102610547,6.678138625805028,6.5900911520874725,6180,0,6117,871
26/07/2024,4.69,0.11,2.4,6120,6125,6120,20240726RUN02,13.856143672396431,100.49028996004124,26/07/2024,4.782250531411579,4.015039734265263,5.930026597824543,4.991943063231265,5.930026597824543,1.1477760664129644,5.356138564618061,5.163645573088942,6180,0,6124,872
26/07/2024,2.53,0.31,1.42,6125,6130,6125,20240726RUN02,13.85615315975289,100.49033518221313,26/07/2024,4.782250531411579,4.015039734265263,5.930026597824543,4.991943063231265,5.930026597824543,1.1477760664129644,5.356138564618061,5.0999429878031055,6180,0,,
26/07/2024,2.55,0.11,1.33,6130,6135,6130,20240726RUN02,13.85616210068453,100.49038052072154,26/07/2024,4.782250531411579,4.015039734265263,5.930026597824543,4.991943063231265,5.930026597824543,1.1477760664129644,5.356138564618061,5.338588179963031,6180,0,6131,873
26/07/2024,2.28,0.89,1.58,6135,6140,6135,20240726RUN02,13.856170369721864,100.49042599265428,26/07/2024,4.782250531411579,4.015039734265263,5.930026597824543,4.991943063231265,5.930026597824543,1.1477760664129644,5.356138564618061,5.605332920632261,6180,0,6138,874
26/07/2024,4.39,0.49,2.44,6140,6145,6140,20240726RUN02,13.856178036612794,100.49047157503969,26/07/2024,4.7434123091913545,4.057893029302143,7.756644936344405,6.4292222869075415,7.756644936344405,3.0132326271530507,6.25002862276788,6.142908493525105,6180,0,,
26/07/2024,7.26,0.16,3.71,6145,6150,6145,20240726RUN02,13.85618527216303,100.49051723138264,26/07/2024,4.7434123091913545,4.057893029302143,7.756644936344405,6.4292222869075415,7.756644936344405,3.0132326271530507,6.25002862276788,6.407850327474031,6180,0,6145,875
26/07/2024,6.98,0.59,3.78,6150,6155,6150,20240726RUN02,13.856192049565433,100.49056296119194,26/07/2024,4.7434123091913545,4.057893029302143,7.756644936344405,6.4292222869075415,7.756644936344405,3.0132326271530507,6.25002862276788,6.671427645490659,6180,0,6152,876
26/07/2024,4.22,0.54,2.38,6155,6160,6155,20240726RUN02,13.85619826764674,100.49060877421883,26/07/2024,4.7434123091913545,4.057893029302143,7.756644936344405,6.4292222869075415,7.756644936344405,3.0132326271530507,6.25002862276788,5.772355765543615,6180,0,6159,877
26/07/2024,1.7,1.42,1.56,6160,6165,6160,20240726RUN02,13.85620398388406,100.4906546559142,,,,,,,,,,6180,0,,
26/07/2024,3.01,0.35,1.68,6165,6170,6165,20240726RUN02,13.856209283297465,100.49070059006249,,,,,,,,,,6180,0,6166,878
26/07/2024,1.75,0.4,1.08,6170,6175,6170,20240726RUN02,13.856214272394014,100.49074656028216,,,,,,,,,,6180,0,6173,879
26/07/2024,2.58,0.83,1.7,6175,6180,6175,20240726RUN02,13.856219131911114,100.49079254519914,,,,,,,,,,6180,0,,
26/07/2024,2.6,2.64,2.62,6180,6185,6180,20240726RUN02,13.856223935273565,100.49083853608572,,,,,,,,,,6180,0,6180,880
26/07/2024,1.82,0.0,0.91,0,5,0,20240726RUN03,13.856161481322024,100.49272457249124,26/07/2024,4.38822927604414,3.353743019701508,3.977037741780635,3.876076791297723,4.38822927604414,0.4111915342635055,4.182633508912388,4.568231618495174,6035,0,,
26/07/2024,4.61,0.0,2.31,5,10,5,20240726RUN03,13.856158630441783,100.49267841133774,26/07/2024,4.38822927604414,3.353743019701508,3.977037741780635,3.876076791297723,4.38822927604414,0.4111915342635055,4.182633508912388,3.8479913005913047,6035,0,7,1
26/07/2024,2.18,0.18,1.18,10,15,10,20240726RUN03,13.856155679742697,100.49263225676727,26/07/2024,4.38822927604414,3.353743019701508,3.977037741780635,3.876076791297723,4.38822927604414,0.4111915342635055,4.182633508912388,3.9374016305106108,6035,0,14,2
26/07/2024,4.2,0.0,2.1,15,20,15,20240726RUN03,13.856152634013515,100.49258610865976,26/07/2024,4.38822927604414,3.353743019701508,3.977037741780635,3.876076791297723,4.38822927604414,0.4111915342635055,4.182633508912388,4.542862611969838,6035,0,,
26/07/2024,1.96,0.05,1.0,20,25,20,20240726RUN03,13.856149470346152,100.49253996887253,26/07/2024,2.284387543900297,1.9956326715365564,2.6740943926816536,2.3401498972756167,2.6740943926816536,0.3897068487813566,2.4792409682909753,2.468364478692814,6035,0,21,3
26/07/2024,4.04,0.09,2.06,25,30,25,20240726RUN03,13.856146121783148,100.49249384279678,26/07/2024,2.284387543900297,1.9956326715365564,2.6740943926816536,2.3401498972756167,2.6740943926816536,0.3897068487813566,2.4792409682909753,2.6741575513875455,6035,0,28,4
26/07/2024,1.63,0.67,1.15,30,35,30,20240726RUN03,13.856142474754117,100.49244774050139,26/07/2024,2.284387543900297,1.9956326715365564,2.6740943926816536,2.3401498972756167,2.6740943926816536,0.3897068487813566,2.4792409682909753,2.5045785734856345,6035,0,,
26/07/2024,0.97,0.45,0.71,35,40,35,20240726RUN03,13.856138504065967,100.49240166614933,26/07/2024,2.284387543900297,1.9956326715365564,2.6740943926816536,2.3401498972756167,2.6740943926816536,0.3897068487813566,2.4792409682909753,2.4363133790631455,6035,0,35,5
26/07/2024,1.92,0.9,1.41,40,45,40,20240726RUN03,13.85613459562637,100.49235558632014,26/07/2024,4.226883455793615,3.549076145805944,4.12010425835442,2.3667708592516044,4.226883455793615,0.1067791974391951,4.173493857074018,3.9356268353004027,6035,0,42,6
26/07/2024,2.69,0.28,1.48,45,50,45,20240726RUN03,13.856131327573973,100.49230945481625,26/07/2024,4.226883455793615,3.549076145805944,4.12010425835442,2.3667708592516044,4.226883455793615,0.1067791974391951,4.173493857074018,4.070808803855048,6035,0,49,7
26/07/2024,2.43,0.92,1.68,50,55,50,20240726RUN03,13.856128880956996,100.49226326988695,26/07/2024,4.226883455793615,3.549076145805944,4.12010425835442,2.3667708592516044,4.226883455793615,0.1067791974391951,4.173493857074018,4.451645116184901,6035,0,,
26/07/2024,4.02,0.13,2.07,55,60,55,20240726RUN03,13.85612702274445,100.49221705592879,26/07/2024,4.226883455793615,3.549076145805944,4.12010425835442,2.3667708592516044,4.226883455793615,0.1067791974391951,4.173493857074018,4.41815732694446,6035,0,56,8
26/07/2024,2.45,0.02,1.24,60,65,60,20240726RUN03,13.856125488025782,100.49217082938057,26/07/2024,3.954231483562067,2.8610124904097867,3.9124613518448026,3.5071693788091105,3.954231483562067,0.0417701317172642,3.9333464177034347,4.310544286756458,6035,0,63,9
26/07/2024,3.08,0.02,1.55,65,70,65,20240726RUN03,13.856124134598545,100.4921245968756,26/07/2024,3.954231483562067,2.8610124904097867,3.9124613518448026,3.5071693788091105,3.954231483562067,0.0417701317172642,3.9333464177034347,3.7622472906639297,6035,0,,
26/07/2024,2.53,0.09,1.31,70,75,70,20240726RUN03,13.856122900312274,100.49207836086852,26/07/2024,3.954231483562067,2.8610124904097867,3.9124613518448026,3.5071693788091105,3.954231483562067,0.0417701317172642,3.9333464177034347,3.678105129654905,6035,0,70,10
26/07/2024,3.98,0.08,2.03,75,80,75,20240726RUN03,13.856121768326856,100.49203212211569,26/07/2024,3.954231483562067,2.8610124904097867,3.9124613518448026,3.5071693788091105,3.954231483562067,0.0417701317172642,3.9333464177034347,3.9723853362019836,6035,0,77,11
26/07/2024,4.68,0.05,2.36,80,85,80,20240726RUN03,13.85612066632074,100.49198588259902,26/07/2024,3.753940004779067,2.811684136895756,4.382013431383607,3.1627950297004577,4.382013431383607,0.6280734266045398,4.067976718081336,4.1289907265351244,6035,0,84,12
26/07/2024,1.72,0.0,0.86,85,90,85,20240726RUN03,13.856119491595352,100.49193964496602,26/07/2024,3.753940004779067,2.811684136895756,4.382013431383607,3.1627950297004577,4.382013431383607,0.6280734266045398,4.067976718081336,4.3801629094484245,6035,0,,
26/07/2024,1.9,0.0,0.95,90,95,90,20240726RUN03,13.856118201551332,100.49189341055262,26/07/2024,3.753940004779067,2.811684136895756,4.382013431383607,3.1627950297004577,4.382013431383607,0.6280734266045398,4.067976718081336,3.985342787926833,6035,0,91,13
26/07/2024,2.12,0.0,1.06,95,100,95,20240726RUN03,13.85611683095755,100.49184717856036,26/07/2024,3.753940004779067,2.811684136895756,4.382013431383607,3.1627950297004577,4.382013431383607,0.6280734266045398,4.067976718081336,3.8824112013622356,6035,0,98,14
26/07/2024,2.41,0.04,1.23,100,105,100,20240726RUN03,13.856115435079355,100.49180094735664,26/07/2024,4.840760836643883,3.637330916017446,5.486472190937016,4.27075416174907,5.486472190937016,0.6457113542931339,5.1636165137904495,5.333617405713502,6035,0,,
26/07/2024,2.87,0.0,1.44,105,110,105,20240726RUN03,13.856114074496402,100.49175471505421,26/07/2024,4.840760836643883,3.637330916017446,5.486472190937016,4.27075416174907,5.486472190937016,0.6457113542931339,5.1636165137904495,5.090477306854146,6035,0,105,15
26/07/2024,1.77,0.0,0.88,110,115,110,20240726RUN03,13.856112764230383,100.49170848123143,26/07/2024,4.840760836643883,3.637330916017446,5.486472190937016,4.27075416174907,5.486472190937016,0.6457113542931339,5.1636165137904495,5.5638437103928995,6035,0,112,16
26/07/2024,4.45,0.64,2.54,115,120,115,20240726RUN03,13.856111480442387,100.49166224662513,26/07/2024,4.840760836643883,3.637330916017446,5.486472190937016,4.27075416174907,5.486472190937016,0.6457113542931339,5.1636165137904495,4.654823029166164,6035,0,119,17
26/07/2024,3.07,0.0,1.54,120,125,120,20240726RUN03,13.856110220689615,100.49161601133211,26/07/2024,4.718516298729153,3.516038015765164,4.9130757074957865,3.610135846395112,4.9130757074957865,0.1945594087666338,4.815796003112469,4.897073221434688,6035,0,,
26/07/2024,2.32,0.13,1.22,125,130,125,20240726RUN03,13.856108949675702,100.49156977636402,26/07/2024,4.718516298729153,3.516038015765164,4.9130757074957865,3.610135846395112,4.9130757074957865,0.1945594087666338,4.815796003112469,5.180028471323232,6035,0,126,18
26/07/2024,2.76,0.0,1.38,130,135,130,20240726RUN03,13.856107690559883,100.49152354105902,26/07/2024,4.718516298729153,3.516038015765164,4.9130757074957865,3.610135846395112,4.9130757074957865,0.1945594087666338,4.815796003112469,4.555795602858462,6035,0,133,19
26/07/2024,2.33,0.04,1.18,135,140,135,20240726RUN03,13.856106527964787,100.49147730311223,26/07/2024,4.718516298729153,3.516038015765164,4.9130757074957865,3.610135846395112,4.9130757074957865,0.1945594087666338,4.815796003112469,4.714201299631491,6035,0,,
26/07/2024,4.68,0.0,2.34,140,145,140,20240726RUN03,13.856105480924583,100.49143106226998,26/07/2024,4.626135375460915,4.130478182293615,4.520917030482156,3.512954682343402,4.626135375460915,0.1052183449787591,4.573526202971536,4.434292063531386,6035,0,140,20
26/07/2024,4.57,0.03,2.3,145,150,145,20240726RUN03,13.856104509251976,100.49138481970195,26/07/2024,4.626135375460915,4.130478182293615,4.520917030482156,3.512954682343402,4.626135375460915,0.1052183449787591,4.573526202971536,4.898745917094113,6035,0,147,21
26/07/2024,3.36,0.02,1.69,150,155,150,20240726RUN03,13.856103559369938,100.49133857665711,26/07/2024,4.626135375460915,4.130478182293615,4.520917030482156,3.512954682343402,4.626135375460915,0.1052183449787591,4.573526202971536,4.6489577714115295,6035,0,154,22
26/07/2024,3.12,0.02,1.57,155,160,155,20240726RUN03,13.856102606582,100.49129233367638,26/07/2024,4.626135375460915,4.130478182293615,4.520917030482156,3.512954682343402,4.626135375460915,0.1052183449787591,4.573526202971536,4.269801389076726,6035,0,,
26/07/2024,3.4,0.18,1.79,160,165,160,20240726RUN03,13.85610166261517,100.49124609050803,26/07/2024,3.2336117011456293,2.4393185029689617,4.126045872509653,3.634856321460055,4.126045872509653,0.892434171364024,3.6798287868276414,3.9879021678515287,6035,0,162,23
26/07/2024,5.33,0.32,2.82,165,170,165,20240726RUN03,13.856100856916644,100.49119984463903,26/07/2024,3.2336117011456293,2.4393185029689617,4.126045872509653,3.634856321460055,4.126045872509653,0.892434171364024,3.6798287868276414,3.4065711025761485,6035,0,169,24
26/07/2024,4.11,0.1,2.1,170,175,170,20240726RUN03,13.856100346679936,100.49115359444804,26/07/2024,3.2336117011456293,2.4393185029689617,4.126045872509653,3.634856321460055,4.126045872509653,0.892434171364024,3.6798287868276414,3.5239281944882315,6035,0,,
26/07/2024,2.5,0.82,1.66,175,180,175,20240726RUN03,13.8561002895116,100.49110734150216,26/07/2024,3.2336117011456293,2.4393185029689617,4.126045872509653,3.634856321460055,4.126045872509653,0.892434171364024,3.6798287868276414,3.9046123574805964,6035,0,176,25
26/07/2024,2.48,0.38,1.43,180,185,180,20240726RUN03,13.856100823809639,100.49106109181422,26/07/2024,2.8516963174116428,1.956210704814288,3.4665111992460576,2.6502839130971845,3.4665111992460576,0.6148148818344148,3.1591037583288504,3.3460214253994343,6035,0,183,26
26/07/2024,1.52,0.1,0.81,185,190,185,20240726RUN03,13.856101967066877,100.4910148536906,26/07/2024,2.8516963174116428,1.956210704814288,3.4665111992460576,2.6502839130971845,3.4665111992460576,0.6148148818344148,3.1591037583288504,2.9258893806292035,6035,0,,
26/07/2024,1.21,1.83,1.52,190,195,190,20240726RUN03,13.85610368888859,100.49096863428299,26/07/2024,2.8516963174116428,1.956210704814288,3.4665111992460576,2.6502839130971845,3.4665111992460576,0.6148148818344148,3.1591037583288504,3.4128628065255056,6035,0,190,27
26/07/2024,1.84,1.11,1.48,195,200,195,20240726RUN03,13.85610586828711,100.49092243495674,26/07/2024,2.8516963174116428,1.956210704814288,3.4665111992460576,2.6502839130971845,3.4665111992460576,0.6148148818344148,3.1591037583288504,3.066238889399197,6035,0,197,28
26/07/2024,1.48,0.11,0.8,200,205,200,20240726RUN03,13.856108263862126,100.49087624670679,26/07/2024,3.88828072599496,2.651597424083413,3.063670569051374,2.500416330666329,3.88828072599496,0.824610156943586,3.475975647523167,3.4919857539771715,6035,0,204,29
26/07/2024,1.82,0.0,0.91,205,210,205,20240726RUN03,13.856110448269018,100.49083004771526,26/07/2024,3.88828072599496,2.651597424083413,3.063670569051374,2.500416330666329,3.88828072599496,0.824610156943586,3.475975647523167,3.5851354770443895,6035,0,,
26/07/2024,3.09,0.0,1.54,210,215,210,20240726RUN03,13.856111986557302,100.49078382180912,26/07/2024,3.88828072599496,2.651597424083413,3.063670569051374,2.500416330666329,3.88828072599496,0.824610156943586,3.475975647523167,3.6150975226469972,6035,0,211,30
26/07/2024,5.43,0.0,2.72,215,220,215,20240726RUN03,13.856112709372244,100.49073757509612,26/07/2024,3.88828072599496,2.651597424083413,3.063670569051374,2.500416330666329,3.88828072599496,0.824610156943586,3.475975647523167,3.3242778187080892,6035,0,218,31
26/07/2024,4.79,0.0,2.4,220,225,220,20240726RUN03,13.856112552706087,100.4906913229448,26/07/2024,3.689781143367926,2.4865284682882054,2.8498254219013925,2.0272837871888485,3.689781143367926,0.8399557214665334,3.2698032826346592,3.4540837007010836,6035,0,,
26/07/2024,2.14,0.0,1.07,225,230,225,20240726RUN03,13.856111380480296,100.4906450863554,26/07/2024,3.689781143367926,2.4865284682882054,2.8498254219013925,2.0272837871888485,3.689781143367926,0.8399557214665334,3.2698032826346592,3.378468803349669,6035,0,225,32
26/07/2024,2.09,0.0,1.04,230,235,230,20240726RUN03,13.856109091467513,100.49059889366882,26/07/2024,3.689781143367926,2.4865284682882054,2.8498254219013925,2.0272837871888485,3.689781143367926,0.8399557214665334,3.2698032826346592,3.228924650604957,6035,0,232,33
26/07/2024,3.22,0.0,1.61,235,240,235,20240726RUN03,13.856105667798685,100.49055277457805,26/07/2024,3.689781143367926,2.4865284682882054,2.8498254219013925,2.0272837871888485,3.689781143367926,0.8399557214665334,3.2698032826346592,3.2155721990985655,6035,0,239,34
26/07/2024,3.91,0.0,1.96,240,245,240,20240726RUN03,13.856101085275103,100.49050676101238,26/07/2024,3.301048727411085,3.3517509710509303,3.0334556024852857,2.5911721440638367,3.301048727411085,0.2675931249257992,3.1672521649481853,3.22564001001508,6035,0,,
26/07/2024,2.5,0.92,1.71,245,250,245,20240726RUN03,13.856095326408578,100.49046088613437,26/07/2024,3.301048727411085,3.3517509710509303,3.0334556024852857,2.5911721440638367,3.301048727411085,0.2675931249257992,3.1672521649481853,3.262445598738348,6035,0,246,35
26/07/2024,2.03,0.0,1.01,250,255,250,20240726RUN03,13.85608845169177,100.49041517232652,26/07/2024,3.301048727411085,3.3517509710509303,3.0334556024852857,2.5911721440638367,3.301048727411085,0.2675931249257992,3.1672521649481853,3.192693555122411,6035,0,253,36
26/07/2024,3.16,0.0,1.58,255,260,255,20240726RUN03,13.85608052505945,100.49036963711325,26/07/2024,3.301048727411085,3.3517509710509303,3.0334556024852857,2.5911721440638367,3.301048727411085,0.2675931249257992,3.1672521649481853,2.936161319987083,6035,0,,
26/07/2024,1.89,0.0,0.94,260,265,260,20240726RUN03,13.856071498380452,100.49032431725354,26/07/2024,2.730654394913616,3.016061841030183,2.7683647270907388,1.9095626012570377,2.7683647270907388,0.0377103321771228,2.7495095610021774,2.8446184736957028,6035,0,260,37
26/07/2024,1.51,0.0,0.76,265,270,265,20240726RUN03,13.856061306844772,100.4902792569665,26/07/2024,2.730654394913616,3.016061841030183,2.7683647270907388,1.9095626012570377,2.7683647270907388,0.0377103321771228,2.7495095610021774,2.692610509370411,6035,0,267,38
26/07/2024,2.71,0.0,1.36,270,275,270,20240726RUN03,13.856049963859322,100.4902344856204,26/07/2024,2.730654394913616,3.016061841030183,2.7683647270907388,1.9095626012570377,2.7683647270907388,0.0377103321771228,2.7495095610021774,2.8827439577714427,6035,0,274,39
26/07/2024,1.33,0.0,0.66,275,280,275,20240726RUN03,13.856037501768062,100.49019002713455,26/07/2024,2.730654394913616,3.016061841030183,2.7683647270907388,1.9095626012570377,2.7683647270907388,0.0377103321771228,2.7495095610021774,2.682540945476775,6035,0,,
26/07/2024,0.99,0.0,0.5,280,285,280,20240726RUN03,13.856023904765713,100.49014591833142,26/07/2024,3.803584040177839,2.4608265793950266,3.4676414479583317,2.6036842747610787,3.803584040177839,0.3359425922195074,3.6356127440680854,3.8149639417857624,6035,0,281,40
26/07/2024,0.9,0.0,0.45,285,290,285,20240726RUN03,13.856009231357525,100.49010217221847,26/07/2024,3.803584040177839,2.4608265793950266,3.4676414479583317,2.6036842747610787,3.803584040177839,0.3359425922195074,3.6356127440680854,3.3825131224600815,6035,0,288,41
26/07/2024,0.83,0.0,0.42,290,295,290,20240726RUN03,13.855993536547954,100.49005879897311,26/07/2024,3.803584040177839,2.4608265793950266,3.4676414479583317,2.6036842747610787,3.803584040177839,0.3359425922195074,3.6356127440680854,3.8448731088071018,6035,0,,
26/07/2024,1.66,0.0,0.83,295,300,295,20240726RUN03,13.855976806384128,100.49001583328987,26/07/2024,3.803584040177839,2.4608265793950266,3.4676414479583317,2.6036842747610787,3.803584040177839,0.3359425922195074,3.6356127440680854,3.44680006900451,6035,0,295,42
26/07/2024,1.21,0.0,0.6,300,305,300,20240726RUN03,13.855958981801189,100.48997333096135,26/07/2024,4.911019739644064,3.7028062704586806,4.068646146768982,2.7722920011104635,4.911019739644064,0.8423735928750817,4.4898329432065225,4.44066944574094,6035,0,302,43
26/07/2024,1.42,0.0,0.71,305,310,305,20240726RUN03,13.855940224091471,100.48993125093725,26/07/2024,4.911019739644064,3.7028062704586806,4.068646146768982,2.7722920011104635,4.911019739644064,0.8423735928750817,4.4898329432065225,4.113136590691891,6035,0,309,44
26/07/2024,1.0,0.0,0.5,310,315,310,20240726RUN03,13.855920644365925,100.48988956490355,26/07/2024,4.911019739644064,3.7028062704586806,4.068646146768982,2.7722920011104635,4.911019739644064,0.8423735928750817,4.4898329432065225,4.899997656903278,6035,0,,
26/07/2024,2.22,0.0,1.11,315,320,315,20240726RUN03,13.85590023522411,100.4898482978812,26/07/2024,4.911019739644064,3.7028062704586806,4.068646146768982,2.7722920011104635,4.911019739644064,0.8423735928750817,4.4898329432065225,4.314275065607434,6035,0,316,45
26/07/2024,1.6,0.0,0.8,320,325,320,20240726RUN03,13.855878927073618,100.48980750971646,26/07/2024,6.669262653956409,4.708165862033069,7.756346658180496,4.383734820371068,7.756346658180496,1.0870840042240877,7.212804656068452,7.726182071382756,6035,0,323,46
26/07/2024,0.9,0.0,0.45,325,330,325,20240726RUN03,13.855856747027126,100.48976721128686,26/07/2024,6.669262653956409,4.708165862033069,7.756346658180496,4.383734820371068,7.756346658180496,1.0870840042240877,7.212804656068452,6.549242050405463,6035,0,,
26/07/2024,2.35,0.0,1.18,330,335,330,20240726RUN03,13.855833712792412,100.48972741799152,26/07/2024,6.669262653956409,4.708165862033069,7.756346658180496,4.383734820371068,7.756346658180496,1.0870840042240877,7.212804656068452,7.294640235340478,6035,0,330,47
26/07/2024,2.56,0.0,1.28,335,340,335,20240726RUN03,13.855809889762984,100.48968811391968,26/07/2024,6.669262653956409,4.708165862033069,7.756346658180496,4.383734820371068,7.756346658180496,1.0870840042240877,7.212804656068452,7.407513034552337,6035,0,337,48
26/07/2024,3.43,0.0,1.72,340,345,340,20240726RUN03,13.855785327305906,100.48964928962653,26/07/2024,3.1626271192007263,2.3299919179489854,3.485583215812932,2.9623066924666026,3.485583215812932,0.3229560966122053,3.324105167506829,3.537816385870094,6035,0,344,49
26/07/2024,2.16,0.0,1.08,345,350,345,20240726RUN03,13.855759933505897,100.4896110299772,26/07/2024,3.1626271192007263,2.3299919179489854,3.485583215812932,2.9623066924666026,3.485583215812932,0.3229560966122053,3.324105167506829,3.374766086938877,6035,0,,
26/07/2024,3.63,0.0,1.82,350,355,350,20240726RUN03,13.855733680294628,100.4895733826937,26/07/2024,3.1626271192007263,2.3299919179489854,3.485583215812932,2.9623066924666026,3.485583215812932,0.3229560966122053,3.324105167506829,3.2274129196931725,6035,0,351,50
26/07/2024,6.97,0.0,3.48,355,360,355,20240726RUN03,13.855706597539204,100.48953635621608,26/07/2024,3.1626271192007263,2.3299919179489854,3.485583215812932,2.9623066924666026,3.485583215812932,0.3229560966122053,3.324105167506829,3.1783116794531043,6035,0,358,51
26/07/2024,4.6,0.0,2.3,360,365,360,20240726RUN03,13.855678634002562,100.48950002216502,26/07/2024,9.029255672606798,6.642238088318962,5.200635189681679,3.5508127302732504,9.029255672606798,3.82862048292512,7.114945431144239,7.051989231446985,6035,0,,
26/07/2024,6.7,0.0,3.35,365,370,365,20240726RUN03,13.855649779182993,100.4894644254874,26/07/2024,9.029255672606798,6.642238088318962,5.200635189681679,3.5508127302732504,9.029255672606798,3.82862048292512,7.114945431144239,7.121476869257048,6035,0,365,52
26/07/2024,4.82,0.0,2.41,370,375,370,20240726RUN03,13.855620080197347,100.4894295635261,26/07/2024,9.029255672606798,6.642238088318962,5.200635189681679,3.5508127302732504,9.029255672606798,3.82862048292512,7.114945431144239,7.3152286324629126,6035,0,372,53
26/07/2024,8.66,0.0,4.33,375,380,375,20240726RUN03,13.855589594698097,100.48939542008972,26/07/2024,9.029255672606798,6.642238088318962,5.200635189681679,3.5508127302732504,9.029255672606798,3.82862048292512,7.114945431144239,7.007233007466908,6035,0,379,54
26/07/2024,8.28,0.0,4.14,380,385,380,20240726RUN03,13.855558318592658,100.48936203402255,26/07/2024,-1.0,-1.0,54.15408094553801,69.99369984877328,54.15408094553801,55.15408094553801,26.577040472769006,26.854781786931582,6035,0,,
26/07/2024,0.0,0.0,0.0,385,390,385,20240726RUN03,13.855526274329867,100.48932941998565,26/07/2024,-1.0,-1.0,54.15408094553801,69.99369984877328,54.15408094553801,55.15408094553801,26.577040472769006,26.3734401175153,6035,0,386,55
26/07/2024,1.77,0.0,0.88,390,395,390,20240726RUN03,13.855493489370772,100.48929758592926,26/07/2024,-1.0,-1.0,54.15408094553801,69.99369984877328,54.15408094553801,55.15408094553801,26.577040472769006,26.703527788603953,6035,0,393,56
26/07/2024,0.0,0.0,0.0,395,400,395,20240726RUN03,13.85546010283673,100.48926641330497,26/07/2024,-1.0,-1.0,54.15408094553801,69.99369984877328,54.15408094553801,55.15408094553801,26.577040472769006,26.202276660951284,6035,0,,
26/07/2024,0.0,0.0,0.0,400,405,400,20240726RUN03,13.855425796242853,100.48923630711397,26/07/2024,-1.0,-1.0,-1.0,-1.0,-1.0,0.0,-1.0,-0.9803591310068844,6035,0,400,57
26/07/2024,0.0,0.0,0.0,405,410,405,20240726RUN03,13.855391489648976,100.48920620092298,26/07/2024,-1.0,-1.0,-1.0,-1.0,-1.0,0.0,-1.0,-1.0791998253723794,6035,0,407,58
26/07/2024,0.0,0.0,0.0,410,415,410,20240726RUN03,13.8553571830551,100.48917609473199,26/07/2024,-1.0,-1.0,-1.0,-1.0,-1.0,0.0,-1.0,-1.0076261052766824,6035,0,414,59
26/07/2024,0.0,0.0,0.0,415,420,415,20240726RUN03,13.855322876461223,100.48914598854098,26/07/2024,-1.0,-1.0,-1.0,-1.0,-1.0,0.0,-1.0,-0.9175748490366759,6035,0,,
26/07/2024,0.0,0.0,0.0,420,425,420,20240726RUN03,13.855288569867346,100.48911588234998,26/07/2024,-1.0,-1.0,-1.0,-1.0,-1.0,0.0,-1.0,-0.9083690657663577,6035,0,421,60
26/07/2024,0.0,0.0,0.0,425,430,425,20240726RUN03,13.85525426327347,100.48908577615899,26/07/2024,-1.0,-1.0,-1.0,-1.0,-1.0,0.0,-1.0,-0.9816635534135707,6035,0,428,61
26/07/2024,0.0,0.0,0.0,430,435,430,20240726RUN03,13.855219903562613,100.48905573038171,26/07/2024,-1.0,-1.0,-1.0,-1.0,-1.0,0.0,-1.0,-1.0363050204011632,6035,0,,
26/07/2024,0.0,0.0,0.0,435,440,435,20240726RUN03,13.85518564997615,100.48902555826919,26/07/2024,-1.0,-1.0,-1.0,-1.0,-1.0,0.0,-1.0,-1.0913641386575068,6035,0,435,62
26/07/2024,0.0,0.0,0.0,440,445,440,20240726RUN03,13.85515153351275,100.48899522382132,26/07/2024,16.068264619908405,14.77247182154698,36.35908023416439,32.17590908569644,36.35908023416439,20.290815614255983,26.213672427036396,24.575885040835896,6035,0,442,63
26/07/2024,0.0,0.0,0.0,445,450,445,20240726RUN03,13.855117576192688,100.48896470289942,26/07/2024,16.068264619908405,14.77247182154698,36.35908023416439,32.17590908569644,36.35908023416439,20.290815614255983,26.213672427036396,26.884744824372454,6035,0,449,64
26/07/2024,0.0,1.95,0.98,450,455,450,20240726RUN03,13.855083809967024,100.48893396087722,26/07/2024,16.068264619908405,14.77247182154698,36.35908023416439,32.17590908569644,36.35908023416439,20.290815614255983,26.213672427036396,27.193115729262463,6035,0,,
26/07/2024,0.0,3.86,1.93,455,460,455,20240726RUN03,13.85505026854698,100.48890296225818,26/07/2024,16.068264619908405,14.77247182154698,36.35908023416439,32.17590908569644,36.35908023416439,20.290815614255983,26.213672427036396,25.99750105152661,6035,0,456,65
26/07/2024,0.0,3.08,1.54,460,465,460,20240726RUN03,13.855017003121507,100.48887165382085,26/07/2024,3.816684481174134,2.7010042510727508,5.46857112211977,4.871121847938296,5.46857112211977,1.6518866409456363,4.642627801646952,5.099288006162526,6035,0,464,66
26/07/2024,0.0,1.36,0.68,465,470,465,20240726RUN03,13.854984094892641,100.48883995260815,26/07/2024,3.816684481174134,2.7010042510727508,5.46857112211977,4.871121847938296,5.46857112211977,1.6518866409456363,4.642627801646952,4.820214807814652,6035,0,,
26/07/2024,0.0,1.23,0.62,470,475,470,20240726RUN03,13.85495159777772,100.48880781033506,26/07/2024,3.816684481174134,2.7010042510727508,5.46857112211977,4.871121847938296,5.46857112211977,1.6518866409456363,4.642627801646952,4.266062384988928,6035,0,471,67
26/07/2024,0.0,2.53,1.26,475,480,475,20240726RUN03,13.854919589235275,100.48877515881452,26/07/2024,3.816684481174134,2.7010042510727508,5.46857112211977,4.871121847938296,5.46857112211977,1.6518866409456363,4.642627801646952,4.619943945224864,6035,0,478,68
26/07/2024,0.0,2.21,1.1,480,485,480,20240726RUN03,13.85488815053227,100.48874193275167,26/07/2024,2.288528007442611,2.1967489301717964,2.807995553741638,2.2867587741222923,2.807995553741638,0.519467546299027,2.5482617805921244,2.7723237892182215,6035,0,,
26/07/2024,0.08,3.09,1.58,485,490,485,20240726RUN03,13.854857451279447,100.48870799080319,26/07/2024,2.288528007442611,2.1967489301717964,2.807995553741638,2.2867587741222923,2.807995553741638,0.519467546299027,2.5482617805921244,2.5756393267194877,6035,0,485,69
26/07/2024,0.61,2.69,1.65,490,495,490,20240726RUN03,13.854827624476176,100.48867324373641,26/07/2024,2.288528007442611,2.1967489301717964,2.807995553741638,2.2867587741222923,2.807995553741638,0.519467546299027,2.5482617805921244,2.636637771741806,6035,0,492,70
26/07/2024,1.34,2.57,1.96,495,500,495,20240726RUN03,13.854798759597422,100.4886376565913,26/07/2024,2.288528007442611,2.1967489301717964,2.807995553741638,2.2867587741222923,2.807995553741638,0.519467546299027,2.5482617805921244,2.507970917582483,6035,0,499,71
26/07/2024,1.78,1.02,1.4,500,505,500,20240726RUN03,13.85477103740942,100.48860113071757,26/07/2024,3.0806647020178057,2.3380778023490283,3.231256913695296,1.947524136898117,3.231256913695296,0.1505922116774902,3.155960807856551,3.0575146533237665,6035,0,,
26/07/2024,2.04,0.53,1.28,505,510,505,20240726RUN03,13.854744591044458,100.48856362731948,26/07/2024,3.0806647020178057,2.3380778023490283,3.231256913695296,1.947524136898117,3.231256913695296,0.1505922116774902,3.155960807856551,3.1160631120042575,6035,0,506,72
26/07/2024,3.12,0.05,1.58,510,515,510,20240726RUN03,13.854719474286325,100.48852517825513,26/07/2024,3.0806647020178057,2.3380778023490283,3.231256913695296,1.947524136898117,3.231256913695296,0.1505922116774902,3.155960807856551,3.371418547750537,6035,0,513,73
26/07/2024,3.13,0.0,1.56,515,520,515,20240726RUN03,13.85469567923441,100.48848585811521,26/07/2024,3.0806647020178057,2.3380778023490283,3.231256913695296,1.947524136898117,3.231256913695296,0.1505922116774902,3.155960807856551,2.974903282094462,6035,0,,
26/07/2024,2.68,0.0,1.34,520,525,520,20240726RUN03,13.854673170309479,100.48844575255629,26/07/2024,3.223862584747468,2.420898500343726,3.6817814882244178,3.8283194247790537,3.6817814882244178,0.4579189034769499,3.4528220364859425,3.3112647051251862,6035,0,520,74
26/07/2024,3.1,0.0,1.55,525,530,525,20240726RUN03,13.854651944050335,100.48840492088198,26/07/2024,3.223862584747468,2.420898500343726,3.6817814882244178,3.8283194247790537,3.6817814882244178,0.4579189034769499,3.4528220364859425,3.338617829067369,6035,0,527,75
26/07/2024,3.4,0.0,1.7,530,535,530,20240726RUN03,13.854631941925593,100.48836344656502,26/07/2024,3.223862584747468,2.420898500343726,3.6817814882244178,3.8283194247790537,3.6817814882244178,0.4579189034769499,3.4528220364859425,3.712314108701951,6035,0,534,76
26/07/2024,2.37,0.0,1.18,535,540,535,20240726RUN03,13.85461309499423,100.48832140926518,26/07/2024,3.223862584747468,2.420898500343726,3.6817814882244178,3.8283194247790537,3.6817814882244178,0.4579189034769499,3.4528220364859425,3.6912851264790962,6035,0,,
26/07/2024,2.02,0.0,1.01,540,545,540,20240726RUN03,13.854595424537692,100.4882788401519,26/07/2024,4.049970957803723,2.5281384272527347,4.273876119286043,2.9063591207913886,4.273876119286043,0.2239051614823202,4.161923538544883,4.090467958147382,6035,0,541,77
26/07/2024,4.04,0.0,2.02,545,550,545,20240726RUN03,13.85457898515235,100.48823575780904,26/07/2024,4.049970957803723,2.5281384272527347,4.273876119286043,2.9063591207913886,4.273876119286043,0.2239051614823202,4.161923538544883,4.072992448052674,6035,0,548,78
26/07/2024,2.89,0.0,1.44,550,555,550,20240726RUN03,13.854563847062634,100.4881921788263,26/07/2024,4.049970957803723,2.5281384272527347,4.273876119286043,2.9063591207913886,4.273876119286043,0.2239051614823202,4.161923538544883,3.8669901001683327,6035,0,,
26/07/2024,2.76,0.0,1.38,555,560,555,20240726RUN03,13.854550067412044,100.48814813038483,26/07/2024,4.049970957803723,2.5281384272527347,4.273876119286043,2.9063591207913886,4.273876119286043,0.2239051614823202,4.161923538544883,4.386167960336729,6035,0,555,79
26/07/2024,2.75,0.0,1.38,560,565,560,20240726RUN03,13.85453775674481,100.48810362907523,26/07/2024,1.991132039857845,1.4063370596851783,2.523850946356305,1.981116060418356,2.523850946356305,0.5327189064984599,2.257491493107075,2.194514767465314,6035,0,562,80
26/07/2024,3.19,0.0,1.6,565,570,565,20240726RUN03,13.854527020182129,100.4880587027898,26/07/2024,1.991132039857845,1.4063370596851783,2.523850946356305,1.981116060418356,2.523850946356305,0.5327189064984599,2.257491493107075,2.1777016332115546,6035,0,569,81
26/07/2024,3.62,0.0,1.81,570,575,570,20240726RUN03,13.854517914875405,100.48801340102699,26/07/2024,1.991132039857845,1.4063370596851783,2.523850946356305,1.981116060418356,2.523850946356305,0.5327189064984599,2.257491493107075,2.281525451809482,6035,0,,
26/07/2024,3.62,0.0,1.81,575,580,575,20240726RUN03,13.854510461457775,100.48796778391197,26/07/2024,1.991132039857845,1.4063370596851783,2.523850946356305,1.981116060418356,2.523850946356305,0.5327189064984599,2.257491493107075,2.3388852806451323,6035,0,576,82
26/07/2024,3.44,0.0,1.72,580,585,580,20240726RUN03,13.854504627667168,100.48792192038562,26/07/2024,1.882147899240162,1.2234091945769223,2.000230465631038,1.482887349422385,2.000230465631038,0.1180825663908757,1.9411891824356,2.0067828576053,6035,0,583,83
26/07/2024,3.48,0.0,1.74,585,590,585,20240726RUN03,13.85450036677088,100.48787587574392,26/07/2024,1.882147899240162,1.2234091945769223,2.000230465631038,1.482887349422385,2.000230465631038,0.1180825663908757,1.9411891824356,2.007819068746517,6035,0,,
26/07/2024,3.29,0.0,1.64,590,595,590,20240726RUN03,13.854497629132021,100.48782970990077,26/07/2024,1.882147899240162,1.2234091945769223,2.000230465631038,1.482887349422385,2.000230465631038,0.1180825663908757,1.9411891824356,1.954192991399422,6035,0,590,84
26/07/2024,3.42,0.0,1.71,595,600,595,20240726RUN03,13.854496430012865,100.48778347553345,26/07/2024,1.882147899240162,1.2234091945769223,2.000230465631038,1.482887349422385,2.000230465631038,0.1180825663908757,1.9411891824356,2.0118207297610544,6035,0,597,85
26/07/2024,3.62,0.0,1.81,600,605,600,20240726RUN03,13.854496783714499,100.487737226044,26/07/2024,4.935381365909083,5.335501692897045,3.875106682798612,3.2198988903303034,4.935381365909083,1.0602746831104717,4.4052440243538475,4.165583729585066,6035,0,604,86
26/07/2024,3.51,0.0,1.76,605,610,605,20240726RUN03,13.854498603817323,100.48769101243856,26/07/2024,4.935381365909083,5.335501692897045,3.875106682798612,3.2198988903303034,4.935381365909083,1.0602746831104717,4.4052440243538475,4.755616633588809,6035,0,,
26/07/2024,4.77,0.0,2.38,610,615,610,20240726RUN03,13.854501705314135,100.48764486970047,26/07/2024,4.935381365909083,5.335501692897045,3.875106682798612,3.2198988903303034,4.935381365909083,1.0602746831104717,4.4052440243538475,4.428634105020175,6035,0,611,87
26/07/2024,3.08,0.0,1.54,615,620,615,20240726RUN03,13.854505819568145,100.48759880949882,26/07/2024,4.935381365909083,5.335501692897045,3.875106682798612,3.2198988903303034,4.935381365909083,1.0602746831104717,4.4052440243538475,4.2068350029154,6035,0,618,88
26/07/2024,2.98,0.0,1.49,620,625,620,20240726RUN03,13.854510693029207,100.48755282665309,26/07/2024,2.7860582678847625,2.055738131322158,3.202721180593021,2.6127977928239243,3.202721180593021,0.4166629127082584,2.994389724238892,3.028908597399676,6035,0,,
26/07/2024,2.26,0.0,1.13,625,630,625,20240726RUN03,13.854516267949691,100.48750692739925,26/07/2024,2.7860582678847625,2.055738131322158,3.202721180593021,2.6127977928239243,3.202721180593021,0.4166629127082584,2.994389724238892,2.713159748106065,6035,0,625,89
26/07/2024,3.22,0.0,1.61,630,635,630,20240726RUN03,13.854522533357917,100.48746112140749,26/07/2024,2.7860582678847625,2.055738131322158,3.202721180593021,2.6127977928239243,3.202721180593021,0.4166629127082584,2.994389724238892,2.7587853698345697,6035,0,632,90
26/07/2024,1.4,0.0,0.7,635,640,635,20240726RUN03,13.85452930154887,100.48741539018715,26/07/2024,2.7860582678847625,2.055738131322158,3.202721180593021,2.6127977928239243,3.202721180593021,0.4166629127082584,2.994389724238892,3.2200589420443917,6035,0,639,91
26/07/2024,1.58,0.0,0.79,640,645,640,20240726RUN03,13.854536390182043,100.48736970975939,26/07/2024,3.840072902118102,2.4491341081930127,3.785384456259696,3.2057546707568,3.840072902118102,0.0546884458584067,3.812728679188899,3.8613158924960906,6035,0,,
26/07/2024,1.81,0.0,0.9,645,650,645,20240726RUN03,13.85454378148944,100.48732407960257,26/07/2024,3.840072902118102,2.4491341081930127,3.785384456259696,3.2057546707568,3.840072902118102,0.0546884458584067,3.812728679188899,3.7566812076882603,6035,0,646,92
26/07/2024,1.74,0.0,0.87,650,655,650,20240726RUN03,13.854551500485128,100.48727850636364,26/07/2024,3.840072902118102,2.4491341081930127,3.785384456259696,3.2057546707568,3.840072902118102,0.0546884458584067,3.812728679188899,3.641601784132416,6035,0,653,93
26/07/2024,1.97,0.0,0.98,655,660,655,20240726RUN03,13.854559589705879,100.4872330004541,26/07/2024,3.840072902118102,2.4491341081930127,3.785384456259696,3.2057546707568,3.840072902118102,0.0546884458584067,3.812728679188899,4.013998862554015,6035,0,,
26/07/2024,3.41,0.0,1.7,660,665,660,20240726RUN03,13.854568118034402,100.48718757868124,26/07/2024,4.447185249634674,2.7144084802247663,4.680260819100564,3.055259757061348,4.680260819100564,0.2330755694658899,4.563723034367619,4.207015667013933,6035,0,660,94
26/07/2024,3.98,0.0,1.99,665,670,665,20240726RUN03,13.854577144767827,100.48714225794862,26/07/2024,4.447185249634674,2.7144084802247663,4.680260819100564,3.055259757061348,4.680260819100564,0.2330755694658899,4.563723034367619,4.817642336684567,6035,0,667,95
26/07/2024,0.97,0.0,0.48,670,675,670,20240726RUN03,13.854586636612474,100.48709703673079,26/07/2024,4.447185249634674,2.7144084802247663,4.680260819100564,3.055259757061348,4.680260819100564,0.2330755694658899,4.563723034367619,4.467398099653727,6035,0,674,96
26/07/2024,0.56,0.0,0.28,675,680,675,20240726RUN03,13.85459645299189,100.4870518880805,26/07/2024,4.447185249634674,2.7144084802247663,4.680260819100564,3.055259757061348,4.680260819100564,0.2330755694658899,4.563723034367619,4.772992980426726,6035,0,,
26/07/2024,0.45,0.0,0.22,680,685,680,20240726RUN03,13.854606549812646,100.48700680426353,26/07/2024,3.244916716476644,2.6429920040117203,3.2462079923079137,2.6269157840632467,3.2462079923079137,0.0012912758312695,3.2455623543922787,3.066328529448361,6035,0,681,97
26/07/2024,0.94,0.0,0.47,685,690,685,20240726RUN03,13.854616931350517,100.48696178821474,26/07/2024,3.244916716476644,2.6429920040117203,3.2462079923079137,2.6269157840632467,3.2462079923079137,0.0012912758312695,3.2455623543922787,3.1363859395999785,6035,0,688,98
26/07/2024,1.28,0.0,0.64,690,695,690,20240726RUN03,13.854627546879616,100.48691682932201,26/07/2024,3.244916716476644,2.6429920040117203,3.2462079923079137,2.6269157840632467,3.2462079923079137,0.0012912758312695,3.2455623543922787,3.458664312512165,6035,0,,
26/07/2024,0.98,0.0,0.49,695,700,695,20240726RUN03,13.854638311216243,100.48687190748561,26/07/2024,3.244916716476644,2.6429920040117203,3.2462079923079137,2.6269157840632467,3.2462079923079137,0.0012912758312695,3.2455623543922787,3.382219182213019,6035,0,695,99
26/07/2024,0.78,0.0,0.39,700,705,700,20240726RUN03,13.854649155059432,100.48682700567042,26/07/2024,1.9719256296546144,1.5089563521270646,2.6345666054727275,2.497320078209289,2.6345666054727275,0.6626409758181133,2.303246117563671,2.52100509943775,6035,0,702,100
26/07/2024,0.8,0.0,0.4,705,710,705,20240726RUN03,13.854660103659311,100.48678213049183,26/07/2024,1.9719256296546144,1.5089563521270646,2.6345666054727275,2.497320078209289,2.6345666054727275,0.6626409758181133,2.303246117563671,2.2487707701854047,6035,0,709,101
26/07/2024,0.48,0.0,0.24,710,715,710,20240726RUN03,13.854671150596214,100.48673728055998,26/07/2024,1.9719256296546144,1.5089563521270646,2.6345666054727275,2.497320078209289,2.6345666054727275,0.6626409758181133,2.303246117563671,2.4920592259392627,6035,0,,
26/07/2024,0.89,0.0,0.44,715,720,715,20240726RUN03,13.854682279614687,100.48669245188273,26/07/2024,1.9719256296546144,1.5089563521270646,2.6345666054727275,2.497320078209289,2.6345666054727275,0.6626409758181133,2.303246117563671,2.162004539096399,6035,0,716,102
26/07/2024,0.4,0.0,0.2,720,725,720,20240726RUN03,13.854693520039424,100.4866476523434,26/07/2024,3.5233523014428,2.0077663838936863,3.3195698419740136,2.508012825473527,3.5233523014428,0.2037824594687864,3.421461071708407,3.4674439211438495,6035,0,723,103
26/07/2024,0.61,0.0,0.3,725,730,725,20240726RUN03,13.854704917439532,100.48660289437397,26/07/2024,3.5233523014428,2.0077663838936863,3.3195698419740136,2.508012825473527,3.5233523014428,0.2037824594687864,3.421461071708407,3.344822029848944,6035,0,,
26/07/2024,0.57,0.0,0.28,730,735,730,20240726RUN03,13.854716443005188,100.48655817077626,26/07/2024,3.5233523014428,2.0077663838936863,3.3195698419740136,2.508012825473527,3.5233523014428,0.2037824594687864,3.421461071708407,3.275532209492037,6035,0,730,104
26/07/2024,0.52,0.0,0.26,735,740,735,20240726RUN03,13.854728045546777,100.48651346803011,26/07/2024,3.5233523014428,2.0077663838936863,3.3195698419740136,2.508012825473527,3.5233523014428,0.2037824594687864,3.421461071708407,3.6144087268870715,6035,0,737,105
26/07/2024,0.9,0.0,0.45,740,745,740,20240726RUN03,13.854739736988321,100.48646878955704,26/07/2024,2.210339252309282,1.4374774521821228,2.3801278107259694,2.1144887489595487,2.3801278107259694,0.1697885584166871,2.295233531517626,2.4209949666593618,6035,0,744,106
26/07/2024,1.41,0.0,0.7,745,750,745,20240726RUN03,13.85475153631868,100.48642414079752,26/07/2024,2.210339252309282,1.4374774521821228,2.3801278107259694,2.1144887489595487,2.3801278107259694,0.1697885584166871,2.295233531517626,2.267058006739635,6035,0,,
26/07/2024,1.24,0.0,0.62,750,755,750,20240726RUN03,13.854763447210413,100.48637952308925,26/07/2024,2.210339252309282,1.4374774521821228,2.3801278107259694,2.1144887489595487,2.3801278107259694,0.1697885584166871,2.295233531517626,2.228579292795665,6035,0,751,107
26/07/2024,0.76,0.0,0.38,755,760,755,20240726RUN03,13.854775528703316,100.48633495348155,26/07/2024,2.210339252309282,1.4374774521821228,2.3801278107259694,2.1144887489595487,2.3801278107259694,0.1697885584166871,2.295233531517626,2.118197872446668,6035,0,758,108
26/07/2024,0.32,0.0,0.16,760,765,760,20240726RUN03,13.854787851463199,100.48629045313453,26/07/2024,2.5940090824414552,1.9130598510817671,2.630619482706808,1.8837317835219347,2.630619482706808,0.0366104002653528,2.6123142825741317,2.649635150575257,6035,0,,
26/07/2024,0.48,0.0,0.24,765,770,765,20240726RUN03,13.854800443158247,100.4862460317225,26/07/2024,2.5940090824414552,1.9130598510817671,2.630619482706808,1.8837317835219347,2.630619482706808,0.0366104002653528,2.6123142825741317,2.6228962679053054,6035,0,765,109
26/07/2024,0.28,0.0,0.14,770,775,770,20240726RUN03,13.854813335444932,100.48620170073288,26/07/2024,2.5940090824414552,1.9130598510817671,2.630619482706808,1.8837317835219347,2.630619482706808,0.0366104002653528,2.6123142825741317,2.6546989976993127,6035,0,772,110
26/07/2024,0.12,0.0,0.06,775,780,775,20240726RUN03,13.854826528863235,100.48615746260266,26/07/2024,2.5940090824414552,1.9130598510817671,2.630619482706808,1.8837317835219347,2.630619482706808,0.0366104002653528,2.6123142825741317,2.7767460446760452,6035,0,,
26/07/2024,0.62,0.0,0.31,780,785,780,20240726RUN03,13.85483994874007,100.48611329583647,26/07/2024,2.480360676450992,1.9879757956387432,3.2769744613312084,2.129277663842794,3.2769744613312084,0.7966137848802162,2.8786675688911,3.0683873451384827,6035,0,780,111
26/07/2024,0.31,0.0,0.16,785,790,785,20240726RUN03,13.854853497521834,100.486069170302,26/07/2024,2.480360676450992,1.9879757956387432,3.2769744613312084,2.129277663842794,3.2769744613312084,0.7966137848802162,2.8786675688911,2.8899795662106866,6035,0,787,112
26/07/2024,0.21,0.0,0.1,790,795,790,20240726RUN03,13.854867130270119,100.48602507186708,26/07/2024,2.480360676450992,1.9879757956387432,3.2769744613312084,2.129277663842794,3.2769744613312084,0.7966137848802162,2.8786675688911,2.5970563340556154,6035,0,794,113
26/07/2024,0.11,0.0,0.06,795,800,795,20240726RUN03,13.854880835195152,100.48598099686627,26/07/2024,2.480360676450992,1.9879757956387432,3.2769744613312084,2.129277663842794,3.2769744613312084,0.7966137848802162,2.8786675688911,3.0800995615320286,6035,0,,
26/07/2024,0.32,0.0,0.16,800,805,800,20240726RUN03,13.854894579341119,100.48593693465273,26/07/2024,2.2100925917311205,1.9708804943139984,2.744477826740253,2.137497887921687,2.744477826740253,0.5343852350091325,2.4772852092356867,2.4252038918015657,6035,0,801,114
26/07/2024,0.23,0.0,0.12,805,810,805,20240726RUN03,13.854908284404402,100.48589285970743,26/07/2024,2.2100925917311205,1.9708804943139984,2.744477826740253,2.137497887921687,2.744477826740253,0.5343852350091325,2.4772852092356867,2.4164508542608933,6035,0,808,115
26/07/2024,0.39,0.0,0.2,810,815,810,20240726RUN03,13.854921876200866,100.48584874802928,26/07/2024,2.2100925917311205,1.9708804943139984,2.744477826740253,2.137497887921687,2.744477826740253,0.5343852350091325,2.4772852092356867,2.3697406042463203,6035,0,,
26/07/2024,0.4,0.0,0.2,815,820,815,20240726RUN03,13.854935360849096,100.48580460192287,26/07/2024,2.2100925917311205,1.9708804943139984,2.744477826740253,2.137497887921687,2.744477826740253,0.5343852350091325,2.4772852092356867,2.523023144971621,6035,0,815,116
26/07/2024,0.27,0.0,0.14,820,825,820,20240726RUN03,13.854948703245997,100.48576041058413,26/07/2024,2.203181258638372,1.8549219394973024,3.082448481681082,2.4158001464149965,3.082448481681082,0.8792672230427101,2.642814870159727,2.5156326329097025,6035,0,822,117
26/07/2024,0.01,0.0,0.0,825,830,825,20240726RUN03,13.854961884349997,100.48571616855953,26/07/2024,2.203181258638372,1.8549219394973024,3.082448481681082,2.4158001464149965,3.082448481681082,0.8792672230427101,2.642814870159727,2.4292410317924604,6035,0,829,118
26/07/2024,0.16,0.0,0.08,830,835,830,20240726RUN03,13.854974943739393,100.4856718887242,26/07/2024,2.203181258638372,1.8549219394973024,3.082448481681082,2.4158001464149965,3.082448481681082,0.8792672230427101,2.642814870159727,2.6993702911540294,6035,0,,
26/07/2024,0.28,0.0,0.14,835,840,835,20240726RUN03,13.854987900337566,100.4856275772677,26/07/2024,2.203181258638372,1.8549219394973024,3.082448481681082,2.4158001464149965,3.082448481681082,0.8792672230427101,2.642814870159727,2.7939432857307063,6035,0,836,119
26/07/2024,0.18,0.0,0.09,840,845,840,20240726RUN03,13.855000777397958,100.48558324151445,26/07/2024,3.3485398561983044,3.0830120138849115,4.821404195707241,4.242341354230102,4.821404195707241,1.4728643395089365,4.084972025952773,3.8103571435944783,6035,0,843,120
26/07/2024,0.22,0.0,0.11,845,850,845,20240726RUN03,13.855013617498964,100.48553889453642,26/07/2024,3.3485398561983044,3.0830120138849115,4.821404195707241,4.242341354230102,4.821404195707241,1.4728643395089365,4.084972025952773,3.7649352475846487,6035,0,,
26/07/2024,0.65,0.04,0.34,850,855,850,20240726RUN03,13.855026402078856,100.48549453077176,26/07/2024,3.3485398561983044,3.0830120138849115,4.821404195707241,4.242341354230102,4.821404195707241,1.4728643395089365,4.084972025952773,4.325309490289853,6035,0,850,121
26/07/2024,0.12,0.0,0.06,855,860,855,20240726RUN03,13.855039120612,100.48545014710622,26/07/2024,3.3485398561983044,3.0830120138849115,4.821404195707241,4.242341354230102,4.821404195707241,1.4728643395089365,4.084972025952773,4.19734081392137,6035,0,857,122
26/07/2024,0.19,0.0,0.1,860,865,860,20240726RUN03,13.855051859901664,100.4854057696879,26/07/2024,3.207429330800323,2.04144440055204,2.4019647928717265,1.909107561094588,3.207429330800323,0.8054645379285965,2.8046970618360247,3.063485077824555,6035,0,864,123
26/07/2024,0.67,0.02,0.34,865,870,865,20240726RUN03,13.855064649143028,100.48536140730545,26/07/2024,3.207429330800323,2.04144440055204,2.4019647928717265,1.909107561094588,3.207429330800323,0.8054645379285965,2.8046970618360247,2.9025393986389956,6035,0,,
26/07/2024,0.43,0.03,0.23,870,875,870,20240726RUN03,13.855077444144277,100.48531704665061,26/07/2024,3.207429330800323,2.04144440055204,2.4019647928717265,1.909107561094588,3.207429330800323,0.8054645379285965,2.8046970618360247,2.565001573179866,6035,0,871,124
26/07/2024,0.59,0.01,0.3,875,880,875,20240726RUN03,13.855090246666979,100.48527268828853,26/07/2024,3.207429330800323,2.04144440055204,2.4019647928717265,1.909107561094588,3.207429330800323,0.8054645379285965,2.8046970618360247,2.788184667937226,6035,0,878,125
26/07/2024,0.22,0.0,0.11,880,885,880,20240726RUN03,13.85510306300662,100.48522833410912,26/07/2024,2.78862410028852,1.99803135781874,2.7258986700812065,1.783144879175371,2.78862410028852,0.0627254302073132,2.7572613851848633,2.7727644163998253,6035,0,,
26/07/2024,0.13,0.0,0.06,885,890,885,20240726RUN03,13.855115918506023,100.48518399179679,26/07/2024,2.78862410028852,1.99803135781874,2.7258986700812065,1.783144879175371,2.78862410028852,0.0627254302073132,2.7572613851848633,2.9834363970267064,6035,0,885,126
26/07/2024,0.16,0.05,0.11,890,895,890,20240726RUN03,13.855128805467253,100.48513965901917,26/07/2024,2.78862410028852,1.99803135781874,2.7258986700812065,1.783144879175371,2.78862410028852,0.0627254302073132,2.7572613851848633,2.576533090706557,6035,0,892,127
26/07/2024,0.1,0.0,0.05,895,900,895,20240726RUN03,13.855141685471965,100.48509532410992,26/07/2024,2.78862410028852,1.99803135781874,2.7258986700812065,1.783144879175371,2.78862410028852,0.0627254302073132,2.7572613851848633,2.5730196092773467,6035,0,899,128
26/07/2024,0.32,0.05,0.18,900,905,900,20240726RUN03,13.855154549141677,100.48505098423749,26/07/2024,2.609249254074558,1.8321959033619832,3.5041829333340164,2.8661439856817506,3.5041829333340164,0.8949336792594584,3.056716093704287,3.030850453613052,6035,0,,
26/07/2024,0.39,0.07,0.23,905,910,905,20240726RUN03,13.855167370087257,100.48500663141917,26/07/2024,2.609249254074558,1.8321959033619832,3.5041829333340164,2.8661439856817506,3.5041829333340164,0.8949336792594584,3.056716093704287,2.83587366317855,6035,0,906,129
26/07/2024,0.39,0.01,0.2,910,915,910,20240726RUN03,13.855180134072935,100.48496226139878,26/07/2024,2.609249254074558,1.8321959033619832,3.5041829333340164,2.8661439856817506,3.5041829333340164,0.8949336792594584,3.056716093704287,3.0348704763728556,6035,0,913,130
26/07/2024,0.31,0.25,0.28,915,920,915,20240726RUN03,13.855192856179206,100.48491787877241,26/07/2024,2.609249254074558,1.8321959033619832,3.5041829333340164,2.8661439856817506,3.5041829333340164,0.8949336792594584,3.056716093704287,3.358519216240875,6035,0,,
26/07/2024,0.25,0.0,0.12,920,925,920,20240726RUN03,13.855205567022326,100.48487349275686,26/07/2024,1.7548383417628075,1.2042647967002666,2.743228259499345,1.852652769298139,2.743228259499345,0.9883899177365374,2.2490333006310763,2.2749971100143855,6035,0,920,131
26/07/2024,0.36,0.01,0.18,925,930,925,20240726RUN03,13.855218304604138,100.48482911476579,26/07/2024,1.7548383417628075,1.2042647967002666,2.743228259499345,1.852652769298139,2.743228259499345,0.9883899177365374,2.2490333006310763,2.196881132546276,6035,0,927,132
26/07/2024,0.81,0.22,0.52,930,935,930,20240726RUN03,13.85523108679547,100.4847847502126,26/07/2024,1.7548383417628075,1.2042647967002666,2.743228259499345,1.852652769298139,2.743228259499345,0.9883899177365374,2.2490333006310763,2.0990952299903127,6035,0,934,133
26/07/2024,0.46,0.19,0.32,935,940,935,20240726RUN03,13.855243905649075,100.484740396743,26/07/2024,1.7548383417628075,1.2042647967002666,2.743228259499345,1.852652769298139,2.743228259499345,0.9883899177365374,2.2490333006310763,2.1828842899330003,6035,0,,
26/07/2024,0.84,0.3,0.57,940,945,940,20240726RUN03,13.855256769555917,100.48469605694214,26/07/2024,4.714098517924815,3.203419547547006,5.2094082551760525,3.4026481243073934,5.2094082551760525,0.4953097372512376,4.961753386550434,4.649687711664421,6035,0,941,134
26/07/2024,0.64,0.05,0.34,945,950,945,20240726RUN03,13.855269682996894,100.48465173223244,26/07/2024,4.714098517924815,3.203419547547006,5.2094082551760525,3.4026481243073934,5.2094082551760525,0.4953097372512376,4.961753386550434,5.05502767920988,6035,0,948,135
26/07/2024,0.44,0.05,0.24,950,955,950,20240726RUN03,13.855282624330039,100.48460741601903,26/07/2024,4.714098517924815,3.203419547547006,5.2094082551760525,3.4026481243073934,5.2094082551760525,0.4953097372512376,4.961753386550434,5.343689675469649,6035,0,,
26/07/2024,0.69,0.12,0.4,955,960,955,20240726RUN03,13.855295575104012,100.484563102698,26/07/2024,4.714098517924815,3.203419547547006,5.2094082551760525,3.4026481243073934,5.2094082551760525,0.4953097372512376,4.961753386550434,4.504825920209296,6035,0,955,136
26/07/2024,0.55,0.05,0.3,960,965,960,20240726RUN03,13.855308534548971,100.4845187920277,26/07/2024,4.156344256688808,2.8226285863993072,5.426186590544633,3.264472029139518,5.426186590544633,1.2698423338558251,4.7912654236167205,4.5389267536492115,6035,0,962,137
26/07/2024,0.69,0.03,0.36,965,970,965,20240726RUN03,13.855321514350566,100.48447448762299,26/07/2024,4.156344256688808,2.8226285863993072,5.426186590544633,3.264472029139518,5.426186590544633,1.2698423338558251,4.7912654236167205,4.700625225325915,6035,0,969,138
26/07/2024,0.43,0.0,0.22,970,975,970,20240726RUN03,13.855334512039855,100.48443018870309,26/07/2024,4.156344256688808,2.8226285863993072,5.426186590544633,3.264472029139518,5.426186590544633,1.2698423338558251,4.7912654236167205,4.961505433845885,6035,0,,
26/07/2024,0.32,0.02,0.17,975,980,975,20240726RUN03,13.855347527510542,100.48438589525948,26/07/2024,4.156344256688808,2.8226285863993072,5.426186590544633,3.264472029139518,5.426186590544633,1.2698423338558251,4.7912654236167205,5.2092118100604905,6035,0,976,139
26/07/2024,0.75,0.09,0.42,980,985,980,20240726RUN03,13.855360535003731,100.48434159936129,26/07/2024,4.52162550674694,2.9338064686098337,4.064609391900751,2.8677438913488924,4.52162550674694,0.4570161148461888,4.293117449323845,4.137977566989652,6035,0,983,140
26/07/2024,0.38,0.0,0.19,985,990,985,20240726RUN03,13.855373473953588,100.48429728242932,26/07/2024,4.52162550674694,2.9338064686098337,4.064609391900751,2.8677438913488924,4.52162550674694,0.4570161148461888,4.293117449323845,4.315547154430893,6035,0,,
26/07/2024,1.22,0.16,0.69,990,995,990,20240726RUN03,13.855386328694847,100.4842529398467,26/07/2024,4.52162550674694,2.9338064686098337,4.064609391900751,2.8677438913488924,4.52162550674694,0.4570161148461888,4.293117449323845,4.20293245655616,6035,0,990,141
26/07/2024,1.08,0.09,0.59,995,1000,995,20240726RUN03,13.85539907022344,100.4842085630759,26/07/2024,4.52162550674694,2.9338064686098337,4.064609391900751,2.8677438913488924,4.52162550674694,0.4570161148461888,4.293117449323845,4.316907872961287,6035,0,997,142
26/07/2024,1.31,0.14,0.73,1000,1005,1000,20240726RUN03,13.855411695053252,100.48416415136187,26/07/2024,3.9244856252857065,2.5677090714718105,4.54666992847508,3.1271740348991406,4.54666992847508,0.6221843031893739,4.235577776880393,4.142278009266641,6035,0,1004,143
26/07/2024,1.38,0.0,0.69,1005,1010,1005,20240726RUN03,13.855424286011639,100.48411972956187,26/07/2024,3.9244856252857065,2.5677090714718105,4.54666992847508,3.1271740348991406,4.54666992847508,0.6221843031893739,4.235577776880393,4.4327053735693625,6035,0,,
26/07/2024,1.24,0.47,0.86,1010,1015,1010,20240726RUN03,13.855436874826001,100.48407530713493,26/07/2024,3.9244856252857065,2.5677090714718105,4.54666992847508,3.1271740348991406,4.54666992847508,0.6221843031893739,4.235577776880393,4.3209257526739755,6035,0,1011,144
26/07/2024,1.63,0.58,1.1,1015,1020,1015,20240726RUN03,13.855449402962416,100.4840308667263,26/07/2024,3.9244856252857065,2.5677090714718105,4.54666992847508,3.1271740348991406,4.54666992847508,0.6221843031893739,4.235577776880393,4.05915066389584,6035,0,1018,145
26/07/2024,0.94,0.03,0.48,1020,1025,1020,20240726RUN03,13.855461902926466,100.48398641801224,26/07/2024,3.413635636789041,2.7964449271604086,3.952774218847683,3.098477287072988,3.952774218847683,0.5391385820586416,3.6832049278183616,3.815823935655554,6035,0,,
26/07/2024,1.96,0.76,1.36,1025,1030,1025,20240726RUN03,13.855474448187149,100.4839419826439,26/07/2024,3.413635636789041,2.7964449271604086,3.952774218847683,3.098477287072988,3.952774218847683,0.5391385820586416,3.6832049278183616,3.726557544221364,6035,0,1025,146
26/07/2024,1.56,0.41,0.98,1030,1035,1030,20240726RUN03,13.85548702369023,100.48389755626732,26/07/2024,3.413635636789041,2.7964449271604086,3.952774218847683,3.098477287072988,3.952774218847683,0.5391385820586416,3.6832049278183616,3.4162343247047935,6035,0,1032,147
26/07/2024,0.69,0.01,0.35,1035,1040,1035,20240726RUN03,13.85549960442528,100.48385313143531,26/07/2024,3.413635636789041,2.7964449271604086,3.952774218847683,3.098477287072988,3.952774218847683,0.5391385820586416,3.6832049278183616,3.6728305695948205,6035,0,1039,148
26/07/2024,1.03,0.01,0.52,1040,1045,1040,20240726RUN03,13.855512148554281,100.4838086957512,26/07/2024,3.139296211043635,2.0741787093495225,3.101218234252512,2.082653237118856,3.139296211043635,0.038077976791123,3.1202572226480734,3.194496317817758,6035,0,,
26/07/2024,1.27,0.04,0.66,1045,1050,1045,20240726RUN03,13.855524478812908,100.48376419748301,26/07/2024,3.139296211043635,2.0741787093495225,3.101218234252512,2.082653237118856,3.139296211043635,0.038077976791123,3.1202572226480734,2.8629432385327864,6035,0,1046,149
26/07/2024,0.62,0.1,0.36,1050,1055,1050,20240726RUN03,13.855536429190646,100.48371959085337,26/07/2024,3.139296211043635,2.0741787093495225,3.101218234252512,2.082653237118856,3.139296211043635,0.038077976791123,3.1202572226480734,3.047678204994666,6035,0,1053,150
26/07/2024,0.92,0.13,0.52,1055,1060,1055,20240726RUN03,13.855547938444062,100.48367486298093,26/07/2024,3.139296211043635,2.0741787093495225,3.101218234252512,2.082653237118856,3.139296211043635,0.038077976791123,3.1202572226480734,3.369934606989915,6035,0,,
26/07/2024,0.29,0.0,0.14,1060,1065,1060,20240726RUN03,13.855558905646532,100.4836299927693,26/07/2024,3.2447393924727344,2.5406038003461395,2.5865077131809304,1.8547560744778349,3.2447393924727344,0.6582316792918039,2.9156235528268324,3.1358851020645693,6035,0,1060,151
26/07/2024,0.49,0.11,0.3,1065,1070,1065,20240726RUN03,13.855569284407318,100.48358497620532,26/07/2024,3.2447393924727344,2.5406038003461395,2.5865077131809304,1.8547560744778349,3.2447393924727344,0.6582316792918039,2.9156235528268324,2.7001953162501695,6035,0,1067,152
26/07/2024,0.18,0.0,0.09,1070,1075,1070,20240726RUN03,13.855579007389725,100.48353980671133,26/07/2024,3.2447393924727344,2.5406038003461395,2.5865077131809304,1.8547560744778349,3.2447393924727344,0.6582316792918039,2.9156235528268324,3.171796989040671,6035,0,1074,153
26/07/2024,0.18,0.05,0.12,1075,1080,1075,20240726RUN03,13.855587952415855,100.4834944692429,26/07/2024,3.2447393924727344,2.5406038003461395,2.5865077131809304,1.8547560744778349,3.2447393924727344,0.6582316792918039,2.9156235528268324,2.9182015786267756,6035,0,,
26/07/2024,0.44,0.34,0.39,1080,1085,1080,20240726RUN03,13.855596032236333,100.4834489620464,26/07/2024,3.608432457860423,2.2362322497871903,3.5319661258962256,2.275618533252762,3.608432457860423,0.0764663319641973,3.5701992918783243,3.3003081759765305,6035,0,1082,154
26/07/2024,1.16,0.56,0.86,1085,1090,1085,20240726RUN03,13.855603197252982,100.48340329474051,26/07/2024,3.608432457860423,2.2362322497871903,3.5319661258962256,2.275618533252762,3.608432457860423,0.0764663319641973,3.5701992918783243,3.8617518060650076,6035,0,1089,155
26/07/2024,0.92,0.44,0.68,1090,1095,1090,20240726RUN03,13.855609360042752,100.48335747467408,26/07/2024,3.608432457860423,2.2362322497871903,3.5319661258962256,2.275618533252762,3.608432457860423,0.0764663319641973,3.5701992918783243,3.739454360446211,6035,0,,
26/07/2024,0.79,0.75,0.77,1095,1100,1095,20240726RUN03,13.855614423937544,100.48331151404201,26/07/2024,3.608432457860423,2.2362322497871903,3.5319661258962256,2.275618533252762,3.608432457860423,0.0764663319641973,3.5701992918783243,3.2799611976518377,6035,0,1096,156
26/07/2024,0.61,0.52,0.56,1100,1105,1100,20240726RUN03,13.85561826004957,100.48326542923887,26/07/2024,2.7769020172354635,1.809487294017664,3.11281435934751,2.7047232512957,3.11281435934751,0.3359123421120467,2.944858188291487,2.80670403427437,6035,0,1103,157
26/07/2024,1.01,0.75,0.88,1105,1110,1105,20240726RUN03,13.855620770976993,100.4832192493365,26/07/2024,2.7769020172354635,1.809487294017664,3.11281435934751,2.7047232512957,3.11281435934751,0.3359123421120467,2.944858188291487,2.702979999737349,6035,0,,
26/07/2024,0.99,1.87,1.43,1110,1115,1110,20240726RUN03,13.85562181035715,100.4831730104992,26/07/2024,2.7769020172354635,1.809487294017664,3.11281435934751,2.7047232512957,3.11281435934751,0.3359123421120467,2.944858188291487,3.0923964541168028,6035,0,1110,158
26/07/2024,1.37,0.92,1.14,1115,1120,1115,20240726RUN03,13.85562140439886,100.48312676096076,26/07/2024,2.7769020172354635,1.809487294017664,3.11281435934751,2.7047232512957,3.11281435934751,0.3359123421120467,2.944858188291487,2.960835989240543,6035,0,1117,159
26/07/2024,1.13,0.86,0.99,1120,1125,1120,20240726RUN03,13.855619661169026,100.48308054386678,26/07/2024,2.618253026520406,1.8493546155009024,4.2929765948239496,2.198376187393668,4.2929765948239496,1.6747235683035435,3.455614810672178,3.719375028762223,6035,0,1124,160
26/07/2024,0.74,0.8,0.77,1125,1130,1125,20240726RUN03,13.855616616527058,100.48303439734069,26/07/2024,2.618253026520406,1.8493546155009024,4.2929765948239496,2.198376187393668,4.2929765948239496,1.6747235683035435,3.455614810672178,3.144928387121425,6035,0,,
26/07/2024,0.07,1.19,0.63,1130,1135,1130,20240726RUN03,13.855612324635175,100.48298835451234,26/07/2024,2.618253026520406,1.8493546155009024,4.2929765948239496,2.198376187393668,4.2929765948239496,1.6747235683035435,3.455614810672178,3.415604412498893,6035,0,1131,161
26/07/2024,0.12,1.57,0.84,1135,1140,1135,20240726RUN03,13.855606919170574,100.48294243441737,26/07/2024,2.618253026520406,1.8493546155009024,4.2929765948239496,2.198376187393668,4.2929765948239496,1.6747235683035435,3.455614810672178,3.7769611762094293,6035,0,1138,162
26/07/2024,0.94,0.88,0.91,1140,1145,1140,20240726RUN03,13.855600485231884,100.48289665332837,26/07/2024,2.4075755736238964,1.8220023064679187,2.799243887535826,2.0533532851216543,2.799243887535826,0.3916683139119294,2.603409730579861,2.547685510274404,6035,0,,
26/07/2024,0.4,0.77,0.58,1145,1150,1145,20240726RUN03,13.855593028290702,100.48285103513672,26/07/2024,2.4075755736238964,1.8220023064679187,2.799243887535826,2.0533532851216543,2.799243887535826,0.3916683139119294,2.603409730579861,2.5757251105946812,6035,0,1145,163
26/07/2024,0.19,1.09,0.64,1150,1155,1150,20240726RUN03,13.855584556823233,100.48280560290925,26/07/2024,2.4075755736238964,1.8220023064679187,2.799243887535826,2.0533532851216543,2.799243887535826,0.3916683139119294,2.603409730579861,2.407961256696888,6035,0,1152,164
26/07/2024,0.96,0.62,0.79,1155,1160,1155,20240726RUN03,13.855575021114504,100.48276039224295,26/07/2024,2.4075755736238964,1.8220023064679187,2.799243887535826,2.0533532851216543,2.799243887535826,0.3916683139119294,2.603409730579861,2.7109471930346776,6035,0,1159,165
26/07/2024,1.39,0.21,0.8,1160,1165,1160,20240726RUN03,13.855564385591169,100.48271543936636,26/07/2024,2.050651393405752,1.604437417808482,2.887361520110681,1.97434350861026,2.887361520110681,0.8367101267049288,2.4690064567582164,2.342764143272425,6035,0,,
26/07/2024,1.51,0.31,0.91,1165,1170,1165,20240726RUN03,13.855552627485324,100.48267078040423,26/07/2024,2.050651393405752,1.604437417808482,2.887361520110681,1.97434350861026,2.887361520110681,0.8367101267049288,2.4690064567582164,2.5181525772690545,6035,0,1166,166
26/07/2024,1.66,0.18,0.92,1170,1175,1170,20240726RUN03,13.855539737793444,100.48262644982614,26/07/2024,2.050651393405752,1.604437417808482,2.887361520110681,1.97434350861026,2.887361520110681,0.8367101267049288,2.4690064567582164,2.3167733364991747,6035,0,1173,167
26/07/2024,1.25,1.09,1.17,1175,1180,1175,20240726RUN03,13.855525747665956,100.48258246991657,26/07/2024,2.050651393405752,1.604437417808482,2.887361520110681,1.97434350861026,2.887361520110681,0.8367101267049288,2.4690064567582164,2.437743405949988,6035,0,,
26/07/2024,1.26,0.5,0.88,1180,1185,1180,20240726RUN03,13.85551068384389,100.48253886325038,26/07/2024,2.9977384925996344,2.314081849089503,2.524319898526581,2.5854864169091702,2.9977384925996344,0.4734185940730535,2.7610291955631077,2.7927366980814927,6035,0,1180,168
26/07/2024,0.35,0.2,0.28,1185,1190,1185,20240726RUN03,13.855494555520497,100.48249565715007,26/07/2024,2.9977384925996344,2.314081849089503,2.524319898526581,2.5854864169091702,2.9977384925996344,0.4734185940730535,2.7610291955631077,2.687346740998032,6035,0,1187,169
26/07/2024,0.38,0.4,0.39,1190,1195,1190,20240726RUN03,13.855477359554087,100.48245288443805,26/07/2024,2.9977384925996344,2.314081849089503,2.524319898526581,2.5854864169091702,2.9977384925996344,0.4734185940730535,2.7610291955631077,2.7086887583698633,6035,0,1194,170
26/07/2024,0.23,0.16,0.2,1195,1200,1195,20240726RUN03,13.855459097645591,100.48241057721293,26/07/2024,2.9977384925996344,2.314081849089503,2.524319898526581,2.5854864169091702,2.9977384925996344,0.4734185940730535,2.7610291955631077,2.678587103144336,6035,0,,
26/07/2024,0.29,0.24,0.26,1200,1205,1200,20240726RUN03,13.855439776270332,100.48236876564305,26/07/2024,2.3106016551696684,1.5221976612796375,2.6413478963125203,1.747585920204434,2.6413478963125203,0.3307462411428519,2.4759747757410944,2.56882782689717,6035,0,1201,171
26/07/2024,1.31,0.5,0.9,1205,1210,1205,20240726RUN03,13.855419453340213,100.48232745447865,26/07/2024,2.3106016551696684,1.5221976612796375,2.6413478963125203,1.747585920204434,2.6413478963125203,0.3307462411428519,2.4759747757410944,2.6086897372699114,6035,0,1208,172
26/07/2024,0.39,0.13,0.26,1210,1215,1210,20240726RUN03,13.855398126619345,100.48228667682234,26/07/2024,2.3106016551696684,1.5221976612796375,2.6413478963125203,1.747585920204434,2.6413478963125203,0.3307462411428519,2.4759747757410944,2.4474724159224666,6035,0,,
26/07/2024,0.36,0.39,0.38,1215,1220,1215,20240726RUN03,13.855375806676339,100.48224645986339,26/07/2024,2.3106016551696684,1.5221976612796375,2.6413478963125203,1.747585920204434,2.6413478963125203,0.3307462411428519,2.4759747757410944,2.512537592615197,6035,0,1215,173
26/07/2024,0.3,0.05,0.18,1220,1225,1220,20240726RUN03,13.855352478688769,100.48220684679137,26/07/2024,3.542605264246743,2.7940934099880645,3.57506347574432,2.7606132197282496,3.57506347574432,0.0324582114975764,3.5588343699955316,3.409302126320197,6035,0,1222,174
26/07/2024,0.93,0.32,0.62,1225,1230,1225,20240726RUN03,13.855328136893137,100.48216787791536,26/07/2024,3.542605264246743,2.7940934099880645,3.57506347574432,2.7606132197282496,3.57506347574432,0.0324582114975764,3.5588343699955316,3.3798534553312685,6035,0,1229,175
26/07/2024,1.46,0.3,0.88,1230,1235,1230,20240726RUN03,13.855302783841942,100.48212959045354,26/07/2024,3.542605264246743,2.7940934099880645,3.57506347574432,2.7606132197282496,3.57506347574432,0.0324582114975764,3.5588343699955316,3.530073884606726,6035,0,,
26/07/2024,1.23,1.74,1.48,1235,1240,1235,20240726RUN03,13.855276437363182,100.48209201213659,26/07/2024,3.542605264246743,2.7940934099880645,3.57506347574432,2.7606132197282496,3.57506347574432,0.0324582114975764,3.5588343699955316,3.712120334125534,6035,0,1236,176
26/07/2024,1.24,0.26,0.75,1240,1245,1240,20240726RUN03,13.855249126557242,100.48205516195965,26/07/2024,3.4577632707240875,2.293565140004159,4.291414499544569,3.1749758983190164,4.291414499544569,0.8336512288204814,3.874588885134328,3.7511856111564423,6035,0,1243,177
26/07/2024,0.96,0.02,0.49,1245,1250,1245,20240726RUN03,13.855220910799243,100.48201903270918,26/07/2024,3.4577632707240875,2.293565140004159,4.291414499544569,3.1749758983190164,4.291414499544569,0.8336512288204814,3.874588885134328,3.7221447443328204,6035,0,,
26/07/2024,0.95,0.23,0.59,1250,1255,1250,20240726RUN03,13.855191872103251,100.48198359304925,26/07/2024,3.4577632707240875,2.293565140004159,4.291414499544569,3.1749758983190164,4.291414499544569,0.8336512288204814,3.874588885134328,4.0797597895027256,6035,0,1250,178
26/07/2024,1.43,0.18,0.8,1255,1260,1255,20240726RUN03,13.85516200561243,100.48194888144025,26/07/2024,3.4577632707240875,2.293565140004159,4.291414499544569,3.1749758983190164,4.291414499544569,0.8336512288204814,3.874588885134328,4.204330543781342,6035,0,1257,179
26/07/2024,0.91,0.0,0.46,1260,1265,1260,20240726RUN03,13.855131400292038,100.4819148503775,26/07/2024,2.53583604989171,2.031835126058422,2.0267285198393195,1.8874124114523865,2.53583604989171,0.5091075300523906,2.2812822848655148,2.414236420801902,6035,0,1264,180
26/07/2024,1.27,0.0,0.64,1265,1270,1265,20240726RUN03,13.855100184007235,100.4818814052421,26/07/2024,2.53583604989171,2.031835126058422,2.0267285198393195,1.8874124114523865,2.53583604989171,0.5091075300523906,2.2812822848655148,2.1542608932481246,6035,0,,
26/07/2024,0.59,0.0,0.3,1270,1275,1270,20240726RUN03,13.855068490182184,100.48184843367301,26/07/2024,2.53583604989171,2.031835126058422,2.0267285198393195,1.8874124114523865,2.53583604989171,0.5091075300523906,2.2812822848655148,2.506841252518656,6035,0,1271,181
26/07/2024,0.85,0.0,0.42,1275,1280,1275,20240726RUN03,13.8550363714929,100.48181589560102,26/07/2024,2.53583604989171,2.031835126058422,2.0267285198393195,1.8874124114523865,2.53583604989171,0.5091075300523906,2.2812822848655148,2.0885605388184323,6035,0,1278,182
26/07/2024,0.48,0.0,0.24,1280,1285,1280,20240726RUN03,13.855003812301767,100.4817838194933,26/07/2024,2.018574077395492,1.7231965293929985,1.917628044921226,1.5411959676733769,2.018574077395492,0.1009460324742659,1.968101061158359,1.905631657667159,6035,0,,
26/07/2024,1.42,0.01,0.72,1285,1290,1285,20240726RUN03,13.854970812830587,100.48175221813807,26/07/2024,2.018574077395492,1.7231965293929985,1.917628044921226,1.5411959676733769,2.018574077395492,0.1009460324742659,1.968101061158359,2.061969552102193,6035,0,1285,183
26/07/2024,1.0,0.0,0.5,1290,1295,1290,20240726RUN03,13.854937415596424,100.48172105747044,26/07/2024,2.018574077395492,1.7231965293929985,1.917628044921226,1.5411959676733769,2.018574077395492,0.1009460324742659,1.968101061158359,2.1347845599784407,6035,0,1292,184
26/07/2024,1.22,0.0,0.61,1295,1300,1295,20240726RUN03,13.854903670076148,100.48169029225845,26/07/2024,2.018574077395492,1.7231965293929985,1.917628044921226,1.5411959676733769,2.018574077395492,0.1009460324742659,1.968101061158359,2.027007905746247,6035,0,1299,185
26/07/2024,0.94,0.0,0.47,1300,1305,1300,20240726RUN03,13.854869621577032,100.48165987864432,26/07/2024,2.87995960650932,2.1026984128181283,2.0644339262704863,1.5710135778623453,2.87995960650932,0.8155256802388338,2.472196766389903,2.244637302349203,6035,0,,
26/07/2024,1.37,0.0,0.68,1305,1310,1305,20240726RUN03,13.854835323277403,100.48162976033962,26/07/2024,2.87995960650932,2.1026984128181283,2.0644339262704863,1.5710135778623453,2.87995960650932,0.8155256802388338,2.472196766389903,2.67234699501259,6035,0,1306,186
26/07/2024,1.69,0.0,0.84,1310,1315,1310,20240726RUN03,13.854800874396838,100.48159982248993,26/07/2024,2.87995960650932,2.1026984128181283,2.0644339262704863,1.5710135778623453,2.87995960650932,0.8155256802388338,2.472196766389903,2.331485335406548,6035,0,1313,187
26/07/2024,1.27,0.0,0.64,1315,1320,1315,20240726RUN03,13.854766375420134,100.48156994507185,26/07/2024,2.87995960650932,2.1026984128181283,2.0644339262704863,1.5710135778623453,2.87995960650932,0.8155256802388338,2.472196766389903,2.591641863724305,6035,0,,
26/07/2024,2.35,0.01,1.18,1320,1325,1320,20240726RUN03,13.85473189693338,100.48154004291364,26/07/2024,2.6312800155371514,2.522574225592705,2.818511773239546,1.9998577560380455,2.818511773239546,0.1872317577023947,2.724895894388349,2.647890840145452,6035,0,1320,188
26/07/2024,0.56,0.0,0.28,1325,1330,1325,20240726RUN03,13.85469748184555,100.4815100643709,26/07/2024,2.6312800155371514,2.522574225592705,2.818511773239546,1.9998577560380455,2.818511773239546,0.1872317577023947,2.724895894388349,2.6883851325302657,6035,0,1327,189
26/07/2024,0.51,0.0,0.26,1330,1335,1330,20240726RUN03,13.854663143599343,100.4814799937229,26/07/2024,2.6312800155371514,2.522574225592705,2.818511773239546,1.9998577560380455,2.818511773239546,0.1872317577023947,2.724895894388349,2.671371019904869,6035,0,1334,190
26/07/2024,1.42,0.0,0.71,1335,1340,1335,20240726RUN03,13.85462892546786,100.48144978003178,26/07/2024,2.6312800155371514,2.522574225592705,2.818511773239546,1.9998577560380455,2.818511773239546,0.1872317577023947,2.724895894388349,2.6219974963801587,6035,0,,
26/07/2024,2.07,0.01,1.04,1340,1345,1340,20240726RUN03,13.854594783918182,100.48141947566619,26/07/2024,2.147600957604588,1.5153492527883603,2.047535684249839,1.693244373595684,2.147600957604588,0.1000652733547489,2.0975683209272136,2.1076785907186277,6035,0,1341,191
26/07/2024,1.89,0.0,0.94,1345,1350,1345,20240726RUN03,13.854560566782274,100.48138926076824,26/07/2024,2.147600957604588,1.5153492527883603,2.047535684249839,1.693244373595684,2.147600957604588,0.1000652733547489,2.0975683209272136,2.0412553692538005,6035,0,1348,192
26/07/2024,1.3,0.0,0.65,1350,1355,1350,20240726RUN03,13.854526230442177,100.48135918782192,26/07/2024,2.147600957604588,1.5153492527883603,2.047535684249839,1.693244373595684,2.147600957604588,0.1000652733547489,2.0975683209272136,1.9848436306164041,6035,0,,
26/07/2024,1.17,0.0,0.58,1355,1360,1355,20240726RUN03,13.854491836456557,100.48132918390017,26/07/2024,2.147600957604588,1.5153492527883603,2.047535684249839,1.693244373595684,2.147600957604588,0.1000652733547489,2.0975683209272136,2.0634298985021657,6035,0,1355,193
26/07/2024,1.46,0.0,0.73,1360,1365,1360,20240726RUN03,13.854457445875312,100.48129917586893,26/07/2024,2.519906000413078,1.883859006857464,2.7156857906598466,1.8520737264212173,2.7156857906598466,0.1957797902467684,2.6177958955364624,2.401566220617867,6035,0,1362,194
26/07/2024,1.07,0.0,0.54,1365,1370,1365,20240726RUN03,13.8544230988627,100.48126911556426,26/07/2024,2.519906000413078,1.883859006857464,2.7156857906598466,1.8520737264212173,2.7156857906598466,0.1957797902467684,2.6177958955364624,2.649153213820042,6035,0,1369,195
26/07/2024,1.05,0.0,0.52,1370,1375,1370,20240726RUN03,13.854388792584503,100.48123900657512,26/07/2024,2.519906000413078,1.883859006857464,2.7156857906598466,1.8520737264212173,2.7156857906598466,0.1957797902467684,2.6177958955364624,2.767498099820005,6035,0,,
26/07/2024,1.28,0.0,0.64,1375,1380,1375,20240726RUN03,13.854354528944784,100.48120884674765,26/07/2024,2.519906000413078,1.883859006857464,2.7156857906598466,1.8520737264212173,2.7156857906598466,0.1957797902467684,2.6177958955364624,2.718168887216171,6035,0,1376,196
26/07/2024,0.85,0.0,0.42,1380,1385,1380,20240726RUN03,13.854320303445611,100.48117864155927,26/07/2024,3.157893147611716,2.9096000604252263,3.2313157300160835,2.860594691555799,3.2313157300160835,0.0734225824043681,3.1946044388139,3.339177646332427,6035,0,1383,197
26/07/2024,1.1,0.28,0.69,1385,1390,1385,20240726RUN03,13.854286093623672,100.48114841777927,26/07/2024,3.157893147611716,2.9096000604252263,3.2313157300160835,2.860594691555799,3.2313157300160835,0.0734225824043681,3.1946044388139,3.1458691076149856,6035,0,,
26/07/2024,1.39,0.2,0.8,1390,1395,1390,20240726RUN03,13.85425188382468,100.48111819396489,26/07/2024,3.157893147611716,2.9096000604252263,3.2313157300160835,2.860594691555799,3.2313157300160835,0.0734225824043681,3.1946044388139,2.986770444466973,6035,0,1390,198
26/07/2024,0.33,0.0,0.16,1395,1400,1395,20240726RUN03,13.854217659948239,100.48108798678525,26/07/2024,3.157893147611716,2.9096000604252263,3.2313157300160835,2.860594691555799,3.2313157300160835,0.0734225824043681,3.1946044388139,3.406779625773052,6035,0,1398,199
26/07/2024,0.53,0.0,0.26,1400,1405,1400,20240726RUN03,13.854183415153173,100.48105780444706,26/07/2024,2.2884619424866885,1.591967070235462,1.989662448429076,1.532644901022409,2.2884619424866885,0.2987994940576124,2.1390621954578823,2.1322478809369274,6035,0,,
26/07/2024,0.36,0.0,0.18,1405,1410,1405,20240726RUN03,13.854149121255231,100.48102768059294,26/07/2024,2.2884619424866885,1.591967070235462,1.989662448429076,1.532644901022409,2.2884619424866885,0.2987994940576124,2.1390621954578823,1.9758828113511908,6035,0,1405,200
26/07/2024,0.32,0.0,0.16,1410,1415,1410,20240726RUN03,13.854114772812434,100.4809976219016,26/07/2024,2.2884619424866885,1.591967070235462,1.989662448429076,1.532644901022409,2.2884619424866885,0.2987994940576124,2.1390621954578823,2.0352775673920216,6035,0,1412,201
26/07/2024,0.8,0.0,0.4,1415,1420,1415,20240726RUN03,13.854080405768256,100.48096758546008,26/07/2024,2.2884619424866885,1.591967070235462,1.989662448429076,1.532644901022409,2.2884619424866885,0.2987994940576124,2.1390621954578823,2.2573614881660506,6035,0,1419,202
26/07/2024,0.73,0.0,0.36,1420,1425,1420,20240726RUN03,13.854046041928807,100.48093754518082,26/07/2024,2.6068895661311062,1.6453308001487077,2.490143813431508,1.6579365812973974,2.6068895661311062,0.1167457526995985,2.548516689781307,2.653594999574562,6035,0,,
26/07/2024,0.22,0.0,0.11,1425,1430,1425,20240726RUN03,13.85401170086775,100.48090747764272,26/07/2024,2.6068895661311062,1.6453308001487077,2.490143813431508,1.6579365812973974,2.6068895661311062,0.1167457526995985,2.548516689781307,2.400553109713953,6035,0,1426,203
26/07/2024,0.45,0.0,0.22,1430,1435,1430,20240726RUN03,13.853977380562709,100.48087738526121,26/07/2024,2.6068895661311062,1.6453308001487077,2.490143813431508,1.6579365812973974,2.6068895661311062,0.1167457526995985,2.548516689781307,2.613438017730588,6035,0,1433,204
26/07/2024,0.94,0.02,0.48,1435,1440,1435,20240726RUN03,13.853943055017496,100.48084729915182,26/07/2024,2.6068895661311062,1.6453308001487077,2.490143813431508,1.6579365812973974,2.6068895661311062,0.1167457526995985,2.548516689781307,2.6930436510153064,6035,0,,
26/07/2024,0.61,0.0,0.3,1440,1445,1440,20240726RUN03,13.853908723362647,100.48081722038187,26/07/2024,2.237665986136657,1.4853459767099255,2.205022768052305,1.5015425248776046,2.237665986136657,0.0326432180843516,2.221344377094481,2.270733977022,6035,0,1440,205
26/07/2024,0.73,0.0,0.36,1445,1450,1445,20240726RUN03,13.853874419534344,100.48078710835337,26/07/2024,2.237665986136657,1.4853459767099255,2.205022768052305,1.5015425248776046,2.237665986136657,0.0326432180843516,2.221344377094481,2.342294568156966,6035,0,1447,206
26/07/2024,1.29,0.01,0.65,1450,1455,1450,20240726RUN03,13.853840147685723,100.48075695823417,26/07/2024,2.237665986136657,1.4853459767099255,2.205022768052305,1.5015425248776046,2.237665986136657,0.0326432180843516,2.221344377094481,2.387904356855245,6035,0,1454,207
26/07/2024,1.92,0.13,1.02,1455,1460,1455,20240726RUN03,13.853805888219737,100.48072679340686,26/07/2024,2.237665986136657,1.4853459767099255,2.205022768052305,1.5015425248776046,2.237665986136657,0.0326432180843516,2.221344377094481,2.1706251014013187,6035,0,,
26/07/2024,1.5,0.16,0.83,1460,1465,1460,20240726RUN03,13.853771644633362,100.48069660970035,26/07/2024,2.19346554518488,1.4504521305052125,2.564177091139133,1.8253002259937012,2.564177091139133,0.3707115459542534,2.3788213181620064,2.609548285452328,6035,0,1461,208
26/07/2024,1.07,0.0,0.54,1465,1470,1465,20240726RUN03,13.853737413874788,100.48066641075266,26/07/2024,2.19346554518488,1.4504521305052125,2.564177091139133,1.8253002259937012,2.564177091139133,0.3707115459542534,2.3788213181620064,2.164389114167273,6035,0,1468,209
26/07/2024,1.38,0.1,0.74,1470,1475,1470,20240726RUN03,13.853703200221405,100.4806361915449,26/07/2024,2.19346554518488,1.4504521305052125,2.564177091139133,1.8253002259937012,2.564177091139133,0.3707115459542534,2.3788213181620064,2.452864034730513,6035,0,,
26/07/2024,1.43,0.0,0.72,1475,1480,1475,20240726RUN03,13.853669038531969,100.48060591084725,26/07/2024,2.19346554518488,1.4504521305052125,2.564177091139133,1.8253002259937012,2.564177091139133,0.3707115459542534,2.3788213181620064,2.3023166976520613,6035,0,1475,210
26/07/2024,1.9,0.1,1.0,1480,1485,1480,20240726RUN03,13.853634927703656,100.48057557014367,26/07/2024,2.962096220828077,2.065860132320702,2.423800213467551,1.6159367376476914,2.962096220828077,0.5382960073605259,2.692948217147814,2.7399014122793823,6035,0,1482,211
26/07/2024,1.58,0.17,0.88,1485,1490,1485,20240726RUN03,13.853600832158087,100.48054521148954,26/07/2024,2.962096220828077,2.065860132320702,2.423800213467551,1.6159367376476914,2.962096220828077,0.5382960073605259,2.692948217147814,2.5330820253772233,6035,0,1489,212
26/07/2024,1.1,0.0,0.55,1490,1495,1490,20240726RUN03,13.853566747483267,100.48051484004817,26/07/2024,2.962096220828077,2.065860132320702,2.423800213467551,1.6159367376476914,2.962096220828077,0.5382960073605259,2.692948217147814,2.5352920888277013,6035,0,,
26/07/2024,0.98,0.0,0.49,1495,1500,1495,20240726RUN03,13.853532680854844,100.48048444743515,26/07/2024,2.962096220828077,2.065860132320702,2.423800213467551,1.6159367376476914,2.962096220828077,0.5382960073605259,2.692948217147814,2.737026011149933,6035,0,1496,213
26/07/2024,2.2,0.01,1.1,1500,1505,1500,20240726RUN03,13.853498634866378,100.4804540306252,26/07/2024,2.626607832845075,2.0468095143494844,2.926417173137189,2.333051704522176,2.926417173137189,0.2998093402921138,2.7765125029911317,2.6777411249179517,6035,0,1503,214
26/07/2024,1.72,0.17,0.94,1505,1510,1505,20240726RUN03,13.85346458562624,100.48042361764277,26/07/2024,2.626607832845075,2.0468095143494844,2.926417173137189,2.333051704522176,2.926417173137189,0.2998093402921138,2.7765125029911317,2.764233477289132,6035,0,,
26/07/2024,2.35,0.08,1.22,1510,1515,1510,20240726RUN03,13.853430524633524,100.48039321847497,26/07/2024,2.626607832845075,2.0468095143494844,2.926417173137189,2.333051704522176,2.926417173137189,0.2998093402921138,2.7765125029911317,2.9273757764770734,6035,0,1510,215
26/07/2024,2.39,0.13,1.26,1515,1520,1515,20240726RUN03,13.853396477295043,100.48036280329406,26/07/2024,2.626607832845075,2.0468095143494844,2.926417173137189,2.333051704522176,2.926417173137189,0.2998093402921138,2.7765125029911317,2.8042179128992983,6035,0,1517,216
26/07/2024,2.16,0.0,1.08,1520,1525,1520,20240726RUN03,13.853362440553768,100.48033237569358,26/07/2024,1.9778537177722284,2.0515993036931435,2.72184691804334,1.9374721651235,2.72184691804334,0.7439932002711114,2.349850317907784,2.3554855807990895,6035,0,1524,217
26/07/2024,1.2,0.04,0.62,1525,1530,1525,20240726RUN03,13.853328440789351,100.48030190488932,26/07/2024,1.9778537177722284,2.0515993036931435,2.72184691804334,1.9374721651235,2.72184691804334,0.7439932002711114,2.349850317907784,2.158616136315256,6035,0,,
26/07/2024,1.26,0.0,0.63,1530,1535,1530,20240726RUN03,13.853294526968524,100.4802713339225,26/07/2024,1.9778537177722284,2.0515993036931435,2.72184691804334,1.9374721651235,2.72184691804334,0.7439932002711114,2.349850317907784,2.52660855228165,6035,0,1531,218
26/07/2024,1.59,0.08,0.84,1535,1540,1535,20240726RUN03,13.853260646969217,100.48024072371659,26/07/2024,1.9778537177722284,2.0515993036931435,2.72184691804334,1.9374721651235,2.72184691804334,0.7439932002711114,2.349850317907784,2.212619812167648,6035,0,1538,219
26/07/2024,1.34,0.24,0.79,1540,1545,1540,20240726RUN03,13.85322674796052,100.48021013557192,26/07/2024,1.8773302914919152,1.215286370365109,3.024274722176867,2.278644620252384,3.024274722176867,1.1469444306849517,2.450802506834391,2.273917837274348,6035,0,,
26/07/2024,1.19,0.07,0.63,1545,1550,1545,20240726RUN03,13.853192870285222,100.48017952268471,26/07/2024,1.8773302914919152,1.215286370365109,3.024274722176867,2.278644620252384,3.024274722176867,1.1469444306849517,2.450802506834391,2.59771691374144,6035,0,1545,220
26/07/2024,0.71,0.01,0.36,1550,1555,1550,20240726RUN03,13.853159002411758,100.48014889846536,26/07/2024,1.8773302914919152,1.215286370365109,3.024274722176867,2.278644620252384,3.024274722176867,1.1469444306849517,2.450802506834391,2.533354833150292,6035,0,1552,221
26/07/2024,1.4,0.0,0.7,1555,1560,1555,20240726RUN03,13.85312506371241,100.48011835653057,26/07/2024,1.8773302914919152,1.215286370365109,3.024274722176867,2.278644620252384,3.024274722176867,1.1469444306849517,2.450802506834391,2.6027624550981585,6035,0,1559,222
26/07/2024,1.06,0.14,0.6,1560,1565,1560,20240726RUN03,13.853091062728101,100.48008788724316,26/07/2024,2.410556347218244,1.6189242374649735,3.0163988411297264,2.056171251786263,3.0163988411297264,0.6058424939114824,2.7134775941739853,2.475763572060328,6035,0,,
26/07/2024,0.91,0.25,0.58,1565,1570,1565,20240726RUN03,13.853057056937837,100.48005742357661,26/07/2024,2.410556347218244,1.6189242374649735,3.0163988411297264,2.056171251786263,3.0163988411297264,0.6058424939114824,2.7134775941739853,2.8174922862059226,6035,0,1566,223
26/07/2024,1.07,0.11,0.59,1570,1575,1570,20240726RUN03,13.853023043120329,100.48002696932306,26/07/2024,2.410556347218244,1.6189242374649735,3.0163988411297264,2.056171251786263,3.0163988411297264,0.6058424939114824,2.7134775941739853,2.861575492972795,6035,0,1573,224
26/07/2024,1.37,0.13,0.75,1575,1580,1575,20240726RUN03,13.852989015119562,100.47999653169636,26/07/2024,2.410556347218244,1.6189242374649735,3.0163988411297264,2.056171251786263,3.0163988411297264,0.6058424939114824,2.7134775941739853,2.6086334886137155,6035,0,,
26/07/2024,0.25,0.0,0.12,1580,1585,1580,20240726RUN03,13.852954957992086,100.47996612820849,26/07/2024,2.0962309768831875,1.926961492985101,2.2432661996320853,1.5497568943639928,2.2432661996320853,0.1470352227488978,2.1697485882576366,2.207128653600603,6035,0,1580,225
26/07/2024,1.26,0.04,0.65,1585,1590,1585,20240726RUN03,13.852920840397525,100.47993579584445,26/07/2024,2.0962309768831875,1.926961492985101,2.2432661996320853,1.5497568943639928,2.2432661996320853,0.1470352227488978,2.1697485882576366,2.026883360953137,6035,0,1587,226
26/07/2024,2.04,0.26,1.15,1590,1595,1590,20240726RUN03,13.852886668521167,100.47990552756794,26/07/2024,2.0962309768831875,1.926961492985101,2.2432661996320853,1.5497568943639928,2.2432661996320853,0.1470352227488978,2.1697485882576366,2.176033502924702,6035,0,1594,227
26/07/2024,1.39,0.35,0.87,1595,1600,1595,20240726RUN03,13.852852466477133,100.47987529501748,26/07/2024,2.0962309768831875,1.926961492985101,2.2432661996320853,1.5497568943639928,2.2432661996320853,0.1470352227488978,2.1697485882576366,2.208498693748999,6035,0,,
26/07/2024,1.23,0.08,0.66,1600,1605,1600,20240726RUN03,13.8528182492632,100.47984508045788,26/07/2024,2.0656247677430386,1.5142320379803609,2.2752460656034748,1.484676877396294,2.2752460656034748,0.2096212978604361,2.1704354166732567,2.0536607160405174,6035,0,1601,228
26/07/2024,1.54,0.5,1.02,1605,1610,1605,20240726RUN03,13.852784018736873,100.4798148817084,26/07/2024,2.0656247677430386,1.5142320379803609,2.2752460656034748,1.484676877396294,2.2752460656034748,0.2096212978604361,2.1704354166732567,2.1846416375464432,6035,0,1608,229
26/07/2024,1.15,0.2,0.68,1610,1615,1610,20240726RUN03,13.852749766763202,100.47978470846661,26/07/2024,2.0656247677430386,1.5142320379803609,2.2752460656034748,1.484676877396294,2.2752460656034748,0.2096212978604361,2.1704354166732567,2.109837753396405,6035,0,,
26/07/2024,0.61,0.12,0.36,1615,1620,1615,20240726RUN03,13.852715496991847,100.47975455638984,26/07/2024,2.0656247677430386,1.5142320379803609,2.2752460656034748,1.484676877396294,2.2752460656034748,0.2096212978604361,2.1704354166732567,2.267800346331349,6035,0,1615,230
26/07/2024,0.96,0.24,0.6,1620,1625,1620,20240726RUN03,13.852681232895785,100.47972439756286,26/07/2024,2.075135984102861,1.8200472017018583,2.609047775982821,1.5391491111914897,2.609047775982821,0.5339117918799605,2.342091880042841,2.3773875000950553,6035,0,1622,231
26/07/2024,1.29,0.31,0.8,1625,1630,1625,20240726RUN03,13.852646989900327,100.4796942136117,26/07/2024,2.075135984102861,1.8200472017018583,2.609047775982821,1.5391491111914897,2.609047775982821,0.5339117918799605,2.342091880042841,2.5157450101403516,6035,0,1629,232
26/07/2024,1.15,0.14,0.64,1630,1635,1630,20240726RUN03,13.852612787504743,100.47966398151998,26/07/2024,2.075135984102861,1.8200472017018583,2.609047775982821,1.5391491111914897,2.609047775982821,0.5339117918799605,2.342091880042841,2.372584871623541,6035,0,,
26/07/2024,1.16,0.04,0.6,1635,1640,1635,20240726RUN03,13.852578644462126,100.47963367923894,26/07/2024,2.075135984102861,1.8200472017018583,2.609047775982821,1.5391491111914897,2.609047775982821,0.5339117918799605,2.342091880042841,2.397074264395965,6035,0,1636,233
26/07/2024,1.37,0.23,0.8,1640,1645,1640,20240726RUN03,13.85254453501161,100.47960333735486,26/07/2024,1.8753532751359565,1.979793231085275,2.2773489172164023,1.9291470643732749,2.2773489172164023,0.401995642080446,2.0763510961761793,2.2137836482148536,6035,0,1643,234
26/07/2024,1.24,0.06,0.65,1645,1650,1645,20240726RUN03,13.85251044468736,100.47957297296612,26/07/2024,1.8753532751359565,1.979793231085275,2.2773489172164023,1.9291470643732749,2.2773489172164023,0.401995642080446,2.0763510961761793,2.030787365465538,6035,0,,
26/07/2024,1.17,0.0,0.58,1650,1655,1650,20240726RUN03,13.852476398604372,100.4795425566462,26/07/2024,1.8753532751359565,1.979793231085275,2.2773489172164023,1.9291470643732749,2.2773489172164023,0.401995642080446,2.0763510961761793,2.035230780631688,6035,0,1650,235
26/07/2024,1.34,0.0,0.67,1655,1660,1655,20240726RUN03,13.852442393596464,100.4795120922331,26/07/2024,1.8753532751359565,1.979793231085275,2.2773489172164023,1.9291470643732749,2.2773489172164023,0.401995642080446,2.0763510961761793,1.9908256838517957,6035,0,1657,236
26/07/2024,0.86,0.0,0.43,1660,1665,1660,20240726RUN03,13.852408404942944,100.47948160873034,26/07/2024,2.061120350950854,1.614956350934133,2.253208542141663,1.755113338922492,2.253208542141663,0.192088191190809,2.1571644465462585,2.3366679018287746,6035,0,1664,237
26/07/2024,1.35,0.0,0.68,1665,1670,1665,20240726RUN03,13.852374426296825,100.4794511135397,26/07/2024,2.061120350950854,1.614956350934133,2.253208542141663,1.755113338922492,2.253208542141663,0.192088191190809,2.1571644465462585,2.0395672747150275,6035,0,,
26/07/2024,0.98,0.0,0.49,1670,1675,1670,20240726RUN03,13.85234046659044,100.47942059627287,26/07/2024,2.061120350950854,1.614956350934133,2.253208542141663,1.755113338922492,2.253208542141663,0.192088191190809,2.1571644465462585,2.237896983258701,6035,0,1671,238
26/07/2024,0.55,0.0,0.28,1675,1680,1675,20240726RUN03,13.852306531235612,100.4793900506535,26/07/2024,2.061120350950854,1.614956350934133,2.253208542141663,1.755113338922492,2.253208542141663,0.192088191190809,2.1571644465462585,2.2115727727024597,6035,0,1678,239
26/07/2024,0.41,0.0,0.2,1680,1685,1680,20240726RUN03,13.852272610879792,100.47935948758344,26/07/2024,1.8205103132274756,1.4698804718625895,1.4891213323894266,1.183163761565977,1.8205103132274756,0.3313889808380488,1.654815822808451,1.5024559778250122,6035,0,,
26/07/2024,0.53,0.0,0.26,1685,1690,1685,20240726RUN03,13.852238676240585,100.47932894113656,26/07/2024,1.8205103132274756,1.4698804718625895,1.4891213323894266,1.183163761565977,1.8205103132274756,0.3313889808380488,1.654815822808451,1.7847490989696606,6035,0,1685,240
26/07/2024,0.57,0.0,0.28,1690,1695,1690,20240726RUN03,13.852204731556528,100.47929840638616,26/07/2024,1.8205103132274756,1.4698804718625895,1.4891213323894266,1.183163761565977,1.8205103132274756,0.3313889808380488,1.654815822808451,1.5084550430329122,6035,0,1692,241
26/07/2024,0.48,0.0,0.24,1695,1700,1695,20240726RUN03,13.852170798900199,100.47926785763978,26/07/2024,1.8205103132274756,1.4698804718625895,1.4891213323894266,1.183163761565977,1.8205103132274756,0.3313889808380488,1.654815822808451,1.6331309685548159,6035,0,,
26/07/2024,0.59,0.0,0.3,1700,1705,1700,20240726RUN03,13.852136878938948,100.47923729411879,26/07/2024,2.854348556872295,2.5063908801019434,2.967888132997765,2.846785182243284,2.967888132997765,0.1135395761254707,2.91111834493503,3.0356130314312324,6035,0,1700,242
26/07/2024,0.29,0.0,0.14,1705,1710,1705,20240726RUN03,13.852102981108263,100.47920670490291,26/07/2024,2.854348556872295,2.5063908801019434,2.967888132997765,2.846785182243284,2.967888132997765,0.1135395761254707,2.91111834493503,2.71771409129334,6035,0,1707,243
26/07/2024,0.59,0.0,0.3,1710,1715,1710,20240726RUN03,13.852069113575244,100.47917608056471,26/07/2024,2.854348556872295,2.5063908801019434,2.967888132997765,2.846785182243284,2.967888132997765,0.1135395761254707,2.91111834493503,2.932652039074401,6035,0,1714,244
26/07/2024,0.83,0.0,0.42,1715,1720,1715,20240726RUN03,13.852035260557535,100.47914543942063,26/07/2024,2.854348556872295,2.5063908801019434,2.967888132997765,2.846785182243284,2.967888132997765,0.1135395761254707,2.91111834493503,3.1377194008210485,6035,0,,
26/07/2024,0.36,0.0,0.18,1720,1725,1720,20240726RUN03,13.852001428016134,100.47911477460481,26/07/2024,2.191984985860444,1.5237390676138516,2.4374837509205696,2.213683873356644,2.4374837509205696,0.2454987650601259,2.314734368390507,2.2076513355161618,6035,0,1721,245
26/07/2024,0.36,0.0,0.18,1725,1730,1725,20240726RUN03,13.851967623488841,100.47908407743716,26/07/2024,2.191984985860444,1.5237390676138516,2.4374837509205696,2.213683873356644,2.4374837509205696,0.2454987650601259,2.314734368390507,2.503173981998147,6035,0,1728,246
26/07/2024,0.36,0.0,0.18,1730,1735,1730,20240726RUN03,13.851933834541091,100.47905336230707,26/07/2024,2.191984985860444,1.5237390676138516,2.4374837509205696,2.213683873356644,2.4374837509205696,0.2454987650601259,2.314734368390507,2.3838217964316524,6035,0,,
26/07/2024,0.25,0.0,0.12,1735,1740,1735,20240726RUN03,13.851900057223475,100.47902263377672,26/07/2024,2.191984985860444,1.5237390676138516,2.4374837509205696,2.213683873356644,2.4374837509205696,0.2454987650601259,2.314734368390507,2.2985715102146695,6035,0,1735,247
26/07/2024,0.21,0.0,0.1,1740,1745,1740,20240726RUN03,13.851866294832519,100.4789918880746,26/07/2024,2.1301210103605697,1.58310300930855,2.512649973124659,2.282772131873264,2.512649973124659,0.3825289627640895,2.3213854917426144,2.2408458409857843,6035,0,1742,248
26/07/2024,0.32,0.0,0.16,1745,1750,1745,20240726RUN03,13.85183255966165,100.478961111095,26/07/2024,2.1301210103605697,1.58310300930855,2.512649973124659,2.282772131873264,2.512649973124659,0.3825289627640895,2.3213854917426144,2.316370475294789,6035,0,1749,249
26/07/2024,0.09,0.74,0.42,1750,1755,1750,20240726RUN03,13.851798854136176,100.47893030010516,26/07/2024,2.1301210103605697,1.58310300930855,2.512649973124659,2.282772131873264,2.512649973124659,0.3825289627640895,2.3213854917426144,2.528708497203773,6035,0,,
26/07/2024,0.01,5.85,2.93,1755,1760,1755,20240726RUN03,13.851765163593306,100.47889947194525,26/07/2024,2.1301210103605697,1.58310300930855,2.512649973124659,2.282772131873264,2.512649973124659,0.3825289627640895,2.3213854917426144,2.2594164829350825,6035,0,1756,250
26/07/2024,0.04,3.86,1.95,1760,1765,1760,20240726RUN03,13.851731461925292,100.47886865652143,26/07/2024,2.1685600633110096,1.986530253761852,2.1109952793584896,1.7922801848499716,2.1685600633110096,0.0575647839525199,2.1397776713347496,1.9949188155094655,6035,0,1763,251
26/07/2024,0.08,2.7,1.39,1765,1770,1765,20240726RUN03,13.851697694789735,100.47883791628048,26/07/2024,2.1685600633110096,1.986530253761852,2.1109952793584896,1.7922801848499716,2.1685600633110096,0.0575647839525199,2.1397776713347496,2.251922943503719,6035,0,,
26/07/2024,0.08,2.46,1.27,1770,1775,1770,20240726RUN03,13.851663875941572,100.47880723565073,26/07/2024,2.1685600633110096,1.986530253761852,2.1109952793584896,1.7922801848499716,2.1685600633110096,0.0575647839525199,2.1397776713347496,2.1234156622064724,6035,0,1770,252
26/07/2024,0.15,3.39,1.77,1775,1780,1775,20240726RUN03,13.85163004123812,100.47877657333348,26/07/2024,2.1685600633110096,1.986530253761852,2.1109952793584896,1.7922801848499716,2.1685600633110096,0.0575647839525199,2.1397776713347496,2.201602883473065,6035,0,1777,253
26/07/2024,1.03,1.67,1.35,1780,1785,1780,20240726RUN03,13.851596174104106,100.47874594852809,26/07/2024,2.470365915541748,2.0855512227983266,1.7257109423514487,1.4737702873297105,2.470365915541748,0.7446549731902992,2.098038428946598,1.9888558998089818,6035,0,1784,254
26/07/2024,0.62,0.17,0.4,1785,1790,1785,20240726RUN03,13.851562277749052,100.47871535761585,26/07/2024,2.470365915541748,2.0855512227983266,1.7257109423514487,1.4737702873297105,2.470365915541748,0.7446549731902992,2.098038428946598,2.2114166249711364,6035,0,,
26/07/2024,0.23,0.3,0.26,1790,1795,1790,20240726RUN03,13.851528357957474,100.4786847939306,26/07/2024,2.470365915541748,2.0855512227983266,1.7257109423514487,1.4737702873297105,2.470365915541748,0.7446549731902992,2.098038428946598,2.072713585298493,6035,0,1791,255
26/07/2024,0.2,0.0,0.1,1795,1800,1795,20240726RUN03,13.851494399428967,100.47865427532828,26/07/2024,2.470365915541748,2.0855512227983266,1.7257109423514487,1.4737702873297105,2.470365915541748,0.7446549731902992,2.098038428946598,1.932613303099621,6035,0,1798,256
26/07/2024,1.03,0.01,0.52,1800,1805,1800,20240726RUN03,13.851460415426354,100.47862378646096,26/07/2024,2.0093914902785714,1.621086643272715,1.9286987226341317,1.4738312826542894,2.0093914902785714,0.08069276764444,1.9690451064563517,1.9641709837490329,6035,0,,
26/07/2024,1.71,0.0,0.86,1805,1810,1805,20240726RUN03,13.851426399762154,100.47859333460408,26/07/2024,2.0093914902785714,1.621086643272715,1.9286987226341317,1.4738312826542894,2.0093914902785714,0.08069276764444,1.9690451064563517,1.8980035016673904,6035,0,1805,257
26/07/2024,1.06,0.05,0.56,1810,1815,1810,20240726RUN03,13.851392346147653,100.47856292719776,26/07/2024,2.0093914902785714,1.621086643272715,1.9286987226341317,1.4738312826542894,2.0093914902785714,0.08069276764444,1.9690451064563517,1.8447235272511486,6035,0,1812,258
26/07/2024,1.28,0.01,0.64,1815,1820,1815,20240726RUN03,13.851358282113752,100.4785325320029,26/07/2024,2.0093914902785714,1.621086643272715,1.9286987226341317,1.4738312826542894,2.0093914902785714,0.08069276764444,1.9690451064563517,2.134798321453209,6035,0,1819,259
26/07/2024,1.36,0.01,0.68,1820,1825,1820,20240726RUN03,13.851324232533786,100.4785021198644,26/07/2024,2.3181335487250347,1.7362177752162309,2.398472103675372,1.473550425568841,2.398472103675372,0.0803385549503366,2.3583028262002035,2.5175318812635674,6035,0,,
26/07/2024,1.64,0.03,0.84,1825,1830,1825,20240726RUN03,13.851290206271374,100.47847168039398,26/07/2024,2.3181335487250347,1.7362177752162309,2.398472103675372,1.473550425568841,2.398472103675372,0.0803385549503366,2.3583028262002035,2.4394404153352514,6035,0,1826,260
26/07/2024,1.69,0.0,0.84,1830,1835,1830,20240726RUN03,13.851256196645876,100.47844122147248,26/07/2024,2.3181335487250347,1.7362177752162309,2.398472103675372,1.473550425568841,2.398472103675372,0.0803385549503366,2.3583028262002035,2.3344911410586526,6035,0,1833,261
26/07/2024,1.85,0.06,0.96,1835,1840,1835,20240726RUN03,13.85122218343463,100.47841076673431,26/07/2024,2.3181335487250347,1.7362177752162309,2.398472103675372,1.473550425568841,2.398472103675372,0.0803385549503366,2.3583028262002035,2.1407218517071884,6035,0,,
26/07/2024,2.08,0.01,1.04,1840,1845,1840,20240726RUN03,13.851188155932062,100.47838032873001,26/07/2024,1.7132162170764893,1.219703010469975,1.521614756523375,1.0719359841348362,1.7132162170764893,0.1916014605531142,1.6174154867999322,1.7681348393165888,6035,0,1840,262
26/07/2024,1.73,0.18,0.96,1845,1850,1845,20240726RUN03,13.851154132724341,100.47834988569511,26/07/2024,1.7132162170764893,1.219703010469975,1.521614756523375,1.0719359841348362,1.7132162170764893,0.1916014605531142,1.6174154867999322,1.5132040407109062,6035,0,1847,263
26/07/2024,1.36,0.07,0.72,1850,1855,1850,20240726RUN03,13.851120124953672,100.47831942460294,26/07/2024,1.7132162170764893,1.219703010469975,1.521614756523375,1.0719359841348362,1.7132162170764893,0.1916014605531142,1.6174154867999322,1.6926471022970166,6035,0,1854,264
26/07/2024,1.03,0.01,0.52,1855,1860,1855,20240726RUN03,13.851086138553374,100.47828893853017,26/07/2024,1.7132162170764893,1.219703010469975,1.521614756523375,1.0719359841348362,1.7132162170764893,0.1916014605531142,1.6174154867999322,1.6943552708959775,6035,0,,
26/07/2024,1.25,0.0,0.62,1860,1865,1860,20240726RUN03,13.851052167403102,100.47825843468229,26/07/2024,1.560289358312679,1.0611721831799656,2.057840598927499,2.185710290501744,2.057840598927499,0.4975512406148201,1.8090649786200887,1.7563102755290596,6035,0,1861,265
26/07/2024,1.46,0.0,0.73,1865,1870,1865,20240726RUN03,13.851018192556733,100.47822793514707,26/07/2024,1.560289358312679,1.0611721831799656,2.057840598927499,2.185710290501744,2.057840598927499,0.4975512406148201,1.8090649786200887,1.7857602209680283,6035,0,1868,266
26/07/2024,1.18,0.0,0.59,1870,1875,1870,20240726RUN03,13.850984206418964,100.47819744878878,26/07/2024,1.560289358312679,1.0611721831799656,2.057840598927499,2.185710290501744,2.057840598927499,0.4975512406148201,1.8090649786200887,1.7817637390680292,6035,0,,
26/07/2024,0.7,0.05,0.38,1875,1880,1875,20240726RUN03,13.850950191198043,100.47816699646594,26/07/2024,1.560289358312679,1.0611721831799656,2.057840598927499,2.185710290501744,2.057840598927499,0.4975512406148201,1.8090649786200887,1.6993524947976895,6035,0,1875,267
26/07/2024,0.74,0.0,0.37,1880,1885,1880,20240726RUN03,13.850916140442985,100.47813658574162,26/07/2024,1.9695043036419115,1.305702736544756,2.4529446542795514,1.5889612734349057,2.4529446542795514,0.4834403506376401,2.2112244789607316,2.306904694064538,6035,0,1882,268
26/07/2024,0.99,0.04,0.52,1885,1890,1885,20240726RUN03,13.850882080173115,100.47810618619266,26/07/2024,1.9695043036419115,1.305702736544756,2.4529446542795514,1.5889612734349057,2.4529446542795514,0.4834403506376401,2.2112244789607316,2.021103727346759,6035,0,1889,269
26/07/2024,1.29,0.19,0.74,1890,1895,1890,20240726RUN03,13.850848011176582,100.47807579689923,26/07/2024,1.9695043036419115,1.305702736544756,2.4529446542795514,1.5889612734349057,2.4529446542795514,0.4834403506376401,2.2112244789607316,2.4148293398395015,6035,0,,
26/07/2024,1.44,0.53,0.98,1895,1900,1895,20240726RUN03,13.850813929945355,100.47804542197676,26/07/2024,1.9695043036419115,1.305702736544756,2.4529446542795514,1.5889612734349057,2.4529446542795514,0.4834403506376401,2.2112244789607316,2.3377319059673414,6035,0,1896,270
26/07/2024,1.14,0.14,0.64,1900,1905,1900,20240726RUN03,13.850779861345009,100.47801503223762,26/07/2024,4.242369758896617,3.333747121183204,3.838207998119956,3.132200549928472,4.242369758896617,0.4041617607766605,4.040288878508287,4.099695349692578,6035,0,1903,271
26/07/2024,1.77,0.61,1.19,1905,1910,1905,20240726RUN03,13.850745782929275,100.477984653976,26/07/2024,4.242369758896617,3.333747121183204,3.838207998119956,3.132200549928472,4.242369758896617,0.4041617607766605,4.040288878508287,4.267661497019517,6035,0,,
26/07/2024,2.76,0.53,1.64,1910,1915,1910,20240726RUN03,13.850711653410064,100.47795433597904,26/07/2024,4.242369758896617,3.333747121183204,3.838207998119956,3.132200549928472,4.242369758896617,0.4041617607766605,4.040288878508287,3.814855012378749,6035,0,1910,272
26/07/2024,1.87,0.07,0.97,1915,1920,1915,20240726RUN03,13.850677500579456,100.47792404540948,26/07/2024,4.242369758896617,3.333747121183204,3.838207998119956,3.132200549928472,4.242369758896617,0.4041617607766605,4.040288878508287,4.107841618821302,6035,0,1917,273
26/07/2024,2.06,0.39,1.23,1920,1925,1920,20240726RUN03,13.850643344814477,100.47789375830766,26/07/2024,1.564151824184515,1.237285074743298,2.312069673278692,1.7356705590996238,2.312069673278692,0.7479178490941767,1.9381107487316034,1.7507923543813984,6035,0,1924,274
26/07/2024,0.83,0.03,0.43,1925,1930,1925,20240726RUN03,13.850609173514673,100.4778634895745,26/07/2024,1.564151824184515,1.237285074743298,2.312069673278692,1.7356705590996238,2.312069673278692,0.7479178490941767,1.9381107487316034,1.9105832712848216,6035,0,,
26/07/2024,1.2,0.02,0.61,1930,1935,1930,20240726RUN03,13.85057496843873,100.47783326085471,26/07/2024,1.564151824184515,1.237285074743298,2.312069673278692,1.7356705590996238,2.312069673278692,0.7479178490941767,1.9381107487316034,1.8777905713516323,6035,0,1931,275
26/07/2024,2.06,0.13,1.1,1935,1940,1935,20240726RUN03,13.85054073623682,100.47780306432034,26/07/2024,1.564151824184515,1.237285074743298,2.312069673278692,1.7356705590996238,2.312069673278692,0.7479178490941767,1.9381107487316034,2.0253292794475057,6035,0,1938,276
26/07/2024,1.98,0.0,0.99,1940,1945,1940,20240726RUN03,13.85050650920192,100.47777286164799,26/07/2024,1.508860181289067,0.9300159679135586,1.2363471384884033,0.8397312337030614,1.508860181289067,0.2725130428006637,1.372603659888735,1.359461834947032,6035,0,,
26/07/2024,2.26,0.01,1.13,1945,1950,1945,20240726RUN03,13.850472275923968,100.47774266636475,26/07/2024,1.508860181289067,0.9300159679135586,1.2363471384884033,0.8397312337030614,1.508860181289067,0.2725130428006637,1.372603659888735,1.3299433343965943,6035,0,1945,277
26/07/2024,2.78,0.09,1.43,1950,1955,1950,20240726RUN03,13.85043802397187,100.47771249330724,26/07/2024,1.508860181289067,0.9300159679135586,1.2363471384884033,0.8397312337030614,1.508860181289067,0.2725130428006637,1.372603659888735,1.3147274988340565,6035,0,1952,278
26/07/2024,2.94,0.02,1.48,1955,1960,1955,20240726RUN03,13.85040377699678,100.47768231431245,26/07/2024,1.508860181289067,0.9300159679135586,1.2363471384884033,0.8397312337030614,1.508860181289067,0.2725130428006637,1.372603659888735,1.3689879276936985,6035,0,1959,279
26/07/2024,2.92,0.03,1.48,1960,1965,1960,20240726RUN03,13.85036955656313,100.47765210379983,26/07/2024,1.4653253448983812,1.0176368456455844,1.908918242147858,1.2567299625235635,1.908918242147858,0.4435928972494769,1.6871217935231195,1.5386181514424526,6035,0,,
26/07/2024,2.24,0.0,1.12,1965,1970,1965,20240726RUN03,13.850335370837051,100.47762185217627,26/07/2024,1.4653253448983812,1.0176368456455844,1.908918242147858,1.2567299625235635,1.908918242147858,0.4435928972494769,1.6871217935231195,1.7357799005130827,6035,0,1966,280
26/07/2024,2.46,0.0,1.23,1970,1975,1970,20240726RUN03,13.850301208339037,100.47759157311403,26/07/2024,1.4653253448983812,1.0176368456455844,1.908918242147858,1.2567299625235635,1.908918242147858,0.4435928972494769,1.6871217935231195,1.7297005535515118,6035,0,1973,281
26/07/2024,2.76,0.03,1.39,1975,1980,1975,20240726RUN03,13.850267069842573,100.477561265694,26/07/2024,1.4653253448983812,1.0176368456455844,1.908918242147858,1.2567299625235635,1.908918242147858,0.4435928972494769,1.6871217935231195,1.7977465233633463,6035,0,,
26/07/2024,2.75,0.09,1.42,1980,1985,1980,20240726RUN03,13.850232952979582,100.47753093275738,26/07/2024,1.6058781930005883,1.4602932579448704,1.5566726006884468,1.4225045467766455,1.6058781930005883,0.0492055923121417,1.5812753968445175,1.73080004865137,6035,0,1980,282
26/07/2024,2.61,0.18,1.4,1985,1990,1985,20240726RUN03,13.850198845193411,100.47750058912123,26/07/2024,1.6058781930005883,1.4602932579448704,1.5566726006884468,1.4225045467766455,1.6058781930005883,0.0492055923121417,1.5812753968445175,1.660113832876545,6035,0,1987,283
26/07/2024,2.06,0.06,1.06,1990,1995,1990,20240726RUN03,13.850164724268183,100.47747026097528,26/07/2024,1.6058781930005883,1.4602932579448704,1.5566726006884468,1.4225045467766455,1.6058781930005883,0.0492055923121417,1.5812753968445175,1.5612886405604554,6035,0,1994,284
26/07/2024,2.41,0.03,1.22,1995,2000,1995,20240726RUN03,13.850130583065056,100.47743995677448,26/07/2024,1.6058781930005883,1.4602932579448704,1.5566726006884468,1.4225045467766455,1.6058781930005883,0.0492055923121417,1.5812753968445175,1.6616294667161147,6035,0,,
26/07/2024,2.56,0.0,1.28,2000,2005,2000,20240726RUN03,13.850096456776473,100.47740963494644,26/07/2024,2.9330870137124063,2.4464309837355818,1.9556545578831372,1.527151950525645,2.9330870137124063,0.9774324558292689,2.444370785797772,2.3590043401784646,6035,0,2001,285
26/07/2024,1.87,0.19,1.03,2005,2010,2005,20240726RUN03,13.850062382986906,100.47737925142297,26/07/2024,2.9330870137124063,2.4464309837355818,1.9556545578831372,1.527151950525645,2.9330870137124063,0.9774324558292689,2.444370785797772,2.2919287780335273,6035,0,2008,286
26/07/2024,1.72,0.02,0.87,2010,2015,2010,20240726RUN03,13.850028344456346,100.47734882645624,26/07/2024,2.9330870137124063,2.4464309837355818,1.9556545578831372,1.527151950525645,2.9330870137124063,0.9774324558292689,2.444370785797772,2.6109347722685845,6035,0,,
26/07/2024,1.41,0.0,0.7,2015,2020,2015,20240726RUN03,13.849994318297435,100.4773183870332,26/07/2024,2.9330870137124063,2.4464309837355818,1.9556545578831372,1.527151950525645,2.9330870137124063,0.9774324558292689,2.444370785797772,2.665424267555908,6035,0,2016,287
26/07/2024,1.25,0.0,0.62,2020,2025,2020,20240726RUN03,13.849960306807029,100.47728793046052,26/07/2024,2.791317315983794,2.370821533288361,2.6212951100570603,1.8137403585462004,2.791317315983794,0.1700222059267337,2.706306213020427,2.7554945838736637,6035,0,2023,288
26/07/2024,2.39,0.0,1.2,2025,2030,2025,20240726RUN03,13.849926307953659,100.47725745910377,26/07/2024,2.791317315983794,2.370821533288361,2.6212951100570603,1.8137403585462004,2.791317315983794,0.1700222059267337,2.706306213020427,2.7209577963519447,6035,0,,
26/07/2024,2.61,0.0,1.3,2030,2035,2030,20240726RUN03,13.849892291882757,100.47722700789822,26/07/2024,2.791317315983794,2.370821533288361,2.6212951100570603,1.8137403585462004,2.791317315983794,0.1700222059267337,2.706306213020427,2.8874995650235777,6035,0,2030,289
26/07/2024,2.49,0.16,1.33,2035,2040,2035,20240726RUN03,13.849858237771345,100.47719660123924,26/07/2024,2.791317315983794,2.370821533288361,2.6212951100570603,1.8137403585462004,2.791317315983794,0.1700222059267337,2.706306213020427,2.6410480228057587,6035,0,2037,290
26/07/2024,1.83,0.03,0.93,2040,2045,2040,20240726RUN03,13.849824181977182,100.47716619655918,26/07/2024,2.035618755356544,1.4150905419298607,2.126951164671018,1.41715722391608,2.126951164671018,0.0913324093144742,2.081284960013781,2.1586818228714755,6035,0,2044,291
26/07/2024,1.87,0.03,0.95,2045,2050,2045,20240726RUN03,13.849790111777299,100.47713580880053,26/07/2024,2.035618755356544,1.4150905419298607,2.126951164671018,1.41715722391608,2.126951164671018,0.0913324093144742,2.081284960013781,2.0424316564884797,6035,0,,
26/07/2024,1.66,0.1,0.88,2050,2055,2050,20240726RUN03,13.84975598636447,100.4771054860037,26/07/2024,2.035618755356544,1.4150905419298607,2.126951164671018,1.41715722391608,2.126951164671018,0.0913324093144742,2.081284960013781,1.895604144216078,6035,0,2051,292
26/07/2024,1.76,0.02,0.89,2055,2060,2055,20240726RUN03,13.849721836669776,100.4770751918704,26/07/2024,2.035618755356544,1.4150905419298607,2.126951164671018,1.41715722391608,2.126951164671018,0.0913324093144742,2.081284960013781,2.2246745895309656,6035,0,2058,293
26/07/2024,2.33,0.06,1.2,2060,2065,2060,20240726RUN03,13.849687673308477,100.47704491387131,26/07/2024,2.2765852698806457,1.499244296510807,2.438939378650931,1.8500739973122,2.438939378650931,0.1623541087702853,2.3577623242657886,2.3750541389161413,6035,0,,
26/07/2024,2.01,0.0,1.0,2065,2070,2065,20240726RUN03,13.84965348026154,100.4770146709777,26/07/2024,2.2765852698806457,1.499244296510807,2.438939378650931,1.8500739973122,2.438939378650931,0.1623541087702853,2.3577623242657886,2.2618784472998463,6035,0,2065,294
26/07/2024,2.57,0.03,1.3,2070,2075,2070,20240726RUN03,13.849619311715436,100.47698439916647,26/07/2024,2.2765852698806457,1.499244296510807,2.438939378650931,1.8500739973122,2.438939378650931,0.1623541087702853,2.3577623242657886,2.55783889154733,6035,0,2072,295
26/07/2024,2.57,0.05,1.31,2075,2080,2075,20240726RUN03,13.849585218447652,100.47695403857756,26/07/2024,2.2765852698806457,1.499244296510807,2.438939378650931,1.8500739973122,2.438939378650931,0.1623541087702853,2.3577623242657886,2.3115302982655055,6035,0,2079,296
26/07/2024,2.46,0.01,1.23,2080,2085,2080,20240726RUN03,13.849551173412639,100.47692362129966,26/07/2024,1.923495504188284,1.661383738434048,1.728884844118299,1.1622439870114722,1.923495504188284,0.1946106600699855,1.8261901741532913,1.8783252844502079,6035,0,,
26/07/2024,1.65,0.0,0.82,2085,2090,2085,20240726RUN03,13.849517153287408,100.47689317486825,26/07/2024,1.923495504188284,1.661383738434048,1.728884844118299,1.1622439870114722,1.923495504188284,0.1946106600699855,1.8261901741532913,1.8552761978781056,6035,0,2086,297
26/07/2024,1.93,0.01,0.97,2090,2095,2090,20240726RUN03,13.849483138655508,100.47686272201304,26/07/2024,1.923495504188284,1.661383738434048,1.728884844118299,1.1622439870114722,1.923495504188284,0.1946106600699855,1.8261901741532913,1.8379929341430188,6035,0,2093,298
26/07/2024,1.46,0.02,0.74,2095,2100,2095,20240726RUN03,13.849449124716315,100.47683226837361,26/07/2024,1.923495504188284,1.661383738434048,1.728884844118299,1.1622439870114722,1.923495504188284,0.1946106600699855,1.8261901741532913,1.9847870187844916,6035,0,,
26/07/2024,1.7,0.0,0.85,2100,2105,2100,20240726RUN03,13.849415121638456,100.47680180201863,26/07/2024,2.651157946004428,2.0704111003985752,3.378392376955301,2.492889447353179,3.378392376955301,0.7272344309508738,3.0147751614798644,2.7868526316819406,6035,0,2100,299
26/07/2024,1.29,0.0,0.64,2105,2110,2105,20240726RUN03,13.849381102306625,100.47677135464694,26/07/2024,2.651157946004428,2.0704111003985752,3.378392376955301,2.492889447353179,3.378392376955301,0.7272344309508738,3.0147751614798644,3.02385556931698,6035,0,2107,300
26/07/2024,1.14,0.0,0.57,2110,2115,2110,20240726RUN03,13.849347075326309,100.4767409162641,26/07/2024,2.651157946004428,2.0704111003985752,3.378392376955301,2.492889447353179,3.378392376955301,0.7272344309508738,3.0147751614798644,3.019104588336321,6035,0,2114,301
26/07/2024,1.17,0.0,0.58,2115,2120,2115,20240726RUN03,13.849313088491966,100.47671043095909,26/07/2024,2.651157946004428,2.0704111003985752,3.378392376955301,2.492889447353179,3.378392376955301,0.7272344309508738,3.0147751614798644,2.950765793838719,6035,0,,
26/07/2024,1.24,0.0,0.62,2120,2125,2120,20240726RUN03,13.849279134131699,100.47667990775442,26/07/2024,2.38423251616951,2.0026352312112943,2.603651259817528,2.1266387267307665,2.603651259817528,0.2194187436480175,2.493941887993519,2.515484298630625,6035,0,2121,302
26/07/2024,0.77,0.0,0.38,2125,2130,2125,20240726RUN03,13.84924518130747,100.4766493827479,26/07/2024,2.38423251616951,2.0026352312112943,2.603651259817528,2.1266387267307665,2.603651259817528,0.2194187436480175,2.493941887993519,2.3141876201557294,6035,0,2128,303
26/07/2024,1.28,0.0,0.64,2130,2135,2130,20240726RUN03,13.849211212788765,100.4766188760364,26/07/2024,2.38423251616951,2.0026352312112943,2.603651259817528,2.1266387267307665,2.603651259817528,0.2194187436480175,2.493941887993519,2.5793853605995545,6035,0,,
26/07/2024,1.06,0.0,0.53,2135,2140,2135,20240726RUN03,13.849177219195726,100.47658839860641,26/07/2024,2.38423251616951,2.0026352312112943,2.603651259817528,2.1266387267307665,2.603651259817528,0.2194187436480175,2.493941887993519,2.3160651804635934,6035,0,2135,304
26/07/2024,1.64,0.02,0.83,2140,2145,2140,20240726RUN03,13.84914320985832,100.47655793960148,26/07/2024,1.6202069084876711,1.8450923762148308,1.7478331117041723,1.6678235820676304,1.7478331117041723,0.1276262032165014,1.6840200100959217,1.5190210527487142,6035,0,2142,305
26/07/2024,1.11,0.0,0.56,2145,2150,2145,20240726RUN03,13.84910921193317,100.47652746723871,26/07/2024,1.6202069084876711,1.8450923762148308,1.7478331117041723,1.6678235820676304,1.7478331117041723,0.1276262032165014,1.6840200100959217,1.635252207454403,6035,0,2149,306
26/07/2024,0.83,0.0,0.42,2150,2155,2150,20240726RUN03,13.84907523568769,100.47649696958622,26/07/2024,1.6202069084876711,1.8450923762148308,1.7478331117041723,1.6678235820676304,1.7478331117041723,0.1276262032165014,1.6840200100959217,1.5426005262608973,6035,0,,
26/07/2024,1.21,0.0,0.6,2155,2160,2155,20240726RUN03,13.849041266722802,100.47646646344577,26/07/2024,1.6202069084876711,1.8450923762148308,1.7478331117041723,1.6678235820676304,1.7478331117041723,0.1276262032165014,1.6840200100959217,1.7957326028492255,6035,0,2156,307
26/07/2024,0.68,0.01,0.34,2160,2165,2160,20240726RUN03,13.84900730950659,100.47643594361087,26/07/2024,2.3127802099001804,1.498608124430841,2.566585991949553,1.9952458678940128,2.566585991949553,0.2538057820493731,2.4396831009248667,2.412256640793003,6035,0,2163,308
26/07/2024,1.06,0.06,0.56,2165,2170,2165,20240726RUN03,13.848973391767142,100.47640537784316,26/07/2024,2.3127802099001804,1.498608124430841,2.566585991949553,1.9952458678940128,2.566585991949553,0.2538057820493731,2.4396831009248667,2.3018028690284327,6035,0,,
26/07/2024,0.6,0.1,0.35,2170,2175,2170,20240726RUN03,13.8489394932418,100.47637478975452,26/07/2024,2.3127802099001804,1.498608124430841,2.566585991949553,1.9952458678940128,2.566585991949553,0.2538057820493731,2.4396831009248667,2.5463002337193315,6035,0,2170,309
26/07/2024,0.55,0.0,0.28,2175,2180,2175,20240726RUN03,13.84890557164558,100.47634422844506,26/07/2024,2.3127802099001804,1.498608124430841,2.566585991949553,1.9952458678940128,2.566585991949553,0.2538057820493731,2.4396831009248667,2.366552771728872,6035,0,2177,310
26/07/2024,1.27,0.0,0.64,2180,2185,2180,20240726RUN03,13.848871603626028,100.47631372123794,26/07/2024,1.6559922759069754,1.729036625893831,2.0871656562628527,1.6478072628444973,2.0871656562628527,0.4311733803558772,1.871578966084914,1.835810920885097,6035,0,2184,311
26/07/2024,1.02,0.0,0.51,2185,2190,2185,20240726RUN03,13.848837592419459,100.4762832644529,26/07/2024,1.6559922759069754,1.729036625893831,2.0871656562628527,1.6478072628444973,2.0871656562628527,0.4311733803558772,1.871578966084914,1.7808642442342117,6035,0,,
26/07/2024,0.43,0.0,0.22,2190,2195,2190,20240726RUN03,13.848803554117088,100.47625283938939,26/07/2024,1.6559922759069754,1.729036625893831,2.0871656562628527,1.6478072628444973,2.0871656562628527,0.4311733803558772,1.871578966084914,1.9937499213413745,6035,0,2191,312
26/07/2024,0.38,0.0,0.19,2195,2200,2195,20240726RUN03,13.84876948564249,100.47622244974819,26/07/2024,1.6559922759069754,1.729036625893831,2.0871656562628527,1.6478072628444973,2.0871656562628527,0.4311733803558772,1.871578966084914,1.854264681575424,6035,0,2198,313
26/07/2024,0.35,0.0,0.18,2200,2205,2200,20240726RUN03,13.848735413230996,100.47619206473179,26/07/2024,1.813525389987164,1.2648472265305912,2.133568158687225,1.6901199373345284,2.133568158687225,0.3200427687000613,1.9735467743371946,1.955257685615641,6035,0,,
26/07/2024,0.3,0.0,0.15,2205,2210,2205,20240726RUN03,13.84870138388819,100.47616162921695,26/07/2024,1.813525389987164,1.2648472265305912,2.133568158687225,1.6901199373345284,2.133568158687225,0.3200427687000613,1.9735467743371946,1.8337923885452314,6035,0,2205,314
26/07/2024,0.26,0.09,0.18,2210,2215,2210,20240726RUN03,13.848667388758887,100.47613115368154,26/07/2024,1.813525389987164,1.2648472265305912,2.133568158687225,1.6901199373345284,2.133568158687225,0.3200427687000613,1.9735467743371946,2.0653706615810776,6035,0,2212,315
26/07/2024,0.2,0.0,0.1,2215,2220,2215,20240726RUN03,13.84863341502291,100.47610065316807,26/07/2024,1.813525389987164,1.2648472265305912,2.133568158687225,1.6901199373345284,2.133568158687225,0.3200427687000613,1.9735467743371946,1.850303979622832,6035,0,2219,316
26/07/2024,0.48,0.03,0.26,2220,2225,2220,20240726RUN03,13.84859944556547,100.4760701476586,26/07/2024,1.7298654448603652,1.2697139367807726,1.830261010039876,1.1538539825011829,1.830261010039876,0.1003955651795105,1.7800632274501207,1.7595374486265531,6035,0,,
26/07/2024,0.4,0.21,0.3,2225,2230,2225,20240726RUN03,13.84856544494839,100.47603967854282,26/07/2024,1.7298654448603652,1.2697139367807726,1.830261010039876,1.1538539825011829,1.830261010039876,0.1003955651795105,1.7800632274501207,1.8731541070150515,6035,0,2226,317
26/07/2024,0.25,0.08,0.16,2230,2235,2230,20240726RUN03,13.848531424534293,100.47600923260461,26/07/2024,1.7298654448603652,1.2697139367807726,1.830261010039876,1.1538539825011829,1.830261010039876,0.1003955651795105,1.7800632274501207,1.854078227715383,6035,0,2233,318
26/07/2024,0.17,0.07,0.12,2235,2240,2235,20240726RUN03,13.848497398107666,100.4759787936751,26/07/2024,1.7298654448603652,1.2697139367807726,1.830261010039876,1.1538539825011829,1.830261010039876,0.1003955651795105,1.7800632274501207,1.8669373702813146,6035,0,,
26/07/2024,0.3,0.06,0.18,2240,2245,2240,20240726RUN03,13.84846336441257,100.47594836328861,26/07/2024,1.2190988570320556,0.8652387574540142,1.711558087045571,1.4799380702714366,1.711558087045571,0.4924592300135157,1.4653284720388133,1.5081675439578133,6035,0,2240,319
26/07/2024,0.08,0.0,0.04,2245,2250,2245,20240726RUN03,13.848429330485015,100.47591793316447,26/07/2024,1.2190988570320556,0.8652387574540142,1.711558087045571,1.4799380702714366,1.711558087045571,0.4924592300135157,1.4653284720388133,1.4467738587557657,6035,0,2247,320
26/07/2024,0.05,0.01,0.03,2250,2255,2250,20240726RUN03,13.84839530331492,100.47588749514695,26/07/2024,1.2190988570320556,0.8652387574540142,1.711558087045571,1.4799380702714366,1.711558087045571,0.4924592300135157,1.4653284720388133,1.585080691033541,6035,0,2254,321
26/07/2024,0.09,0.0,0.04,2255,2260,2255,20240726RUN03,13.848361282559933,100.47585704962661,26/07/2024,1.2190988570320556,0.8652387574540142,1.711558087045571,1.4799380702714366,1.711558087045571,0.4924592300135157,1.4653284720388133,1.4057958163647157,6035,0,,
26/07/2024,0.04,0.0,0.02,2260,2265,2260,20240726RUN03,13.848327248342063,100.47582661986706,26/07/2024,1.4843747069627455,1.2976108567802174,1.7038545881107034,1.825627948874195,1.7038545881107034,0.2194798811479579,1.5941146475367245,1.647624952090298,6035,0,2261,322
26/07/2024,0.07,0.0,0.04,2265,2270,2265,20240726RUN03,13.848293183255535,100.47579622631048,26/07/2024,1.4843747069627455,1.2976108567802174,1.7038545881107034,1.825627948874195,1.7038545881107034,0.2194798811479579,1.5941146475367245,1.530959723844232,6035,0,2268,323
26/07/2024,0.07,0.0,0.04,2270,2275,2270,20240726RUN03,13.848259093697147,100.47576586152044,26/07/2024,1.4843747069627455,1.2976108567802174,1.7038545881107034,1.825627948874195,1.7038545881107034,0.2194798811479579,1.5941146475367245,1.5035172081393187,6035,0,,
26/07/2024,0.17,0.0,0.08,2275,2280,2275,20240726RUN03,13.848225003954354,100.47573549695976,26/07/2024,1.4843747069627455,1.2976108567802174,1.7038545881107034,1.825627948874195,1.7038545881107034,0.2194798811479579,1.5941146475367245,1.6173753983081374,6035,0,2275,324
26/07/2024,0.18,0.03,0.1,2280,2285,2280,20240726RUN03,13.848190908850889,100.47570513869235,26/07/2024,1.6753530483975545,1.4686132279602222,1.748150770734896,1.5906703099250663,1.748150770734896,0.0727977223373415,1.7117519095662252,1.8543932016207307,6035,0,2282,325
26/07/2024,0.19,0.0,0.1,2285,2290,2285,20240726RUN03,13.848156797536694,100.47567479952268,26/07/2024,1.6753530483975545,1.4686132279602222,1.748150770734896,1.5906703099250663,1.748150770734896,0.0727977223373415,1.7117519095662252,1.6563426644702517,6035,0,2289,326
26/07/2024,0.15,0.02,0.08,2290,2295,2290,20240726RUN03,13.848122688871001,100.47564445726033,26/07/2024,1.6753530483975545,1.4686132279602222,1.748150770734896,1.5906703099250663,1.748150770734896,0.0727977223373415,1.7117519095662252,1.5424922288064893,6035,0,,
26/07/2024,0.18,0.0,0.09,2295,2300,2295,20240726RUN03,13.848088597332008,100.47561409482618,26/07/2024,1.6753530483975545,1.4686132279602222,1.748150770734896,1.5906703099250663,1.748150770734896,0.0727977223373415,1.7117519095662252,1.8608597103230802,6035,0,2296,327
26/07/2024,0.27,0.14,0.2,2300,2305,2300,20240726RUN03,13.848054525455755,100.47558370929876,26/07/2024,1.650318120733603,1.6940443521447814,1.7952447974198984,1.334460088165897,1.7952447974198984,0.1449266766862953,1.7227814590767507,1.582890643931989,6035,0,2303,328
26/07/2024,0.44,0.07,0.26,2305,2310,2305,20240726RUN03,13.848020479808842,100.47555329299159,26/07/2024,1.650318120733603,1.6940443521447814,1.7952447974198984,1.334460088165897,1.7952447974198984,0.1449266766862953,1.7227814590767507,1.849076910787575,6035,0,,
26/07/2024,0.07,0.1,0.08,2310,2315,2310,20240726RUN03,13.84798646027626,100.47552284608034,26/07/2024,1.650318120733603,1.6940443521447814,1.7952447974198984,1.334460088165897,1.7952447974198984,0.1449266766862953,1.7227814590767507,1.6750391273184362,6035,0,2310,329
26/07/2024,0.01,0.0,0.0,2315,2320,2315,20240726RUN03,13.847952463781684,100.47549237223794,26/07/2024,1.650318120733603,1.6940443521447814,1.7952447974198984,1.334460088165897,1.7952447974198984,0.1449266766862953,1.7227814590767507,1.5831114046976835,6035,0,2318,330
26/07/2024,0.24,0.03,0.14,2320,2325,2320,20240726RUN03,13.847918476758522,100.47546188733928,26/07/2024,1.6155780907060568,1.2463275700642422,1.920745751004315,1.371357218714098,1.920745751004315,0.3051676602982582,1.768161920855186,1.601988836768573,6035,0,,
26/07/2024,0.15,0.02,0.08,2325,2330,2325,20240726RUN03,13.847884483309798,100.47543140995256,26/07/2024,1.6155780907060568,1.2463275700642422,1.920745751004315,1.371357218714098,1.920745751004315,0.3051676602982582,1.768161920855186,1.6150744821465763,6035,0,2325,331
26/07/2024,0.29,0.02,0.16,2330,2335,2330,20240726RUN03,13.8478504542197,100.47540097427306,26/07/2024,1.6155780907060568,1.2463275700642422,1.920745751004315,1.371357218714098,1.920745751004315,0.3051676602982582,1.768161920855186,1.7347477346102638,6035,0,2332,332
26/07/2024,0.08,0.0,0.04,2335,2340,2335,20240726RUN03,13.847816394654673,100.47537057431074,26/07/2024,1.6155780907060568,1.2463275700642422,1.920745751004315,1.371357218714098,1.920745751004315,0.3051676602982582,1.768161920855186,1.9366474822027349,6035,0,2339,333
26/07/2024,0.14,0.02,0.08,2340,2345,2340,20240726RUN03,13.847782341930507,100.47534016634489,26/07/2024,1.81681290917034,1.3394645172922055,1.8817946709061408,1.358245994108643,1.8817946709061408,0.0649817617358012,1.8493037900382405,1.85692991232485,6035,0,,
26/07/2024,0.08,0.0,0.04,2345,2350,2345,20240726RUN03,13.84774828023833,100.47530976889001,26/07/2024,1.81681290917034,1.3394645172922055,1.8817946709061408,1.358245994108643,1.8817946709061408,0.0649817617358012,1.8493037900382405,1.881544948362646,6035,0,2346,334
26/07/2024,0.29,0.08,0.18,2350,2355,2350,20240726RUN03,13.847714197762118,100.47527939584857,26/07/2024,1.81681290917034,1.3394645172922055,1.8817946709061408,1.358245994108643,1.8817946709061408,0.0649817617358012,1.8493037900382405,1.823900861875227,6035,0,2353,335
26/07/2024,0.01,0.01,0.01,2355,2360,2355,20240726RUN03,13.847680122901004,100.47524901386565,26/07/2024,1.81681290917034,1.3394645172922055,1.8817946709061408,1.358245994108643,1.8817946709061408,0.0649817617358012,1.8493037900382405,1.964444422358057,6035,0,,
26/07/2024,0.09,0.03,0.06,2360,2365,2360,20240726RUN03,13.847646071185872,100.47521860473375,26/07/2024,2.426783471026009,1.7848189607801663,2.368262257877244,1.7206972818072823,2.426783471026009,0.0585212131487655,2.3975228644516267,2.2561319463493983,6035,0,2360,336
26/07/2024,0.01,0.0,0.0,2365,2370,2365,20240726RUN03,13.847612034073869,100.47518817844957,26/07/2024,2.426783471026009,1.7848189607801663,2.368262257877244,1.7206972818072823,2.426783471026009,0.0585212131487655,2.3975228644516267,2.6098006184227875,6035,0,2367,337
26/07/2024,0.0,0.03,0.02,2370,2375,2370,20240726RUN03,13.847578011670901,100.47515773497099,26/07/2024,2.426783471026009,1.7848189607801663,2.368262257877244,1.7206972818072823,2.426783471026009,0.0585212131487655,2.3975228644516267,2.3904965969629393,6035,0,2374,338
26/07/2024,0.0,0.0,0.0,2375,2380,2375,20240726RUN03,13.84754402713415,100.47512724724973,26/07/2024,2.426783471026009,1.7848189607801663,2.368262257877244,1.7206972818072823,2.426783471026009,0.0585212131487655,2.3975228644516267,2.3351207246083545,6035,0,,
26/07/2024,0.01,0.05,0.03,2380,2385,2380,20240726RUN03,13.84751007746587,100.47509671888875,26/07/2024,1.502080862054718,1.0510161429687397,2.197846254533342,1.6573154480649603,2.197846254533342,0.695765392478624,1.84996355829403,1.8805637894281457,6035,0,2381,339
26/07/2024,0.01,0.2,0.11,2385,2390,2385,20240726RUN03,13.847476148158666,100.47506616683727,26/07/2024,1.502080862054718,1.0510161429687397,2.197846254533342,1.6573154480649603,2.197846254533342,0.695765392478624,1.84996355829403,1.849792761108163,6035,0,2388,340
26/07/2024,0.15,0.0,0.08,2390,2395,2390,20240726RUN03,13.847442229350222,100.47503560257694,26/07/2024,1.502080862054718,1.0510161429687397,2.197846254533342,1.6573154480649603,2.197846254533342,0.695765392478624,1.84996355829403,1.6757060793354546,6035,0,,
26/07/2024,0.06,0.08,0.07,2395,2400,2395,20240726RUN03,13.847408312643298,100.47500503587548,26/07/2024,1.502080862054718,1.0510161429687397,2.197846254533342,1.6573154480649603,2.197846254533342,0.695765392478624,1.84996355829403,1.8065490833418643,6035,0,2395,341
26/07/2024,0.07,0.0,0.04,2400,2405,2400,20240726RUN03,13.847374409843967,100.47497445302093,26/07/2024,1.635098518881179,1.134193899712126,1.197182151074483,0.7950815813466879,1.635098518881179,0.4379163678066962,1.416140334977831,1.5278056227655759,6035,0,2402,342
26/07/2024,0.03,0.06,0.04,2405,2410,2405,20240726RUN03,13.847340546437964,100.4749438245214,26/07/2024,1.635098518881179,1.134193899712126,1.197182151074483,0.7950815813466879,1.635098518881179,0.4379163678066962,1.416140334977831,1.2761448848459211,6035,0,2409,343
26/07/2024,0.02,0.02,0.02,2410,2415,2410,20240726RUN03,13.847306711646397,100.47491316291759,26/07/2024,1.635098518881179,1.134193899712126,1.197182151074483,0.7950815813466879,1.635098518881179,0.4379163678066962,1.416140334977831,1.5296842955881316,6035,0,,
26/07/2024,0.11,0.0,0.06,2415,2420,2415,20240726RUN03,13.84727287611174,100.47488250216738,26/07/2024,1.635098518881179,1.134193899712126,1.197182151074483,0.7950815813466879,1.635098518881179,0.4379163678066962,1.416140334977831,1.4791478396189957,6035,0,2416,344
26/07/2024,0.53,0.08,0.3,2420,2425,2420,20240726RUN03,13.847239043105406,100.47485183850563,26/07/2024,1.6939508222998831,1.470895921283241,1.9407062125899168,1.3872067790037763,1.9407062125899168,0.2467553902900336,1.8173285174449,1.9164669920596151,6035,0,2423,345
26/07/2024,0.77,0.09,0.43,2425,2430,2425,20240726RUN03,13.84720520711734,100.47482117827947,26/07/2024,1.6939508222998831,1.470895921283241,1.9407062125899168,1.3872067790037763,1.9407062125899168,0.2467553902900336,1.8173285174449,1.763341657383084,6035,0,,
26/07/2024,0.3,0.0,0.15,2430,2435,2430,20240726RUN03,13.847171373251108,100.47479051561513,26/07/2024,1.6939508222998831,1.470895921283241,1.9407062125899168,1.3872067790037763,1.9407062125899168,0.2467553902900336,1.8173285174449,1.679760195021592,6035,0,2430,346
26/07/2024,0.75,0.0,0.38,2435,2440,2435,20240726RUN03,13.847137578017707,100.47475980839624,26/07/2024,1.6939508222998831,1.470895921283241,1.9407062125899168,1.3872067790037763,1.9407062125899168,0.2467553902900336,1.8173285174449,1.7303878674018558,6035,0,2437,347
26/07/2024,0.53,0.0,0.26,2440,2445,2440,20240726RUN03,13.847103855231065,100.47472901787371,26/07/2024,1.6243455527637318,1.170048229478044,1.524950554461331,1.0773946330626138,1.6243455527637318,0.0993949983024007,1.5746480536125316,1.526331970424038,6035,0,2444,348
26/07/2024,0.63,0.0,0.32,2445,2450,2445,20240726RUN03,13.847070212544695,100.4746981357133,26/07/2024,1.6243455527637318,1.170048229478044,1.524950554461331,1.0773946330626138,1.6243455527637318,0.0993949983024007,1.5746480536125316,1.6069895322256238,6035,0,,
26/07/2024,0.8,0.0,0.4,2450,2455,2450,20240726RUN03,13.847036632823132,100.47466718186291,26/07/2024,1.6243455527637318,1.170048229478044,1.524950554461331,1.0773946330626138,1.6243455527637318,0.0993949983024007,1.5746480536125316,1.461274697739045,6035,0,2451,349
26/07/2024,1.19,0.0,0.6,2455,2460,2455,20240726RUN03,13.847003130793361,100.47463614001272,26/07/2024,1.6243455527637318,1.170048229478044,1.524950554461331,1.0773946330626138,1.6243455527637318,0.0993949983024007,1.5746480536125316,1.454167949400577,6035,0,2458,350
26/07/2024,1.09,0.0,0.55,2460,2465,2460,20240726RUN03,13.846969737352879,100.47460497584666,26/07/2024,1.6854903188729935,1.3004242543361857,1.891422811286384,1.3556078044446385,1.891422811286384,0.20593249241339,1.7884565650796889,1.9244283098458286,6035,0,,
26/07/2024,1.21,0.0,0.6,2465,2470,2465,20240726RUN03,13.846936447716557,100.47457369554834,26/07/2024,1.6854903188729935,1.3004242543361857,1.891422811286384,1.3556078044446385,1.891422811286384,0.20593249241339,1.7884565650796889,1.850441796293722,6035,0,2465,351
26/07/2024,1.09,0.0,0.55,2470,2475,2470,20240726RUN03,13.846903267255968,100.4745422940242,26/07/2024,1.6854903188729935,1.3004242543361857,1.891422811286384,1.3556078044446385,1.891422811286384,0.20593249241339,1.7884565650796889,1.740655249718859,6035,0,2472,352
26/07/2024,0.72,0.0,0.36,2475,2480,2475,20240726RUN03,13.846870194734262,100.47451077345318,26/07/2024,1.6854903188729935,1.3004242543361857,1.891422811286384,1.3556078044446385,1.891422811286384,0.20593249241339,1.7884565650796889,1.927711986313805,6035,0,2479,353
26/07/2024,1.04,0.0,0.52,2480,2485,2480,20240726RUN03,13.846837216241427,100.4744791498694,26/07/2024,2.5073365527089835,1.995522455499059,2.862607766066517,2.554484128639674,2.862607766066517,0.355271213357534,2.6849721593877502,2.8795054614924394,6035,0,,
26/07/2024,0.75,0.0,0.38,2485,2490,2485,20240726RUN03,13.846804340471737,100.47444741449186,26/07/2024,2.5073365527089835,1.995522455499059,2.862607766066517,2.554484128639674,2.862607766066517,0.355271213357534,2.6849721593877502,2.663833916979247,6035,0,2486,354
26/07/2024,0.29,0.0,0.14,2490,2495,2490,20240726RUN03,13.846771562523218,100.47441557325755,26/07/2024,2.5073365527089835,1.995522455499059,2.862607766066517,2.554484128639674,2.862607766066517,0.355271213357534,2.6849721593877502,2.712369867341683,6035,0,2493,355
26/07/2024,0.42,0.0,0.21,2495,2500,2495,20240726RUN03,13.84673885147194,100.47438366008376,26/07/2024,2.5073365527089835,1.995522455499059,2.862607766066517,2.554484128639674,2.862607766066517,0.355271213357534,2.6849721593877502,2.486256738878778,6035,0,,
26/07/2024,0.21,0.0,0.1,2500,2505,2500,20240726RUN03,13.846706202648672,100.47435168022203,26/07/2024,2.201650859680292,1.7545141010752174,1.8813169912557857,1.333657538341056,2.201650859680292,0.3203338684245063,2.041483925468039,2.1404182501015656,6035,0,2500,356
26/07/2024,0.4,0.0,0.2,2505,2510,2505,20240726RUN03,13.846673669314336,100.4743195774024,26/07/2024,2.201650859680292,1.7545141010752174,1.8813169912557857,1.333657538341056,2.201650859680292,0.3203338684245063,2.041483925468039,1.9902815096432378,6035,0,2507,357
26/07/2024,0.19,0.0,0.1,2510,2515,2510,20240726RUN03,13.846641311076667,100.47428728980367,26/07/2024,2.201650859680292,1.7545141010752174,1.8813169912557857,1.333657538341056,2.201650859680292,0.3203338684245063,2.041483925468039,2.2365533753453453,6035,0,2514,358
26/07/2024,0.45,0.0,0.22,2515,2520,2515,20240726RUN03,13.846609144991126,100.47425480173972,26/07/2024,2.201650859680292,1.7545141010752174,1.8813169912557857,1.333657538341056,2.201650859680292,0.3203338684245063,2.041483925468039,2.0781711234433637,6035,0,,
26/07/2024,0.45,0.0,0.22,2520,2525,2520,20240726RUN03,13.846577139135041,100.47422214833335,26/07/2024,1.987679809156534,1.4826392510463131,2.041814308107015,1.5582202297072416,2.041814308107015,0.054134498950481,2.0147470586317744,2.0365521145063576,6035,0,2521,359
26/07/2024,0.52,0.0,0.26,2525,2530,2525,20240726RUN03,13.846545288394253,100.47418933646101,26/07/2024,1.987679809156534,1.4826392510463131,2.041814308107015,1.5582202297072416,2.041814308107015,0.054134498950481,2.0147470586317744,2.0668365743150123,6035,0,2528,360
26/07/2024,1.09,0.0,0.55,2530,2535,2530,20240726RUN03,13.846513633851789,100.47415632638625,26/07/2024,1.987679809156534,1.4826392510463131,2.041814308107015,1.5582202297072416,2.041814308107015,0.054134498950481,2.0147470586317744,1.938925380806361,6035,0,,
26/07/2024,1.35,0.0,0.68,2535,2540,2535,20240726RUN03,13.846482178781791,100.47412311717686,26/07/2024,1.987679809156534,1.4826392510463131,2.041814308107015,1.5582202297072416,2.041814308107015,0.054134498950481,2.0147470586317744,1.92305969284978,6035,0,2535,361
26/07/2024,1.27,0.0,0.64,2540,2545,2540,20240726RUN03,13.846450962663257,100.47408967276249,26/07/2024,1.956414130404461,1.5005018789863396,1.8568266170460832,1.3550894648308565,1.956414130404461,0.0995875133583779,1.9066203737252723,2.056604882988468,6035,0,2542,362
26/07/2024,1.41,0.0,0.7,2545,2550,2545,20240726RUN03,13.84642005000453,100.47405593446832,26/07/2024,1.956414130404461,1.5005018789863396,1.8568266170460832,1.3550894648308565,1.956414130404461,0.0995875133583779,1.9066203737252723,1.977423913885211,6035,0,2549,363
26/07/2024,1.06,0.0,0.53,2550,2555,2550,20240726RUN03,13.846389444369308,100.47402190426136,26/07/2024,1.956414130404461,1.5005018789863396,1.8568266170460832,1.3550894648308565,1.956414130404461,0.0995875133583779,1.9066203737252723,1.855240037998828,6035,0,,
26/07/2024,0.91,0.0,0.46,2555,2560,2555,20240726RUN03,13.846359163792558,100.47398757085801,26/07/2024,1.956414130404461,1.5005018789863396,1.8568266170460832,1.3550894648308565,1.956414130404461,0.0995875133583779,1.9066203737252723,1.7714148491343455,6035,0,2556,364
26/07/2024,0.92,0.0,0.46,2560,2565,2560,20240726RUN03,13.846329212609549,100.47395293614352,26/07/2024,1.2937825546981796,0.848708087069371,1.664561103372478,1.2355323544419363,1.664561103372478,0.3707785486742982,1.4791718290353288,1.376460690351008,6035,0,2563,365
26/07/2024,0.36,0.0,0.18,2565,2570,2565,20240726RUN03,13.84629955689485,100.47391803609537,26/07/2024,1.2937825546981796,0.848708087069371,1.664561103372478,1.2355323544419363,1.664561103372478,0.3707785486742982,1.4791718290353288,1.3317403929182934,6035,0,,
26/07/2024,0.4,0.0,0.2,2570,2575,2570,20240726RUN03,13.846270173652076,100.47388289548604,26/07/2024,1.2937825546981796,0.848708087069371,1.664561103372478,1.2355323544419363,1.664561103372478,0.3707785486742982,1.4791718290353288,1.4076204627267177,6035,0,2570,366
26/07/2024,0.56,0.0,0.28,2575,2580,2575,20240726RUN03,13.846241006833989,100.47384756650223,26/07/2024,1.2937825546981796,0.848708087069371,1.664561103372478,1.2355323544419363,1.664561103372478,0.3707785486742982,1.4791718290353288,1.6172281682186254,6035,0,2577,367
26/07/2024,1.14,0.0,0.57,2580,2585,2580,20240726RUN03,13.846212039102271,100.47381206636362,26/07/2024,1.9048112785762537,1.4404018254433448,2.7553801312926103,2.634677600414314,2.7553801312926103,0.8505688527163566,2.3300957049344317,2.4921797625933424,6035,0,2584,368
26/07/2024,0.65,0.0,0.32,2585,2590,2585,20240726RUN03,13.846183296935774,100.47377637468219,26/07/2024,1.9048112785762537,1.4404018254433448,2.7553801312926103,2.634677600414314,2.7553801312926103,0.8505688527163566,2.3300957049344317,2.159933115695088,6035,0,,
26/07/2024,0.53,0.0,0.26,2590,2595,2590,20240726RUN03,13.84615478428346,100.47374049079542,26/07/2024,1.9048112785762537,1.4404018254433448,2.7553801312926103,2.634677600414314,2.7553801312926103,0.8505688527163566,2.3300957049344317,2.359095108296377,6035,0,2591,369
26/07/2024,0.41,0.0,0.2,2595,2600,2595,20240726RUN03,13.846126650470296,100.47370429545995,26/07/2024,1.9048112785762537,1.4404018254433448,2.7553801312926103,2.634677600414314,2.7553801312926103,0.8505688527163566,2.3300957049344317,2.1787236536303154,6035,0,2598,370
26/07/2024,0.61,0.0,0.3,2600,2605,2600,20240726RUN03,13.84609909237619,100.47366763943731,26/07/2024,3.598869880850084,3.245320832906952,3.2139800761956625,3.375108399167902,3.598869880850084,0.3848898046544216,3.4064249785228733,3.5962470359384757,6035,0,,
26/07/2024,1.03,0.0,0.52,2605,2610,2605,20240726RUN03,13.846072096472488,100.47363054761757,26/07/2024,3.598869880850084,3.245320832906952,3.2139800761956625,3.375108399167902,3.598869880850084,0.3848898046544216,3.4064249785228733,3.3844347249473032,6035,0,2605,371
26/07/2024,1.31,0.0,0.66,2610,2615,2610,20240726RUN03,13.846045592808085,100.47359308576233,26/07/2024,3.598869880850084,3.245320832906952,3.2139800761956625,3.375108399167902,3.598869880850084,0.3848898046544216,3.4064249785228733,3.242093272246093,6035,0,2612,372
26/07/2024,1.5,0.0,0.75,2615,2620,2615,20240726RUN03,13.846019547765616,100.47355528850193,26/07/2024,3.598869880850084,3.245320832906952,3.2139800761956625,3.375108399167902,3.598869880850084,0.3848898046544216,3.4064249785228733,3.6256532470763756,6035,0,2619,373
26/07/2024,0.92,0.0,0.46,2620,2625,2620,20240726RUN03,13.845993937525291,100.47351718131148,26/07/2024,1.8436607810462933,1.1493161912613712,1.921686071433354,1.253670801764125,1.921686071433354,0.0780252903870608,1.8826734262398235,1.8151925879179884,6035,0,,
26/07/2024,0.91,0.0,0.46,2625,2630,2625,20240726RUN03,13.845968744912211,100.47347878361325,26/07/2024,1.8436607810462933,1.1493161912613712,1.921686071433354,1.253670801764125,1.921686071433354,0.0780252903870608,1.8826734262398235,2.013658878200574,6035,0,2626,374
26/07/2024,0.78,0.0,0.39,2630,2635,2630,20240726RUN03,13.845943878260023,100.47344016389327,26/07/2024,1.8436607810462933,1.1493161912613712,1.921686071433354,1.253670801764125,1.921686071433354,0.0780252903870608,1.8826734262398235,1.8397144203086924,6035,0,2634,375
26/07/2024,0.35,0.0,0.18,2635,2640,2635,20240726RUN03,13.845919248963366,100.4734013851484,26/07/2024,1.8436607810462933,1.1493161912613712,1.921686071433354,1.253670801764125,1.921686071433354,0.0780252903870608,1.8826734262398235,2.0057030382299295,6035,0,,
26/07/2024,1.53,0.0,0.76,2640,2645,2640,20240726RUN03,13.845894896065086,100.47336242413134,26/07/2024,2.687604647797169,1.8315771487022687,2.166001389180053,2.0559939902381736,2.687604647797169,0.521603258617116,2.426803018488611,2.4437124042958875,6035,0,2641,376
26/07/2024,0.93,0.0,0.46,2645,2650,2645,20240726RUN03,13.845870876207263,100.4733232471413,26/07/2024,2.687604647797169,1.8315771487022687,2.166001389180053,2.0559939902381736,2.687604647797169,0.521603258617116,2.426803018488611,2.359734725052049,6035,0,2648,377
26/07/2024,0.86,0.0,0.43,2650,2655,2650,20240726RUN03,13.845847175040738,100.4732838673511,26/07/2024,2.687604647797169,1.8315771487022687,2.166001389180053,2.0559939902381736,2.687604647797169,0.521603258617116,2.426803018488611,2.4107680018418707,6035,0,,
26/07/2024,1.11,0.0,0.56,2655,2660,2655,20240726RUN03,13.84582379544286,100.47324428681046,26/07/2024,2.687604647797169,1.8315771487022687,2.166001389180053,2.0559939902381736,2.687604647797169,0.521603258617116,2.426803018488611,2.3724253389441694,6035,0,2655,378
26/07/2024,1.4,0.0,0.7,2660,2665,2660,20240726RUN03,13.845800756739584,100.47320449742926,26/07/2024,2.0038868448114666,1.51471397016113,2.371693901313267,1.7822189171758385,2.371693901313267,0.3678070565018005,2.187790373062367,2.3361642048605304,6035,0,2662,379
26/07/2024,0.78,0.0,0.39,2665,2670,2665,20240726RUN03,13.845778072457385,100.47316449539404,26/07/2024,2.0038868448114666,1.51471397016113,2.371693901313267,1.7822189171758385,2.371693901313267,0.3678070565018005,2.187790373062367,2.170210687222125,6035,0,2669,380
26/07/2024,0.67,0.0,0.34,2670,2675,2670,20240726RUN03,13.845755767630651,100.47312427047541,26/07/2024,2.0038868448114666,1.51471397016113,2.371693901313267,1.7822189171758385,2.371693901313267,0.3678070565018005,2.187790373062367,2.375810044066022,6035,0,,
26/07/2024,0.59,0.0,0.3,2675,2680,2675,20240726RUN03,13.84573383737994,100.47308383044472,26/07/2024,2.0038868448114666,1.51471397016113,2.371693901313267,1.7822189171758385,2.371693901313267,0.3678070565018005,2.187790373062367,2.0299354931766658,6035,0,2676,381
26/07/2024,0.77,0.0,0.38,2680,2685,2680,20240726RUN03,13.845712270613225,100.47304318612163,26/07/2024,1.9239291654968096,1.6436769074344006,2.140992667502408,1.5450096064583945,2.140992667502408,0.2170635020055979,2.0324609164996086,2.126288598103113,6035,0,2683,382
26/07/2024,0.73,0.0,0.36,2685,2690,2685,20240726RUN03,13.845691044417707,100.47300235442225,26/07/2024,1.9239291654968096,1.6436769074344006,2.140992667502408,1.5450096064583945,2.140992667502408,0.2170635020055979,2.0324609164996086,2.129451870877357,6035,0,,
26/07/2024,0.73,0.0,0.36,2690,2695,2690,20240726RUN03,13.84567014990755,100.4729613439089,26/07/2024,1.9239291654968096,1.6436769074344006,2.140992667502408,1.5450096064583945,2.140992667502408,0.2170635020055979,2.0324609164996086,1.9709392347922308,6035,0,2690,383
26/07/2024,0.86,0.0,0.43,2695,2700,2695,20240726RUN03,13.845649520246115,100.47292019314186,26/07/2024,1.9239291654968096,1.6436769074344006,2.140992667502408,1.5450096064583945,2.140992667502408,0.2170635020055979,2.0324609164996086,2.0953301927300467,6035,0,2697,384
26/07/2024,0.35,0.0,0.18,2700,2705,2700,20240726RUN03,13.845629096179238,100.47287893510754,26/07/2024,2.8408181013293783,2.4014165855770004,2.7910097530424838,2.08888497135662,2.8408181013293783,0.0498083482868949,2.815913927185931,2.7845759601359488,6035,0,2704,385
26/07/2024,1.28,0.0,0.64,2705,2710,2705,20240726RUN03,13.845608911851054,100.47283755375643,26/07/2024,2.8408181013293783,2.4014165855770004,2.7910097530424838,2.08888497135662,2.8408181013293783,0.0498083482868949,2.815913927185931,2.938328563668525,6035,0,,
26/07/2024,0.97,0.0,0.48,2710,2715,2710,20240726RUN03,13.845589049456581,100.4727960096091,26/07/2024,2.8408181013293783,2.4014165855770004,2.7910097530424838,2.08888497135662,2.8408181013293783,0.0498083482868949,2.815913927185931,2.697555978494393,6035,0,2711,386
26/07/2024,0.52,0.0,0.26,2715,2720,2715,20240726RUN03,13.845569504671257,100.47275430794431,26/07/2024,2.8408181013293783,2.4014165855770004,2.7910097530424838,2.08888497135662,2.8408181013293783,0.0498083482868949,2.815913927185931,2.9511862669469577,6035,0,2718,387
26/07/2024,0.76,0.0,0.38,2720,2725,2720,20240726RUN03,13.845550239211919,100.47271247035283,26/07/2024,1.5123558287046637,1.425051677174689,3.385846711345846,2.723344209840529,3.385846711345846,1.873490882641183,2.449101270025255,2.4023277630147275,6035,0,,
26/07/2024,0.55,0.0,0.28,2725,2730,2725,20240726RUN03,13.84553123019417,100.47267051006632,26/07/2024,1.5123558287046637,1.425051677174689,3.385846711345846,2.723344209840529,3.385846711345846,1.873490882641183,2.449101270025255,2.431117747083325,6035,0,2725,388
26/07/2024,0.42,0.0,0.21,2730,2735,2730,20240726RUN03,13.845512503506125,100.47262841704834,26/07/2024,1.5123558287046637,1.425051677174689,3.385846711345846,2.723344209840529,3.385846711345846,1.873490882641183,2.449101270025255,2.3597864230893166,6035,0,2732,389
26/07/2024,0.55,0.0,0.28,2735,2740,2735,20240726RUN03,13.845494105667493,100.47258617247668,26/07/2024,1.5123558287046637,1.425051677174689,3.385846711345846,2.723344209840529,3.385846711345846,1.873490882641183,2.449101270025255,2.562226315258302,6035,0,2739,390
26/07/2024,0.28,0.0,0.14,2740,2745,2740,20240726RUN03,13.845476043948125,100.47254377617683,26/07/2024,2.6349462520614715,2.0270715323664863,3.3515254884236136,2.13140919481448,3.3515254884236136,0.7165792363621422,2.9932358702425423,3.261869345534726,6035,0,,
26/07/2024,0.14,0.0,0.07,2745,2750,2745,20240726RUN03,13.845458224005277,100.47250127280854,26/07/2024,2.6349462520614715,2.0270715323664863,3.3515254884236136,2.13140919481448,3.3515254884236136,0.7165792363621422,2.9932358702425423,3.20697257573243,6035,0,2746,391
26/07/2024,0.28,0.0,0.14,2750,2755,2750,20240726RUN03,13.845440581570506,100.47245869203807,26/07/2024,2.6349462520614715,2.0270715323664863,3.3515254884236136,2.13140919481448,3.3515254884236136,0.7165792363621422,2.9932358702425423,2.7465141228230405,6035,0,2753,392
26/07/2024,1.0,0.0,0.5,2755,2760,2755,20240726RUN03,13.845423215400775,100.47241599247918,26/07/2024,2.6349462520614715,2.0270715323664863,3.3515254884236136,2.13140919481448,3.3515254884236136,0.7165792363621422,2.9932358702425423,2.873513498190112,6035,0,,
26/07/2024,0.51,0.0,0.26,2760,2765,2760,20240726RUN03,13.845406106840166,100.47237318406793,26/07/2024,2.488742145397621,1.6970194901930329,3.141141439498769,2.002896910300388,3.141141439498769,0.6523992941011483,2.814941792448195,2.677365171074741,6035,0,2760,393
26/07/2024,1.14,0.0,0.57,2765,2770,2765,20240726RUN03,13.845389171327637,100.47233030364448,26/07/2024,2.488742145397621,1.6970194901930329,3.141141439498769,2.002896910300388,3.141141439498769,0.6523992941011483,2.814941792448195,2.9325294509351525,6035,0,2767,394
26/07/2024,0.24,0.0,0.12,2770,2775,2770,20240726RUN03,13.845372398703832,100.47228735621059,26/07/2024,2.488742145397621,1.6970194901930329,3.141141439498769,2.002896910300388,3.141141439498769,0.6523992941011483,2.814941792448195,3.0472427592666387,6035,0,2774,395
26/07/2024,0.36,0.0,0.18,2775,2780,2775,20240726RUN03,13.84535579649804,100.47224433945233,26/07/2024,2.488742145397621,1.6970194901930329,3.141141439498769,2.002896910300388,3.141141439498769,0.6523992941011483,2.814941792448195,2.8515403029493234,6035,0,,
26/07/2024,0.61,0.0,0.3,2780,2785,2780,20240726RUN03,13.845339349331661,100.47220126037388,26/07/2024,3.03565530816854,2.1140615640725366,3.2211067341196773,2.2409169295492024,3.2211067341196773,0.1854514259511375,3.1283810211441088,3.1074805820235443,6035,0,2781,396
26/07/2024,1.6,0.0,0.8,2785,2790,2785,20240726RUN03,13.845322995963643,100.47215814392946,26/07/2024,3.03565530816854,2.1140615640725366,3.2211067341196773,2.2409169295492024,3.2211067341196773,0.1854514259511375,3.1283810211441088,3.102394735571131,6035,0,2788,397
26/07/2024,1.08,0.0,0.54,2790,2795,2790,20240726RUN03,13.845306775973864,100.47211497475057,26/07/2024,3.03565530816854,2.1140615640725366,3.2211067341196773,2.2409169295492024,3.2211067341196773,0.1854514259511375,3.1283810211441088,3.16122741225386,6035,0,,
26/07/2024,1.27,0.0,0.64,2795,2800,2795,20240726RUN03,13.845290759675132,100.47207172596367,26/07/2024,3.03565530816854,2.1140615640725366,3.2211067341196773,2.2409169295492024,3.2211067341196773,0.1854514259511375,3.1283810211441088,3.0525970090807046,6035,0,2795,398
26/07/2024,1.77,0.0,0.88,2800,2805,2800,20240726RUN03,13.845274857901865,100.47202843293812,26/07/2024,4.037505153154559,3.333372812126904,3.884496111050871,3.016432639970553,4.037505153154559,0.1530090421036876,3.961000632102715,4.190416059020148,6035,0,2802,399
26/07/2024,1.82,0.0,0.91,2805,2810,2805,20240726RUN03,13.845259009087135,100.47198511953546,26/07/2024,4.037505153154559,3.333372812126904,3.884496111050871,3.016432639970553,4.037505153154559,0.1530090421036876,3.961000632102715,4.173257851411556,6035,0,2809,400
26/07/2024,1.53,0.0,0.76,2810,2815,2810,20240726RUN03,13.845243290297391,100.47194175665565,26/07/2024,4.037505153154559,3.333372812126904,3.884496111050871,3.016432639970553,4.037505153154559,0.1530090421036876,3.961000632102715,3.9359679430749703,6035,0,,
26/07/2024,2.48,0.0,1.24,2815,2820,2815,20240726RUN03,13.845227661250068,100.47189835971686,26/07/2024,4.037505153154559,3.333372812126904,3.884496111050871,3.016432639970553,4.037505153154559,0.1530090421036876,3.961000632102715,3.7359642362978027,6035,0,2816,401
26/07/2024,4.23,0.0,2.12,2820,2825,2820,20240726RUN03,13.845212003084903,100.47185497376415,26/07/2024,2.6769308271135803,1.720989012217752,1.3138595603109382,0.8606113406943658,2.6769308271135803,1.363071266802642,1.9953951937122594,2.1177606756556058,6035,0,2823,402
26/07/2024,6.16,0.0,3.08,2825,2830,2825,20240726RUN03,13.845196346466501,100.47181158724764,26/07/2024,2.6769308271135803,1.720989012217752,1.3138595603109382,0.8606113406943658,2.6769308271135803,1.363071266802642,1.9953951937122594,2.0046509870018983,6035,0,,
26/07/2024,8.48,0.0,4.24,2830,2835,2830,20240726RUN03,13.84518069862649,100.47176819737963,26/07/2024,2.6769308271135803,1.720989012217752,1.3138595603109382,0.8606113406943658,2.6769308271135803,1.363071266802642,1.9953951937122594,1.995597861625765,6035,0,2830,403
26/07/2024,8.8,0.0,4.4,2835,2840,2835,20240726RUN03,13.845165120275642,100.47172478134374,26/07/2024,2.6769308271135803,1.720989012217752,1.3138595603109382,0.8606113406943658,2.6769308271135803,1.363071266802642,1.9953951937122594,1.9981038745384034,6035,0,2837,404
26/07/2024,9.49,0.0,4.74,2840,2845,2840,20240726RUN03,13.845149811493405,100.47168126512979,26/07/2024,1.7133409383686682,1.1737989153168953,0.995008979068263,0.8089134910953066,1.7133409383686682,0.7183319593004052,1.3541749587184655,1.3680702310336246,6035,0,2844,405
26/07/2024,10.33,0.0,5.16,2845,2850,2845,20240726RUN03,13.845134788058845,100.47163764474412,26/07/2024,1.7133409383686682,1.1737989153168953,0.995008979068263,0.8089134910953066,1.7133409383686682,0.7183319593004052,1.3541749587184655,1.252016111583234,6035,0,,
26/07/2024,10.07,0.0,5.04,2850,2855,2850,20240726RUN03,13.845119867956747,100.47159398716944,26/07/2024,1.7133409383686682,1.1737989153168953,0.995008979068263,0.8089134910953066,1.7133409383686682,0.7183319593004052,1.3541749587184655,1.2919700127937979,6035,0,2851,406
26/07/2024,7.33,0.0,3.66,2855,2860,2855,20240726RUN03,13.84510498886258,100.47155031487226,26/07/2024,1.7133409383686682,1.1737989153168953,0.995008979068263,0.8089134910953066,1.7133409383686682,0.7183319593004052,1.3541749587184655,1.4063820906641786,6035,0,2858,407
26/07/2024,7.19,0.0,3.6,2860,2865,2860,20240726RUN03,13.84509015998332,100.47150662471061,26/07/2024,1.2610076255511595,0.930827188684096,1.184879894444419,1.014357295195385,1.2610076255511595,0.0761277311067405,1.2229437599977893,1.2958933467361984,6035,0,,
26/07/2024,6.13,0.0,3.06,2865,2870,2865,20240726RUN03,13.845075374350182,100.47146291917117,26/07/2024,1.2610076255511595,0.930827188684096,1.184879894444419,1.014357295195385,1.2610076255511595,0.0761277311067405,1.2229437599977893,1.3071911560114695,6035,0,2865,408
26/07/2024,6.59,0.0,3.3,2870,2875,2870,20240726RUN03,13.845060607408964,100.47141920701854,26/07/2024,1.2610076255511595,0.930827188684096,1.184879894444419,1.014357295195385,1.2610076255511595,0.0761277311067405,1.2229437599977893,1.230422958906355,6035,0,2872,409
26/07/2024,7.22,0.0,3.61,2875,2880,2875,20240726RUN03,13.84504586885962,100.47137548482922,26/07/2024,1.2610076255511595,0.930827188684096,1.184879894444419,1.014357295195385,1.2610076255511595,0.0761277311067405,1.2229437599977893,1.168578580293347,6035,0,2879,410
26/07/2024,5.32,0.0,2.66,2880,2885,2880,20240726RUN03,13.845031181087228,100.47133174474895,26/07/2024,1.967062845844036,1.8239588724747529,1.8143997222556172,1.39817972172104,1.967062845844036,0.1526631235884186,1.8907312840498265,1.8335547330649664,6035,0,,
26/07/2024,5.2,0.0,2.6,2885,2890,2885,20240726RUN03,13.845016535119376,100.47128798996856,26/07/2024,1.967062845844036,1.8239588724747529,1.8143997222556172,1.39817972172104,1.967062845844036,0.1526631235884186,1.8907312840498265,2.0179824949761174,6035,0,2886,411
26/07/2024,4.86,0.0,2.43,2890,2895,2890,20240726RUN03,13.845001897474347,100.47124423227866,26/07/2024,1.967062845844036,1.8239588724747529,1.8143997222556172,1.39817972172104,1.967062845844036,0.1526631235884186,1.8907312840498265,1.7467739184753825,6035,0,2893,412
26/07/2024,3.97,0.0,1.98,2895,2900,2895,20240726RUN03,13.844987236688757,100.47120048269473,26/07/2024,1.967062845844036,1.8239588724747529,1.8143997222556172,1.39817972172104,1.967062845844036,0.1526631235884186,1.8907312840498265,1.8349998211932064,6035,0,,
26/07/2024,5.4,0.0,2.7,2900,2905,2900,20240726RUN03,13.844972571672727,100.47115673460102,26/07/2024,2.3536996257576632,1.834718301723692,1.9395570858669744,1.3860463230618931,2.3536996257576632,0.414142539890689,2.146628355812319,2.1243613006933337,6035,0,2900,413
26/07/2024,4.7,0.0,2.35,2905,2910,2905,20240726RUN03,13.844957985754904,100.4711129588652,26/07/2024,2.3536996257576632,1.834718301723692,1.9395570858669744,1.3860463230618931,2.3536996257576632,0.414142539890689,2.146628355812319,2.1446664075360924,6035,0,2907,414
26/07/2024,4.52,0.0,2.26,2910,2915,2910,20240726RUN03,13.844943545880598,100.47106913247337,26/07/2024,2.3536996257576632,1.834718301723692,1.9395570858669744,1.3860463230618931,2.3536996257576632,0.414142539890689,2.146628355812319,2.222124499984526,6035,0,2914,415
26/07/2024,2.66,0.0,1.33,2915,2920,2915,20240726RUN03,13.844929182871965,100.47102527958049,26/07/2024,2.3536996257576632,1.834718301723692,1.9395570858669744,1.3860463230618931,2.3536996257576632,0.414142539890689,2.146628355812319,2.361219293921579,6035,0,,
26/07/2024,1.51,0.0,0.76,2920,2925,2920,20240726RUN03,13.844914818556463,100.47098142710017,26/07/2024,1.7741666039960542,1.165301753393709,2.6498459619084027,1.735201585604394,2.6498459619084027,0.8756793579123485,2.2120062829522285,2.3918294048445885,6035,0,2921,416
26/07/2024,0.91,0.0,0.46,2925,2930,2925,20240726RUN03,13.844900490120997,100.47093756238242,26/07/2024,1.7741666039960542,1.165301753393709,2.6498459619084027,1.735201585604394,2.6498459619084027,0.8756793579123485,2.2120062829522285,1.9919764543544276,6035,0,2928,417
26/07/2024,0.79,0.0,0.4,2930,2935,2930,20240726RUN03,13.84488621688316,100.47089367881262,26/07/2024,1.7741666039960542,1.165301753393709,2.6498459619084027,1.735201585604394,2.6498459619084027,0.8756793579123485,2.2120062829522285,2.3241073132397556,6035,0,,
26/07/2024,0.63,0.0,0.32,2935,2940,2935,20240726RUN03,13.844872002311083,100.4708497752838,26/07/2024,1.7741666039960542,1.165301753393709,2.6498459619084027,1.735201585604394,2.6498459619084027,0.8756793579123485,2.2120062829522285,2.1058147071695617,6035,0,2936,418
26/07/2024,1.12,0.0,0.56,2940,2945,2940,20240726RUN03,13.844857826256028,100.47080585875122,26/07/2024,2.3043106557644384,1.6692702846106775,2.743643427888938,1.8687388313214903,2.743643427888938,0.4393327721244997,2.5239770418266883,2.41902531075267,6035,0,2943,419
26/07/2024,1.05,0.0,0.52,2945,2950,2945,20240726RUN03,13.844843666029035,100.47076193686445,26/07/2024,2.3043106557644384,1.6692702846106775,2.743643427888938,1.8687388313214903,2.743643427888938,0.4393327721244997,2.5239770418266883,2.5724906403336774,6035,0,,
26/07/2024,0.42,0.0,0.21,2950,2955,2950,20240726RUN03,13.844829523456683,100.47071800898391,26/07/2024,2.3043106557644384,1.6692702846106775,2.743643427888938,1.8687388313214903,2.743643427888938,0.4393327721244997,2.5239770418266883,2.5011363229936525,6035,0,2950,420
26/07/2024,1.36,0.0,0.68,2955,2960,2955,20240726RUN03,13.844815344265331,100.47067409350814,26/07/2024,2.3043106557644384,1.6692702846106775,2.743643427888938,1.8687388313214903,2.743643427888938,0.4393327721244997,2.5239770418266883,2.3598002041608708,6035,0,2957,421
26/07/2024,0.73,0.0,0.36,2960,2965,2960,20240726RUN03,13.844801097766142,100.47063020082376,26/07/2024,1.4265447840971568,0.9527404931150544,1.6873812417482388,1.1586279667180854,1.6873812417482388,0.260836457651082,1.5569630129226977,1.6496578066984242,6035,0,2964,422
26/07/2024,0.51,0.0,0.26,2965,2970,2965,20240726RUN03,13.844786854273284,100.47058630713857,26/07/2024,1.4265447840971568,0.9527404931150544,1.6873812417482388,1.1586279667180854,1.6873812417482388,0.260836457651082,1.5569630129226977,1.405039086721099,6035,0,,
26/07/2024,0.72,0.0,0.36,2970,2975,2970,20240726RUN03,13.844772658914826,100.4705423971411,26/07/2024,1.4265447840971568,0.9527404931150544,1.6873812417482388,1.1586279667180854,1.6873812417482388,0.260836457651082,1.5569630129226977,1.4787241601812637,6035,0,2971,423
26/07/2024,2.13,0.11,1.12,2975,2980,2975,20240726RUN03,13.844758504442588,100.4704984733177,26/07/2024,1.4265447840971568,0.9527404931150544,1.6873812417482388,1.1586279667180854,1.6873812417482388,0.260836457651082,1.5569630129226977,1.7035138271638375,6035,0,2978,424
26/07/2024,1.68,0.09,0.88,2980,2985,2980,20240726RUN03,13.84474442781432,100.470454523328,26/07/2024,1.3570835179366232,1.1057835548708892,2.8255442959183723,2.0797124475632365,2.8255442959183723,1.4684607779817491,2.091313906927498,1.9472797728683484,6035,0,,
26/07/2024,2.44,0.0,1.22,2985,2990,2985,20240726RUN03,13.84473039560423,100.47041055840093,26/07/2024,1.3570835179366232,1.1057835548708892,2.8255442959183723,2.0797124475632365,2.8255442959183723,1.4684607779817491,2.091313906927498,2.2835396643693504,6035,0,2985,425
26/07/2024,2.03,0.08,1.06,2990,2995,2990,20240726RUN03,13.844716323310704,100.47036660689938,26/07/2024,1.3570835179366232,1.1057835548708892,2.8255442959183723,2.0797124475632365,2.8255442959183723,1.4684607779817491,2.091313906927498,2.1590282343966627,6035,0,2992,426
26/07/2024,1.77,0.0,0.88,2995,3000,2995,20240726RUN03,13.844702259867375,100.4703226524232,26/07/2024,1.3570835179366232,1.1057835548708892,2.8255442959183723,2.0797124475632365,2.8255442959183723,1.4684607779817491,2.091313906927498,2.042875548787788,6035,0,2999,427
26/07/2024,2.08,0.0,1.04,3000,3005,3000,20240726RUN03,13.844688239076017,100.47027868372868,26/07/2024,1.6402895948808447,1.0195763837620866,1.8778850372742937,1.368836716827996,1.8778850372742937,0.2375954423934489,1.759087316077569,1.8781414203544575,6035,0,,
26/07/2024,0.69,0.0,0.34,3005,3010,3005,20240726RUN03,13.84467423808605,100.4702347084186,26/07/2024,1.6402895948808447,1.0195763837620866,1.8778850372742937,1.368836716827996,1.8778850372742937,0.2375954423934489,1.759087316077569,1.6927325272175178,6035,0,3006,428
26/07/2024,0.31,0.0,0.16,3010,3015,3010,20240726RUN03,13.84466026317656,100.4701907243904,26/07/2024,1.6402895948808447,1.0195763837620866,1.8778850372742937,1.368836716827996,1.8778850372742937,0.2375954423934489,1.759087316077569,1.8208521975720333,6035,0,3013,429
26/07/2024,0.32,0.0,0.16,3015,3020,3015,20240726RUN03,13.844646321082907,100.47014672948832,26/07/2024,1.6402895948808447,1.0195763837620866,1.8778850372742937,1.368836716827996,1.8778850372742937,0.2375954423934489,1.759087316077569,1.7156793922990672,6035,0,,
26/07/2024,0.68,0.0,0.34,3020,3025,3020,20240726RUN03,13.844632414012402,100.47010272296313,26/07/2024,2.266636595313959,1.544382007116644,2.3608477472206157,1.730675446085547,2.3608477472206157,0.0942111519066561,2.3137421712672874,2.2008765139051842,6035,0,3020,430
26/07/2024,0.32,0.0,0.16,3025,3030,3025,20240726RUN03,13.844618501414153,100.47005871825199,26/07/2024,2.266636595313959,1.544382007116644,2.3608477472206157,1.730675446085547,2.3608477472206157,0.0942111519066561,2.3137421712672874,2.382389287466275,6035,0,3027,431
26/07/2024,0.1,0.0,0.05,3030,3035,3030,20240726RUN03,13.844604541452169,100.4700147292299,26/07/2024,2.266636595313959,1.544382007116644,2.3608477472206157,1.730675446085547,2.3608477472206157,0.0942111519066561,2.3137421712672874,2.1537765398090407,6035,0,3034,432
26/07/2024,0.12,0.0,0.06,3035,3040,3035,20240726RUN03,13.844590584455212,100.46997073928166,26/07/2024,2.266636595313959,1.544382007116644,2.3608477472206157,1.730675446085547,2.3608477472206157,0.0942111519066561,2.3137421712672874,2.507516170449511,6035,0,,
26/07/2024,0.02,0.0,0.01,3040,3045,3040,20240726RUN03,13.844576673156064,100.46992673414678,26/07/2024,1.300015806828997,0.8814373425134395,2.179163666728648,1.1805772732908943,2.179163666728648,0.8791478598996503,1.7395897367788224,1.867470241257472,6035,0,3041,433
26/07/2024,0.37,0.0,0.18,3045,3050,3045,20240726RUN03,13.844562757021007,100.46988273063718,26/07/2024,1.300015806828997,0.8814373425134395,2.179163666728648,1.1805772732908943,2.179163666728648,0.8791478598996503,1.7395897367788224,1.6242547683131405,6035,0,3048,434
26/07/2024,0.05,0.0,0.02,3050,3055,3050,20240726RUN03,13.844548812267037,100.46983873660368,26/07/2024,1.300015806828997,0.8814373425134395,2.179163666728648,1.1805772732908943,2.179163666728648,0.8791478598996503,1.7395897367788224,1.7729662782281836,6035,0,,
26/07/2024,0.01,0.12,0.06,3055,3060,3055,20240726RUN03,13.844534849919444,100.46979474843161,26/07/2024,1.300015806828997,0.8814373425134395,2.179163666728648,1.1805772732908943,2.179163666728648,0.8791478598996503,1.7395897367788224,1.574110834887574,6035,0,3055,435
26/07/2024,0.22,0.92,0.57,3060,3065,3060,20240726RUN03,13.844520831947092,100.46975077879642,26/07/2024,1.300154062392063,0.980534793216722,2.0234520734327743,1.4113543658934846,2.0234520734327743,0.7232980110407112,1.6618030679124187,1.5380313120706661,6035,0,3062,436
26/07/2024,0.14,0.27,0.2,3065,3070,3065,20240726RUN03,13.844506811880532,100.4697068098429,26/07/2024,1.300154062392063,0.980534793216722,2.0234520734327743,1.4113543658934846,2.0234520734327743,0.7232980110407112,1.6618030679124187,1.5052156728109913,6035,0,3069,437
26/07/2024,0.36,0.0,0.18,3070,3075,3070,20240726RUN03,13.844492853829843,100.46966282019062,26/07/2024,1.300154062392063,0.980534793216722,2.0234520734327743,1.4113543658934846,2.0234520734327743,0.7232980110407112,1.6618030679124187,1.6531545035941784,6035,0,,
26/07/2024,0.07,0.0,0.04,3075,3080,3075,20240726RUN03,13.844478864189288,100.46961884106582,26/07/2024,1.300154062392063,0.980534793216722,2.0234520734327743,1.4113543658934846,2.0234520734327743,0.7232980110407112,1.6618030679124187,1.7677705025033776,6035,0,3076,438
26/07/2024,0.13,0.0,0.06,3080,3085,3080,20240726RUN03,13.84446471862988,100.46957491426858,26/07/2024,1.9892189455545013,1.62498845501151,1.5054907257770216,1.208548672276473,1.9892189455545013,0.4837282197774799,1.7473548356657616,1.6009497431696664,6035,0,3083,439
26/07/2024,0.18,0.14,0.16,3085,3090,3085,20240726RUN03,13.844450469483549,100.46953102254393,26/07/2024,1.9892189455545013,1.62498845501151,1.5054907257770216,1.208548672276473,1.9892189455545013,0.4837282197774799,1.7473548356657616,1.788376300608292,6035,0,,
26/07/2024,0.02,0.0,0.01,3090,3095,3090,20240726RUN03,13.84443628105657,100.46948711026795,26/07/2024,1.9892189455545013,1.62498845501151,1.5054907257770216,1.208548672276473,1.9892189455545013,0.4837282197774799,1.7473548356657616,1.6715343013898267,6035,0,3090,440
26/07/2024,0.25,0.0,0.12,3095,3100,3095,20240726RUN03,13.844422182524758,100.46944316758584,26/07/2024,1.9892189455545013,1.62498845501151,1.5054907257770216,1.208548672276473,1.9892189455545013,0.4837282197774799,1.7473548356657616,1.8129390167043755,6035,0,3097,441
26/07/2024,0.47,0.0,0.24,3100,3105,3100,20240726RUN03,13.844408084274262,100.46939922477875,26/07/2024,1.7201900649911996,1.4711781127293366,1.8646321938089965,1.597631588673479,1.8646321938089965,0.1444421288177966,1.7924111294000982,1.9214866548140694,6035,0,3104,442
26/07/2024,0.87,0.0,0.44,3105,3110,3105,20240726RUN03,13.844393962148056,100.46935529001671,26/07/2024,1.7201900649911996,1.4711781127293366,1.8646321938089965,1.597631588673479,1.8646321938089965,0.1444421288177966,1.7924111294000982,1.9209085792738212,6035,0,,
26/07/2024,1.43,0.33,0.88,3110,3115,3110,20240726RUN03,13.844379880930505,100.46931134149597,26/07/2024,1.7201900649911996,1.4711781127293366,1.8646321938089965,1.597631588673479,1.8646321938089965,0.1444421288177966,1.7924111294000982,1.773366999976211,6035,0,3111,443
26/07/2024,1.56,0.16,0.86,3115,3120,3115,20240726RUN03,13.844365865231458,100.46926737099122,26/07/2024,1.7201900649911996,1.4711781127293366,1.8646321938089965,1.597631588673479,1.8646321938089965,0.1444421288177966,1.7924111294000982,1.78717397130123,6035,0,3118,444
26/07/2024,1.53,0.04,0.78,3120,3125,3120,20240726RUN03,13.844351855484929,100.46922339848986,26/07/2024,4.258287816563218,4.616051165850732,4.447372995608318,4.887629235484405,4.447372995608318,0.1890851790451,4.3528304060857685,4.453911843566946,6035,0,,
26/07/2024,1.05,0.13,0.59,3125,3130,3125,20240726RUN03,13.844337819985189,100.46917943461536,26/07/2024,4.258287816563218,4.616051165850732,4.447372995608318,4.887629235484405,4.447372995608318,0.1890851790451,4.3528304060857685,4.737935834494601,6035,0,3125,445
26/07/2024,1.64,1.06,1.35,3130,3135,3130,20240726RUN03,13.844323761306782,100.46913547854741,26/07/2024,4.258287816563218,4.616051165850732,4.447372995608318,4.887629235484405,4.447372995608318,0.1890851790451,4.3528304060857685,4.218674711110299,6035,0,3132,446
26/07/2024,1.48,0.3,0.89,3135,3140,3135,20240726RUN03,13.844309679711703,100.46909153021626,26/07/2024,4.258287816563218,4.616051165850732,4.447372995608318,4.887629235484405,4.447372995608318,0.1890851790451,4.3528304060857685,4.056510482749855,6035,0,3139,447
26/07/2024,2.01,0.1,1.06,3140,3145,3140,20240726RUN03,13.844295623137187,100.46904757351824,26/07/2024,3.7342777882548153,2.883893288121954,2.9523139295589957,1.865109598892316,3.7342777882548153,0.78196385869582,3.3432958589069055,3.3112934779866143,6035,0,,
26/07/2024,1.81,0.39,1.1,3145,3150,3145,20240726RUN03,13.844281597117035,100.46900360658174,26/07/2024,3.7342777882548153,2.883893288121954,2.9523139295589957,1.865109598892316,3.7342777882548153,0.78196385869582,3.3432958589069055,3.5972953685928872,6035,0,3146,448
26/07/2024,1.37,0.47,0.92,3150,3155,3150,20240726RUN03,13.844267535652195,100.46895965153092,26/07/2024,3.7342777882548153,2.883893288121954,2.9523139295589957,1.865109598892316,3.7342777882548153,0.78196385869582,3.3432958589069055,3.210218885938242,6035,0,3153,449
26/07/2024,2.11,1.02,1.56,3155,3160,3155,20240726RUN03,13.844253482200246,100.46891569377804,26/07/2024,3.7342777882548153,2.883893288121954,2.9523139295589957,1.865109598892316,3.7342777882548153,0.78196385869582,3.3432958589069055,3.512159491200345,6035,0,,
26/07/2024,1.32,0.63,0.98,3160,3165,3160,20240726RUN03,13.844239496688097,100.4688717133055,26/07/2024,2.197428765747416,2.0277669858629817,3.710311513299242,2.139275177371245,3.710311513299242,1.512882747551826,2.953870139523329,3.125700010891517,6035,0,3160,450
26/07/2024,0.87,0.0,0.44,3165,3170,3165,20240726RUN03,13.84422552888836,100.46882772694794,26/07/2024,2.197428765747416,2.0277669858629817,3.710311513299242,2.139275177371245,3.710311513299242,1.512882747551826,2.953870139523329,2.9297530737878072,6035,0,3167,451
26/07/2024,0.1,0.0,0.05,3170,3175,3170,20240726RUN03,13.844211578748071,100.46878373482319,26/07/2024,2.197428765747416,2.0277669858629817,3.710311513299242,2.139275177371245,3.710311513299242,1.512882747551826,2.953870139523329,2.7976988061691865,6035,0,3174,452
26/07/2024,0.16,0.0,0.08,3175,3180,3175,20240726RUN03,13.844197670901739,100.46873972866543,26/07/2024,2.197428765747416,2.0277669858629817,3.710311513299242,2.139275177371245,3.710311513299242,1.512882747551826,2.953870139523329,2.927543131976428,6035,0,,
26/07/2024,0.08,0.0,0.04,3180,3185,3180,20240726RUN03,13.844183731592844,100.4686957329628,26/07/2024,1.843493499651608,1.374783742317391,3.251304845281494,2.3281968270411872,3.251304845281494,1.4078113456298855,2.547399172466551,2.4555157697011007,6035,0,3181,453
26/07/2024,0.33,0.0,0.16,3185,3190,3185,20240726RUN03,13.844169718336145,100.46865176185231,26/07/2024,1.843493499651608,1.374783742317391,3.251304845281494,2.3281968270411872,3.251304845281494,1.4078113456298855,2.547399172466551,2.615929600794435,6035,0,3188,454
26/07/2024,0.09,0.0,0.04,3190,3195,3190,20240726RUN03,13.844155711744525,100.46860778848054,26/07/2024,1.843493499651608,1.374783742317391,3.251304845281494,2.3281968270411872,3.251304845281494,1.4078113456298855,2.547399172466551,2.587209224963638,6035,0,,
26/07/2024,0.0,0.0,0.0,3195,3200,3195,20240726RUN03,13.844141755373066,100.46856379842882,26/07/2024,1.843493499651608,1.374783742317391,3.251304845281494,2.3281968270411872,3.251304845281494,1.4078113456298855,2.547399172466551,2.6527846044498267,6035,0,3195,455
26/07/2024,0.09,0.0,0.04,3200,3205,3200,20240726RUN03,13.844127825566984,100.4685197995219,26/07/2024,2.239935685330324,1.8401049240831164,2.503915185644067,1.8330450919694343,2.503915185644067,0.2639795003137428,2.3719254354871957,2.590733714471148,6035,0,3202,456
26/07/2024,0.16,0.0,0.08,3205,3210,3205,20240726RUN03,13.844113865091579,100.46847581078728,26/07/2024,2.239935685330324,1.8401049240831164,2.503915185644067,1.8330450919694343,2.503915185644067,0.2639795003137428,2.3719254354871957,2.5695685598229754,6035,0,3209,457
26/07/2024,0.5,0.0,0.25,3210,3215,3210,20240726RUN03,13.844099892887405,100.46843182592792,26/07/2024,2.239935685330324,1.8401049240831164,2.503915185644067,1.8330450919694343,2.503915185644067,0.2639795003137428,2.3719254354871957,2.2920728120539304,6035,0,,
26/07/2024,0.39,0.0,0.2,3215,3220,3215,20240726RUN03,13.844085961467085,100.46838782754895,26/07/2024,2.239935685330324,1.8401049240831164,2.503915185644067,1.8330450919694343,2.503915185644067,0.2639795003137428,2.3719254354871957,2.310561335523461,6035,0,3216,458
26/07/2024,0.39,0.29,0.34,3220,3225,3220,20240726RUN03,13.844072013893859,100.46834383452733,26/07/2024,2.3262938969957987,2.0136389265990737,2.3251030732945903,1.669917992792052,2.3262938969957987,0.0011908237012083,2.3256984851451943,2.181387719382678,6035,0,3223,459
26/07/2024,0.98,0.0,0.49,3225,3230,3225,20240726RUN03,13.844057995443416,100.46829986510551,26/07/2024,2.3262938969957987,2.0136389265990737,2.3251030732945903,1.669917992792052,2.3262938969957987,0.0011908237012083,2.3256984851451943,2.555651902249983,6035,0,,
26/07/2024,0.2,0.0,0.1,3230,3235,3230,20240726RUN03,13.844043879744195,100.4682559283734,26/07/2024,2.3262938969957987,2.0136389265990737,2.3251030732945903,1.669917992792052,2.3262938969957987,0.0011908237012083,2.3256984851451943,2.221728225001801,6035,0,3230,460
26/07/2024,0.38,0.0,0.19,3235,3240,3235,20240726RUN03,13.844029738458788,100.46821200017649,26/07/2024,2.3262938969957987,2.0136389265990737,2.3251030732945903,1.669917992792052,2.3262938969957987,0.0011908237012083,2.3256984851451943,2.1778068712946603,6035,0,3237,461
26/07/2024,0.53,0.04,0.29,3240,3245,3240,20240726RUN03,13.844015731894967,100.46816802686368,26/07/2024,1.7524406007253135,1.193830926666833,1.6028391584781154,1.2196631497354795,1.7524406007253135,0.1496014422471983,1.6776398796017145,1.6413510352290426,6035,0,3244,462
26/07/2024,0.51,0.0,0.26,3245,3250,3245,20240726RUN03,13.844001847067645,100.46812401304857,26/07/2024,1.7524406007253135,1.193830926666833,1.6028391584781154,1.2196631497354795,1.7524406007253135,0.1496014422471983,1.6776398796017145,1.7631578715533234,6035,0,,
26/07/2024,0.83,0.0,0.42,3250,3255,3250,20240726RUN03,13.84398793490848,100.46808000832347,26/07/2024,1.7524406007253135,1.193830926666833,1.6028391584781154,1.2196631497354795,1.7524406007253135,0.1496014422471983,1.6776398796017145,1.5389287268155465,6035,0,3252,463
26/07/2024,0.8,0.0,0.4,3255,3260,3255,20240726RUN03,13.843973946657966,100.46803602885365,26/07/2024,1.7524406007253135,1.193830926666833,1.6028391584781154,1.2196631497354795,1.7524406007253135,0.1496014422471983,1.6776398796017145,1.536305293957866,6035,0,3259,464
26/07/2024,0.89,0.0,0.44,3260,3265,3260,20240726RUN03,13.843959965275872,100.46799204715144,26/07/2024,1.245077367028436,1.047727757591382,1.3543349860581535,0.984140689149528,1.3543349860581535,0.1092576190297176,1.2997061765432947,1.3882098441214774,6035,0,,
26/07/2024,1.38,0.0,0.69,3265,3270,3265,20240726RUN03,13.84394607955218,100.46794803375042,26/07/2024,1.245077367028436,1.047727757591382,1.3543349860581535,0.984140689149528,1.3543349860581535,0.1092576190297176,1.2997061765432947,1.2947142083379113,6035,0,3266,465
26/07/2024,0.78,0.0,0.39,3270,3275,3270,20240726RUN03,13.843932262097528,100.46790399781386,26/07/2024,1.245077367028436,1.047727757591382,1.3543349860581535,0.984140689149528,1.3543349860581535,0.1092576190297176,1.2997061765432947,1.1771412721230874,6035,0,3273,466
26/07/2024,0.6,0.0,0.3,3275,3280,3275,20240726RUN03,13.843918502762458,100.46785994280292,26/07/2024,1.245077367028436,1.047727757591382,1.3543349860581535,0.984140689149528,1.3543349860581535,0.1092576190297176,1.2997061765432947,1.1964974383653797,6035,0,,
26/07/2024,0.06,0.06,0.06,3280,3285,3280,20240726RUN03,13.843904858924354,100.46781585019993,26/07/2024,1.6368950572612595,1.052795811722275,1.2808560884582914,0.8461858065493855,1.6368950572612595,0.3560389688029683,1.4588755728597755,1.5569208000646735,6035,0,3280,467
26/07/2024,0.0,0.03,0.02,3285,3290,3285,20240726RUN03,13.843891324621511,100.46777172225643,26/07/2024,1.6368950572612595,1.052795811722275,1.2808560884582914,0.8461858065493855,1.6368950572612595,0.3560389688029683,1.4588755728597755,1.398697508928836,6035,0,3287,468
26/07/2024,0.0,3.4,1.7,3290,3295,3290,20240726RUN03,13.843877782602753,100.46772759677657,26/07/2024,1.6368950572612595,1.052795811722275,1.2808560884582914,0.8461858065493855,1.6368950572612595,0.3560389688029683,1.4588755728597755,1.4886000818751546,6035,0,3294,469
26/07/2024,0.0,0.61,0.3,3295,3300,3295,20240726RUN03,13.84386408983654,100.46768352005842,26/07/2024,1.6368950572612595,1.052795811722275,1.2808560884582914,0.8461858065493855,1.6368950572612595,0.3560389688029683,1.4588755728597755,1.3574332884200493,6035,0,,
26/07/2024,0.18,0.0,0.09,3300,3305,3300,20240726RUN03,13.843850288778901,100.46763947876393,26/07/2024,1.689803195251935,1.157447201169679,1.298907575566198,0.9893128781480544,1.689803195251935,0.3908956196857369,1.4943553854090665,1.4453342114777734,6035,0,3301,470
26/07/2024,0.28,0.11,0.2,3305,3310,3305,20240726RUN03,13.84383653508372,100.46759542198834,26/07/2024,1.689803195251935,1.157447201169679,1.298907575566198,0.9893128781480544,1.689803195251935,0.3908956196857369,1.4943553854090665,1.604191182373169,6035,0,3308,471
26/07/2024,0.3,0.0,0.15,3310,3315,3310,20240726RUN03,13.843822866195582,100.46755133752622,26/07/2024,1.689803195251935,1.157447201169679,1.298907575566198,0.9893128781480544,1.689803195251935,0.3908956196857369,1.4943553854090665,1.4808191484491555,6035,0,,
26/07/2024,0.0,0.0,0.0,3315,3320,3315,20240726RUN03,13.843809192673543,100.46750725453292,26/07/2024,1.689803195251935,1.157447201169679,1.298907575566198,0.9893128781480544,1.689803195251935,0.3908956196857369,1.4943553854090665,1.548730117438926,6035,0,3315,472
26/07/2024,0.16,0.0,0.08,3320,3325,3320,20240726RUN03,13.84379549169899,100.46746318045858,26/07/2024,3.249327941429476,3.56655138667473,1.8853030090203284,1.549861927676453,3.249327941429476,1.3640249324091474,2.567315475224902,2.560093285784576,6035,0,3322,473
26/07/2024,1.83,0.0,0.92,3325,3330,3325,20240726RUN03,13.843781910260216,100.46741906774734,26/07/2024,3.249327941429476,3.56655138667473,1.8853030090203284,1.549861927676453,3.249327941429476,1.3640249324091474,2.567315475224902,2.732915871748108,6035,0,3329,474
26/07/2024,0.18,0.0,0.09,3330,3335,3330,20240726RUN03,13.84376873533672,100.46737482636753,26/07/2024,3.249327941429476,3.56655138667473,1.8853030090203284,1.549861927676453,3.249327941429476,1.3640249324091474,2.567315475224902,2.4349072851950813,6035,0,,
26/07/2024,0.71,0.0,0.36,3335,3340,3335,20240726RUN03,13.843756062799358,100.46733043133901,26/07/2024,3.249327941429476,3.56655138667473,1.8853030090203284,1.549861927676453,3.249327941429476,1.3640249324091474,2.567315475224902,2.4141320450278,6035,0,3336,475
26/07/2024,0.05,0.0,0.02,3340,3345,3340,20240726RUN03,13.843743504468579,100.46728600227209,26/07/2024,2.2414519256134904,2.0107528682538423,2.4234747108161767,1.9834253282450829,2.4234747108161767,0.1820227852026863,2.3324633182148338,2.5333580064447707,6035,0,3343,476
26/07/2024,0.47,0.0,0.24,3345,3350,3345,20240726RUN03,13.84373070546526,100.46724164522803,26/07/2024,2.2414519256134904,2.0107528682538423,2.4234747108161767,1.9834253282450829,2.4234747108161767,0.1820227852026863,2.3324633182148338,2.1406140903768134,6035,0,,
26/07/2024,0.38,0.0,0.19,3350,3355,3350,20240726RUN03,13.843717603771442,100.46719738079457,26/07/2024,2.2414519256134904,2.0107528682538423,2.4234747108161767,1.9834253282450829,2.4234747108161767,0.1820227852026863,2.3324633182148338,2.19729707230241,6035,0,3350,477
26/07/2024,0.22,0.0,0.11,3355,3360,3355,20240726RUN03,13.843704254552492,100.46715319387471,26/07/2024,2.2414519256134904,2.0107528682538423,2.4234747108161767,1.9834253282450829,2.4234747108161767,0.1820227852026863,2.3324633182148338,2.34014533479251,6035,0,3357,478
26/07/2024,2.03,0.0,1.01,3360,3365,3360,20240726RUN03,13.843690811142666,100.46710903684003,26/07/2024,2.4535342266159,1.4608367714007582,2.028075013380344,1.914159076737644,2.4535342266159,0.4254592132355559,2.240804619998122,2.3926803310368614,6035,0,3364,479
26/07/2024,2.8,0.0,1.4,3365,3370,3365,20240726RUN03,13.843677528617718,100.46706482899125,26/07/2024,2.4535342266159,1.4608367714007582,2.028075013380344,1.914159076737644,2.4535342266159,0.4254592132355559,2.240804619998122,2.0415329767682127,6035,0,,
26/07/2024,1.6,0.0,0.8,3370,3375,3370,20240726RUN03,13.843664596598838,100.46702051243311,26/07/2024,2.4535342266159,1.4608367714007582,2.028075013380344,1.914159076737644,2.4535342266159,0.4254592132355559,2.240804619998122,2.221712509241974,6035,0,3371,480
26/07/2024,2.58,0.0,1.29,3375,3380,3375,20240726RUN03,13.843652003420571,100.4669760936794,26/07/2024,2.4535342266159,1.4608367714007582,2.028075013380344,1.914159076737644,2.4535342266159,0.4254592132355559,2.240804619998122,2.0432240663145045,6035,0,3378,481
26/07/2024,1.58,0.0,0.79,3380,3385,3380,20240726RUN03,13.843639752360316,100.46693157496651,26/07/2024,1.6054325429543554,1.1869717216595883,2.3518252161867466,1.6681757767856749,2.3518252161867466,0.7463926732323911,1.9786288795705511,2.087560275084049,6035,0,,
26/07/2024,2.0,0.0,1.0,3385,3390,3385,20240726RUN03,13.843627882401796,100.46688694824759,26/07/2024,1.6054325429543554,1.1869717216595883,2.3518252161867466,1.6681757767856749,2.3518252161867466,0.7463926732323911,1.9786288795705511,1.9503796014182189,6035,0,3385,482
26/07/2024,1.97,0.0,0.98,3390,3395,3390,20240726RUN03,13.84361633671448,100.46684223249171,26/07/2024,1.6054325429543554,1.1869717216595883,2.3518252161867466,1.6681757767856749,2.3518252161867466,0.7463926732323911,1.9786288795705511,2.083023347681359,6035,0,3392,483
26/07/2024,1.9,0.0,0.95,3395,3400,3395,20240726RUN03,13.84360505291874,100.46679744674663,26/07/2024,1.6054325429543554,1.1869717216595883,2.3518252161867466,1.6681757767856749,2.3518252161867466,0.7463926732323911,1.9786288795705511,2.0242831436365716,6035,0,3399,484
26/07/2024,0.81,0.0,0.4,3400,3405,3400,20240726RUN03,13.843593983258002,100.4667526050236,26/07/2024,2.2648967851116475,1.3956045340086722,2.365193907096147,1.783073275356008,2.365193907096147,0.1002971219844997,2.315045346103897,2.294313061803953,6035,0,,
26/07/2024,1.42,0.0,0.71,3405,3410,3405,20240726RUN03,13.843583074121701,100.46670772209531,26/07/2024,2.2648967851116475,1.3956045340086722,2.365193907096147,1.783073275356008,2.365193907096147,0.1002971219844997,2.315045346103897,2.332600412884839,6035,0,3406,485
26/07/2024,0.32,0.0,0.16,3410,3415,3410,20240726RUN03,13.843572377350096,100.46666278572664,26/07/2024,2.2648967851116475,1.3956045340086722,2.365193907096147,1.783073275356008,2.365193907096147,0.1002971219844997,2.315045346103897,2.138002714315336,6035,0,3413,486
26/07/2024,0.25,0.0,0.12,3415,3420,3415,20240726RUN03,13.843562013090589,100.46661776789237,26/07/2024,2.2648967851116475,1.3956045340086722,2.365193907096147,1.783073275356008,2.365193907096147,0.1002971219844997,2.315045346103897,2.357907477909375,6035,0,,
26/07/2024,0.18,0.0,0.09,3420,3425,3420,20240726RUN03,13.84355193529001,100.46657268189273,26/07/2024,1.7513143162640807,1.296822746599565,1.9272343463741288,1.3960963955676715,1.9272343463741288,0.1759200301100481,1.8392743313191047,1.9048590499073388,6035,0,3420,487
26/07/2024,0.0,0.0,0.0,3425,3430,3425,20240726RUN03,13.84354196281194,100.46652757132404,26/07/2024,1.7513143162640807,1.296822746599565,1.9272343463741288,1.3960963955676715,1.9272343463741288,0.1759200301100481,1.8392743313191047,1.8942978194210482,6035,0,3427,488
26/07/2024,0.0,0.0,0.0,3430,3435,3430,20240726RUN03,13.843532020323309,100.46648245384489,26/07/2024,1.7513143162640807,1.296822746599565,1.9272343463741288,1.3960963955676715,1.9272343463741288,0.1759200301100481,1.8392743313191047,1.9801303732074547,6035,0,3434,489
26/07/2024,0.0,0.0,0.0,3435,3440,3435,20240726RUN03,13.843522114378656,100.46643732793072,26/07/2024,1.7513143162640807,1.296822746599565,1.9272343463741288,1.3960963955676715,1.9272343463741288,0.1759200301100481,1.8392743313191047,1.7085650765321994,6035,0,,
26/07/2024,0.06,0.0,0.03,3440,3445,3440,20240726RUN03,13.843512251548093,100.46639219215125,26/07/2024,1.785904174058959,1.4774246335062322,1.9299805571614448,1.3999544528526011,1.9299805571614448,0.1440763831024862,1.8579423656102019,1.939237012185897,6035,0,3441,490
26/07/2024,0.0,0.0,0.0,3445,3450,3445,20240726RUN03,13.843502529433806,100.46634702445287,26/07/2024,1.785904174058959,1.4774246335062322,1.9299805571614448,1.3999544528526011,1.9299805571614448,0.1440763831024862,1.8579423656102019,1.8436345396759062,6035,0,3448,491
26/07/2024,0.2,0.0,0.1,3450,3455,3450,20240726RUN03,13.84349297079371,100.4663018201679,26/07/2024,1.785904174058959,1.4774246335062322,1.9299805571614448,1.3999544528526011,1.9299805571614448,0.1440763831024862,1.8579423656102019,1.951636752814873,6035,0,,
26/07/2024,0.01,0.0,0.0,3455,3460,3455,20240726RUN03,13.843483563410425,100.46625658269063,26/07/2024,1.785904174058959,1.4774246335062322,1.9299805571614448,1.3999544528526011,1.9299805571614448,0.1440763831024862,1.8579423656102019,1.68535581571134,6035,0,3455,492
26/07/2024,0.0,0.0,0.0,3460,3465,3460,20240726RUN03,13.84347436794471,100.4662112996592,26/07/2024,1.8712817247866365,1.294040588087756,2.0996735539653,1.2849650116658415,2.0996735539653,0.2283918291786635,1.985477639375968,2.116897221797157,6035,0,3462,493
26/07/2024,0.1,0.0,0.05,3465,3470,3465,20240726RUN03,13.84346540989635,100.46616596676331,26/07/2024,1.8712817247866365,1.294040588087756,2.0996735539653,1.2849650116658415,2.0996735539653,0.2283918291786635,1.985477639375968,2.1002714151311093,6035,0,3469,494
26/07/2024,0.02,0.0,0.01,3470,3475,3470,20240726RUN03,13.84345663543806,100.46612059624219,26/07/2024,1.8712817247866365,1.294040588087756,2.0996735539653,1.2849650116658415,2.0996735539653,0.2283918291786635,1.985477639375968,1.8449248962103848,6035,0,,
26/07/2024,0.05,0.0,0.02,3475,3480,3475,20240726RUN03,13.843448003202926,100.46607519721834,26/07/2024,1.8712817247866365,1.294040588087756,2.0996735539653,1.2849650116658415,2.0996735539653,0.2283918291786635,1.985477639375968,2.133154056865756,6035,0,3476,495
26/07/2024,0.01,0.0,0.0,3480,3485,3480,20240726RUN03,13.843439548899726,100.46602976308763,26/07/2024,1.6377851738804818,1.6586045949074475,1.9594762497641427,1.2061604363499765,1.9594762497641427,0.3216910758836608,1.7986307118223124,1.7564481069304332,6035,0,3483,496
26/07/2024,0.11,0.0,0.06,3485,3490,3485,20240726RUN03,13.84343128498575,100.46598429233576,26/07/2024,1.6377851738804818,1.6586045949074475,1.9594762497641427,1.2061604363499765,1.9594762497641427,0.3216910758836608,1.7986307118223124,1.8626675299736144,6035,0,,
26/07/2024,0.26,0.0,0.13,3490,3495,3490,20240726RUN03,13.843423216834246,100.465938784767,26/07/2024,1.6377851738804818,1.6586045949074475,1.9594762497641427,1.2061604363499765,1.9594762497641427,0.3216910758836608,1.7986307118223124,1.7841050456603766,6035,0,3490,497
26/07/2024,0.04,0.0,0.02,3495,3500,3495,20240726RUN03,13.843415325043047,100.46589324480534,26/07/2024,1.6377851738804818,1.6586045949074475,1.9594762497641427,1.2061604363499765,1.9594762497641427,0.3216910758836608,1.7986307118223124,1.7925800495653965,6035,0,3497,498
26/07/2024,0.0,0.0,0.0,3500,3505,3500,20240726RUN03,13.843407613136968,100.46584767260747,26/07/2024,2.410661001598202,1.4479567650124052,2.0579772328248134,1.3504209078542355,2.410661001598202,0.3526837687733892,2.2343191172115078,2.1971117349873603,6035,0,3504,499
26/07/2024,0.22,0.0,0.11,3505,3510,3505,20240726RUN03,13.843400123992103,100.46580206154337,26/07/2024,2.410661001598202,1.4479567650124052,2.0579772328248134,1.3504209078542355,2.410661001598202,0.3526837687733892,2.2343191172115078,2.128600845304307,6035,0,,
26/07/2024,0.05,0.0,0.02,3510,3515,3510,20240726RUN03,13.84339281945877,100.46575641902919,26/07/2024,2.410661001598202,1.4479567650124052,2.0579772328248134,1.3504209078542355,2.410661001598202,0.3526837687733892,2.2343191172115078,2.0237151401221287,6035,0,3511,500
26/07/2024,0.02,0.0,0.01,3515,3520,3515,20240726RUN03,13.843385686158086,100.46571074818989,26/07/2024,2.410661001598202,1.4479567650124052,2.0579772328248134,1.3504209078542355,2.410661001598202,0.3526837687733892,2.2343191172115078,2.400508378935277,6035,0,3518,501
26/07/2024,0.02,0.0,0.01,3520,3525,3520,20240726RUN03,13.84337881300321,100.46566503566703,26/07/2024,1.2108851221781751,1.0221640565699746,1.990547310511084,1.427905112593297,1.990547310511084,0.7796621883329087,1.6007162163446296,1.683618684225705,6035,0,,
26/07/2024,0.05,0.0,0.02,3525,3530,3525,20240726RUN03,13.84337220949203,100.46561928154952,26/07/2024,1.2108851221781751,1.0221640565699746,1.990547310511084,1.427905112593297,1.990547310511084,0.7796621883329087,1.6007162163446296,1.684897871802232,6035,0,3525,502
26/07/2024,0.1,0.0,0.05,3530,3535,3530,20240726RUN03,13.843365857857822,100.46557349006129,26/07/2024,1.2108851221781751,1.0221640565699746,1.990547310511084,1.427905112593297,1.990547310511084,0.7796621883329087,1.6007162163446296,1.5144243721744952,6035,0,3532,503
26/07/2024,0.4,0.0,0.2,3535,3540,3535,20240726RUN03,13.843359717810905,100.4655276683063,26/07/2024,1.2108851221781751,1.0221640565699746,1.990547310511084,1.427905112593297,1.990547310511084,0.7796621883329087,1.6007162163446296,1.634696020805324,6035,0,3539,504
26/07/2024,0.5,0.0,0.25,3540,3545,3540,20240726RUN03,13.843353730842347,100.46548182532037,26/07/2024,1.1320725784978565,0.9751944840029187,1.5729684676874198,1.2309665632983136,1.5729684676874198,0.4408958891895636,1.3525205230926383,1.219192200729374,6035,0,,
26/07/2024,0.82,0.0,0.41,3545,3550,3545,20240726RUN03,13.843347901988166,100.46543596103918,26/07/2024,1.1320725784978565,0.9751944840029187,1.5729684676874198,1.2309665632983136,1.5729684676874198,0.4408958891895636,1.3525205230926383,1.2801583157815801,6035,0,3546,505
26/07/2024,0.68,0.0,0.34,3550,3555,3550,20240726RUN03,13.843342253647382,100.46539007309298,26/07/2024,1.1320725784978565,0.9751944840029187,1.5729684676874198,1.2309665632983136,1.5729684676874198,0.4408958891895636,1.3525205230926383,1.4671891006095565,6035,0,3554,506
26/07/2024,0.39,0.0,0.2,3555,3560,3555,20240726RUN03,13.84333675850201,100.46534416564984,26/07/2024,1.1320725784978565,0.9751944840029187,1.5729684676874198,1.2309665632983136,1.5729684676874198,0.4408958891895636,1.3525205230926383,1.3932597025292566,6035,0,,
26/07/2024,0.85,0.0,0.42,3560,3565,3560,20240726RUN03,13.843331402836435,100.46529824094414,26/07/2024,2.4926474178469498,1.774466146836506,1.7428175181443646,1.3355453890342903,2.4926474178469498,0.7498298997025852,2.117732467995657,2.083804291373431,6035,0,3561,507
26/07/2024,0.62,0.0,0.31,3565,3570,3565,20240726RUN03,13.843326225282382,100.46525229489087,26/07/2024,2.4926474178469498,1.774466146836506,1.7428175181443646,1.3355453890342903,2.4926474178469498,0.7498298997025852,2.117732467995657,2.295577840071623,6035,0,3568,508
26/07/2024,1.53,0.0,0.76,3570,3575,3570,20240726RUN03,13.84332125781183,100.46520632462543,26/07/2024,2.4926474178469498,1.774466146836506,1.7428175181443646,1.3355453890342903,2.4926474178469498,0.7498298997025852,2.117732467995657,2.1340505823330633,6035,0,,
26/07/2024,0.24,0.0,0.12,3575,3580,3575,20240726RUN03,13.843316496634245,100.4651603314709,26/07/2024,2.4926474178469498,1.774466146836506,1.7428175181443646,1.3355453890342903,2.4926474178469498,0.7498298997025852,2.117732467995657,2.016469395717948,6035,0,3575,509
26/07/2024,0.16,0.0,0.08,3580,3585,3580,20240726RUN03,13.843311915965414,100.46511431901641,26/07/2024,2.152523244890304,1.5637882107337364,1.775284234564016,1.3580320862523985,2.152523244890304,0.3772390103262875,1.9639037397271601,1.8734109935929888,6035,0,3582,510
26/07/2024,0.04,0.0,0.02,3585,3590,3585,20240726RUN03,13.843307517950336,100.46506828795853,26/07/2024,2.152523244890304,1.5637882107337364,1.775284234564016,1.3580320862523985,2.152523244890304,0.3772390103262875,1.9639037397271601,1.9659123248840595,6035,0,3589,511
26/07/2024,0.02,0.0,0.01,3590,3595,3590,20240726RUN03,13.843303333869251,100.46502223605424,26/07/2024,2.152523244890304,1.5637882107337364,1.775284234564016,1.3580320862523985,2.152523244890304,0.3772390103262875,1.9639037397271601,2.0605419524177693,6035,0,,
26/07/2024,0.15,0.0,0.08,3595,3600,3595,20240726RUN03,13.843299478816204,100.46497615414448,26/07/2024,2.152523244890304,1.5637882107337364,1.775284234564016,1.3580320862523985,2.152523244890304,0.3772390103262875,1.9639037397271601,2.0535575536338815,6035,0,3596,512
26/07/2024,0.64,0.0,0.32,3600,3605,3600,20240726RUN03,13.843296065547431,100.46493003582901,26/07/2024,2.567277338310562,1.820548236556559,2.1862090948211588,1.661538554121789,2.567277338310562,0.3810682434894032,2.3767432165658606,2.3465038242367475,6035,0,3603,513
26/07/2024,0.84,0.0,0.42,3605,3610,3605,20240726RUN03,13.843293022573548,100.46488389035522,26/07/2024,2.567277338310562,1.820548236556559,2.1862090948211588,1.661538554121789,2.567277338310562,0.3810682434894032,2.3767432165658606,2.436716897685722,6035,0,,
26/07/2024,0.71,0.0,0.36,3610,3615,3610,20240726RUN03,13.843290230495663,100.46483772813069,26/07/2024,2.567277338310562,1.820548236556559,2.1862090948211588,1.661538554121789,2.567277338310562,0.3810682434894032,2.3767432165658606,2.266635582734679,6035,0,3610,514
26/07/2024,0.56,0.0,0.28,3615,3620,3615,20240726RUN03,13.843287647501079,100.46479155313361,26/07/2024,2.567277338310562,1.820548236556559,2.1862090948211588,1.661538554121789,2.567277338310562,0.3810682434894032,2.3767432165658606,2.511120840734225,6035,0,3617,515
26/07/2024,1.4,0.0,0.7,3620,3625,3620,20240726RUN03,13.843285236767702,100.46474536839101,26/07/2024,2.9524163831363444,2.816225813082832,4.900050754961049,3.449793848627418,4.900050754961049,1.947634371824704,3.9262335690486965,4.058216973556494,6035,0,3624,516
26/07/2024,0.77,0.0,0.38,3625,3630,3625,20240726RUN03,13.843283004945345,100.46469917433618,26/07/2024,2.9524163831363444,2.816225813082832,4.900050754961049,3.449793848627418,4.900050754961049,1.947634371824704,3.9262335690486965,3.9831797065069754,6035,0,,
26/07/2024,1.23,0.0,0.62,3630,3635,3630,20240726RUN03,13.843281028871973,100.46465296812293,26/07/2024,2.9524163831363444,2.816225813082832,4.900050754961049,3.449793848627418,4.900050754961049,1.947634371824704,3.9262335690486965,3.8408301905731865,6035,0,3631,517
26/07/2024,0.63,0.0,0.32,3635,3640,3635,20240726RUN03,13.843279345619642,100.46460674978907,26/07/2024,2.9524163831363444,2.816225813082832,4.900050754961049,3.449793848627418,4.900050754961049,1.947634371824704,3.9262335690486965,3.7652061370587684,6035,0,3638,518
26/07/2024,0.71,0.0,0.36,3640,3645,3640,20240726RUN03,13.843277933391745,100.4645605219061,26/07/2024,3.391421066761984,2.999790446182959,2.5201329755811184,1.987099700759696,3.391421066761984,0.8712880911808654,2.955777021171551,2.7798488194842412,6035,0,,
26/07/2024,1.43,0.0,0.72,3645,3650,3645,20240726RUN03,13.843276801442947,100.46451428600271,26/07/2024,3.391421066761984,2.999790446182959,2.5201329755811184,1.987099700759696,3.391421066761984,0.8712880911808654,2.955777021171551,2.972555418905301,6035,0,3645,519
26/07/2024,0.83,0.0,0.42,3650,3655,3650,20240726RUN03,13.843275927123592,100.46446804422783,26/07/2024,3.391421066761984,2.999790446182959,2.5201329755811184,1.987099700759696,3.391421066761984,0.8712880911808654,2.955777021171551,3.1740123845484103,6035,0,3652,520
26/07/2024,0.89,0.0,0.44,3655,3660,3655,20240726RUN03,13.84327534694347,100.46442179769903,26/07/2024,3.391421066761984,2.999790446182959,2.5201329755811184,1.987099700759696,3.391421066761984,0.8712880911808654,2.955777021171551,3.0291600466866555,6035,0,3659,521
26/07/2024,1.75,0.0,0.88,3660,3665,3660,20240726RUN03,13.843275007409206,100.46437554848458,26/07/2024,3.2919430511809136,2.275825909472946,3.4908968962436724,2.8391258216683863,3.4908968962436724,0.1989538450627588,3.391419973712293,3.3473931791506626,6035,0,,
26/07/2024,0.21,0.0,0.1,3665,3670,3665,20240726RUN03,13.843274809555224,100.46432929847346,26/07/2024,3.2919430511809136,2.275825909472946,3.4908968962436724,2.8391258216683863,3.4908968962436724,0.1989538450627588,3.391419973712293,3.3197657371282214,6035,0,3666,522
26/07/2024,0.13,0.0,0.06,3670,3675,3670,20240726RUN03,13.84327479956395,100.46428304798415,26/07/2024,3.2919430511809136,2.275825909472946,3.4908968962436724,2.8391258216683863,3.4908968962436724,0.1989538450627588,3.391419973712293,3.1979860211489766,6035,0,3673,523
26/07/2024,0.17,0.0,0.08,3675,3680,3675,20240726RUN03,13.843275036871301,100.46423679826464,26/07/2024,3.2919430511809136,2.275825909472946,3.4908968962436724,2.8391258216683863,3.4908968962436724,0.1989538450627588,3.391419973712293,3.583965408389603,6035,0,,
26/07/2024,0.18,0.0,0.09,3680,3685,3680,20240726RUN03,13.843275501496613,100.46419055028835,26/07/2024,2.237810789537783,1.6222209475649851,2.166184815630597,1.2908694222640924,2.237810789537783,0.0716259739071856,2.2019978025841898,2.0149702824871736,6035,0,3680,524
26/07/2024,0.0,0.0,0.0,3685,3690,3685,20240726RUN03,13.843276118659467,100.46414430413931,26/07/2024,2.237810789537783,1.6222209475649851,2.166184815630597,1.2908694222640924,2.237810789537783,0.0716259739071856,2.2019978025841898,2.2081932491699092,6035,0,3687,525
26/07/2024,0.07,0.0,0.04,3690,3695,3690,20240726RUN03,13.843276917688579,100.46409806099503,26/07/2024,2.237810789537783,1.6222209475649851,2.166184815630597,1.2908694222640924,2.237810789537783,0.0716259739071856,2.2019978025841898,2.3123446856341934,6035,0,3694,526
26/07/2024,1.04,0.0,0.52,3695,3700,3695,20240726RUN03,13.843277984167901,100.46405182354935,26/07/2024,2.237810789537783,1.6222209475649851,2.166184815630597,1.2908694222640924,2.237810789537783,0.0716259739071856,2.2019978025841898,2.2933484360096115,6035,0,,
26/07/2024,0.06,0.0,0.03,3700,3705,3700,20240726RUN03,13.843279284455713,100.46400559226777,26/07/2024,1.7709955433678477,1.62518800524944,1.704636937399279,1.295471664147181,1.7709955433678477,0.0663586059685685,1.7378162403835633,1.7097110939997022,6035,0,3701,527
26/07/2024,0.0,0.0,0.0,3705,3710,3705,20240726RUN03,13.843280763359763,100.46395936660934,26/07/2024,1.7709955433678477,1.62518800524944,1.704636937399279,1.295471664147181,1.7709955433678477,0.0663586059685685,1.7378162403835633,1.5746077390058986,6035,0,3708,528
26/07/2024,0.0,0.0,0.0,3710,3715,3710,20240726RUN03,13.843282468266926,100.46391314913598,26/07/2024,1.7709955433678477,1.62518800524944,1.704636937399279,1.295471664147181,1.7709955433678477,0.0663586059685685,1.7378162403835633,1.8170012073513107,6035,0,,
26/07/2024,1.98,0.0,0.99,3715,3720,3715,20240726RUN03,13.84328440192889,100.46386694102401,26/07/2024,1.7709955433678477,1.62518800524944,1.704636937399279,1.295471664147181,1.7709955433678477,0.0663586059685685,1.7378162403835633,1.6242009210978967,6035,0,3715,529
26/07/2024,0.14,0.0,0.07,3720,3725,3720,20240726RUN03,13.84328650609435,100.46382074073419,26/07/2024,3.359312272002791,2.8867232714946627,3.2309860133555355,2.81013282396432,3.359312272002791,0.1283262586472555,3.295149142679163,3.606782180951609,6035,0,3722,530
26/07/2024,0.72,0.0,0.36,3725,3730,3725,20240726RUN03,13.843288770673125,100.46377454841594,26/07/2024,3.359312272002791,2.8867232714946627,3.2309860133555355,2.81013282396432,3.359312272002791,0.1283262586472555,3.295149142679163,3.139828906407165,6035,0,3729,531
26/07/2024,1.96,0.0,0.98,3730,3735,3730,20240726RUN03,13.843291235278137,100.46372836683517,26/07/2024,3.359312272002791,2.8867232714946627,3.2309860133555355,2.81013282396432,3.359312272002791,0.1283262586472555,3.295149142679163,3.1985789462508265,6035,0,,
26/07/2024,0.02,0.0,0.01,3735,3740,3735,20240726RUN03,13.84329396429172,100.46368220082024,26/07/2024,3.359312272002791,2.8867232714946627,3.2309860133555355,2.81013282396432,3.359312272002791,0.1283262586472555,3.295149142679163,2.9974901767395297,6035,0,3736,532
26/07/2024,0.03,0.0,0.02,3740,3745,3740,20240726RUN03,13.84329693392112,100.46363605033464,26/07/2024,2.5876840248718085,1.792887594740395,2.8829354886546064,1.9242291687618809,2.8829354886546064,0.2952514637827979,2.7353097567632076,2.7734808284132484,6035,0,3743,533
26/07/2024,0.22,0.0,0.11,3745,3750,3745,20240726RUN03,13.843300064267211,100.46358991104783,26/07/2024,2.5876840248718085,1.792887594740395,2.8829354886546064,1.9242291687618809,2.8829354886546064,0.2952514637827979,2.7353097567632076,2.5435872342932524,6035,0,,
26/07/2024,0.17,0.0,0.08,3750,3755,3750,20240726RUN03,13.843303378386377,100.46354378513982,26/07/2024,2.5876840248718085,1.792887594740395,2.8829354886546064,1.9242291687618809,2.8829354886546064,0.2952514637827979,2.7353097567632076,2.9228537474557568,6035,0,3750,534
26/07/2024,0.05,0.0,0.02,3755,3760,3755,20240726RUN03,13.843306880520872,100.46349767375999,26/07/2024,2.5876840248718085,1.792887594740395,2.8829354886546064,1.9242291687618809,2.8829354886546064,0.2952514637827979,2.7353097567632076,2.7487573846357534,6035,0,3757,535
26/07/2024,0.06,0.0,0.03,3760,3765,3760,20240726RUN03,13.843310518755608,100.46345157344774,26/07/2024,2.1175602209666247,1.62747693637305,1.6130428686003078,1.2731286448798709,2.1175602209666247,0.5045173523663169,1.8653015447834662,1.789375407883089,6035,0,3764,536
26/07/2024,0.49,0.0,0.24,3765,3770,3765,20240726RUN03,13.843314340697008,100.46340548872831,26/07/2024,2.1175602209666247,1.62747693637305,1.6130428686003078,1.2731286448798709,2.1175602209666247,0.5045173523663169,1.8653015447834662,1.8017163814793677,6035,0,,
26/07/2024,0.23,0.0,0.12,3770,3775,3770,20240726RUN03,13.843318386559256,100.46335942400574,26/07/2024,2.1175602209666247,1.62747693637305,1.6130428686003078,1.2731286448798709,2.1175602209666247,0.5045173523663169,1.8653015447834662,1.8936044679571975,6035,0,3771,537
26/07/2024,0.17,0.0,0.08,3775,3780,3775,20240726RUN03,13.84332264277671,100.46331337912824,26/07/2024,2.1175602209666247,1.62747693637305,1.6130428686003078,1.2731286448798709,2.1175602209666247,0.5045173523663169,1.8653015447834662,1.894811755886623,6035,0,3778,538
26/07/2024,0.05,0.0,0.02,3780,3785,3780,20240726RUN03,13.843327140370752,100.46326735831377,26/07/2024,2.483059030799052,1.861250438042108,2.1025422958742164,1.681153667878169,2.483059030799052,0.3805167349248357,2.2928006633366342,2.437715013643757,6035,0,,
26/07/2024,0.07,0.0,0.04,3785,3790,3785,20240726RUN03,13.843331906855132,100.4632213658616,26/07/2024,2.483059030799052,1.861250438042108,2.1025422958742164,1.681153667878169,2.483059030799052,0.3805167349248357,2.2928006633366342,2.4891430953652045,6035,0,3785,539
26/07/2024,0.82,0.0,0.41,3790,3795,3790,20240726RUN03,13.843336887342023,100.46317539713576,26/07/2024,2.483059030799052,1.861250438042108,2.1025422958742164,1.681153667878169,2.483059030799052,0.3805167349248357,2.2928006633366342,2.2422708260201887,6035,0,3792,540
26/07/2024,0.2,0.0,0.1,3795,3800,3795,20240726RUN03,13.843342045398984,100.46312944889902,26/07/2024,2.483059030799052,1.861250438042108,2.1025422958742164,1.681153667878169,2.483059030799052,0.3805167349248357,2.2928006633366342,2.1319611616426175,6035,0,3799,541
26/07/2024,0.43,0.0,0.22,3800,3805,3800,20240726RUN03,13.843347405623982,100.46308352491394,26/07/2024,3.6775919154522505,3.221253264981196,3.881238301021062,3.46403517448238,3.881238301021062,0.2036463855688115,3.7794151082366563,3.772081011369553,6035,0,,
26/07/2024,0.03,0.0,0.02,3805,3810,3805,20240726RUN03,13.843352975552497,100.4630376270675,26/07/2024,3.6775919154522505,3.221253264981196,3.881238301021062,3.46403517448238,3.881238301021062,0.2036463855688115,3.7794151082366563,3.6256462585681324,6035,0,3806,542
26/07/2024,0.45,0.0,0.22,3810,3815,3810,20240726RUN03,13.843358747785901,100.46299175535059,26/07/2024,3.6775919154522505,3.221253264981196,3.881238301021062,3.46403517448238,3.881238301021062,0.2036463855688115,3.7794151082366563,4.01030413886245,6035,0,3813,543
26/07/2024,0.0,0.0,0.0,3815,3820,3815,20240726RUN03,13.843364727404058,100.4629459113886,26/07/2024,3.6775919154522505,3.221253264981196,3.881238301021062,3.46403517448238,3.881238301021062,0.2036463855688115,3.7794151082366563,3.954584402619191,6035,0,,
26/07/2024,0.03,0.0,0.02,3820,3825,3820,20240726RUN03,13.843370909371743,100.46290009551204,26/07/2024,2.287894646574373,1.6543196211372877,2.2219857730017933,1.6248887316602816,2.287894646574373,0.0659088735725799,2.2549402097880833,2.423412555549571,6035,0,3820,544
26/07/2024,0.0,0.0,0.0,3825,3830,3825,20240726RUN03,13.843377255823201,100.46285430315787,26/07/2024,2.287894646574373,1.6543196211372877,2.2219857730017933,1.6248887316602816,2.287894646574373,0.0659088735725799,2.2549402097880833,2.1688057045852727,6035,0,3827,545
26/07/2024,0.21,0.52,0.36,3830,3835,3830,20240726RUN03,13.843383698213668,100.46280852480031,26/07/2024,2.287894646574373,1.6543196211372877,2.2219857730017933,1.6248887316602816,2.287894646574373,0.0659088735725799,2.2549402097880833,2.20485058524681,6035,0,3834,546
26/07/2024,0.0,0.98,0.49,3835,3840,3835,20240726RUN03,13.843390208683225,100.46276275652342,26/07/2024,2.287894646574373,1.6543196211372877,2.2219857730017933,1.6248887316602816,2.287894646574373,0.0659088735725799,2.2549402097880833,2.2535268204950203,6035,0,,
26/07/2024,0.0,0.2,0.1,3840,3845,3840,20240726RUN03,13.843396835137362,100.4627170057128,26/07/2024,2.096834343397638,1.2445440664144092,3.520558228102105,2.1081683350113423,3.520558228102105,1.4237238847044669,2.8086962857498716,2.93975630898355,6035,0,3841,547
26/07/2024,0.0,0.0,0.0,3845,3850,3845,20240726RUN03,13.843403587379523,100.46267127412406,26/07/2024,2.096834343397638,1.2445440664144092,3.520558228102105,2.1081683350113423,3.520558228102105,1.4237238847044669,2.8086962857498716,2.9609866807655245,6035,0,3848,548
26/07/2024,0.11,0.0,0.06,3850,3855,3850,20240726RUN03,13.843410389389978,100.4626255502687,26/07/2024,2.096834343397638,1.2445440664144092,3.520558228102105,2.1081683350113423,3.520558228102105,1.4237238847044669,2.8086962857498716,2.686967361091513,6035,0,,
26/07/2024,0.32,0.48,0.4,3855,3860,3855,20240726RUN03,13.843417190890971,100.4625798263385,26/07/2024,2.096834343397638,1.2445440664144092,3.520558228102105,2.1081683350113423,3.520558228102105,1.4237238847044669,2.8086962857498716,2.941313470469765,6035,0,3855,549
26/07/2024,0.36,0.65,0.5,3860,3865,3860,20240726RUN03,13.843424028388517,100.4625341080827,26/07/2024,1.8609174584678323,1.5181592669076218,1.5831209273873048,0.981846539506275,1.8609174584678323,0.2777965310805275,1.7220191929275686,1.5962462292436286,6035,0,3862,550
26/07/2024,0.44,0.0,0.22,3865,3870,3865,20240726RUN03,13.843430911434854,100.46248839693415,26/07/2024,1.8609174584678323,1.5181592669076218,1.5831209273873048,0.981846539506275,1.8609174584678323,0.2777965310805275,1.7220191929275686,1.7206020644382813,6035,0,,
26/07/2024,0.3,0.0,0.15,3870,3875,3870,20240726RUN03,13.843437825883907,100.46244269074464,26/07/2024,1.8609174584678323,1.5181592669076218,1.5831209273873048,0.981846539506275,1.8609174584678323,0.2777965310805275,1.7220191929275686,1.8479003137825116,6035,0,3870,551
26/07/2024,0.29,0.0,0.14,3875,3880,3875,20240726RUN03,13.843444816817549,100.46239699675212,26/07/2024,1.8609174584678323,1.5181592669076218,1.5831209273873048,0.981846539506275,1.8609174584678323,0.2777965310805275,1.7220191929275686,1.872949282037158,6035,0,3877,552
26/07/2024,0.11,0.0,0.06,3880,3885,3880,20240726RUN03,13.843451878970452,100.46235131423133,26/07/2024,1.1309993790783517,1.0014718899648505,1.9431789905297567,1.425395515757954,1.9431789905297567,0.8121796114514053,1.5370891848040542,1.5421942572504876,6035,0,3884,553
26/07/2024,0.09,0.0,0.04,3885,3890,3885,20240726RUN03,13.843458965118769,100.4623056356355,26/07/2024,1.1309993790783517,1.0014718899648505,1.9431789905297567,1.425395515757954,1.9431789905297567,0.8121796114514053,1.5370891848040542,1.4796879838396277,6035,0,,
26/07/2024,0.7,0.0,0.35,3890,3895,3890,20240726RUN03,13.843466113613015,100.4622599672273,26/07/2024,1.1309993790783517,1.0014718899648505,1.9431789905297567,1.425395515757954,1.9431789905297567,0.8121796114514053,1.5370891848040542,1.6667988746749125,6035,0,3891,554
26/07/2024,0.64,0.0,0.32,3895,3900,3895,20240726RUN03,13.843473418221933,100.46221432472376,26/07/2024,1.1309993790783517,1.0014718899648505,1.9431789905297567,1.425395515757954,1.9431789905297567,0.8121796114514053,1.5370891848040542,1.6671985471378588,6035,0,3898,555
26/07/2024,0.34,0.0,0.17,3900,3905,3900,20240726RUN03,13.843480886601698,100.46216870995744,26/07/2024,1.2573218947820324,0.9301593221049956,1.6229460786101295,1.3347373070832813,1.6229460786101295,0.3656241838280973,1.440133986696081,1.3541507606009338,6035,0,,
26/07/2024,0.17,0.0,0.08,3905,3910,3905,20240726RUN03,13.843488415594106,100.46212310559211,26/07/2024,1.2573218947820324,0.9301593221049956,1.6229460786101295,1.3347373070832813,1.6229460786101295,0.3656241838280973,1.440133986696081,1.5736271071506476,6035,0,3905,556
26/07/2024,0.11,0.04,0.08,3910,3915,3910,20240726RUN03,13.843495925125385,100.46207749790044,26/07/2024,1.2573218947820324,0.9301593221049956,1.6229460786101295,1.3347373070832813,1.6229460786101295,0.3656241838280973,1.440133986696081,1.373270671829913,6035,0,3912,557
26/07/2024,0.16,0.11,0.14,3915,3920,3915,20240726RUN03,13.84350341368757,100.46203188660974,26/07/2024,1.2573218947820324,0.9301593221049956,1.6229460786101295,1.3347373070832813,1.6229460786101295,0.3656241838280973,1.440133986696081,1.3903650469978535,6035,0,3919,558
26/07/2024,1.07,0.68,0.88,3920,3925,3920,20240726RUN03,13.8435109100025,100.46198627663702,26/07/2024,2.577674106348475,1.99886152230948,2.3995759921826654,1.8949425845172747,2.577674106348475,0.1780981141658095,2.48862504926557,2.4897175421022673,6035,0,,
26/07/2024,0.45,0.26,0.36,3925,3930,3925,20240726RUN03,13.843518384027101,100.46194066281737,26/07/2024,2.577674106348475,1.99886152230948,2.3995759921826654,1.8949425845172747,2.577674106348475,0.1780981141658095,2.48862504926557,2.384591282090724,6035,0,3926,559
26/07/2024,0.46,0.0,0.23,3930,3935,3930,20240726RUN03,13.84352587772075,100.46189505239657,26/07/2024,2.577674106348475,1.99886152230948,2.3995759921826654,1.8949425845172747,2.577674106348475,0.1780981141658095,2.48862504926557,2.6570776173558968,6035,0,3933,560
26/07/2024,0.16,0.23,0.2,3935,3940,3935,20240726RUN03,13.843533473697738,100.46184945974854,26/07/2024,2.577674106348475,1.99886152230948,2.3995759921826654,1.8949425845172747,2.577674106348475,0.1780981141658095,2.48862504926557,2.4044212655262736,6035,0,,
26/07/2024,0.19,0.02,0.1,3940,3945,3940,20240726RUN03,13.843541115493634,100.46180387507762,26/07/2024,1.6502229360978586,1.2235284172588594,1.423212189151211,1.0648629034731032,1.6502229360978586,0.2270107469466475,1.5367175626245348,1.6521356791459705,6035,0,3940,561
26/07/2024,0.18,0.06,0.12,3945,3950,3945,20240726RUN03,13.843548755452028,100.46175829006768,26/07/2024,1.6502229360978586,1.2235284172588594,1.423212189151211,1.0648629034731032,1.6502229360978586,0.2270107469466475,1.5367175626245348,1.608169315309615,6035,0,3947,562
26/07/2024,0.64,0.39,0.52,3950,3955,3950,20240726RUN03,13.843556419091549,100.46171270926841,26/07/2024,1.6502229360978586,1.2235284172588594,1.423212189151211,1.0648629034731032,1.6502229360978586,0.2270107469466475,1.5367175626245348,1.4461204041507134,6035,0,3954,563
26/07/2024,0.53,0.0,0.26,3955,3960,3955,20240726RUN03,13.843564095811349,100.46166713072887,26/07/2024,1.6502229360978586,1.2235284172588594,1.423212189151211,1.0648629034731032,1.6502229360978586,0.2270107469466475,1.5367175626245348,1.3998853379804055,6035,0,,
26/07/2024,0.39,0.08,0.24,3960,3965,3960,20240726RUN03,13.843571779253711,100.46162155337224,26/07/2024,1.2332217041454965,1.0116569500021235,1.9685092821504155,1.340437761794921,1.9685092821504155,0.7352875780049191,1.600865493147956,1.5725311741825199,6035,0,3961,564
26/07/2024,0.05,0.57,0.31,3965,3970,3965,20240726RUN03,13.843579462967337,100.46157597608514,26/07/2024,1.2332217041454965,1.0116569500021235,1.9685092821504155,1.340437761794921,1.9685092821504155,0.7352875780049191,1.600865493147956,1.6407774432987028,6035,0,3968,565
26/07/2024,0.06,0.06,0.06,3970,3975,3970,20240726RUN03,13.843587143751936,100.46153039828242,26/07/2024,1.2332217041454965,1.0116569500021235,1.9685092821504155,1.340437761794921,1.9685092821504155,0.7352875780049191,1.600865493147956,1.4615579006111115,6035,0,,
26/07/2024,0.05,0.79,0.42,3975,3980,3975,20240726RUN03,13.843594839382618,100.46148482311882,26/07/2024,1.2332217041454965,1.0116569500021235,1.9685092821504155,1.340437761794921,1.9685092821504155,0.7352875780049191,1.600865493147956,1.7030610860976982,6035,0,3975,566
26/07/2024,0.05,0.62,0.34,3980,3985,3980,20240726RUN03,13.843602534102846,100.46143924776197,26/07/2024,1.7533864709960114,1.826199618695608,1.1499306929019468,0.7412768157466156,1.7533864709960114,0.6034557780940646,1.4516585819489791,1.5325355582435722,6035,0,3982,567
26/07/2024,0.19,1.07,0.63,3985,3990,3985,20240726RUN03,13.843610234550653,100.46139367343618,26/07/2024,1.7533864709960114,1.826199618695608,1.1499306929019468,0.7412768157466156,1.7533864709960114,0.6034557780940646,1.4516585819489791,1.3368116571507913,6035,0,3989,568
26/07/2024,0.29,0.86,0.57,3990,3995,3990,20240726RUN03,13.84361794630752,100.4613481011112,26/07/2024,1.7533864709960114,1.826199618695608,1.1499306929019468,0.7412768157466156,1.7533864709960114,0.6034557780940646,1.4516585819489791,1.4321663569199323,6035,0,,
26/07/2024,0.1,0.15,0.12,3995,4000,3995,20240726RUN03,13.843625681590838,100.46130253295316,26/07/2024,1.7533864709960114,1.826199618695608,1.1499306929019468,0.7412768157466156,1.7533864709960114,0.6034557780940646,1.4516585819489791,1.412152735514465,6035,0,3996,569
26/07/2024,0.15,0.17,0.16,4000,4005,4000,20240726RUN03,13.843633441514479,100.46125696916802,26/07/2024,0.94683137193316,0.8162816149011105,1.2723287278591813,0.8398111614384449,1.2723287278591813,0.3254973559260212,1.1095800498961705,1.052032026067094,6035,0,4003,570
26/07/2024,0.01,0.0,0.0,4005,4010,4005,20240726RUN03,13.843641182645198,100.46121140207802,26/07/2024,0.94683137193316,0.8162816149011105,1.2723287278591813,0.8398111614384449,1.2723287278591813,0.3254973559260212,1.1095800498961705,1.0345616616827888,6035,0,,
26/07/2024,0.03,0.17,0.1,4010,4015,4010,20240726RUN03,13.843648868293172,100.46116582514706,26/07/2024,0.94683137193316,0.8162816149011105,1.2723287278591813,0.8398111614384449,1.2723287278591813,0.3254973559260212,1.1095800498961705,1.0432423589061415,6035,0,4010,571
26/07/2024,0.07,0.32,0.2,4015,4020,4015,20240726RUN03,13.843656503523157,100.46112023934495,26/07/2024,0.94683137193316,0.8162816149011105,1.2723287278591813,0.8398111614384449,1.2723287278591813,0.3254973559260212,1.1095800498961705,1.0899434271675128,6035,0,4017,572
26/07/2024,0.28,0.13,0.2,4020,4025,4020,20240726RUN03,13.84366415495584,100.46107465639317,26/07/2024,1.8397761135250097,1.265622865798954,2.2459499173838657,1.587769128814982,2.2459499173838657,0.406173803858856,2.042863015454438,2.1592472353700733,6035,0,4024,573
26/07/2024,0.17,0.2,0.18,4025,4030,4025,20240726RUN03,13.84367187893239,100.46102908622952,26/07/2024,1.8397761135250097,1.265622865798954,2.2459499173838657,1.587769128814982,2.2459499173838657,0.406173803858856,2.042863015454438,2.1304912271625884,6035,0,,
26/07/2024,0.45,0.23,0.34,4030,4035,4030,20240726RUN03,13.843679607753746,100.46098351694846,26/07/2024,1.8397761135250097,1.265622865798954,2.2459499173838657,1.587769128814982,2.2459499173838657,0.406173803858856,2.042863015454438,2.1485094925494312,6035,0,4031,574
26/07/2024,0.57,0.83,0.7,4035,4040,4035,20240726RUN03,13.843687318352222,100.46093794439955,26/07/2024,1.8397761135250097,1.265622865798954,2.2459499173838657,1.587769128814982,2.2459499173838657,0.406173803858856,2.042863015454438,1.9497332429406367,6035,0,4038,575
26/07/2024,0.92,1.03,0.98,4040,4045,4040,20240726RUN03,13.843695099525416,100.46089238446149,26/07/2024,2.572017673390462,1.8570024929695488,2.200124436407504,2.115702946992548,2.572017673390462,0.3718932369829577,2.386071054898983,2.2529731247686264,6035,0,,
26/07/2024,0.99,0.03,0.51,4045,4050,4045,20240726RUN03,13.843702945393778,100.46084683606361,26/07/2024,2.572017673390462,1.8570024929695488,2.200124436407504,2.115702946992548,2.572017673390462,0.3718932369829577,2.386071054898983,2.59819033242996,6035,0,4045,576
26/07/2024,0.64,0.11,0.38,4050,4055,4050,20240726RUN03,13.84371079446059,100.46080128819281,26/07/2024,2.572017673390462,1.8570024929695488,2.200124436407504,2.115702946992548,2.572017673390462,0.3718932369829577,2.386071054898983,2.213848954583973,6035,0,4052,577
26/07/2024,0.61,0.03,0.32,4055,4060,4055,20240726RUN03,13.843718631302288,100.46075573806962,26/07/2024,2.572017673390462,1.8570024929695488,2.200124436407504,2.115702946992548,2.572017673390462,0.3718932369829577,2.386071054898983,2.2397312048750493,6035,0,4059,578
26/07/2024,0.29,0.22,0.26,4060,4065,4060,20240726RUN03,13.843726459176175,100.46071018635011,26/07/2024,1.3863873826962132,0.9568100332005854,1.3937489834262935,1.113778161983929,1.3937489834262935,0.0073616007300805,1.3900681830612533,1.4438376589662858,6035,0,,
26/07/2024,0.38,0.18,0.28,4065,4070,4065,20240726RUN03,13.843734295061113,100.4606646360271,26/07/2024,1.3863873826962132,0.9568100332005854,1.3937489834262935,1.113778161983929,1.3937489834262935,0.0073616007300805,1.3900681830612533,1.2637665213399545,6035,0,4066,579
26/07/2024,0.57,0.09,0.33,4070,4075,4070,20240726RUN03,13.843742148460718,100.4606190888197,26/07/2024,1.3863873826962132,0.9568100332005854,1.3937489834262935,1.113778161983929,1.3937489834262935,0.0073616007300805,1.3900681830612533,1.3183021825637484,6035,0,4073,580
26/07/2024,0.03,0.0,0.02,4075,4080,4075,20240726RUN03,13.84375002602577,100.46057354600052,26/07/2024,1.3863873826962132,0.9568100332005854,1.3937489834262935,1.113778161983929,1.3937489834262935,0.0073616007300805,1.3900681830612533,1.4345391543528998,6035,0,,
26/07/2024,0.16,0.0,0.08,4080,4085,4080,20240726RUN03,13.843757867422328,100.46052799666383,26/07/2024,1.1453332715924311,0.9422193505109252,1.7196995792681573,1.1842832549469673,1.7196995792681573,0.5743663076757262,1.4325164254302942,1.4575470618880468,6035,0,4080,581
26/07/2024,0.27,0.05,0.16,4085,4090,4085,20240726RUN03,13.843765619726577,100.46048243138418,26/07/2024,1.1453332715924311,0.9422193505109252,1.7196995792681573,1.1842832549469673,1.7196995792681573,0.5743663076757262,1.4325164254302942,1.3985527529177542,6035,0,4087,582
26/07/2024,0.39,0.13,0.26,4090,4095,4090,20240726RUN03,13.843773350314363,100.46043686223778,26/07/2024,1.1453332715924311,0.9422193505109252,1.7196995792681573,1.1842832549469673,1.7196995792681573,0.5743663076757262,1.4325164254302942,1.4385901929955085,6035,0,4094,583
26/07/2024,0.44,0.21,0.32,4095,4100,4095,20240726RUN03,13.8437811381346,100.46039130329525,26/07/2024,1.1453332715924311,0.9422193505109252,1.7196995792681573,1.1842832549469673,1.7196995792681573,0.5743663076757262,1.4325164254302942,1.5737324411516047,6035,0,,
26/07/2024,0.86,0.17,0.52,4100,4105,4100,20240726RUN03,13.843788940432132,100.46034574693333,26/07/2024,1.0842382727702955,0.7616849896106,1.37973137723516,1.0387042891833316,1.37973137723516,0.2954931044648643,1.2319848250027277,1.2798196106068327,6035,0,4101,584
26/07/2024,1.18,0.59,0.88,4105,4110,4105,20240726RUN03,13.843796694569043,100.46030018195084,26/07/2024,1.0842382727702955,0.7616849896106,1.37973137723516,1.0387042891833316,1.37973137723516,0.2954931044648643,1.2319848250027277,1.1965676308291364,6035,0,4108,585
26/07/2024,0.99,0.11,0.55,4110,4115,4110,20240726RUN03,13.843804433129598,100.46025461418807,26/07/2024,1.0842382727702955,0.7616849896106,1.37973137723516,1.0387042891833316,1.37973137723516,0.2954931044648643,1.2319848250027277,1.2860820943278592,6035,0,,
26/07/2024,1.5,0.29,0.9,4115,4120,4115,20240726RUN03,13.843812156189555,100.46020904366574,26/07/2024,1.0842382727702955,0.7616849896106,1.37973137723516,1.0387042891833316,1.37973137723516,0.2954931044648643,1.2319848250027277,1.250251785049945,6035,0,4115,586
26/07/2024,1.17,0.25,0.71,4120,4125,4120,20240726RUN03,13.843819833021838,100.46016346498071,26/07/2024,1.633504951125223,1.456447152290992,1.5477408297133328,1.194000388485415,1.633504951125223,0.0857641214118904,1.590622890419278,1.6625101602104873,6035,0,4122,587
26/07/2024,0.76,0.0,0.38,4125,4130,4125,20240726RUN03,13.843827515108826,100.46011788722468,26/07/2024,1.633504951125223,1.456447152290992,1.5477408297133328,1.194000388485415,1.633504951125223,0.0857641214118904,1.590622890419278,1.6210086087811926,6035,0,4129,588
26/07/2024,0.96,0.0,0.48,4130,4135,4130,20240726RUN03,13.843835228729487,100.4600723150455,26/07/2024,1.633504951125223,1.456447152290992,1.5477408297133328,1.194000388485415,1.633504951125223,0.0857641214118904,1.590622890419278,1.5997715532675119,6035,0,,
26/07/2024,0.79,0.05,0.42,4135,4140,4135,20240726RUN03,13.843842935260385,100.4600267416181,26/07/2024,1.633504951125223,1.456447152290992,1.5477408297133328,1.194000388485415,1.633504951125223,0.0857641214118904,1.590622890419278,1.5934632661312844,6035,0,4136,589
26/07/2024,0.93,0.02,0.48,4140,4145,4140,20240726RUN03,13.84385063337952,100.45998116669847,26/07/2024,1.9027266502902744,1.826807877055966,1.013366522063324,0.8063974672102252,1.9027266502902744,0.8893601282269503,1.458046586176799,1.4555146577630251,6035,0,4143,590
26/07/2024,0.23,0.05,0.14,4145,4150,4145,20240726RUN03,13.843858311761071,100.45993558828567,26/07/2024,1.9027266502902744,1.826807877055966,1.013366522063324,0.8063974672102252,1.9027266502902744,0.8893601282269503,1.458046586176799,1.4131928997417293,6035,0,,
26/07/2024,0.38,0.71,0.54,4150,4155,4150,20240726RUN03,13.843865918839075,100.45988999737962,26/07/2024,1.9027266502902744,1.826807877055966,1.013366522063324,0.8063974672102252,1.9027266502902744,0.8893601282269503,1.458046586176799,1.4827368042124232,6035,0,4150,591
26/07/2024,0.34,0.12,0.23,4155,4160,4155,20240726RUN03,13.843873411987053,100.45984438672205,26/07/2024,1.9027266502902744,1.826807877055966,1.013366522063324,0.8063974672102252,1.9027266502902744,0.8893601282269503,1.458046586176799,1.5377214141636888,6035,0,4157,592
26/07/2024,0.64,0.46,0.55,4160,4165,4160,20240726RUN03,13.843880803026291,100.45979875860769,26/07/2024,1.3458846325542406,1.2920455681230192,1.1809041188616316,0.9440354936395648,1.3458846325542406,0.164980513692609,1.2633943757079362,1.3794341824046266,6035,0,4164,593
26/07/2024,0.52,0.19,0.36,4165,4170,4165,20240726RUN03,13.843888128622826,100.45975311943043,26/07/2024,1.3458846325542406,1.2920455681230192,1.1809041188616316,0.9440354936395648,1.3458846325542406,0.164980513692609,1.2633943757079362,1.1705797517460987,6035,0,,
26/07/2024,0.42,0.2,0.31,4170,4175,4170,20240726RUN03,13.843895458736792,100.4597074810053,26/07/2024,1.3458846325542406,1.2920455681230192,1.1809041188616316,0.9440354936395648,1.3458846325542406,0.164980513692609,1.2633943757079362,1.3545206483417678,6035,0,4172,594
26/07/2024,1.33,1.53,1.43,4175,4180,4175,20240726RUN03,13.843902892593269,100.45966186018606,26/07/2024,1.3458846325542406,1.2920455681230192,1.1809041188616316,0.9440354936395648,1.3458846325542406,0.164980513692609,1.2633943757079362,1.3545198880442153,6035,0,4179,595
26/07/2024,0.46,1.76,1.11,4180,4185,4180,20240726RUN03,13.843910556269071,100.45961627929672,26/07/2024,1.2362432137598736,0.831753400792064,-1.0,-1.0,1.2362432137598736,2.236243213759874,0.11812160687993678,0.1089098633682477,6035,0,,
26/07/2024,0.21,0.61,0.41,4185,4190,4185,20240726RUN03,13.843918547942605,100.45957075745574,26/07/2024,1.2362432137598736,0.831753400792064,-1.0,-1.0,1.2362432137598736,2.236243213759874,0.11812160687993678,0.12391085828328592,6035,0,4186,596
26/07/2024,0.46,1.23,0.84,4190,4195,4190,20240726RUN03,13.843926798451138,100.45952528393703,26/07/2024,1.2362432137598736,0.831753400792064,-1.0,-1.0,1.2362432137598736,2.236243213759874,0.11812160687993678,0.12334087278649947,6035,0,4193,597
26/07/2024,0.23,1.24,0.74,4195,4200,4195,20240726RUN03,13.84393510611634,100.4594798212967,26/07/2024,1.2362432137598736,0.831753400792064,-1.0,-1.0,1.2362432137598736,2.236243213759874,0.11812160687993678,0.12096337524062015,6035,0,,
26/07/2024,0.09,0.31,0.2,4200,4205,4200,20240726RUN03,13.8439433207417,100.45943434095773,26/07/2024,1.1608265749591378,0.8194225147247526,1.3609744066288612,1.0027458543785417,1.3609744066288612,0.2001478316697234,1.2609004907939996,1.3388097021465812,6035,0,4200,598
26/07/2024,0.82,0.85,0.84,4205,4210,4205,20240726RUN03,13.843951403481123,100.45938883587084,26/07/2024,1.1608265749591378,0.8194225147247526,1.3609744066288612,1.0027458543785417,1.3609744066288612,0.2001478316697234,1.2609004907939996,1.350026857851853,6035,0,4207,599
26/07/2024,0.63,0.21,0.42,4210,4215,4210,20240726RUN03,13.843959379087789,100.45934331095856,26/07/2024,1.1608265749591378,0.8194225147247526,1.3609744066288612,1.0027458543785417,1.3609744066288612,0.2001478316697234,1.2609004907939996,1.191140151594387,6035,0,4214,600
26/07/2024,0.07,0.24,0.16,4215,4220,4215,20240726RUN03,13.843967274608508,100.45929777143701,26/07/2024,1.1608265749591378,0.8194225147247526,1.3609744066288612,1.0027458543785417,1.3609744066288612,0.2001478316697234,1.2609004907939996,1.3842660878043325,6035,0,,
26/07/2024,0.09,0.25,0.17,4220,4225,4220,20240726RUN03,13.843975077568196,100.4592522152051,26/07/2024,1.047583417861757,0.8199960424151257,1.2827735771487507,0.8892757437919454,1.2827735771487507,0.2351901592869938,1.165178497505254,1.072138898817974,6035,0,4221,601
26/07/2024,0.27,0.0,0.14,4225,4230,4225,20240726RUN03,13.843982817043122,100.45920664764557,26/07/2024,1.047583417861757,0.8199960424151257,1.2827735771487507,0.8892757437919454,1.2827735771487507,0.2351901592869938,1.165178497505254,1.0815528445220208,6035,0,4228,602
26/07/2024,0.39,0.02,0.2,4230,4235,4230,20240726RUN03,13.843990538388462,100.45916107688896,26/07/2024,1.047583417861757,0.8199960424151257,1.2827735771487507,0.8892757437919454,1.2827735771487507,0.2351901592869938,1.165178497505254,1.0898176194141314,6035,0,,
26/07/2024,0.54,0.39,0.46,4235,4240,4235,20240726RUN03,13.843998243823531,100.45911550330148,26/07/2024,1.047583417861757,0.8199960424151257,1.2827735771487507,0.8892757437919454,1.2827735771487507,0.2351901592869938,1.165178497505254,1.1236286156289916,6035,0,4235,603
26/07/2024,0.33,0.29,0.31,4240,4245,4240,20240726RUN03,13.844005925269599,100.45906992545956,26/07/2024,1.4511946544714094,1.510130013896118,0.910910475473837,0.8341698635307873,1.4511946544714094,0.5402841789975724,1.1810525649726231,1.160129326378743,6035,0,4242,604
26/07/2024,0.19,0.11,0.15,4245,4250,4245,20240726RUN03,13.844013605951194,100.45902434747639,26/07/2024,1.4511946544714094,1.510130013896118,0.910910475473837,0.8341698635307873,1.4511946544714094,0.5402841789975724,1.1810525649726231,1.0673277487047956,6035,0,4249,605
26/07/2024,0.28,0.16,0.22,4250,4255,4250,20240726RUN03,13.844021284969104,100.45897876919322,26/07/2024,1.4511946544714094,1.510130013896118,0.910910475473837,0.8341698635307873,1.4511946544714094,0.5402841789975724,1.1810525649726231,1.2827750613561069,6035,0,,
26/07/2024,0.17,0.28,0.23,4255,4260,4255,20240726RUN03,13.844028984260904,100.45893319450212,26/07/2024,1.4511946544714094,1.510130013896118,0.910910475473837,0.8341698635307873,1.4511946544714094,0.5402841789975724,1.1810525649726231,1.1889046620549049,6035,0,4256,606
26/07/2024,0.36,0.12,0.24,4260,4265,4260,20240726RUN03,13.844036749418041,100.45888763154674,26/07/2024,1.9905036366126845,1.288975971644451,1.1802201537249757,0.8103458295717203,1.9905036366126845,0.8102834828877088,1.58536189516883,1.6736196627198372,6035,0,4263,607
26/07/2024,0.19,0.0,0.1,4265,4270,4265,20240726RUN03,13.844044524420847,100.45884207031409,26/07/2024,1.9905036366126845,1.288975971644451,1.1802201537249757,0.8103458295717203,1.9905036366126845,0.8102834828877088,1.58536189516883,1.6030222895716268,6035,0,,
26/07/2024,0.17,0.08,0.12,4270,4275,4270,20240726RUN03,13.844052239882242,100.45879649848162,26/07/2024,1.9905036366126845,1.288975971644451,1.1802201537249757,0.8103458295717203,1.9905036366126845,0.8102834828877088,1.58536189516883,1.7154212469936299,6035,0,4270,608
26/07/2024,0.14,0.0,0.07,4275,4280,4275,20240726RUN03,13.844059903148198,100.45875091742596,26/07/2024,1.9905036366126845,1.288975971644451,1.1802201537249757,0.8103458295717203,1.9905036366126845,0.8102834828877088,1.58536189516883,1.503095099056739,6035,0,4277,609
26/07/2024,0.44,0.09,0.26,4280,4285,4280,20240726RUN03,13.844067506604176,100.458705325874,26/07/2024,2.6678796101715694,1.7071724139014697,2.0414858259870305,1.7295728613923564,2.6678796101715694,0.6263937841845388,2.3546827180793,2.441893341597904,6035,0,4284,610
26/07/2024,0.89,0.02,0.46,4285,4290,4285,20240726RUN03,13.844075094776565,100.45865973169954,26/07/2024,2.6678796101715694,1.7071724139014697,2.0414858259870305,1.7295728613923564,2.6678796101715694,0.6263937841845388,2.3546827180793,2.2677644242418564,6035,0,,
26/07/2024,0.41,0.1,0.26,4290,4295,4290,20240726RUN03,13.8440827337173,100.45861414637456,26/07/2024,2.6678796101715694,1.7071724139014697,2.0414858259870305,1.7295728613923564,2.6678796101715694,0.6263937841845388,2.3546827180793,2.278439245668218,6035,0,4291,611
26/07/2024,0.05,0.16,0.11,4295,4300,4295,20240726RUN03,13.844090412323816,100.45856856800127,26/07/2024,2.6678796101715694,1.7071724139014697,2.0414858259870305,1.7295728613923564,2.6678796101715694,0.6263937841845388,2.3546827180793,2.137003955827764,6035,0,4298,612
26/07/2024,0.3,0.62,0.46,4300,4305,4300,20240726RUN03,13.844098116746238,100.45852299426338,26/07/2024,1.2053802669760558,0.8662474468920403,1.99886917703147,1.5511837439680642,1.99886917703147,0.7934889100554141,1.6021247220037629,1.4517138837919414,6035,0,,
26/07/2024,0.35,0.48,0.42,4305,4310,4305,20240726RUN03,13.844105850774515,100.45847742567908,26/07/2024,1.2053802669760558,0.8662474468920403,1.99886917703147,1.5511837439680642,1.99886917703147,0.7934889100554141,1.6021247220037629,1.7029781986946866,6035,0,4305,613
26/07/2024,0.7,0.31,0.5,4310,4315,4310,20240726RUN03,13.844113596652278,100.45843185919671,26/07/2024,1.2053802669760558,0.8662474468920403,1.99886917703147,1.5511837439680642,1.99886917703147,0.7934889100554141,1.6021247220037629,1.6138763036177486,6035,0,4312,614
26/07/2024,0.91,1.07,0.99,4315,4320,4315,20240726RUN03,13.844121333055726,100.45838629099292,26/07/2024,1.2053802669760558,0.8662474468920403,1.99886917703147,1.5511837439680642,1.99886917703147,0.7934889100554141,1.6021247220037629,1.4685877728571795,6035,0,4319,615
26/07/2024,0.56,0.18,0.37,4320,4325,4320,20240726RUN03,13.844129027599248,100.4583407153369,26/07/2024,1.3615480724594342,0.9715998884385592,2.1791182387471717,1.5142616729451148,2.1791182387471717,0.817570166287737,1.770333155603303,1.706593284151949,6035,0,,
26/07/2024,1.31,0.53,0.92,4325,4330,4325,20240726RUN03,13.844136653529844,100.4582951275789,26/07/2024,1.3615480724594342,0.9715998884385592,2.1791182387471717,1.5142616729451148,2.1791182387471717,0.817570166287737,1.770333155603303,1.8281303396428448,6035,0,4326,616
26/07/2024,0.73,0.3,0.52,4330,4335,4330,20240726RUN03,13.844144222129577,100.45824952980425,26/07/2024,1.3615480724594342,0.9715998884385592,2.1791182387471717,1.5142616729451148,2.1791182387471717,0.817570166287737,1.770333155603303,1.7329158142156338,6035,0,4333,617
26/07/2024,1.22,1.17,1.19,4335,4340,4335,20240726RUN03,13.844151795553325,100.45820393285557,26/07/2024,1.3615480724594342,0.9715998884385592,2.1791182387471717,1.5142616729451148,2.1791182387471717,0.817570166287737,1.770333155603303,1.898133568163137,6035,0,,
26/07/2024,0.64,2.26,1.45,4340,4345,4340,20240726RUN03,13.84415940251728,100.45815834178212,26/07/2024,0.8829039610870851,0.7151834229198945,1.1231844076757358,0.737636946654677,1.1231844076757358,0.2402804465886506,1.0030441843814104,1.0308700243855544,6035,0,4340,618
26/07/2024,0.54,1.8,1.17,4345,4350,4345,20240726RUN03,13.844167005293418,100.45811274996277,26/07/2024,0.8829039610870851,0.7151834229198945,1.1231844076757358,0.737636946654677,1.1231844076757358,0.2402804465886506,1.0030441843814104,0.909915373909653,6035,0,4347,619
26/07/2024,0.33,0.78,0.56,4350,4355,4350,20240726RUN03,13.844174597225422,100.45806715624727,26/07/2024,0.8829039610870851,0.7151834229198945,1.1231844076757358,0.737636946654677,1.1231844076757358,0.2402804465886506,1.0030441843814104,0.9175080191493599,6035,0,4354,620
26/07/2024,0.11,0.31,0.21,4355,4360,4355,20240726RUN03,13.84418219982899,100.45802156440453,26/07/2024,0.8829039610870851,0.7151834229198945,1.1231844076757358,0.737636946654677,1.1231844076757358,0.2402804465886506,1.0030441843814104,1.0620474734243828,6035,0,,
26/07/2024,0.12,0.21,0.16,4360,4365,4360,20240726RUN03,13.84418980417843,100.45797597286621,26/07/2024,1.0108414837262605,0.924885878785294,1.0909023607176311,0.9463584892062332,1.0909023607176311,0.0800608769913708,1.0508719222219458,1.1274600516191957,6035,0,4361,621
26/07/2024,0.14,0.72,0.43,4365,4370,4365,20240726RUN03,13.84419741839247,100.45793038306141,26/07/2024,1.0108414837262605,0.924885878785294,1.0909023607176311,0.9463584892062332,1.0909023607176311,0.0800608769913708,1.0508719222219458,0.968780974393187,6035,0,4368,622
26/07/2024,0.03,2.84,1.43,4370,4375,4370,20240726RUN03,13.844205093091432,100.45788480390645,26/07/2024,1.0108414837262605,0.924885878785294,1.0909023607176311,0.9463584892062332,1.0909023607176311,0.0800608769913708,1.0508719222219458,1.043156266198431,6035,0,,
26/07/2024,0.03,2.87,1.45,4375,4380,4375,20240726RUN03,13.844212908465785,100.45783924981173,26/07/2024,1.0108414837262605,0.924885878785294,1.0909023607176311,0.9463584892062332,1.0909023607176311,0.0800608769913708,1.0508719222219458,1.1495038254378669,6035,0,4375,623
26/07/2024,2.56,1.51,2.04,4380,4385,4380,20240726RUN03,13.844220902779195,100.4577937282395,26/07/2024,3.0331206069416683,2.666874596328006,1.5652049218850927,1.3276623488909125,3.0331206069416683,1.4679156850565755,2.2991627644133805,2.1562605042734164,6035,0,4382,624
26/07/2024,4.06,0.0,2.03,4385,4390,4385,20240726RUN03,13.844228958758109,100.45774821797117,26/07/2024,3.0331206069416683,2.666874596328006,1.5652049218850927,1.3276623488909125,3.0331206069416683,1.4679156850565755,2.2991627644133805,2.252577766086697,6035,0,4389,625
26/07/2024,5.61,0.0,2.8,4390,4395,4390,20240726RUN03,13.844236897508228,100.45770268622377,26/07/2024,3.0331206069416683,2.666874596328006,1.5652049218850927,1.3276623488909125,3.0331206069416683,1.4679156850565755,2.2991627644133805,2.3530752911272197,6035,0,,
26/07/2024,3.68,0.0,1.84,4395,4400,4395,20240726RUN03,13.844244654078857,100.4576571215694,26/07/2024,3.0331206069416683,2.666874596328006,1.5652049218850927,1.3276623488909125,3.0331206069416683,1.4679156850565755,2.2991627644133805,2.3997721868310635,6035,0,4396,626
26/07/2024,4.8,0.0,2.4,4400,4405,4400,20240726RUN03,13.844252209095853,100.45761152149049,26/07/2024,1.4396983404632837,1.063943197747809,1.5269795058835671,1.1471459357290712,1.5269795058835671,0.0872811654202836,1.4833389231734255,1.5498004283057925,6035,0,4403,627
26/07/2024,5.28,0.0,2.64,4405,4410,4405,20240726RUN03,13.84425964367605,100.45756590070246,26/07/2024,1.4396983404632837,1.063943197747809,1.5269795058835671,1.1471459357290712,1.5269795058835671,0.0872811654202836,1.4833389231734255,1.4522390697324152,6035,0,,
26/07/2024,4.25,0.03,2.14,4410,4415,4410,20240726RUN03,13.844267001028783,100.45752026673051,26/07/2024,1.4396983404632837,1.063943197747809,1.5269795058835671,1.1471459357290712,1.5269795058835671,0.0872811654202836,1.4833389231734255,1.4476974812995416,6035,0,4410,628
26/07/2024,0.76,0.63,0.7,4415,4420,4415,20240726RUN03,13.8442742553866,100.45747461552983,26/07/2024,1.4396983404632837,1.063943197747809,1.5269795058835671,1.1471459357290712,1.5269795058835671,0.0872811654202836,1.4833389231734255,1.5127669104952242,6035,0,4417,629
26/07/2024,0.05,0.98,0.52,4420,4425,4420,20240726RUN03,13.844281513406637,100.4574289649498,26/07/2024,1.340981284921234,1.0306165863862666,1.8141362070427556,1.6925620602413296,1.8141362070427556,0.4731549221215212,1.5775587459819946,1.4898955454444223,6035,0,4424,630
26/07/2024,0.16,0.71,0.44,4425,4430,4425,20240726RUN03,13.844288852630717,100.45738332796098,26/07/2024,1.340981284921234,1.0306165863862666,1.8141362070427556,1.6925620602413296,1.8141362070427556,0.4731549221215212,1.5775587459819946,1.7233122749075929,6035,0,,
26/07/2024,0.33,1.21,0.77,4430,4435,4430,20240726RUN03,13.844296216865914,100.4573376951681,26/07/2024,1.340981284921234,1.0306165863862666,1.8141362070427556,1.6925620602413296,1.8141362070427556,0.4731549221215212,1.5775587459819946,1.6468155488926692,6035,0,4431,631
26/07/2024,0.3,0.72,0.51,4435,4440,4435,20240726RUN03,13.844303566257333,100.45729205988304,26/07/2024,1.340981284921234,1.0306165863862666,1.8141362070427556,1.6925620602413296,1.8141362070427556,0.4731549221215212,1.5775587459819946,1.7240139769897609,6035,0,4438,632
26/07/2024,0.54,0.21,0.38,4440,4445,4440,20240726RUN03,13.844310948303846,100.4572464301232,26/07/2024,1.169027642134437,0.9179507016774644,2.0014499238545818,1.50311715684782,2.0014499238545818,0.8324222817201448,1.5852387829945094,1.6200972028931775,6035,0,,
26/07/2024,0.18,0.33,0.26,4445,4450,4445,20240726RUN03,13.84431837672664,100.45720080826811,26/07/2024,1.169027642134437,0.9179507016774644,2.0014499238545818,1.50311715684782,2.0014499238545818,0.8324222817201448,1.5852387829945094,1.5416069527116691,6035,0,4445,633
26/07/2024,0.41,1.05,0.73,4450,4455,4450,20240726RUN03,13.844325785423843,100.45715518304226,26/07/2024,1.169027642134437,0.9179507016774644,2.0014499238545818,1.50311715684782,2.0014499238545818,0.8324222817201448,1.5852387829945094,1.5356732533870463,6035,0,4452,634
26/07/2024,0.66,0.92,0.79,4455,4460,4455,20240726RUN03,13.84433321757526,100.45710956184557,26/07/2024,1.169027642134437,0.9179507016774644,2.0014499238545818,1.50311715684782,2.0014499238545818,0.8324222817201448,1.5852387829945094,1.6457604895716083,6035,0,4459,635
26/07/2024,0.61,0.11,0.36,4460,4465,4460,20240726RUN03,13.84434071991313,100.45706395263299,26/07/2024,1.0590660440608644,0.7773550538044822,1.1718928541221385,0.8600127991078886,1.1718928541221385,0.1128268100612739,1.1154794490915014,1.1077980927486684,6035,0,,
26/07/2024,0.3,0.0,0.15,4465,4470,4465,20240726RUN03,13.84434820520231,100.45701834048387,26/07/2024,1.0590660440608644,0.7773550538044822,1.1718928541221385,0.8600127991078886,1.1718928541221385,0.1128268100612739,1.1154794490915014,1.2019887872587613,6035,0,4466,636
26/07/2024,0.64,0.0,0.32,4470,4475,4470,20240726RUN03,13.844355661254482,100.45697272334357,26/07/2024,1.0590660440608644,0.7773550538044822,1.1718928541221385,0.8600127991078886,1.1718928541221385,0.1128268100612739,1.1154794490915014,1.0123636993747331,6035,0,4473,637
26/07/2024,0.59,0.0,0.3,4475,4480,4475,20240726RUN03,13.844363164385896,100.45692711430544,26/07/2024,1.0590660440608644,0.7773550538044822,1.1718928541221385,0.8600127991078886,1.1718928541221385,0.1128268100612739,1.1154794490915014,1.222254346964288,6035,0,,
26/07/2024,0.85,0.0,0.42,4480,4485,4480,20240726RUN03,13.844370729384167,100.4568815159688,26/07/2024,1.4354047167253643,1.0392316045233587,1.6358665217828068,1.2259511481541845,1.6358665217828068,0.2004618050574422,1.5356356192540854,1.4407182941794867,6035,0,4480,638
26/07/2024,0.58,0.15,0.36,4485,4490,4485,20240726RUN03,13.844378339486978,100.45683592547003,26/07/2024,1.4354047167253643,1.0392316045233587,1.6358665217828068,1.2259511481541845,1.6358665217828068,0.2004618050574422,1.5356356192540854,1.6753471451445323,6035,0,4488,639
26/07/2024,1.14,0.26,0.7,4490,4495,4490,20240726RUN03,13.84438595382907,100.45679033575495,26/07/2024,1.4354047167253643,1.0392316045233587,1.6358665217828068,1.2259511481541845,1.6358665217828068,0.2004618050574422,1.5356356192540854,1.4331131256221832,6035,0,,
26/07/2024,0.9,0.1,0.5,4495,4500,4495,20240726RUN03,13.84439351588589,100.4567447369076,26/07/2024,1.4354047167253643,1.0392316045233587,1.6358665217828068,1.2259511481541845,1.6358665217828068,0.2004618050574422,1.5356356192540854,1.579592522124438,6035,0,4495,640
26/07/2024,0.28,0.0,0.14,4500,4505,4500,20240726RUN03,13.844401024280724,100.45669912874298,26/07/2024,1.7203532251293547,1.4971986913362143,1.8113357483014565,1.355305050044728,1.8113357483014565,0.0909825231721017,1.7658444867154057,1.8977802819864857,6035,0,4502,641
26/07/2024,0.59,0.05,0.32,4505,4510,4505,20240726RUN03,13.844408497138405,100.45665351449907,26/07/2024,1.7203532251293547,1.4971986913362143,1.8113357483014565,1.355305050044728,1.8113357483014565,0.0909825231721017,1.7658444867154057,1.5998611814485628,6035,0,4509,642
26/07/2024,0.72,0.0,0.36,4510,4515,4510,20240726RUN03,13.844415976861441,100.45660790148091,26/07/2024,1.7203532251293547,1.4971986913362143,1.8113357483014565,1.355305050044728,1.8113357483014565,0.0909825231721017,1.7658444867154057,1.7587084311279635,6035,0,,
26/07/2024,1.1,0.02,0.56,4515,4520,4515,20240726RUN03,13.844423485703128,100.45656229341448,26/07/2024,1.7203532251293547,1.4971986913362143,1.8113357483014565,1.355305050044728,1.8113357483014565,0.0909825231721017,1.7658444867154057,1.7228647971785427,6035,0,4516,643
26/07/2024,0.98,0.06,0.52,4520,4525,4520,20240726RUN03,13.844430980877206,100.45651668300913,26/07/2024,1.385185193316847,1.140207258917843,1.223608912433501,0.98855495582487,1.385185193316847,0.161576280883346,1.304397052875174,1.222740781376049,6035,0,4523,644
26/07/2024,0.86,0.1,0.48,4525,4530,4525,20240726RUN03,13.844438442347013,100.45647106680254,26/07/2024,1.385185193316847,1.140207258917843,1.223608912433501,0.98855495582487,1.385185193316847,0.161576280883346,1.304397052875174,1.248394281763468,6035,0,,
26/07/2024,0.79,0.0,0.4,4530,4535,4530,20240726RUN03,13.844445889825062,100.45642544821166,26/07/2024,1.385185193316847,1.140207258917843,1.223608912433501,0.98855495582487,1.385185193316847,0.161576280883346,1.304397052875174,1.3823189853585989,6035,0,4530,645
26/07/2024,0.8,0.07,0.44,4535,4540,4535,20240726RUN03,13.844453327928422,100.45637982795984,26/07/2024,1.385185193316847,1.140207258917843,1.223608912433501,0.98855495582487,1.385185193316847,0.161576280883346,1.304397052875174,1.3590795132753295,6035,0,4537,646
26/07/2024,1.24,0.02,0.63,4540,4545,4540,20240726RUN03,13.844460735418162,100.45633420247376,26/07/2024,1.0723915763444531,1.021726182759202,1.056556565813889,0.8405813311661798,1.0723915763444531,0.0158350105305644,1.0644740710791711,1.0342759177226655,6035,0,4544,647
26/07/2024,1.15,0.06,0.6,4545,4550,4545,20240726RUN03,13.844468095049423,100.45628856885028,26/07/2024,1.0723915763444531,1.021726182759202,1.056556565813889,0.8405813311661798,1.0723915763444531,0.0158350105305644,1.0644740710791711,0.9710439292886441,6035,0,,
26/07/2024,0.91,0.0,0.46,4550,4555,4550,20240726RUN03,13.844475446657814,100.4562429338802,26/07/2024,1.0723915763444531,1.021726182759202,1.056556565813889,0.8405813311661798,1.0723915763444531,0.0158350105305644,1.0644740710791711,1.1147342362135038,6035,0,4551,648
26/07/2024,0.89,0.0,0.44,4555,4560,4555,20240726RUN03,13.844482833776297,100.45619730492942,26/07/2024,1.0723915763444531,1.021726182759202,1.056556565813889,0.8405813311661798,1.0723915763444531,0.0158350105305644,1.0644740710791711,1.1658399479005164,6035,0,4558,649
26/07/2024,0.8,0.0,0.4,4560,4565,4560,20240726RUN03,13.844490255596167,100.45615168186016,26/07/2024,1.2372578743352984,0.871420998035609,1.4326147681136243,1.1767854464949197,1.4326147681136243,0.1953568937783258,1.3349363212244614,1.2887608327167042,6035,0,,
26/07/2024,1.04,0.1,0.57,4565,4570,4565,20240726RUN03,13.84449765954959,100.45610605578545,26/07/2024,1.2372578743352984,0.871420998035609,1.4326147681136243,1.1767854464949197,1.4326147681136243,0.1953568937783258,1.3349363212244614,1.4248668925129007,6035,0,4565,650
26/07/2024,0.48,0.02,0.25,4570,4575,4570,20240726RUN03,13.844505016858283,100.45606042181754,26/07/2024,1.2372578743352984,0.871420998035609,1.4326147681136243,1.1767854464949197,1.4326147681136243,0.1953568937783258,1.3349363212244614,1.3462101404144478,6035,0,4572,651
26/07/2024,0.79,0.0,0.4,4575,4580,4575,20240726RUN03,13.844512399545279,100.45601479210212,26/07/2024,1.2372578743352984,0.871420998035609,1.4326147681136243,1.1767854464949197,1.4326147681136243,0.1953568937783258,1.3349363212244614,1.286416302167033,6035,0,4579,652
26/07/2024,0.61,0.0,0.3,4580,4585,4580,20240726RUN03,13.844519816293786,100.45596916817468,26/07/2024,1.274939489872767,0.8044611866988759,1.1993639706454595,0.8691071453151653,1.274939489872767,0.0755755192273075,1.2371517302591133,1.3487223016553593,6035,0,,
26/07/2024,0.3,0.0,0.15,4585,4590,4585,20240726RUN03,13.844527183932286,100.45592353594441,26/07/2024,1.274939489872767,0.8044611866988759,1.1993639706454595,0.8691071453151653,1.274939489872767,0.0755755192273075,1.2371517302591133,1.1678499602015544,6035,0,4586,653
26/07/2024,0.28,0.0,0.14,4590,4595,4590,20240726RUN03,13.844534469276761,100.4558778898354,26/07/2024,1.274939489872767,0.8044611866988759,1.1993639706454595,0.8691071453151653,1.274939489872767,0.0755755192273075,1.2371517302591133,1.3586704549912378,6035,0,4593,654
26/07/2024,0.49,0.0,0.24,4595,4600,4595,20240726RUN03,13.8445416951615,100.45583223386717,26/07/2024,1.274939489872767,0.8044611866988759,1.1993639706454595,0.8691071453151653,1.274939489872767,0.0755755192273075,1.2371517302591133,1.1707714309606934,6035,0,,
26/07/2024,0.18,0.29,0.24,4600,4605,4600,20240726RUN03,13.844548912577292,100.4557865764986,26/07/2024,1.8469028163332173,1.5599281957197928,1.8555149502188395,1.2463234740228255,1.8555149502188395,0.0086121338856217,1.8512088832760285,1.7925555645281304,6035,0,4600,655
26/07/2024,0.37,0.02,0.2,4605,4610,4605,20240726RUN03,13.844556170562596,100.45574092583414,26/07/2024,1.8469028163332173,1.5599281957197928,1.8555149502188395,1.2463234740228255,1.8555149502188395,0.0086121338856217,1.8512088832760285,1.848606801205451,6035,0,4607,656
26/07/2024,0.19,0.22,0.2,4610,4615,4610,20240726RUN03,13.844563448311288,100.45569527849912,26/07/2024,1.8469028163332173,1.5599281957197928,1.8555149502188395,1.2463234740228255,1.8555149502188395,0.0086121338856217,1.8512088832760285,1.6678539937392598,6035,0,4614,657
26/07/2024,0.17,0.58,0.38,4615,4620,4615,20240726RUN03,13.844570702754535,100.45564962722759,26/07/2024,1.8469028163332173,1.5599281957197928,1.8555149502188395,1.2463234740228255,1.8555149502188395,0.0086121338856217,1.8512088832760285,1.804759686679338,6035,0,,
26/07/2024,0.31,0.96,0.64,4620,4625,4620,20240726RUN03,13.844577990125432,100.45560398150711,26/07/2024,1.1018035985641688,0.9671900516167636,1.1776338519746703,0.9369543292976232,1.1776338519746703,0.0758302534105015,1.1397187252694194,1.2184566283588667,6035,0,4621,658
26/07/2024,0.31,0.66,0.48,4625,4630,4625,20240726RUN03,13.844585346434577,100.45555834735835,26/07/2024,1.1018035985641688,0.9671900516167636,1.1776338519746703,0.9369543292976232,1.1776338519746703,0.0758302534105015,1.1397187252694194,1.1389439854325414,6035,0,4628,659
26/07/2024,0.41,1.8,1.1,4630,4635,4630,20240726RUN03,13.8445927436442,100.4555127201456,26/07/2024,1.1018035985641688,0.9671900516167636,1.1776338519746703,0.9369543292976232,1.1776338519746703,0.0758302534105015,1.1397187252694194,1.2096810426579339,6035,0,,
26/07/2024,0.7,2.04,1.37,4635,4640,4635,20240726RUN03,13.844600180113636,100.45546709960203,26/07/2024,1.1018035985641688,0.9671900516167636,1.1776338519746703,0.9369543292976232,1.1776338519746703,0.0758302534105015,1.1397187252694194,1.1480239871078664,6035,0,4635,660
26/07/2024,0.89,0.58,0.74,4640,4645,4640,20240726RUN03,13.844607661252734,100.45542148671643,26/07/2024,1.3008149496085808,1.1412083695831106,1.7142601202047976,1.2958961303362044,1.7142601202047976,0.4134451705962167,1.5075375349066893,1.479104137959903,6035,0,4642,661
26/07/2024,0.7,0.21,0.45,4645,4650,4645,20240726RUN03,13.844615165639393,100.4553758778068,26/07/2024,1.3008149496085808,1.1412083695831106,1.7142601202047976,1.2958961303362044,1.7142601202047976,0.4134451705962167,1.5075375349066893,1.4479699914864879,6035,0,4649,662
26/07/2024,0.52,0.73,0.62,4650,4655,4650,20240726RUN03,13.844622659209218,100.45533026705326,26/07/2024,1.3008149496085808,1.1412083695831106,1.7142601202047976,1.2958961303362044,1.7142601202047976,0.4134451705962167,1.5075375349066893,1.5774399066898155,6035,0,,
26/07/2024,0.58,0.0,0.29,4655,4660,4655,20240726RUN03,13.844630125592175,100.4552846516256,26/07/2024,1.3008149496085808,1.1412083695831106,1.7142601202047976,1.2958961303362044,1.7142601202047976,0.4134451705962167,1.5075375349066893,1.6170868309784232,6035,0,4656,663
26/07/2024,0.19,0.13,0.16,4660,4665,4660,20240726RUN03,13.84463752789551,100.45523902527697,26/07/2024,1.483804101991486,1.1569581749994622,1.4560691971553297,0.8875581902974987,1.483804101991486,0.0277349048361563,1.4699366495734079,1.384078618921031,6035,0,4663,664
26/07/2024,0.04,0.11,0.08,4665,4670,4665,20240726RUN03,13.844644874285784,100.45519338944771,26/07/2024,1.483804101991486,1.1569581749994622,1.4560691971553297,0.8875581902974987,1.483804101991486,0.0277349048361563,1.4699366495734079,1.4646251589667256,6035,0,,
26/07/2024,0.11,0.32,0.22,4670,4675,4670,20240726RUN03,13.84465219953287,100.45514775009266,26/07/2024,1.483804101991486,1.1569581749994622,1.4560691971553297,0.8875581902974987,1.483804101991486,0.0277349048361563,1.4699366495734079,1.5349048272143913,6035,0,4670,665
26/07/2024,0.46,0.48,0.47,4675,4680,4675,20240726RUN03,13.844659491719016,100.4551021051732,26/07/2024,1.483804101991486,1.1569581749994622,1.4560691971553297,0.8875581902974987,1.483804101991486,0.0277349048361563,1.4699366495734079,1.5480382141986317,6035,0,4677,666
26/07/2024,0.3,0.06,0.18,4680,4685,4680,20240726RUN03,13.844666757921726,100.45505645590883,26/07/2024,1.818915862784432,1.6362339553548588,1.2648504352726029,1.0079426746295692,1.818915862784432,0.5540654275118291,1.5418831490285174,1.5845445908251015,6035,0,4684,667
26/07/2024,0.26,0.43,0.34,4685,4690,4685,20240726RUN03,13.844673986768482,100.45501080039467,26/07/2024,1.818915862784432,1.6362339553548588,1.2648504352726029,1.0079426746295692,1.818915862784432,0.5540654275118291,1.5418831490285174,1.479836196747118,6035,0,,
26/07/2024,0.57,0.27,0.42,4690,4695,4690,20240726RUN03,13.844681214267247,100.45496514468779,26/07/2024,1.818915862784432,1.6362339553548588,1.2648504352726029,1.0079426746295692,1.818915862784432,0.5540654275118291,1.5418831490285174,1.4748775879395897,6035,0,4691,668
26/07/2024,0.47,0.19,0.33,4695,4700,4695,20240726RUN03,13.84468857654111,100.4549195115807,26/07/2024,1.818915862784432,1.6362339553548588,1.2648504352726029,1.0079426746295692,1.818915862784432,0.5540654275118291,1.5418831490285174,1.5592468268545374,6035,0,4698,669
26/07/2024,0.43,0.16,0.3,4700,4705,4700,20240726RUN03,13.844696083409717,100.45487390312313,26/07/2024,1.2683772085702667,0.9567649457215986,1.6525403614137333,1.3688397659721228,1.6525403614137333,0.3841631528434666,1.4604587849919999,1.3878882474468444,6035,0,,
26/07/2024,0.22,0.47,0.34,4705,4710,4705,20240726RUN03,13.844703584449704,100.45482829363766,26/07/2024,1.2683772085702667,0.9567649457215986,1.6525403614137333,1.3688397659721228,1.6525403614137333,0.3841631528434666,1.4604587849919999,1.3932709366764089,6035,0,4705,670
26/07/2024,0.67,0.22,0.44,4710,4715,4710,20240726RUN03,13.84471099307749,100.45478266837017,26/07/2024,1.2683772085702667,0.9567649457215986,1.6525403614137333,1.3688397659721228,1.6525403614137333,0.3841631528434666,1.4604587849919999,1.4074820377577573,6035,0,4712,671
26/07/2024,1.38,0.69,1.03,4715,4720,4715,20240726RUN03,13.84471838748063,100.45473704066573,26/07/2024,1.2683772085702667,0.9567649457215986,1.6525403614137333,1.3688397659721228,1.6525403614137333,0.3841631528434666,1.4604587849919999,1.5800031468216251,6035,0,4719,672
26/07/2024,0.76,0.1,0.43,4720,4725,4720,20240726RUN03,13.844725834786592,100.45469142197591,26/07/2024,1.4440127544109664,1.0460772705855996,1.4048052264713302,1.1933103218559176,1.4440127544109664,0.0392075279396362,1.4244089904411483,1.3908119891708015,6035,0,,
26/07/2024,0.81,0.0,0.4,4725,4730,4725,20240726RUN03,13.84473331335466,100.45464580863066,26/07/2024,1.4440127544109664,1.0460772705855996,1.4048052264713302,1.1933103218559176,1.4440127544109664,0.0392075279396362,1.4244089904411483,1.3795331482924023,6035,0,4726,673
26/07/2024,1.01,0.04,0.52,4730,4735,4730,20240726RUN03,13.844740767253532,100.45460019104672,26/07/2024,1.4440127544109664,1.0460772705855996,1.4048052264713302,1.1933103218559176,1.4440127544109664,0.0392075279396362,1.4244089904411483,1.404601976339731,6035,0,4733,674
26/07/2024,0.98,0.17,0.57,4735,4740,4735,20240726RUN03,13.844748187028445,100.45455456765544,26/07/2024,1.4440127544109664,1.0460772705855996,1.4048052264713302,1.1933103218559176,1.4440127544109664,0.0392075279396362,1.4244089904411483,1.430028497107531,6035,0,,
26/07/2024,0.35,0.03,0.19,4740,4745,4740,20240726RUN03,13.844755610297872,100.45450894485423,26/07/2024,1.405604006040604,1.4704556717425072,1.43525618297216,1.182251191578681,1.43525618297216,0.029652176931556,1.420430094506382,1.4895493077710318,6035,0,4740,675
26/07/2024,0.7,0.01,0.36,4745,4750,4745,20240726RUN03,13.84476308899768,100.45446333155022,26/07/2024,1.405604006040604,1.4704556717425072,1.43525618297216,1.182251191578681,1.43525618297216,0.029652176931556,1.420430094506382,1.3119893773714078,6035,0,4747,676
26/07/2024,0.79,0.0,0.4,4750,4755,4750,20240726RUN03,13.844770650051046,100.45441773248686,26/07/2024,1.405604006040604,1.4704556717425072,1.43525618297216,1.182251191578681,1.43525618297216,0.029652176931556,1.420430094506382,1.5574580516006362,6035,0,4754,677
26/07/2024,0.59,0.0,0.3,4755,4760,4755,20240726RUN03,13.844778278265695,100.45437214519437,26/07/2024,1.405604006040604,1.4704556717425072,1.43525618297216,1.182251191578681,1.43525618297216,0.029652176931556,1.420430094506382,1.5345686532067437,6035,0,,
26/07/2024,0.39,0.0,0.2,4760,4765,4760,20240726RUN03,13.844785953565765,100.45432656620387,26/07/2024,2.587410348685273,1.915412383406757,2.902037223702405,2.2245148678779625,2.902037223702405,0.3146268750171326,2.744723786193839,2.845246806722269,6035,0,4761,678
26/07/2024,0.88,0.0,0.44,4765,4770,4765,20240726RUN03,13.844793659127157,100.45428099255976,26/07/2024,2.587410348685273,1.915412383406757,2.902037223702405,2.2245148678779625,2.902037223702405,0.3146268750171326,2.744723786193839,2.8336715410994726,6035,0,4768,679
26/07/2024,1.17,0.0,0.58,4770,4775,4770,20240726RUN03,13.844801329120209,100.45423541275163,26/07/2024,2.587410348685273,1.915412383406757,2.902037223702405,2.2245148678779625,2.902037223702405,0.3146268750171326,2.744723786193839,2.4935155011627455,6035,0,,
26/07/2024,0.31,0.0,0.16,4775,4780,4775,20240726RUN03,13.84480891306994,100.4541898178186,26/07/2024,2.587410348685273,1.915412383406757,2.902037223702405,2.2245148678779625,2.902037223702405,0.3146268750171326,2.744723786193839,3.0069327937257557,6035,0,4775,680
26/07/2024,0.11,0.0,0.06,4780,4785,4780,20240726RUN03,13.844816438636387,100.45414421279757,26/07/2024,1.6035334993900845,1.1979780229700956,1.5368121152853234,1.2999007971466243,1.6035334993900845,0.0667213841047611,1.570172807337704,1.549107715079161,6035,0,4782,681
26/07/2024,0.08,0.02,0.05,4785,4790,4785,20240726RUN03,13.844823940093097,100.45409860364079,26/07/2024,1.6035334993900845,1.1979780229700956,1.5368121152853234,1.2999007971466243,1.6035334993900845,0.0667213841047611,1.570172807337704,1.6034432539883627,6035,0,,
26/07/2024,0.68,0.47,0.57,4790,4795,4790,20240726RUN03,13.844831408777148,100.45405298884428,26/07/2024,1.6035334993900845,1.1979780229700956,1.5368121152853234,1.2999007971466243,1.6035334993900845,0.0667213841047611,1.570172807337704,1.4888398995356869,6035,0,4790,682
26/07/2024,0.52,0.0,0.26,4795,4800,4795,20240726RUN03,13.84483884928293,100.45400736922711,26/07/2024,1.6035334993900845,1.1979780229700956,1.5368121152853234,1.2999007971466243,1.6035334993900845,0.0667213841047611,1.570172807337704,1.4681338631916379,6035,0,4797,683
26/07/2024,0.8,0.23,0.52,4800,4805,4800,20240726RUN03,13.844846389401173,100.45396176672155,26/07/2024,1.6725825796210376,1.2593575365766712,1.957324690497104,1.5516376931222724,1.957324690497104,0.2847421108760661,1.8149536350590707,1.995730039400367,6035,0,4804,684
26/07/2024,0.5,0.0,0.25,4805,4810,4805,20240726RUN03,13.844854186468746,100.45391620948513,26/07/2024,1.6725825796210376,1.2593575365766712,1.957324690497104,1.5516376931222724,1.957324690497104,0.2847421108760661,1.8149536350590707,1.6442467670851801,6035,0,,
26/07/2024,0.65,0.0,0.32,4810,4815,4810,20240726RUN03,13.844862279601342,100.45387070629839,26/07/2024,1.6725825796210376,1.2593575365766712,1.957324690497104,1.5516376931222724,1.957324690497104,0.2847421108760661,1.8149536350590707,1.8712974048087458,6035,0,4811,685
26/07/2024,0.16,0.0,0.08,4815,4820,4815,20240726RUN03,13.844870745114903,100.4538252741637,26/07/2024,1.6725825796210376,1.2593575365766712,1.957324690497104,1.5516376931222724,1.957324690497104,0.2847421108760661,1.8149536350590707,1.6748955572352469,6035,0,4818,686
26/07/2024,2.26,0.0,1.13,4820,4825,4820,20240726RUN03,13.844879673245135,100.45377993488476,26/07/2024,1.4518067955168137,1.1648337912284903,1.938954790888964,1.281687896078636,1.938954790888964,0.4871479953721502,1.6953807932028888,1.7119643132431106,6035,0,,
26/07/2024,1.21,0.0,0.6,4825,4830,4825,20240726RUN03,13.84488917695967,100.4537347184772,26/07/2024,1.4518067955168137,1.1648337912284903,1.938954790888964,1.281687896078636,1.938954790888964,0.4871479953721502,1.6953807932028888,1.6176811681685628,6035,0,4825,687
26/07/2024,0.77,0.0,0.38,4830,4835,4830,20240726RUN03,13.844899366947713,100.45368965878643,26/07/2024,1.4518067955168137,1.1648337912284903,1.938954790888964,1.281687896078636,1.938954790888964,0.4871479953721502,1.6953807932028888,1.6118353926409463,6035,0,4832,688
26/07/2024,1.05,0.0,0.52,4835,4840,4835,20240726RUN03,13.844910239152957,100.45364476633587,26/07/2024,1.4518067955168137,1.1648337912284903,1.938954790888964,1.281687896078636,1.938954790888964,0.4871479953721502,1.6953807932028888,1.6668840686437159,6035,0,4839,689
26/07/2024,1.77,0.0,0.88,4840,4845,4840,20240726RUN03,13.844921831214815,100.45360006299727,26/07/2024,1.5008121786269106,1.0012575928843366,2.0109003021506293,1.5940363339993089,2.0109003021506293,0.5100881235237187,1.7558562403887699,1.8527428511773443,6035,0,,
26/07/2024,0.85,0.0,0.42,4845,4850,4845,20240726RUN03,13.844934198701885,100.45355557779595,26/07/2024,1.5008121786269106,1.0012575928843366,2.0109003021506293,1.5940363339993089,2.0109003021506293,0.5100881235237187,1.7558562403887699,1.740042424661836,6035,0,4846,690
26/07/2024,0.26,0.0,0.13,4850,4855,4850,20240726RUN03,13.844947342831599,100.45351132641031,26/07/2024,1.5008121786269106,1.0012575928843366,2.0109003021506293,1.5940363339993089,2.0109003021506293,0.5100881235237187,1.7558562403887699,1.877473581203971,6035,0,4853,691
26/07/2024,0.32,0.0,0.16,4855,4860,4855,20240726RUN03,13.844961290129817,100.45346733328131,26/07/2024,1.5008121786269106,1.0012575928843366,2.0109003021506293,1.5940363339993089,2.0109003021506293,0.5100881235237187,1.7558562403887699,1.826398854498548,6035,0,,
26/07/2024,0.43,0.0,0.22,4860,4865,4860,20240726RUN03,13.844976083970913,100.45342363085483,26/07/2024,1.806660954412772,1.535858937046209,2.4774141081955467,1.699328303592582,2.4774141081955467,0.6707531537827749,2.1420375313041595,2.0612269857208294,6035,0,4860,692
26/07/2024,0.79,0.0,0.4,4865,4870,4865,20240726RUN03,13.844991744367501,100.45338024566239,26/07/2024,1.806660954412772,1.535858937046209,2.4774141081955467,1.699328303592582,2.4774141081955467,0.6707531537827749,2.1420375313041595,2.111263587386336,6035,0,4867,693
26/07/2024,1.51,0.0,0.76,4870,4875,4870,20240726RUN03,13.845008141095276,100.45333714608141,26/07/2024,1.806660954412772,1.535858937046209,2.4774141081955467,1.699328303592582,2.4774141081955467,0.6707531537827749,2.1420375313041595,2.2790293546583618,6035,0,4874,694
26/07/2024,2.19,0.0,1.1,4875,4880,4875,20240726RUN03,13.845025108768285,100.45329427846998,26/07/2024,1.806660954412772,1.535858937046209,2.4774141081955467,1.699328303592582,2.4774141081955467,0.6707531537827749,2.1420375313041595,2.038075534312644,6035,0,,
26/07/2024,1.84,0.0,0.92,4880,4885,4880,20240726RUN03,13.845042550934028,100.45325161064758,26/07/2024,2.457670351646086,1.809515460819909,1.87653396353959,1.6438655779710278,2.457670351646086,0.5811363881064957,2.1671021575928378,2.123492264148072,6035,0,4881,695
26/07/2024,1.81,0.0,0.9,4885,4890,4885,20240726RUN03,13.845060348455075,100.45320909684361,26/07/2024,2.457670351646086,1.809515460819909,1.87653396353959,1.6438655779710278,2.457670351646086,0.5811363881064957,2.1671021575928378,2.0089510888315627,6035,0,4888,696
26/07/2024,1.97,0.0,0.98,4890,4895,4890,20240726RUN03,13.84507839781973,100.45316669450497,26/07/2024,2.457670351646086,1.809515460819909,1.87653396353959,1.6438655779710278,2.457670351646086,0.5811363881064957,2.1671021575928378,2.010249787170295,6035,0,,
26/07/2024,1.21,0.0,0.6,4895,4900,4895,20240726RUN03,13.845096570776096,100.4531243476107,26/07/2024,2.457670351646086,1.809515460819909,1.87653396353959,1.6438655779710278,2.457670351646086,0.5811363881064957,2.1671021575928378,2.2320070133314,6035,0,4895,697
26/07/2024,0.5,0.0,0.25,4900,4905,4900,20240726RUN03,13.845114602768874,100.45308193788543,26/07/2024,2.1910406101229976,1.1339886006452655,1.412041614661277,1.0242246811131457,2.1910406101229976,0.7789989954617202,1.8015411123921372,1.9507731822583867,6035,0,4902,698
26/07/2024,0.89,0.0,0.44,4905,4910,4905,20240726RUN03,13.84513225412225,100.45303936103974,26/07/2024,2.1910406101229976,1.1339886006452655,1.412041614661277,1.0242246811131457,2.1910406101229976,0.7789989954617202,1.8015411123921372,1.7017602769953126,6035,0,4909,699
26/07/2024,0.3,0.0,0.15,4910,4915,4910,20240726RUN03,13.845149406822413,100.45299657153441,26/07/2024,2.1910406101229976,1.1339886006452655,1.412041614661277,1.0242246811131457,2.1910406101229976,0.7789989954617202,1.8015411123921372,1.6818635510411264,6035,0,,
26/07/2024,0.16,0.0,0.08,4915,4920,4915,20240726RUN03,13.8451658877644,100.45295350681205,26/07/2024,2.1910406101229976,1.1339886006452655,1.412041614661277,1.0242246811131457,2.1910406101229976,0.7789989954617202,1.8015411123921372,1.7453409792576642,6035,0,4916,700
26/07/2024,0.51,0.0,0.26,4920,4925,4920,20240726RUN03,13.845181504297855,100.45291010638648,26/07/2024,2.9467127150123686,2.5472339825721098,2.698474695869924,2.194920973604681,2.9467127150123686,0.2482380191424447,2.8225937054411463,2.6888169669844233,6035,0,4923,701
26/07/2024,1.13,0.0,0.56,4925,4930,4925,20240726RUN03,13.845196257893663,100.4528663910171,26/07/2024,2.9467127150123686,2.5472339825721098,2.698474695869924,2.194920973604681,2.9467127150123686,0.2482380191424447,2.8225937054411463,2.7823508159979897,6035,0,,
26/07/2024,1.07,0.0,0.54,4930,4935,4930,20240726RUN03,13.845210155373506,100.45282238286931,26/07/2024,2.9467127150123686,2.5472339825721098,2.698474695869924,2.194920973604681,2.9467127150123686,0.2482380191424447,2.8225937054411463,2.71983772126819,6035,0,4930,702
26/07/2024,1.37,0.0,0.68,4935,4940,4935,20240726RUN03,13.845223235286063,100.45277811287471,26/07/2024,2.9467127150123686,2.5472339825721098,2.698474695869924,2.194920973604681,2.9467127150123686,0.2482380191424447,2.8225937054411463,3.074395844162444,6035,0,4937,703
26/07/2024,0.84,0.0,0.42,4940,4945,4940,20240726RUN03,13.845235635728464,100.45273363818379,26/07/2024,4.076641244302051,3.0417042145584405,5.413521821180183,4.068647292867516,5.413521821180183,1.3368805768781318,4.745081532741117,4.60472997239508,6035,0,4944,704
26/07/2024,0.86,0.03,0.44,4945,4950,4945,20240726RUN03,13.845247505688983,100.45268901201601,26/07/2024,4.076641244302051,3.0417042145584405,5.413521821180183,4.068647292867516,5.413521821180183,1.3368805768781318,4.745081532741117,5.190807043268644,6035,0,,
26/07/2024,1.16,0.24,0.7,4950,4955,4950,20240726RUN03,13.845259044015258,100.45264429465993,26/07/2024,4.076641244302051,3.0417042145584405,5.413521821180183,4.068647292867516,5.413521821180183,1.3368805768781318,4.745081532741117,4.66700625443822,6035,0,4951,705
26/07/2024,1.19,0.06,0.62,4955,4960,4955,20240726RUN03,13.84527040283477,100.45259952885955,26/07/2024,4.076641244302051,3.0417042145584405,5.413521821180183,4.068647292867516,5.413521821180183,1.3368805768781318,4.745081532741117,4.295761427347885,6035,0,4958,706
26/07/2024,1.86,0.03,0.94,4960,4965,4960,20240726RUN03,13.845281882468008,100.45255479505795,26/07/2024,2.3111816293018173,1.863859988883114,2.208147530779711,1.782056508604429,2.3111816293018173,0.1030340985221061,2.259664580040764,2.0607486602029264,6035,0,,
26/07/2024,2.87,0.02,1.44,4965,4970,4965,20240726RUN03,13.845293632210675,100.45251013478284,26/07/2024,2.3111816293018173,1.863859988883114,2.208147530779711,1.782056508604429,2.3111816293018173,0.1030340985221061,2.259664580040764,2.241867871705262,6035,0,4965,707
26/07/2024,2.14,0.02,1.08,4970,4975,4970,20240726RUN03,13.84530567403101,100.45246555604382,26/07/2024,2.3111816293018173,1.863859988883114,2.208147530779711,1.782056508604429,2.3111816293018173,0.1030340985221061,2.259664580040764,2.375555738078305,6035,0,4972,708
26/07/2024,1.46,0.06,0.76,4975,4980,4975,20240726RUN03,13.845318096720062,100.45242108698491,26/07/2024,2.3111816293018173,1.863859988883114,2.208147530779711,1.782056508604429,2.3111816293018173,0.1030340985221061,2.259664580040764,2.483802327812715,6035,0,4979,709
26/07/2024,2.26,0.21,1.23,4980,4985,4980,20240726RUN03,13.845330936170612,100.45237674208929,26/07/2024,2.645033270512181,2.135502048987699,1.7393925559646386,1.2657368097045676,2.645033270512181,0.9056407145475422,2.19221291323841,2.216342971965738,6035,0,,
26/07/2024,1.97,0.3,1.14,4985,4990,4985,20240726RUN03,13.845344105860589,100.45233249861501,26/07/2024,2.645033270512181,2.135502048987699,1.7393925559646386,1.2657368097045676,2.645033270512181,0.9056407145475422,2.19221291323841,2.0555824535309495,6035,0,4986,710
26/07/2024,1.06,0.27,0.66,4990,4995,4990,20240726RUN03,13.845357635726884,100.4522883692648,26/07/2024,2.645033270512181,2.135502048987699,1.7393925559646386,1.2657368097045676,2.645033270512181,0.9056407145475422,2.19221291323841,2.158692113108285,6035,0,4993,711
26/07/2024,0.84,0.16,0.5,4995,5000,4995,20240726RUN03,13.845371668906633,100.45224440506279,26/07/2024,2.645033270512181,2.135502048987699,1.7393925559646386,1.2657368097045676,2.645033270512181,0.9056407145475422,2.19221291323841,2.163711295924871,6035,0,,
26/07/2024,0.77,0.43,0.6,5000,5005,5000,20240726RUN03,13.845386282136175,100.45220063906788,26/07/2024,1.343216143389013,0.9637991782916994,1.5746396467398307,0.8953953008898458,1.5746396467398307,0.2314235033508176,1.4589278950644218,1.5816850320592972,6035,0,5000,712
26/07/2024,2.07,0.04,1.06,5005,5010,5005,20240726RUN03,13.845401281146938,100.45215700981312,26/07/2024,1.343216143389013,0.9637991782916994,1.5746396467398307,0.8953953008898458,1.5746396467398307,0.2314235033508176,1.4589278950644218,1.4457405530767757,6035,0,5007,713
26/07/2024,2.41,0.0,1.2,5010,5015,5010,20240726RUN03,13.84541647144739,100.45211344992389,26/07/2024,1.343216143389013,0.9637991782916994,1.5746396467398307,0.8953953008898458,1.5746396467398307,0.2314235033508176,1.4589278950644218,1.3326759617140644,6035,0,5014,714
26/07/2024,2.2,0.09,1.14,5015,5020,5015,20240726RUN03,13.845431684955122,100.45206989852225,26/07/2024,1.343216143389013,0.9637991782916994,1.5746396467398307,0.8953953008898458,1.5746396467398307,0.2314235033508176,1.4589278950644218,1.4376877116739606,6035,0,,
26/07/2024,1.44,0.06,0.75,5020,5025,5020,20240726RUN03,13.845446846905487,100.45202632831206,26/07/2024,-1.0,-1.0,-1.0,-1.0,-1.0,0.0,-1.0,-1.062257019760234,6035,0,5021,715
26/07/2024,0.89,0.03,0.46,5025,5030,5025,20240726RUN03,13.845461933675828,100.45198273079424,26/07/2024,-1.0,-1.0,-1.0,-1.0,-1.0,0.0,-1.0,-0.9510157102888502,6035,0,5028,716
26/07/2024,0.72,0.12,0.42,5030,5035,5030,20240726RUN03,13.845477129394714,100.45193917307328,26/07/2024,-1.0,-1.0,-1.0,-1.0,-1.0,0.0,-1.0,-1.0681333005310614,6035,0,,
26/07/2024,0.98,0.02,0.5,5035,5040,5035,20240726RUN03,13.845493346241168,100.4518960062711,26/07/2024,-1.0,-1.0,-1.0,-1.0,-1.0,0.0,-1.0,-1.0163239263068955,6035,0,5035,717
26/07/2024,1.97,0.12,1.04,5040,5045,5040,20240726RUN03,13.845512097688392,100.45185393604804,26/07/2024,-1.0,-1.0,-1.0,-1.0,-1.0,0.0,-1.0,-1.0703368584639348,6035,0,5042,718
26/07/2024,0.73,0.19,0.46,5045,5050,5045,20240726RUN03,13.84553363171416,100.45181328004952,26/07/2024,-1.0,-1.0,-1.0,-1.0,-1.0,0.0,-1.0,-0.9813446715059416,6035,0,5049,719
26/07/2024,0.04,0.0,0.02,5050,5055,5050,20240726RUN03,13.845558763870915,100.45177484909627,26/07/2024,-1.0,-1.0,-1.0,-1.0,-1.0,0.0,-1.0,-1.0999551800669953,6035,0,,
26/07/2024,0.0,0.0,0.0,5055,5060,5055,20240726RUN03,13.845583896027671,100.451736418143,26/07/2024,-1.0,-1.0,-1.0,-1.0,-1.0,0.0,-1.0,-0.9926845036898995,6035,0,5056,720
26/07/2024,0.0,0.0,0.0,5060,5065,5060,20240726RUN03,13.845609028184427,100.45169798718975,26/07/2024,-1.0,-1.0,-1.0,-1.0,-1.0,0.0,-1.0,-0.9827639688045899,6035,0,5063,721
26/07/2024,0.0,0.0,0.0,5065,5070,5065,20240726RUN03,13.845634160341183,100.45165955623649,26/07/2024,-1.0,-1.0,-1.0,-1.0,-1.0,0.0,-1.0,-0.9520922508542107,6035,0,,
26/07/2024,0.0,0.0,0.0,5070,5075,5070,20240726RUN03,13.845659292497938,100.45162112528324,26/07/2024,-1.0,-1.0,-1.0,-1.0,-1.0,0.0,-1.0,-0.9222891010833404,6035,0,5070,722
26/07/2024,0.0,0.0,0.0,5075,5080,5075,20240726RUN03,13.845684424654696,100.45158269432997,26/07/2024,-1.0,-1.0,-1.0,-1.0,-1.0,0.0,-1.0,-1.042347454452515,6035,0,5077,723
26/07/2024,0.0,0.0,0.0,5080,5085,5080,20240726RUN03,13.845709556811451,100.45154426337672,26/07/2024,-1.0,-1.0,-1.0,-1.0,-1.0,0.0,-1.0,-1.0585618325283852,6035,0,5084,724
26/07/2024,0.0,0.0,0.0,5085,5090,5085,20240726RUN03,13.845734688968207,100.45150583242346,26/07/2024,-1.0,-1.0,-1.0,-1.0,-1.0,0.0,-1.0,-1.0555367675683678,6035,0,,
26/07/2024,0.0,0.0,0.0,5090,5095,5090,20240726RUN03,13.845759821124963,100.45146740147021,26/07/2024,-1.0,-1.0,-1.0,-1.0,-1.0,0.0,-1.0,-1.0404001718093538,6035,0,5091,725
26/07/2024,1.49,0.07,0.78,5095,5100,5095,20240726RUN03,13.845784953281719,100.45142897051694,26/07/2024,-1.0,-1.0,-1.0,-1.0,-1.0,0.0,-1.0,-1.0458259714680433,6035,0,5098,726
26/07/2024,2.54,0.12,1.33,5100,5105,5100,20240726RUN03,13.845810085438474,100.45139053956369,26/07/2024,4.300426728719573,3.2703554167341378,6.212833551089334,4.1649882381379335,6.212833551089334,1.9124068223697608,5.256630139904454,5.2186822023366135,6035,0,,
26/07/2024,6.21,0.62,3.42,5105,5110,5105,20240726RUN03,13.845834167021941,100.45135140575724,26/07/2024,4.300426728719573,3.2703554167341378,6.212833551089334,4.1649882381379335,6.212833551089334,1.9124068223697608,5.256630139904454,5.437949563406506,6035,0,5106,727
26/07/2024,3.87,0.09,1.98,5110,5115,5110,20240726RUN03,13.845856551757807,100.4513112304338,26/07/2024,4.300426728719573,3.2703554167341378,6.212833551089334,4.1649882381379335,6.212833551089334,1.9124068223697608,5.256630139904454,5.51936763272593,6035,0,5113,728
26/07/2024,3.79,0.18,1.98,5115,5120,5115,20240726RUN03,13.845877742526111,100.45127037976674,26/07/2024,4.300426728719573,3.2703554167341378,6.212833551089334,4.1649882381379335,6.212833551089334,1.9124068223697608,5.256630139904454,4.791884683431,6035,0,,
26/07/2024,2.42,0.12,1.27,5120,5125,5120,20240726RUN03,13.845898387972317,100.45122923682413,26/07/2024,2.2130671209399786,1.7005868827388675,2.7381832149993195,1.840321665654564,2.7381832149993195,0.5251160940593409,2.475625167969649,2.41001524279979,6035,0,5120,729
26/07/2024,2.67,0.14,1.4,5125,5130,5125,20240726RUN03,13.845918870140384,100.45118800831881,26/07/2024,2.2130671209399786,1.7005868827388675,2.7381832149993195,1.840321665654564,2.7381832149993195,0.5251160940593409,2.475625167969649,2.7062356097304683,6035,0,5127,730
26/07/2024,3.2,0.08,1.64,5130,5135,5130,20240726RUN03,13.845939354085596,100.45114678084207,26/07/2024,2.2130671209399786,1.7005868827388675,2.7381832149993195,1.840321665654564,2.7381832149993195,0.5251160940593409,2.475625167969649,2.696674633968021,6035,0,5134,731
26/07/2024,4.16,0.04,2.1,5135,5140,5135,20240726RUN03,13.84595987805557,100.45110557433097,26/07/2024,2.2130671209399786,1.7005868827388675,2.7381832149993195,1.840321665654564,2.7381832149993195,0.5251160940593409,2.475625167969649,2.3300180463273037,6035,0,,
26/07/2024,3.08,0.35,1.72,5140,5145,5140,20240726RUN03,13.84598047455712,100.45106440571878,26/07/2024,3.032531872036964,2.4233628478815805,3.003147008668988,2.067264551908628,3.032531872036964,0.0293848633679756,3.017839440352976,3.1173777592655507,6035,0,5141,732
26/07/2024,2.66,3.94,3.3,5145,5150,5145,20240726RUN03,13.846001152027624,100.45102327968617,26/07/2024,3.032531872036964,2.4233628478815805,3.003147008668988,2.067264551908628,3.032531872036964,0.0293848633679756,3.017839440352976,2.7302292481316566,6035,0,5148,733
26/07/2024,2.1,6.21,4.16,5150,5155,5150,20240726RUN03,13.84602191094655,100.45098219667784,26/07/2024,3.032531872036964,2.4233628478815805,3.003147008668988,2.067264551908628,3.032531872036964,0.0293848633679756,3.017839440352976,2.7882813793475236,6035,0,,
26/07/2024,2.91,1.37,2.14,5155,5160,5155,20240726RUN03,13.846042751379185,100.45094115680092,26/07/2024,3.032531872036964,2.4233628478815805,3.003147008668988,2.067264551908628,3.032531872036964,0.0293848633679756,3.017839440352976,3.1974162939408037,6035,0,5155,734
26/07/2024,2.47,0.08,1.28,5160,5165,5160,20240726RUN03,13.846063640719924,100.45090014287605,26/07/2024,3.5051737789507804,2.3546785592686708,3.378208888386065,2.7390538593166536,3.5051737789507804,0.1269648905647149,3.4416913336684227,3.366416940951245,6035,0,5162,735
26/07/2024,2.72,0.01,1.36,5165,5170,5165,20240726RUN03,13.846084560900575,100.45085914553283,26/07/2024,3.5051737789507804,2.3546785592686708,3.378208888386065,2.7390538593166536,3.5051737789507804,0.1269648905647149,3.4416913336684227,3.5329605201105236,6035,0,5169,736
26/07/2024,0.5,0.75,0.62,5170,5175,5170,20240726RUN03,13.846105543407136,100.45081818158835,26/07/2024,3.5051737789507804,2.3546785592686708,3.378208888386065,2.7390538593166536,3.5051737789507804,0.1269648905647149,3.4416913336684227,3.141665921536319,6035,0,,
26/07/2024,0.24,0.37,0.3,5175,5180,5175,20240726RUN03,13.846126662555317,100.45077729127279,26/07/2024,3.5051737789507804,2.3546785592686708,3.378208888386065,2.7390538593166536,3.5051737789507804,0.1269648905647149,3.4416913336684227,3.729674360900115,6035,0,5176,737
26/07/2024,0.72,0.69,0.7,5180,5185,5180,20240726RUN03,13.846147946612495,100.4507364905315,26/07/2024,1.7644808665658616,1.5096960768605223,2.594010743909532,1.8621113923216608,2.594010743909532,0.8295298773436706,2.179245805237697,2.317128332077866,6035,0,5183,738
26/07/2024,1.52,0.39,0.96,5185,5190,5185,20240726RUN03,13.846169344494959,100.45069575229455,26/07/2024,1.7644808665658616,1.5096960768605223,2.594010743909532,1.8621113923216608,2.594010743909532,0.8295298773436706,2.179245805237697,2.297241266831629,6035,0,,
26/07/2024,2.01,1.01,1.51,5190,5195,5190,20240726RUN03,13.84619082462978,100.45065505934912,26/07/2024,1.7644808665658616,1.5096960768605223,2.594010743909532,1.8621113923216608,2.594010743909532,0.8295298773436706,2.179245805237697,2.254330627083209,6035,0,5190,739
26/07/2024,0.63,2.08,1.36,5195,5200,5195,20240726RUN03,13.846212348254605,100.45061439052822,26/07/2024,1.7644808665658616,1.5096960768605223,2.594010743909532,1.8621113923216608,2.594010743909532,0.8295298773436706,2.179245805237697,2.104597360566058,6035,0,5197,740
26/07/2024,0.0,3.37,1.68,5200,5205,5200,20240726RUN03,13.846233833702792,100.4505737005929,26/07/2024,3.0765335681896326,2.4363355606684967,3.404775380759799,2.9392004544296224,3.404775380759799,0.3282418125701665,3.2406544744747157,3.2009531527377333,6035,0,5204,741
26/07/2024,0.0,8.58,4.29,5205,5210,5205,20240726RUN03,13.84625522373998,100.45053295803592,26/07/2024,3.0765335681896326,2.4363355606684967,3.404775380759799,2.9392004544296224,3.404775380759799,0.3282418125701665,3.2406544744747157,3.3057647449655376,6035,0,,
26/07/2024,0.14,3.62,1.88,5210,5215,5210,20240726RUN03,13.846276522089005,100.45049216517464,26/07/2024,3.0765335681896326,2.4363355606684967,3.404775380759799,2.9392004544296224,3.404775380759799,0.3282418125701665,3.2406544744747157,3.4877280816754395,6035,0,5211,742
26/07/2024,0.14,3.9,2.02,5215,5220,5215,20240726RUN03,13.84629778181312,100.45045135110469,26/07/2024,3.0765335681896326,2.4363355606684967,3.404775380759799,2.9392004544296224,3.404775380759799,0.3282418125701665,3.2406544744747157,3.1537079568428013,6035,0,5218,743
26/07/2024,1.21,4.99,3.1,5220,5225,5220,20240726RUN03,13.84631904009664,100.45041053638761,26/07/2024,10.509316321730129,5.203369156793247,11.292199087972252,6.0234865481294815,11.292199087972252,0.7828827662421229,10.900757704851191,10.02532060305317,6035,0,,
26/07/2024,0.81,5.33,3.07,5225,5230,5225,20240726RUN03,13.84634027512311,100.45036970923607,26/07/2024,10.509316321730129,5.203369156793247,11.292199087972252,6.0234865481294815,11.292199087972252,0.7828827662421229,10.900757704851191,10.903894889894525,6035,0,5225,744
26/07/2024,1.25,5.44,3.34,5230,5235,5230,20240726RUN03,13.846361427980115,100.45032883774913,26/07/2024,10.509316321730129,5.203369156793247,11.292199087972252,6.0234865481294815,11.292199087972252,0.7828827662421229,10.900757704851191,11.124571176751386,6035,0,5232,745
26/07/2024,0.81,5.03,2.92,5235,5240,5235,20240726RUN03,13.846382453616663,100.45028789709926,26/07/2024,10.509316321730129,5.203369156793247,11.292199087972252,6.0234865481294815,11.292199087972252,0.7828827662421229,10.900757704851191,11.782542483592891,6035,0,5239,746
26/07/2024,0.06,2.36,1.21,5240,5245,5240,20240726RUN03,13.846403405794966,100.45024691628339,26/07/2024,4.243086335068521,2.617279246677608,5.120563813482221,3.3327699046344805,5.120563813482221,0.8774774784136996,4.6818250742753715,4.795358364553549,6035,0,,
26/07/2024,0.02,2.93,1.48,5245,5250,5245,20240726RUN03,13.846424360407598,100.45020593682784,26/07/2024,4.243086335068521,2.617279246677608,5.120563813482221,3.3327699046344805,5.120563813482221,0.8774774784136996,4.6818250742753715,4.226773009734488,6035,0,5246,747
26/07/2024,0.06,1.55,0.8,5250,5255,5250,20240726RUN03,13.846445262724432,100.45016492953648,26/07/2024,4.243086335068521,2.617279246677608,5.120563813482221,3.3327699046344805,5.120563813482221,0.8774774784136996,4.6818250742753715,4.845816956126869,6035,0,5253,748
26/07/2024,0.16,1.04,0.6,5255,5260,5255,20240726RUN03,13.846466017292903,100.45012384369946,26/07/2024,4.243086335068521,2.617279246677608,5.120563813482221,3.3327699046344805,5.120563813482221,0.8774774784136996,4.6818250742753715,4.659890074319621,6035,0,,
26/07/2024,0.71,0.77,0.74,5260,5265,5260,20240726RUN03,13.846486606661609,100.4500826707501,26/07/2024,3.5385885138932824,3.010306791852195,3.988477462763302,2.805657158337655,3.988477462763302,0.4498889488700195,3.763532988328292,4.0297643106079315,6035,0,5260,749
26/07/2024,0.01,3.32,1.66,5265,5270,5265,20240726RUN03,13.846507044104055,100.45004141848635,26/07/2024,3.5385885138932824,3.010306791852195,3.988477462763302,2.805657158337655,3.988477462763302,0.4498889488700195,3.763532988328292,3.823215073225171,6035,0,5267,750
26/07/2024,0.05,1.03,0.54,5270,5275,5270,20240726RUN03,13.846527338379145,100.45000009214286,26/07/2024,3.5385885138932824,3.010306791852195,3.988477462763302,2.805657158337655,3.988477462763302,0.4498889488700195,3.763532988328292,3.4043226792536583,6035,0,5274,751
26/07/2024,0.18,0.92,0.55,5275,5280,5275,20240726RUN03,13.846547471086005,100.44995868303741,26/07/2024,3.5385885138932824,3.010306791852195,3.988477462763302,2.805657158337655,3.988477462763302,0.4498889488700195,3.763532988328292,3.613749445350394,6035,0,,
26/07/2024,0.28,0.53,0.4,5280,5285,5280,20240726RUN03,13.846567380403558,100.44991716092935,26/07/2024,6.841057980566463,4.597163618803823,6.498399741442648,4.782437885795641,6.841057980566463,0.3426582391238151,6.669728861004556,7.123624013844301,6035,0,5281,752
26/07/2024,1.74,4.83,3.28,5285,5290,5285,20240726RUN03,13.84658706773861,100.4498755278243,26/07/2024,6.841057980566463,4.597163618803823,6.498399741442648,4.782437885795641,6.841057980566463,0.3426582391238151,6.669728861004556,6.23558143593233,6035,0,5288,753
26/07/2024,1.59,4.64,3.12,5290,5295,5290,20240726RUN03,13.84660658992913,100.44983381323813,26/07/2024,6.841057980566463,4.597163618803823,6.498399741442648,4.782437885795641,6.841057980566463,0.3426582391238151,6.669728861004556,6.657652457822199,6035,0,,
26/07/2024,2.83,0.48,1.66,5295,5300,5295,20240726RUN03,13.846626048251245,100.44979206716171,26/07/2024,6.841057980566463,4.597163618803823,6.498399741442648,4.782437885795641,6.841057980566463,0.3426582391238151,6.669728861004556,6.910282832517872,6035,0,5295,754
26/07/2024,4.05,0.08,2.06,5300,5305,5300,20240726RUN03,13.846645559549561,100.44975034698732,26/07/2024,8.32033583850243,4.297139526952716,9.095936638212349,4.4305718434504415,9.095936638212349,0.7756007997099186,8.70813623835739,8.81197972107865,6035,0,5302,755
26/07/2024,1.42,0.0,0.71,5305,5310,5305,20240726RUN03,13.846665157747752,100.4497086693983,26/07/2024,8.32033583850243,4.297139526952716,9.095936638212349,4.4305718434504415,9.095936638212349,0.7756007997099186,8.70813623835739,8.6478452744839,6035,0,5309,756
26/07/2024,0.49,0.39,0.44,5310,5315,5310,20240726RUN03,13.846684846704019,100.44966703670039,26/07/2024,8.32033583850243,4.297139526952716,9.095936638212349,4.4305718434504415,9.095936638212349,0.7756007997099186,8.70813623835739,8.429295037793976,6035,0,,
26/07/2024,0.66,8.05,4.36,5315,5320,5315,20240726RUN03,13.846704650248887,100.4496254605888,26/07/2024,8.32033583850243,4.297139526952716,9.095936638212349,4.4305718434504415,9.095936638212349,0.7756007997099186,8.70813623835739,8.789691596357589,6035,0,5316,757
26/07/2024,0.14,7.0,3.57,5320,5325,5320,20240726RUN03,13.846724527179365,100.44958392139294,26/07/2024,12.11580682498483,9.169259625040675,12.577607546651375,11.261296518268598,12.577607546651375,0.4618007216665454,12.346707185818103,12.11075621331789,6035,0,5323,758
26/07/2024,6.57,0.93,3.75,5325,5330,5325,20240726RUN03,13.846744426793355,100.44954239395672,26/07/2024,12.11580682498483,9.169259625040675,12.577607546651375,11.261296518268598,12.577607546651375,0.4618007216665454,12.346707185818103,11.279482075080647,6035,0,,
26/07/2024,6.06,0.2,3.13,5330,5335,5330,20240726RUN03,13.846764334327581,100.4495008704252,26/07/2024,12.11580682498483,9.169259625040675,12.577607546651375,11.261296518268598,12.577607546651375,0.4618007216665454,12.346707185818103,13.475203839240889,6035,0,5330,759
26/07/2024,4.58,0.36,2.47,5335,5340,5335,20240726RUN03,13.846784202345573,100.44945932715949,26/07/2024,12.11580682498483,9.169259625040675,12.577607546651375,11.261296518268598,12.577607546651375,0.4618007216665454,12.346707185818103,12.242484638494856,6035,0,5337,760
26/07/2024,3.34,0.7,2.02,5340,5345,5340,20240726RUN03,13.846803991278419,100.44941774410279,26/07/2024,6.100140256909113,4.603722563660812,5.018202895879421,4.570917513611545,6.100140256909113,1.0819373610296923,5.559171576394267,5.545566929198438,6035,0,5344,761
26/07/2024,3.24,0.0,1.62,5345,5350,5345,20240726RUN03,13.84682374753313,100.44937614479866,26/07/2024,6.100140256909113,4.603722563660812,5.018202895879421,4.570917513611545,6.100140256909113,1.0819373610296923,5.559171576394267,5.573951977164709,6035,0,,
26/07/2024,4.26,0.0,2.13,5350,5355,5350,20240726RUN03,13.846843509196274,100.44933454802336,26/07/2024,6.100140256909113,4.603722563660812,5.018202895879421,4.570917513611545,6.100140256909113,1.0819373610296923,5.559171576394267,5.601534956004095,6035,0,5351,762
26/07/2024,4.75,0.0,2.38,5355,5360,5355,20240726RUN03,13.846863278615185,100.44929295526066,26/07/2024,6.100140256909113,4.603722563660812,5.018202895879421,4.570917513611545,6.100140256909113,1.0819373610296923,5.559171576394267,5.664356673579264,6035,0,5358,763
26/07/2024,5.09,0.0,2.54,5360,5365,5360,20240726RUN03,13.846883040072322,100.44925135834544,26/07/2024,4.776205336419839,3.7219425556798953,5.843762696022649,4.19398981220485,5.843762696022649,1.0675573596028105,5.309984016221244,5.670611076422185,6035,0,,
26/07/2024,6.09,0.0,3.04,5365,5370,5365,20240726RUN03,13.846902743101056,100.44920973256419,26/07/2024,4.776205336419839,3.7219425556798953,5.843762696022649,4.19398981220485,5.843762696022649,1.0675573596028105,5.309984016221244,5.007148916781358,6035,0,5365,764
26/07/2024,5.32,0.0,2.66,5370,5375,5370,20240726RUN03,13.846922386422214,100.44916807713747,26/07/2024,4.776205336419839,3.7219425556798953,5.843762696022649,4.19398981220485,5.843762696022649,1.0675573596028105,5.309984016221244,5.181134061936011,6035,0,5372,765
26/07/2024,3.28,0.07,1.67,5375,5380,5375,20240726RUN03,13.846941979039052,100.44912639674808,26/07/2024,4.776205336419839,3.7219425556798953,5.843762696022649,4.19398981220485,5.843762696022649,1.0675573596028105,5.309984016221244,5.1090447866993625,6035,0,5379,766
26/07/2024,2.6,0.0,1.3,5380,5385,5380,20240726RUN03,13.846961520019434,100.44908469107833,26/07/2024,2.4192637777626125,2.4757148317381272,3.415798509492488,2.808728048952119,3.415798509492488,0.9965347317298754,2.91753114362755,2.93238316399523,6035,0,,
26/07/2024,3.17,0.0,1.58,5385,5390,5385,20240726RUN03,13.846981016163786,100.44904296331809,26/07/2024,2.4192637777626125,2.4757148317381272,3.415798509492488,2.808728048952119,3.415798509492488,0.9965347317298754,2.91753114362755,2.8352748098729883,6035,0,5386,767
26/07/2024,2.28,0.0,1.14,5390,5395,5390,20240726RUN03,13.847000501337348,100.44900123022707,26/07/2024,2.4192637777626125,2.4757148317381272,3.415798509492488,2.808728048952119,3.415798509492488,0.9965347317298754,2.91753114362755,2.872036905252914,6035,0,5393,768
26/07/2024,1.36,0.0,0.68,5395,5400,5395,20240726RUN03,13.847019983889924,100.44895949597422,26/07/2024,2.4192637777626125,2.4757148317381272,3.415798509492488,2.808728048952119,3.415798509492488,0.9965347317298754,2.91753114362755,3.097814217097844,6035,0,,
26/07/2024,0.93,0.0,0.46,5400,5405,5400,20240726RUN03,13.847039471087019,100.44891776410556,26/07/2024,2.175765827618286,1.8460801162136369,3.432889619435917,2.7916411080252383,3.432889619435917,1.2571237918176317,2.8043277235271016,2.6591203170780693,6035,0,5400,769
26/07/2024,0.32,0.0,0.16,5405,5410,5405,20240726RUN03,13.847058976028483,100.44887604096988,26/07/2024,2.175765827618286,1.8460801162136369,3.432889619435917,2.7916411080252383,3.432889619435917,1.2571237918176317,2.8043277235271016,2.5644118954963706,6035,0,5408,770
26/07/2024,0.7,0.0,0.35,5410,5415,5410,20240726RUN03,13.847078473094466,100.44883431411417,26/07/2024,2.175765827618286,1.8460801162136369,3.432889619435917,2.7916411080252383,3.432889619435917,1.2571237918176317,2.8043277235271016,2.9469477456173294,6035,0,,
26/07/2024,0.48,0.0,0.24,5415,5420,5415,20240726RUN03,13.84709795512186,100.44879258000225,26/07/2024,2.175765827618286,1.8460801162136369,3.432889619435917,2.7916411080252383,3.432889619435917,1.2571237918176317,2.8043277235271016,2.9007261079886555,6035,0,5415,771
26/07/2024,0.5,0.0,0.25,5420,5425,5420,20240726RUN03,13.847117429015183,100.44875084205987,26/07/2024,1.585611505615253,1.30714086318371,2.515592377032433,1.842987375862152,2.515592377032433,0.9299808714171804,2.050601941323843,1.8646852817684587,6035,0,5422,772
26/07/2024,0.37,0.0,0.18,5425,5430,5425,20240726RUN03,13.847136888453148,100.44870909712512,26/07/2024,1.585611505615253,1.30714086318371,2.515592377032433,1.842987375862152,2.515592377032433,0.9299808714171804,2.050601941323843,2.04301289686122,6035,0,5429,773
26/07/2024,0.51,0.0,0.26,5430,5435,5430,20240726RUN03,13.847156332356446,100.44866734473187,26/07/2024,1.585611505615253,1.30714086318371,2.515592377032433,1.842987375862152,2.515592377032433,0.9299808714171804,2.050601941323843,1.954624037127739,6035,0,,
26/07/2024,0.71,0.0,0.36,5435,5440,5435,20240726RUN03,13.847175759784573,100.44862558439888,26/07/2024,1.585611505615253,1.30714086318371,2.515592377032433,1.842987375862152,2.515592377032433,0.9299808714171804,2.050601941323843,2.167078065806362,6035,0,5436,774
26/07/2024,0.7,0.0,0.35,5440,5445,5440,20240726RUN03,13.847195164330634,100.44858381304365,26/07/2024,1.4802880471002668,0.9013964855112664,2.183349805871798,1.6301083802678424,2.183349805871798,0.7030617587715311,1.8318189264860325,1.9673649916571554,6035,0,5443,775
26/07/2024,1.31,0.0,0.66,5445,5450,5445,20240726RUN03,13.847214563614386,100.44854203923002,26/07/2024,1.4802880471002668,0.9013964855112664,2.183349805871798,1.6301083802678424,2.183349805871798,0.7030617587715311,1.8318189264860325,1.8012307059994201,6035,0,,
26/07/2024,0.95,0.0,0.48,5450,5455,5450,20240726RUN03,13.847233979508358,100.4485002735714,26/07/2024,1.4802880471002668,0.9013964855112664,2.183349805871798,1.6301083802678424,2.183349805871798,0.7030617587715311,1.8318189264860325,1.6868922562151545,6035,0,5450,776
26/07/2024,1.74,0.0,0.87,5455,5460,5455,20240726RUN03,13.847253418166163,100.44845851907986,26/07/2024,1.4802880471002668,0.9013964855112664,2.183349805871798,1.6301083802678424,2.183349805871798,0.7030617587715311,1.8318189264860325,1.7104933543103662,6035,0,5457,777
26/07/2024,1.16,0.0,0.58,5460,5465,5460,20240726RUN03,13.847272883882102,100.44841677790393,26/07/2024,1.646551576775043,1.1105987038165896,1.9153875146777823,1.4702122228078431,1.9153875146777823,0.2688359379027396,1.7809695457264128,1.7033876813877469,6035,0,5464,778
26/07/2024,0.9,0.0,0.45,5465,5470,5465,20240726RUN03,13.847292393580581,100.44837505835778,26/07/2024,1.646551576775043,1.1105987038165896,1.9153875146777823,1.4702122228078431,1.9153875146777823,0.2688359379027396,1.7809695457264128,1.897773166956496,6035,0,,
26/07/2024,0.98,0.0,0.49,5470,5475,5470,20240726RUN03,13.84731196953531,100.44833337143102,26/07/2024,1.646551576775043,1.1105987038165896,1.9153875146777823,1.4702122228078431,1.9153875146777823,0.2688359379027396,1.7809695457264128,1.7877829286279237,6035,0,5471,779
26/07/2024,0.46,0.0,0.23,5475,5480,5475,20240726RUN03,13.847331618466303,100.44829172055955,26/07/2024,1.646551576775043,1.1105987038165896,1.9153875146777823,1.4702122228078431,1.9153875146777823,0.2688359379027396,1.7809695457264128,1.9403245257059123,6035,0,5478,780
26/07/2024,1.2,0.0,0.6,5480,5485,5480,20240726RUN03,13.847351347985512,100.44825010974414,26/07/2024,1.7144116583773266,1.313037213458358,2.672313839760001,1.9327753695954333,2.672313839760001,0.9579021813826748,2.1933627490686636,2.2877750681609883,6035,0,,
26/07/2024,0.47,0.0,0.24,5485,5490,5485,20240726RUN03,13.847371125012861,100.44820852266027,26/07/2024,1.7144116583773266,1.313037213458358,2.672313839760001,1.9327753695954333,2.672313839760001,0.9579021813826748,2.1933627490686636,2.2574511284054775,6035,0,5485,781
26/07/2024,1.0,0.0,0.5,5490,5495,5490,20240726RUN03,13.847390920227584,100.44816694471729,26/07/2024,1.7144116583773266,1.313037213458358,2.672313839760001,1.9327753695954333,2.672313839760001,0.9579021813826748,2.1933627490686636,2.199013735799203,6035,0,5492,782
26/07/2024,1.45,0.0,0.72,5495,5500,5495,20240726RUN03,13.847410704722048,100.44812536161311,26/07/2024,1.7144116583773266,1.313037213458358,2.672313839760001,1.9327753695954333,2.672313839760001,0.9579021813826748,2.1933627490686636,2.1180726452941974,6035,0,5499,783
26/07/2024,0.91,0.0,0.46,5500,5505,5500,20240726RUN03,13.847430482822974,100.44808377540856,26/07/2024,2.2480581262718853,1.4640803590037397,2.7143841067169583,1.998550575402165,2.7143841067169583,0.466325980445073,2.481221116494422,2.460933431459811,6035,0,,
26/07/2024,1.18,0.0,0.59,5505,5510,5505,20240726RUN03,13.8474503104615,100.44804221402107,26/07/2024,2.2480581262718853,1.4640803590037397,2.7143841067169583,1.998550575402165,2.7143841067169583,0.466325980445073,2.481221116494422,2.249158913933096,6035,0,5506,784
26/07/2024,1.25,0.0,0.62,5510,5515,5510,20240726RUN03,13.847470181268282,100.4480006742527,26/07/2024,2.2480581262718853,1.4640803590037397,2.7143841067169583,1.998550575402165,2.7143841067169583,0.466325980445073,2.481221116494422,2.5679624711252687,6035,0,5513,785
26/07/2024,0.62,0.0,0.31,5515,5520,5515,20240726RUN03,13.84749004243642,100.44795912979178,26/07/2024,2.2480581262718853,1.4640803590037397,2.7143841067169583,1.998550575402165,2.7143841067169583,0.466325980445073,2.481221116494422,2.6770014644778395,6035,0,,
26/07/2024,1.45,0.0,0.72,5520,5525,5520,20240726RUN03,13.847509865419273,100.44791756633063,26/07/2024,1.7465946649636683,1.6085638763969707,2.6239283373127624,1.88034061247072,2.6239283373127624,0.8773336723490941,2.1852615011382155,2.272039178382347,6035,0,5520,786
26/07/2024,0.75,0.0,0.38,5525,5530,5525,20240726RUN03,13.847529653580915,100.4478759856452,26/07/2024,1.7465946649636683,1.6085638763969707,2.6239283373127624,1.88034061247072,2.6239283373127624,0.8773336723490941,2.1852615011382155,2.123328578329604,6035,0,5527,787
26/07/2024,0.59,0.0,0.3,5530,5535,5530,20240726RUN03,13.847549401321578,100.44783438486915,26/07/2024,1.7465946649636683,1.6085638763969707,2.6239283373127624,1.88034061247072,2.6239283373127624,0.8773336723490941,2.1852615011382155,2.341089577677234,6035,0,5534,788
26/07/2024,0.65,0.0,0.32,5535,5540,5535,20240726RUN03,13.84756909394943,100.44779275682394,26/07/2024,1.7465946649636683,1.6085638763969707,2.6239283373127624,1.88034061247072,2.6239283373127624,0.8773336723490941,2.1852615011382155,2.00369117359168,6035,0,,
26/07/2024,0.59,0.0,0.3,5540,5545,5540,20240726RUN03,13.847588742866314,100.44775110712932,26/07/2024,2.1187347190668744,1.4490390093371694,2.8791519308096643,1.549539204641338,2.8791519308096643,0.7604172117427899,2.4989433249382693,2.3527967718250915,6035,0,5541,789
26/07/2024,0.63,0.0,0.32,5545,5550,5545,20240726RUN03,13.847608391775188,100.44770945740784,26/07/2024,2.1187347190668744,1.4490390093371694,2.8791519308096643,1.549539204641338,2.8791519308096643,0.7604172117427899,2.4989433249382693,2.374941805581134,6035,0,5548,790
26/07/2024,0.36,0.0,0.18,5550,5555,5550,20240726RUN03,13.847628065699613,100.44766782008048,26/07/2024,2.1187347190668744,1.4490390093371694,2.8791519308096643,1.549539204641338,2.8791519308096643,0.7604172117427899,2.4989433249382693,2.4141546430754257,6035,0,,
26/07/2024,0.32,0.0,0.16,5555,5560,5555,20240726RUN03,13.847647746506492,100.44762618618948,26/07/2024,2.1187347190668744,1.4490390093371694,2.8791519308096643,1.549539204641338,2.8791519308096643,0.7604172117427899,2.4989433249382693,2.590859133755881,6035,0,5555,791
26/07/2024,0.21,0.0,0.1,5560,5565,5560,20240726RUN03,13.847667426882367,100.4475845520706,26/07/2024,3.4630406141299286,3.18318019827708,3.872107000229812,2.913857948014711,3.872107000229812,0.4090663860998833,3.6675738071798705,3.9492683132535844,6035,0,5562,792
26/07/2024,0.37,0.0,0.18,5565,5570,5565,20240726RUN03,13.847687104733334,100.44754291674033,26/07/2024,3.4630406141299286,3.18318019827708,3.872107000229812,2.913857948014711,3.872107000229812,0.4090663860998833,3.6675738071798705,3.7909353446975054,6035,0,5569,793
26/07/2024,0.53,0.0,0.26,5570,5575,5570,20240726RUN03,13.847706786202648,100.44750128317915,26/07/2024,3.4630406141299286,3.18318019827708,3.872107000229812,2.913857948014711,3.872107000229812,0.4090663860998833,3.6675738071798705,3.4612237549115683,6035,0,,
26/07/2024,0.38,0.0,0.19,5575,5580,5575,20240726RUN03,13.847726496193149,100.44745966383606,26/07/2024,3.4630406141299286,3.18318019827708,3.872107000229812,2.913857948014711,3.872107000229812,0.4090663860998833,3.6675738071798705,3.4405069368150563,6035,0,5576,794
26/07/2024,0.21,0.0,0.1,5580,5585,5580,20240726RUN03,13.847746253707976,100.44741806797398,26/07/2024,4.392489426417845,3.0996592846643987,2.6939547489599485,2.012531226449912,4.392489426417845,1.6985346774578969,3.543222087688897,3.882309216979226,6035,0,5583,795
26/07/2024,0.22,0.05,0.14,5585,5590,5585,20240726RUN03,13.847766013413084,100.44737647328218,26/07/2024,4.392489426417845,3.0996592846643987,2.6939547489599485,2.012531226449912,4.392489426417845,1.6985346774578969,3.543222087688897,3.461452698183949,6035,0,,
26/07/2024,0.57,0.24,0.4,5590,5595,5590,20240726RUN03,13.847785719391315,100.44733485202687,26/07/2024,4.392489426417845,3.0996592846643987,2.6939547489599485,2.012531226449912,4.392489426417845,1.6985346774578969,3.543222087688897,3.8106409060738775,6035,0,5590,796
26/07/2024,0.06,0.0,0.03,5595,5600,5595,20240726RUN03,13.847805350836962,100.44729319404472,26/07/2024,4.392489426417845,3.0996592846643987,2.6939547489599485,2.012531226449912,4.392489426417845,1.6985346774578969,3.543222087688897,3.2533677843953996,6035,0,5597,797
26/07/2024,0.19,0.0,0.1,5600,5605,5600,20240726RUN03,13.847824935624605,100.44725151310698,26/07/2024,2.1643354153059,1.965133831118812,3.205082104468625,2.3136918850349537,3.205082104468625,1.0407466891627246,2.684708759887262,2.7371485338587855,6035,0,5604,798
26/07/2024,0.0,0.0,0.0,5605,5610,5605,20240726RUN03,13.8478444956254,100.44720981979823,26/07/2024,2.1643354153059,1.965133831118812,3.205082104468625,2.3136918850349537,3.205082104468625,1.0407466891627246,2.684708759887262,2.8627668773339368,6035,0,,
26/07/2024,0.19,0.29,0.24,5610,5615,5610,20240726RUN03,13.847864080377931,100.44716813862851,26/07/2024,2.1643354153059,1.965133831118812,3.205082104468625,2.3136918850349537,3.205082104468625,1.0407466891627246,2.684708759887262,2.6732130153332023,6035,0,5611,799
26/07/2024,0.34,0.28,0.31,5615,5620,5615,20240726RUN03,13.847883702310588,100.44712647579311,26/07/2024,2.1643354153059,1.965133831118812,3.205082104468625,2.3136918850349537,3.205082104468625,1.0407466891627246,2.684708759887262,2.7002294681732084,6035,0,5618,800
26/07/2024,0.37,0.56,0.46,5620,5625,5620,20240726RUN03,13.847903294256367,100.44708479812297,26/07/2024,5.415418213317721,4.551285684120857,4.954987287329031,4.817105534064572,5.415418213317721,0.4604309259886898,5.185202750323375,5.0129846349437335,6035,0,,
26/07/2024,0.26,1.22,0.74,5625,5630,5625,20240726RUN03,13.847922882943706,100.4470431187631,26/07/2024,5.415418213317721,4.551285684120857,4.954987287329031,4.817105534064572,5.415418213317721,0.4604309259886898,5.185202750323375,5.467496456772335,6035,0,5625,801
26/07/2024,0.15,0.23,0.19,5630,5635,5630,20240726RUN03,13.847942432543856,100.44700142013691,26/07/2024,5.415418213317721,4.551285684120857,4.954987287329031,4.817105534064572,5.415418213317721,0.4604309259886898,5.185202750323375,5.307540800822911,6035,0,5632,802
26/07/2024,0.01,0.29,0.15,5635,5640,5635,20240726RUN03,13.847961892344456,100.44695967745831,26/07/2024,5.415418213317721,4.551285684120857,4.954987287329031,4.817105534064572,5.415418213317721,0.4604309259886898,5.185202750323375,4.766366784816283,6035,0,5639,803
26/07/2024,0.66,0.92,0.79,5640,5645,5640,20240726RUN03,13.847981345548984,100.446917931535,26/07/2024,2.397953151373753,1.573744665566121,3.693623417341693,2.456532730563523,3.693623417341693,1.2956702659679395,3.045788284357723,3.2877439492744323,6035,0,,
26/07/2024,1.44,0.04,0.74,5645,5650,5645,20240726RUN03,13.848000812881043,100.44687619220778,26/07/2024,2.397953151373753,1.573744665566121,3.693623417341693,2.456532730563523,3.693623417341693,1.2956702659679395,3.045788284357723,3.082473632342855,6035,0,5646,804
26/07/2024,1.41,0.17,0.79,5650,5655,5650,20240726RUN03,13.848020277192518,100.44683445123032,26/07/2024,2.397953151373753,1.573744665566121,3.693623417341693,2.456532730563523,3.693623417341693,1.2956702659679395,3.045788284357723,2.90428731240699,6035,0,5653,805
26/07/2024,0.23,0.0,0.12,5655,5660,5655,20240726RUN03,13.848039786584332,100.44679273205108,26/07/2024,2.397953151373753,1.573744665566121,3.693623417341693,2.456532730563523,3.693623417341693,1.2956702659679395,3.045788284357723,3.121005700912775,6035,0,,
26/07/2024,0.14,0.0,0.07,5660,5665,5660,20240726RUN03,13.848059383937754,100.44675105602329,26/07/2024,2.496491904824661,1.5301415215169345,3.513231282097242,2.26018369346294,3.513231282097242,1.0167393772725806,3.0048615934609515,3.1323646230796305,6035,0,5660,806
26/07/2024,0.03,0.0,0.02,5665,5670,5665,20240726RUN03,13.8480789560081,100.44670936745608,26/07/2024,2.496491904824661,1.5301415215169345,3.513231282097242,2.26018369346294,3.513231282097242,1.0167393772725806,3.0048615934609515,2.9603299364738853,6035,0,5667,807
26/07/2024,0.39,0.0,0.2,5670,5675,5670,20240726RUN03,13.84809840665942,100.44666761935774,26/07/2024,2.496491904824661,1.5301415215169345,3.513231282097242,2.26018369346294,3.513231282097242,1.0167393772725806,3.0048615934609515,2.931261661337847,6035,0,5674,808
26/07/2024,0.56,0.0,0.28,5675,5680,5675,20240726RUN03,13.848117807533708,100.44662584693647,26/07/2024,2.496491904824661,1.5301415215169345,3.513231282097242,2.26018369346294,3.513231282097242,1.0167393772725806,3.0048615934609515,2.975583644752759,6035,0,,
26/07/2024,0.57,0.0,0.28,5680,5685,5680,20240726RUN03,13.848137174276781,100.44658405789774,26/07/2024,3.473861706724865,2.608436937872224,4.744358332868491,3.016632385418647,4.744358332868491,1.270496626143626,4.109110019796678,4.303193730002401,6035,0,5681,809
26/07/2024,0.31,0.07,0.19,5685,5690,5685,20240726RUN03,13.848156508600974,100.44654225301393,26/07/2024,3.473861706724865,2.608436937872224,4.744358332868491,3.016632385418647,4.744358332868491,1.270496626143626,4.109110019796678,3.7737816042824686,6035,0,5688,810
26/07/2024,1.19,0.68,0.94,5690,5695,5690,20240726RUN03,13.848175865806901,100.44650045914094,26/07/2024,3.473861706724865,2.608436937872224,4.744358332868491,3.016632385418647,4.744358332868491,1.270496626143626,4.109110019796678,4.351867585247009,6035,0,,
26/07/2024,0.6,0.54,0.57,5695,5700,5695,20240726RUN03,13.848195175436564,100.44645864202928,26/07/2024,3.473861706724865,2.608436937872224,4.744358332868491,3.016632385418647,4.744358332868491,1.270496626143626,4.109110019796678,3.953496732907255,6035,0,5695,811
26/07/2024,0.99,0.0,0.5,5700,5705,5700,20240726RUN03,13.848214398645705,100.4464167829695,26/07/2024,3.353872364313003,2.5822699640658,3.707309960827215,2.7731447086491987,3.707309960827215,0.3534375965142118,3.5305911625701087,3.6588492038007283,6035,0,5702,812
26/07/2024,0.61,0.0,0.3,5705,5710,5705,20240726RUN03,13.848233562225397,100.44637489541591,26/07/2024,3.353872364313003,2.5822699640658,3.707309960827215,2.7731447086491987,3.707309960827215,0.3534375965142118,3.5305911625701087,3.7291118990954786,6035,0,5709,813
26/07/2024,2.51,0.0,1.25,5710,5715,5710,20240726RUN03,13.848252673670476,100.44633298298947,26/07/2024,3.353872364313003,2.5822699640658,3.707309960827215,2.7731447086491987,3.707309960827215,0.3534375965142118,3.5305911625701087,3.279947910700473,6035,0,,
26/07/2024,1.62,0.29,0.96,5715,5720,5715,20240726RUN03,13.848271735890243,100.44629104706466,26/07/2024,3.353872364313003,2.5822699640658,3.707309960827215,2.7731447086491987,3.707309960827215,0.3534375965142118,3.5305911625701087,3.4973663952289407,6035,0,5716,814
26/07/2024,2.9,0.17,1.54,5720,5725,5720,20240726RUN03,13.84829078740212,100.4462491061808,26/07/2024,3.871250108326314,4.095448278855434,3.3373405688400704,2.447984402406176,3.871250108326314,0.5339095394862436,3.604295338583192,3.6366401965235218,6035,0,5724,815
26/07/2024,1.67,0.22,0.94,5725,5730,5725,20240726RUN03,13.848309935281458,100.44620721129147,26/07/2024,3.871250108326314,4.095448278855434,3.3373405688400704,2.447984402406176,3.871250108326314,0.5339095394862436,3.604295338583192,3.3171646587069605,6035,0,,
26/07/2024,1.72,0.01,0.86,5730,5735,5730,20240726RUN03,13.848329245981358,100.44616539476645,26/07/2024,3.871250108326314,4.095448278855434,3.3373405688400704,2.447984402406176,3.871250108326314,0.5339095394862436,3.604295338583192,3.4553511461270165,6035,0,5731,816
26/07/2024,1.44,0.03,0.74,5735,5740,5735,20240726RUN03,13.848348727988105,100.44612366143433,26/07/2024,3.871250108326314,4.095448278855434,3.3373405688400704,2.447984402406176,3.871250108326314,0.5339095394862436,3.604295338583192,3.9089538296213187,6035,0,5738,817
26/07/2024,2.2,0.01,1.1,5740,5745,5740,20240726RUN03,13.84836837868867,100.44608201103664,26/07/2024,3.0966203021453347,2.236135461901753,2.589796261846905,2.128729517697142,3.0966203021453347,0.5068240402984299,2.8432082819961195,2.6781064441916844,6035,0,,
26/07/2024,0.53,0.0,0.26,5745,5750,5745,20240726RUN03,13.848388165935853,100.44604042846585,26/07/2024,3.0966203021453347,2.236135461901753,2.589796261846905,2.128729517697142,3.0966203021453347,0.5068240402984299,2.8432082819961195,3.0035080618389784,6035,0,5745,818
26/07/2024,1.29,0.15,0.72,5750,5755,5750,20240726RUN03,13.848408074890225,100.44599890665884,26/07/2024,3.0966203021453347,2.236135461901753,2.589796261846905,2.128729517697142,3.0966203021453347,0.5068240402984299,2.8432082819961195,2.7769352081347143,6035,0,5752,819
26/07/2024,0.89,0.19,0.54,5755,5760,5755,20240726RUN03,13.848428070788984,100.44595742865297,26/07/2024,3.0966203021453347,2.236135461901753,2.589796261846905,2.128729517697142,3.0966203021453347,0.5068240402984299,2.8432082819961195,3.064691859422925,6035,0,5759,820
26/07/2024,0.85,0.0,0.42,5760,5765,5760,20240726RUN03,13.848448114428878,100.44591597469699,26/07/2024,2.926370628520273,2.1716121008323923,1.9292201254290493,1.57862611978525,2.926370628520273,0.9971505030912242,2.427795376974661,2.2019276452980847,6035,0,,
26/07/2024,0.76,0.0,0.38,5765,5770,5765,20240726RUN03,13.848468263405515,100.44587457437034,26/07/2024,2.926370628520273,2.1716121008323923,1.9292201254290493,1.57862611978525,2.926370628520273,0.9971505030912242,2.427795376974661,2.6263903912735245,6035,0,5766,821
26/07/2024,0.18,0.0,0.09,5770,5775,5770,20240726RUN03,13.848488579833125,100.44583325983801,26/07/2024,2.926370628520273,2.1716121008323923,1.9292201254290493,1.57862611978525,2.926370628520273,0.9971505030912242,2.427795376974661,2.391574546706061,6035,0,5773,822
26/07/2024,0.24,0.0,0.12,5775,5780,5775,20240726RUN03,13.848509044050838,100.44579202172763,26/07/2024,2.926370628520273,2.1716121008323923,1.9292201254290493,1.57862611978525,2.926370628520273,0.9971505030912242,2.427795376974661,2.450889221797472,6035,0,,
26/07/2024,0.37,0.0,0.18,5780,5785,5780,20240726RUN03,13.848529570743787,100.44575081617185,26/07/2024,3.79075023043408,2.518657814174091,2.318872125697096,1.89929614743142,3.79075023043408,1.471878104736983,3.054811178065588,3.3495515343066105,6035,0,5780,823
26/07/2024,0.69,0.0,0.34,5785,5790,5785,20240726RUN03,13.848550110120547,100.44570961723899,26/07/2024,3.79075023043408,2.518657814174091,2.318872125697096,1.89929614743142,3.79075023043408,1.471878104736983,3.054811178065588,2.916496322801005,6035,0,5787,824
26/07/2024,1.86,0.0,0.93,5790,5795,5790,20240726RUN03,13.848570696105536,100.44566844280001,26/07/2024,3.79075023043408,2.518657814174091,2.318872125697096,1.89929614743142,3.79075023043408,1.471878104736983,3.054811178065588,3.067524880629184,6035,0,5794,825
26/07/2024,1.67,0.0,0.84,5795,5800,5795,20240726RUN03,13.848591298377416,100.44562727671774,26/07/2024,3.79075023043408,2.518657814174091,2.318872125697096,1.89929614743142,3.79075023043408,1.471878104736983,3.054811178065588,2.7924872931588114,6035,0,,
26/07/2024,1.51,0.04,0.78,5800,5805,5800,20240726RUN03,13.84861187653758,100.44558609812181,26/07/2024,3.4484273927888616,2.563089217072432,3.443222098991836,2.3637636896542604,3.4484273927888616,0.0052052937970259,3.4458247458903486,3.3362706078196314,6035,0,5801,826
26/07/2024,1.33,0.0,0.66,5805,5810,5805,20240726RUN03,13.848632515369504,100.44554495131824,26/07/2024,3.4484273927888616,2.563089217072432,3.443222098991836,2.3637636896542604,3.4484273927888616,0.0052052937970259,3.4458247458903486,3.490788552224144,6035,0,5808,827
26/07/2024,1.33,0.0,0.66,5810,5815,5810,20240726RUN03,13.848653316577353,100.44550389016773,26/07/2024,3.4484273927888616,2.563089217072432,3.443222098991836,2.3637636896542604,3.4484273927888616,0.0052052937970259,3.4458247458903486,3.27035963835147,6035,0,,
26/07/2024,0.82,0.0,0.41,5815,5820,5815,20240726RUN03,13.848674289576596,100.4454629205739,26/07/2024,3.4484273927888616,2.563089217072432,3.443222098991836,2.3637636896542604,3.4484273927888616,0.0052052937970259,3.4458247458903486,3.5640010970086933,6035,0,5815,828
26/07/2024,0.86,0.0,0.43,5820,5825,5820,20240726RUN03,13.848695395555163,100.44542202277323,26/07/2024,3.0499885519027137,2.5605366398537246,2.433292155052282,1.9087325944700568,3.0499885519027137,0.6166963968504318,2.741640353477498,2.5365268591126937,6035,0,5822,829
26/07/2024,1.06,0.0,0.53,5825,5830,5825,20240726RUN03,13.84871664620064,100.44538120341305,26/07/2024,3.0499885519027137,2.5605366398537246,2.433292155052282,1.9087325944700568,3.0499885519027137,0.6166963968504318,2.741640353477498,2.5253851512897856,6035,0,5829,830
26/07/2024,2.11,0.0,1.06,5830,5835,5830,20240726RUN03,13.848737999768261,100.44534044036418,26/07/2024,3.0499885519027137,2.5605366398537246,2.433292155052282,1.9087325944700568,3.0499885519027137,0.6166963968504318,2.741640353477498,2.8394988455560313,6035,0,,
26/07/2024,3.42,0.0,1.71,5835,5840,5835,20240726RUN03,13.84875932293587,100.44529966067006,26/07/2024,3.0499885519027137,2.5605366398537246,2.433292155052282,1.9087325944700568,3.0499885519027137,0.6166963968504318,2.741640353477498,2.984914036459592,6035,0,5836,831
26/07/2024,0.18,0.0,0.09,5840,5845,5840,20240726RUN03,13.848780538288874,100.44525882214222,26/07/2024,2.2689428630975788,1.5797145554100802,2.2476578112950008,1.7737080095591768,2.2689428630975788,0.021285051802578,2.2583003371962898,2.3367289777637956,6035,0,5843,832
26/07/2024,0.68,0.0,0.34,5845,5850,5845,20240726RUN03,13.8488016271455,100.44521791496896,26/07/2024,2.2689428630975788,1.5797145554100802,2.2476578112950008,1.7737080095591768,2.2689428630975788,0.021285051802578,2.2583003371962898,2.0696982274622395,6035,0,,
26/07/2024,0.63,0.0,0.32,5850,5855,5850,20240726RUN03,13.848822540782868,100.44517691378552,26/07/2024,2.2689428630975788,1.5797145554100802,2.2476578112950008,1.7737080095591768,2.2689428630975788,0.021285051802578,2.2583003371962898,2.2872847067185207,6035,0,5850,833
26/07/2024,0.26,0.0,0.13,5855,5860,5855,20240726RUN03,13.84884326424482,100.44513581148477,26/07/2024,2.2689428630975788,1.5797145554100802,2.2476578112950008,1.7737080095591768,2.2689428630975788,0.021285051802578,2.2583003371962898,2.2693968227762626,6035,0,5857,834
26/07/2024,0.54,0.0,0.27,5860,5865,5860,20240726RUN03,13.848863874425781,100.44509464955804,26/07/2024,4.546524642603369,3.625784673348844,3.041138499145058,2.3326666465100065,4.546524642603369,1.5053861434583116,3.7938315708742136,4.172037207117944,6035,0,5864,835
26/07/2024,0.37,0.0,0.18,5865,5870,5865,20240726RUN03,13.848884429765336,100.44505345887171,26/07/2024,4.546524642603369,3.625784673348844,3.041138499145058,2.3326666465100065,4.546524642603369,1.5053861434583116,3.7938315708742136,3.4780656635363756,6035,0,,
26/07/2024,1.41,0.0,0.7,5870,5875,5870,20240726RUN03,13.848904941605932,100.4450122455656,26/07/2024,4.546524642603369,3.625784673348844,3.041138499145058,2.3326666465100065,4.546524642603369,1.5053861434583116,3.7938315708742136,3.4498065820784483,6035,0,5871,836
26/07/2024,1.12,0.1,0.61,5875,5880,5875,20240726RUN03,13.848925396492682,100.44497100273261,26/07/2024,4.546524642603369,3.625784673348844,3.041138499145058,2.3326666465100065,4.546524642603369,1.5053861434583116,3.7938315708742136,4.0334147759703285,6035,0,5878,837
26/07/2024,1.66,0.0,0.83,5880,5885,5880,20240726RUN03,13.848945865042591,100.44492976699124,26/07/2024,3.823193226669431,2.21282516015318,4.534175831113731,2.474581381936259,4.534175831113731,0.7109826044443004,4.178684528891581,3.987054582140969,6035,0,,
26/07/2024,1.27,0.35,0.81,5885,5890,5885,20240726RUN03,13.848966389136292,100.44488856001179,26/07/2024,3.823193226669431,2.21282516015318,4.534175831113731,2.474581381936259,4.534175831113731,0.7109826044443004,4.178684528891581,4.286659301811931,6035,0,5885,838
26/07/2024,0.85,0.0,0.42,5890,5895,5890,20240726RUN03,13.848986921399042,100.44484735745718,26/07/2024,3.823193226669431,2.21282516015318,4.534175831113731,2.474581381936259,4.534175831113731,0.7109826044443004,4.178684528891581,4.389967351482471,6035,0,5892,839
26/07/2024,0.52,0.1,0.31,5895,5900,5895,20240726RUN03,13.849007458649478,100.44480615731115,26/07/2024,3.823193226669431,2.21282516015318,4.534175831113731,2.474581381936259,4.534175831113731,0.7109826044443004,4.178684528891581,4.072821798757995,6035,0,5899,840
26/07/2024,0.95,0.61,0.78,5900,5905,5900,20240726RUN03,13.849027983796597,100.44476495086751,26/07/2024,4.372934431877932,2.932255824219564,4.463495682257372,2.969036795734199,4.463495682257372,0.090561250379439,4.418215057067652,4.191226441978655,6035,0,,
26/07/2024,1.5,0.55,1.02,5905,5910,5905,20240726RUN03,13.849048463558386,100.44472372089166,26/07/2024,4.372934431877932,2.932255824219564,4.463495682257372,2.969036795734199,4.463495682257372,0.090561250379439,4.418215057067652,4.816703536058428,6035,0,5906,841
26/07/2024,1.04,0.17,0.6,5910,5915,5910,20240726RUN03,13.849068901473878,100.44468246903773,26/07/2024,4.372934431877932,2.932255824219564,4.463495682257372,2.969036795734199,4.463495682257372,0.090561250379439,4.418215057067652,3.996682058407168,6035,0,5913,842
26/07/2024,1.74,0.42,1.08,5915,5920,5915,20240726RUN03,13.849089264312669,100.44464117827647,26/07/2024,4.372934431877932,2.932255824219564,4.463495682257372,2.969036795734199,4.463495682257372,0.090561250379439,4.418215057067652,4.459754770893618,6035,0,,
26/07/2024,3.31,0.17,1.74,5920,5925,5920,20240726RUN03,13.849109507695927,100.44459982629792,26/07/2024,3.0182414364966315,1.833108395636526,4.021036470719882,2.3727516599829426,4.021036470719882,1.0027950342232508,3.519638953608257,3.648260746010958,6035,0,5920,843
26/07/2024,5.32,0.0,2.66,5925,5930,5925,20240726RUN03,13.849129642087073,100.4445584183986,26/07/2024,3.0182414364966315,1.833108395636526,4.021036470719882,2.3727516599829426,4.021036470719882,1.0027950342232508,3.519638953608257,3.450570268519913,6035,0,5927,844
26/07/2024,7.54,0.0,3.77,5930,5935,5930,20240726RUN03,13.849149694391466,100.44451696878117,26/07/2024,3.0182414364966315,1.833108395636526,4.021036470719882,2.3727516599829426,4.021036470719882,1.0027950342232508,3.519638953608257,3.809822502819784,6035,0,5934,845
26/07/2024,7.46,0.0,3.73,5935,5940,5935,20240726RUN03,13.849169699945657,100.4444754955336,26/07/2024,3.0182414364966315,1.833108395636526,4.021036470719882,2.3727516599829426,4.021036470719882,1.0027950342232508,3.519638953608257,3.2083686309352877,6035,0,,
26/07/2024,3.81,0.0,1.9,5940,5945,5940,20240726RUN03,13.849189840815491,100.44443409116344,26/07/2024,6.739421899349434,7.430602645365066,7.535903812064106,7.9362625707759396,7.535903812064106,0.7964819127146718,7.13766285570677,6.714949614301364,6035,0,5941,846
26/07/2024,1.01,0.16,0.58,5945,5950,5945,20240726RUN03,13.84921024099064,100.44439281982238,26/07/2024,6.739421899349434,7.430602645365066,7.535903812064106,7.9362625707759396,7.535903812064106,0.7964819127146718,7.13766285570677,7.009390466356435,6035,0,5948,847
26/07/2024,4.04,0.0,2.02,5950,5955,5950,20240726RUN03,13.849230583086277,100.44435151864957,26/07/2024,6.739421899349434,7.430602645365066,7.535903812064106,7.9362625707759396,7.535903812064106,0.7964819127146718,7.13766285570677,7.086526239532817,6035,0,,
26/07/2024,6.21,0.04,3.12,5955,5960,5955,20240726RUN03,13.849250723864827,100.4443101140135,26/07/2024,6.739421899349434,7.430602645365066,7.535903812064106,7.9362625707759396,7.535903812064106,0.7964819127146718,7.13766285570677,7.843698430429932,6035,0,5955,848
26/07/2024,7.76,0.0,3.88,5960,5965,5960,20240726RUN03,13.849270996968302,100.44426877702882,26/07/2024,8.031086273361359,4.547959787266388,10.226871240098108,5.272059955938631,10.226871240098108,2.195784966736749,9.128978756729733,8.59819257485787,6035,0,5962,849
26/07/2024,7.82,0.0,3.91,5965,5970,5965,20240726RUN03,13.84929138285366,100.44422749845539,26/07/2024,8.031086273361359,4.547959787266388,10.226871240098108,5.272059955938631,10.226871240098108,2.195784966736749,9.128978756729733,9.620705051658165,6035,0,5969,850
26/07/2024,4.07,0.0,2.04,5970,5975,5970,20240726RUN03,13.849311827112835,100.444186250069,26/07/2024,8.031086273361359,4.547959787266388,10.226871240098108,5.272059955938631,10.226871240098108,2.195784966736749,9.128978756729733,8.427342995179618,6035,0,,
26/07/2024,1.07,0.03,0.55,5975,5980,5975,20240726RUN03,13.849332414345904,100.4441450759854,26/07/2024,8.031086273361359,4.547959787266388,10.226871240098108,5.272059955938631,10.226871240098108,2.195784966736749,9.128978756729733,9.778886953953597,6035,0,5976,851
26/07/2024,0.26,0.08,0.17,5980,5985,5980,20240726RUN03,13.849353156108615,100.44410398337062,26/07/2024,8.690156673505662,8.111754947364979,10.062782828033685,8.875238024727564,10.062782828033685,1.3726261545280227,9.376469750769672,9.788563631867536,6035,0,5983,852
26/07/2024,0.3,0.45,0.38,5985,5990,5985,20240726RUN03,13.849373963454797,100.44406292509976,26/07/2024,8.690156673505662,8.111754947364979,10.062782828033685,8.875238024727564,10.062782828033685,1.3726261545280227,9.376469750769672,9.208420335991363,6035,0,,
26/07/2024,0.26,2.96,1.61,5990,5995,5990,20240726RUN03,13.849394669313407,100.44402181338992,26/07/2024,8.690156673505662,8.111754947364979,10.062782828033685,8.875238024727564,10.062782828033685,1.3726261545280227,9.376469750769672,8.82116754109077,6035,0,5990,853
26/07/2024,0.41,6.5,3.46,5995,6000,5995,20240726RUN03,13.849415148018448,100.44398058292359,26/07/2024,8.690156673505662,8.111754947364979,10.062782828033685,8.875238024727564,10.062782828033685,1.3726261545280227,9.376469750769672,9.802916275404083,6035,0,5997,854
26/07/2024,0.34,6.09,3.22,6000,6005,6000,20240726RUN03,13.849436063259947,100.44393958502631,26/07/2024,15.84045880884452,12.2559757246911,16.280329870080642,12.531866672241565,16.280329870080642,0.4398710612361221,16.060394339462583,16.63909784860377,6035,0,6004,855
26/07/2024,5.66,2.46,4.06,6005,6010,6005,20240726RUN03,13.84945940932183,100.44390000290738,26/07/2024,15.84045880884452,12.2559757246911,16.280329870080642,12.531866672241565,16.280329870080642,0.4398710612361221,16.060394339462583,15.402801182332793,6035,0,,
26/07/2024,6.84,0.27,3.56,6010,6015,6010,20240726RUN03,13.849487700991446,100.44386401205081,26/07/2024,15.84045880884452,12.2559757246911,16.280329870080642,12.531866672241565,16.280329870080642,0.4398710612361221,16.060394339462583,16.15682132117827,6035,0,6011,856
26/07/2024,1.26,0.0,0.63,6015,6020,6015,20240726RUN03,13.849522810958698,100.4438350974882,26/07/2024,15.84045880884452,12.2559757246911,16.280329870080642,12.531866672241565,16.280329870080642,0.4398710612361221,16.060394339462583,16.327267557483225,6035,0,6018,857
26/07/2024,36.1,0.0,18.05,6020,6025,6020,20240726RUN03,13.849564500070434,100.44381771560568,,,,,,,,,,6035,0,,
26/07/2024,16.73,0.0,8.36,6025,6030,6025,20240726RUN03,13.84960935499728,100.44381344231503,,,,,,,,,,6035,0,6026,858
26/07/2024,1.78,0.81,1.3,6030,6035,6030,20240726RUN03,13.849654033973723,100.44381994015548,,,,,,,,,,6035,0,6033,859
26/07/2024,0.43,0.92,0.68,6035,6040,6035,20240726RUN03,13.849697678750779,100.4438319157022,,,,,,,,,,6035,0,,
