,"id,#Date, qgis_shape, left rutting height, right rutting height, average height",event_start,event_end,chainage,survey_code,Date_rutting,left_rutting,right_rutting,avg_rutting,rut_point_x,rut_point_y,Date_iri,iri left (m/km),iri Std left (m/km),iri right (m/km),iri Std right (m/km),worst iri (m/km),iri difference (m/km),"geometry,",iri,iri_lane,max_chainage,min_chainage,frame_num_ch,frame_num
0,"0,5/11/2024,LINESTRING(100.7463806072125 6.948868605013263,,,",0,5,0,20241030RUN01,,,,,,,05/11/2024,3.678750734687097,3.235020571054774,3.163162846589506,2.226583460183595,3.678750734687097,0.5155878880975915,"LINESTRING(100.74638060721544 6.948868605310953,100.74647353233989 6.949023786857479)",3.4209567906383014,3.6636956519770596,9210,0,,
1,"1,5/11/2024,LINESTRING(100.74640417612765 6.948907198487777,,,",5,10,5,20241030RUN01,,,,,,,05/11/2024,3.678750734687097,3.235020571054774,3.163162846589506,2.226583460183595,3.678750734687097,0.5155878880975915,"LINESTRING(100.74638060721544 6.948868605310953,100.74647353233989 6.949023786857479)",3.4209567906383014,3.151473723695267,9210,0,5,1
2,"2,5/11/2024,LINESTRING(100.74642766124562 6.948945842864052,,,",10,15,10,20241030RUN01,,,,,,,05/11/2024,3.678750734687097,3.235020571054774,3.163162846589506,2.226583460183595,3.678750734687097,0.5155878880975915,"LINESTRING(100.74638060721544 6.948868605310953,100.74647353233989 6.949023786857479)",3.4209567906383014,3.363433159316477,9210,0,10,2
3,"3,5/11/2024,LINESTRING(100.74645079030927 6.948984700856014,,,",15,20,15,20241030RUN01,,,,,,,05/11/2024,3.678750734687097,3.235020571054774,3.163162846589506,2.226583460183595,3.678750734687097,0.5155878880975915,"LINESTRING(100.74638060721544 6.948868605310953,100.74647353233989 6.949023786857479)",3.4209567906383014,3.6589164372321923,9210,0,15,3
4,"4,5/11/2024,LINESTRING(100.74647353227583 6.949023786457377,,,",20,25,20,20241030RUN01,,,,,,,05/11/2024,2.334077029768445,1.8514393005452692,2.5900454254487832,1.9830874612812264,2.5900454254487832,0.255968395680338,"LINESTRING(100.74647353233989 6.949023786857479,100.74656493967635 6.949179866169499)",2.462061227608614,2.310573347828391,9210,0,20,4
5,"5,5/11/2024,LINESTRING(100.74649607334953 6.949062988224654,,,",25,30,25,20241030RUN01,,,,,,,05/11/2024,2.334077029768445,1.8514393005452692,2.5900454254487832,1.9830874612812264,2.5900454254487832,0.255968395680338,"LINESTRING(100.74647353233989 6.949023786857479,100.74656493967635 6.949179866169499)",2.462061227608614,2.3256120011094925,9210,0,25,5
6,"6,5/11/2024,LINESTRING(100.74651867664475 6.949102154151956,,,",30,35,30,20241030RUN01,,,,,,,05/11/2024,2.334077029768445,1.8514393005452692,2.5900454254487832,1.9830874612812264,2.5900454254487832,0.255968395680338,"LINESTRING(100.74647353233989 6.949023786857479,100.74656493967635 6.949179866169499)",2.462061227608614,2.6649247834147993,9210,0,30,6
7,"7,5/11/2024,LINESTRING(100.74654158802042 6.9491411407598,,,",35,40,35,20241030RUN01,,,,,,,05/11/2024,2.334077029768445,1.8514393005452692,2.5900454254487832,1.9830874612812264,2.5900454254487832,0.255968395680338,"LINESTRING(100.74647353233989 6.949023786857479,100.74656493967635 6.949179866169499)",2.462061227608614,2.6352620388694503,9210,0,35,7
8,"8,5/11/2024,LINESTRING(100.7465649395495 6.949179865663778,,,",40,45,40,20241030RUN01,,,,,,,05/11/2024,1.58235477360464,1.080961064983066,1.7961324888036994,1.2987172953498187,1.7961324888036994,0.2137777151990594,"LINESTRING(100.74656493967635 6.949179866169499,100.74666161076068 6.949332749590031)",1.6892436312041696,1.5543559731584946,9210,0,40,8
9,"9,5/11/2024,LINESTRING(100.74658873474176 6.9492183199940385,,,",45,50,45,20241030RUN01,,,,,,,05/11/2024,1.58235477360464,1.080961064983066,1.7961324888036994,1.2987172953498187,1.7961324888036994,0.2137777151990594,"LINESTRING(100.74656493967635 6.949179866169499,100.74666161076068 6.949332749590031)",1.6892436312041696,1.6912709755291657,9210,0,45,9
10,"10,5/11/2024,LINESTRING(100.74661289386526 6.949256547205321,,,",50,55,50,20241030RUN01,,,,,,,05/11/2024,1.58235477360464,1.080961064983066,1.7961324888036994,1.2987172953498187,1.7961324888036994,0.2137777151990594,"LINESTRING(100.74656493967635 6.949179866169499,100.74666161076068 6.949332749590031)",1.6892436312041696,1.68322258605392,9210,0,50,10
11,"11,5/11/2024,LINESTRING(100.74663724921571 6.949294650012463,,,",55,60,55,20241030RUN01,,,,,,,05/11/2024,1.58235477360464,1.080961064983066,1.7961324888036994,1.2987172953498187,1.7961324888036994,0.2137777151990594,"LINESTRING(100.74656493967635 6.949179866169499,100.74666161076068 6.949332749590031)",1.6892436312041696,1.598521779993448,9210,0,55,11
12,"12,5/11/2024,LINESTRING(100.74666161057631 6.949332748989149,,,",60,65,60,20241030RUN01,,,,,,,05/11/2024,2.6854086687124146,1.6538979869903936,2.062607786106001,1.7164751134466194,2.6854086687124146,0.6228008826064131,"LINESTRING(100.74666161076068 6.949332749590031,100.74675826704198 6.949485646215477)",2.374008227409208,2.1508388918680046,9210,0,60,12
13,"13,5/11/2024,LINESTRING(100.74668588919769 6.949370900662082,,,",65,70,65,20241030RUN01,,,,,,,05/11/2024,2.6854086687124146,1.6538979869903936,2.062607786106001,1.7164751134466194,2.6854086687124146,0.6228008826064131,"LINESTRING(100.74666161076068 6.949332749590031,100.74675826704198 6.949485646215477)",2.374008227409208,2.412404446826918,9210,0,65,13
14,"14,5/11/2024,LINESTRING(100.74671006868836 6.949409115138493,,,",70,75,70,20241030RUN01,,,,,,,05/11/2024,2.6854086687124146,1.6538979869903936,2.062607786106001,1.7164751134466194,2.6854086687124146,0.6228008826064131,"LINESTRING(100.74666161076068 6.949332749590031,100.74675826704198 6.949485646215477)",2.374008227409208,2.421177578920541,9210,0,70,14
15,"15,5/11/2024,LINESTRING(100.74673417737789 6.9494473742688925,,,",75,80,75,20241030RUN01,,,,,,,05/11/2024,2.6854086687124146,1.6538979869903936,2.062607786106001,1.7164751134466194,2.6854086687124146,0.6228008826064131,"LINESTRING(100.74666161076068 6.949332749590031,100.74675826704198 6.949485646215477)",2.374008227409208,2.5963751344021766,9210,0,75,15
16,"16,5/11/2024,LINESTRING(100.7467582667984 6.949485645519351,,,",80,85,80,20241030RUN01,,,,,,,05/11/2024,2.297751086354343,1.454137200335628,1.6325629664636918,1.1780683407288792,2.297751086354343,0.6651881198906513,"LINESTRING(100.74675826704198 6.949485646215477,100.7468539469137 6.949639154464132)",1.9651570264090175,1.8461004622974246,9210,0,81,16
17,"17,5/11/2024,LINESTRING(100.74678230156717 6.949523951058197,,,",85,90,85,20241030RUN01,,,,,,,05/11/2024,2.297751086354343,1.454137200335628,1.6325629664636918,1.1780683407288792,2.297751086354343,0.6651881198906513,"LINESTRING(100.74675826704198 6.949485646215477,100.7468539469137 6.949639154464132)",1.9651570264090175,2.091801004386942,9210,0,86,17
18,"18,5/11/2024,LINESTRING(100.7468062707682 6.949562297605258,,,",90,95,90,20241030RUN01,,,,,,,05/11/2024,2.297751086354343,1.454137200335628,1.6325629664636918,1.1780683407288792,2.297751086354343,0.6651881198906513,"LINESTRING(100.74675826704198 6.949485646215477,100.7468539469137 6.949639154464132)",1.9651570264090175,2.129064079495196,9210,0,91,18
19,"19,5/11/2024,LINESTRING(100.74683018093745 6.949600680928752,,,",95,100,95,20241030RUN01,,,,,,,05/11/2024,2.297751086354343,1.454137200335628,1.6325629664636918,1.1780683407288792,2.297751086354343,0.6651881198906513,"LINESTRING(100.74675826704198 6.949485646215477,100.7468539469137 6.949639154464132)",1.9651570264090175,1.9286112014657346,9210,0,96,19
20,"20,5/11/2024,LINESTRING(100.74685394662502 6.949639153690171,,,",100,105,100,20241030RUN01,,,,,,,05/11/2024,1.7771470650495955,1.4438339608338573,1.9679251027602984,1.4174689793329929,1.9679251027602984,0.1907780377107024,"LINESTRING(100.7468539469137 6.949639154464132,100.74694670885326 6.949794437042859)",1.872536083904947,1.786988295040811,9210,0,101,20
21,"21,5/11/2024,LINESTRING(100.7468774852517 6.949677765559789,,,",105,110,105,20241030RUN01,,,,,,,05/11/2024,1.7771470650495955,1.4438339608338573,1.9679251027602984,1.4174689793329929,1.9679251027602984,0.1907780377107024,"LINESTRING(100.7468539469137 6.949639154464132,100.74694670885326 6.949794437042859)",1.872536083904947,1.762079733361812,9210,0,106,21
22,"22,5/11/2024,LINESTRING(100.74690077158414 6.949716529865012,,,",110,115,110,20241030RUN01,,,,,,,05/11/2024,1.7771470650495955,1.4438339608338573,1.9679251027602984,1.4174689793329929,1.9679251027602984,0.1907780377107024,"LINESTRING(100.7468539469137 6.949639154464132,100.74694670885326 6.949794437042859)",1.872536083904947,1.9166806454465206,9210,0,111,22
23,"23,5/11/2024,LINESTRING(100.7469238152551 6.949755438722336,,,",115,120,115,20241030RUN01,,,,,,,05/11/2024,1.7771470650495955,1.4438339608338573,1.9679251027602984,1.4174689793329929,1.9679251027602984,0.1907780377107024,"LINESTRING(100.7468539469137 6.949639154464132,100.74694670885326 6.949794437042859)",1.872536083904947,2.0077800301113484,9210,0,116,23
24,"24,5/11/2024,LINESTRING(100.74694670851986 6.949794436190106,,,",120,125,120,20241030RUN01,,,,,,,05/11/2024,1.7435315742988466,1.330759189879777,2.080906721912572,1.716447943785068,2.080906721912572,0.3373751476137254,"LINESTRING(100.74694670885326 6.949794437042859,100.7470375584245 6.949950848514174)",1.9122191481057094,1.9967878157676788,9210,0,121,24
25,"25,5/11/2024,LINESTRING(100.74696952772061 6.949833476980779,,,",125,130,125,20241030RUN01,,,,,,,05/11/2024,1.7435315742988466,1.330759189879777,2.080906721912572,1.716447943785068,2.080906721912572,0.3373751476137254,"LINESTRING(100.74694670885326 6.949794437042859,100.7470375584245 6.949950848514174)",1.9122191481057094,1.7726708489024068,9210,0,126,25
26,"26,5/11/2024,LINESTRING(100.74699226555516 6.949872565144317,,,",130,135,130,20241030RUN01,,,,,,,05/11/2024,1.7435315742988466,1.330759189879777,2.080906721912572,1.716447943785068,2.080906721912572,0.3373751476137254,"LINESTRING(100.74694670885326 6.949794437042859,100.7470375584245 6.949950848514174)",1.9122191481057094,1.8527927310617178,9210,0,131,26
27,"27,5/11/2024,LINESTRING(100.74701493610208 6.949911692317961,,,",135,140,135,20241030RUN01,,,,,,,05/11/2024,1.7435315742988466,1.330759189879777,2.080906721912572,1.716447943785068,2.080906721912572,0.3373751476137254,"LINESTRING(100.74694670885326 6.949794437042859,100.7470375584245 6.949950848514174)",1.9122191481057094,2.0863203922103866,9210,0,136,27
28,"28,5/11/2024,LINESTRING(100.74703755804082 6.9499508475737235,,,",140,145,140,20241030RUN01,,,,,,,05/11/2024,-1.0,-1.0,7.866487317420838,7.832790444431584,7.866487317420838,8.866487317420837,"LINESTRING(100.7470375584245 6.949950848514174,100.74709922065757 6.950117615681255)",3.433243658710419,3.44809683863858,9210,0,141,28
29,"29,5/11/2024,LINESTRING(100.74705998313178 6.94999011539836,,,",145,150,145,20241030RUN01,,,,,,,05/11/2024,-1.0,-1.0,7.866487317420838,7.832790444431584,7.866487317420838,8.866487317420837,"LINESTRING(100.7470375584245 6.949950848514174,100.74709922065757 6.950117615681255)",3.433243658710419,3.313074491735323,9210,0,146,29
30,"30,5/11/2024,LINESTRING(100.7470809742022 6.9500301555837,,,",150,155,150,20241030RUN01,,,,,,,05/11/2024,-1.0,-1.0,7.866487317420838,7.832790444431584,7.866487317420838,8.866487317420837,"LINESTRING(100.7470375584245 6.949950848514174,100.74709922065757 6.950117615681255)",3.433243658710419,3.3608855030871965,9210,0,151,30
31,"31,5/11/2024,LINESTRING(100.74709596540455 6.9500727295469895,,,",155,160,155,20241030RUN01,,,,,,,05/11/2024,-1.0,-1.0,7.866487317420838,7.832790444431584,7.866487317420838,8.866487317420837,"LINESTRING(100.7470375584245 6.949950848514174,100.74709922065757 6.950117615681255)",3.433243658710419,3.7646609965752553,9210,0,156,31
32,"32,5/11/2024,LINESTRING(nan nan,,,",160,165,160,20241030RUN01,,,,,,,05/11/2024,-1.0,-1.0,11.98033776355285,9.54553436642608,11.98033776355285,12.98033776355285,"LINESTRING(100.74709922065757 6.950117615681255,100.7469901503408 6.9502558260969876)",5.490168881776425,5.44790832037412,9210,0,161,32
33,"33,5/11/2024,LINESTRING(100.74708549885307 6.950160379793881,,,",165,170,165,20241030RUN01,,,,,,,05/11/2024,-1.0,-1.0,11.98033776355285,9.54553436642608,11.98033776355285,12.98033776355285,"LINESTRING(100.74709922065757 6.950117615681255,100.7469901503408 6.9502558260969876)",5.490168881776425,5.483172521286081,9210,0,166,33
34,"34,5/11/2024,LINESTRING(100.74705811508346 6.950196213474436,,,",170,175,170,20241030RUN01,,,,,,,05/11/2024,-1.0,-1.0,11.98033776355285,9.54553436642608,11.98033776355285,12.98033776355285,"LINESTRING(100.74709922065757 6.950117615681255,100.7469901503408 6.9502558260969876)",5.490168881776425,5.714647716276164,9210,0,171,34
35,"35,5/11/2024,LINESTRING(100.74702502962087 6.950227029425704,,,",175,180,175,20241030RUN01,,,,,,,05/11/2024,-1.0,-1.0,11.98033776355285,9.54553436642608,11.98033776355285,12.98033776355285,"LINESTRING(100.74709922065757 6.950117615681255,100.7469901503408 6.9502558260969876)",5.490168881776425,5.562906997323322,9210,0,176,35
36,"36,5/11/2024,LINESTRING(100.74699014996985 6.950255824948343,,,",180,185,180,20241030RUN01,,,,,,,05/11/2024,5.573138530170769,4.856369100696484,3.188412352694284,2.181639785690077,5.573138530170769,2.384726177476485,"LINESTRING(100.7469901503408 6.9502558260969876,100.74684821144216 6.950368028246619)",4.380775441432526,4.627042433111734,9210,0,181,36
37,"37,5/11/2024,LINESTRING(100.74695477760362 6.950284016972619,,,",185,190,185,20241030RUN01,,,,,,,05/11/2024,5.573138530170769,4.856369100696484,3.188412352694284,2.181639785690077,5.573138530170769,2.384726177476485,"LINESTRING(100.7469901503408 6.9502558260969876,100.74684821144216 6.950368028246619)",4.380775441432526,4.327411757566584,9210,0,186,37
38,"38,5/11/2024,LINESTRING(100.7469192341654 6.950311993478515,,,",190,195,190,20241030RUN01,,,,,,,05/11/2024,5.573138530170769,4.856369100696484,3.188412352694284,2.181639785690077,5.573138530170769,2.384726177476485,"LINESTRING(100.7469901503408 6.9502558260969876,100.74684821144216 6.950368028246619)",4.380775441432526,4.631034510742242,9210,0,191,38
39,"39,5/11/2024,LINESTRING(100.74688365822276 6.950339928738667,,,",195,200,195,20241030RUN01,,,,,,,05/11/2024,5.573138530170769,4.856369100696484,3.188412352694284,2.181639785690077,5.573138530170769,2.384726177476485,"LINESTRING(100.7469901503408 6.9502558260969876,100.74684821144216 6.950368028246619)",4.380775441432526,4.07572454984836,9210,0,196,39
40,"40,5/11/2024,LINESTRING(100.74684821114182 6.95036802698613,,,",200,205,200,20241030RUN01,,,,,,,05/11/2024,3.8296550928642192,2.9237743648722563,3.143161016037509,1.9424969931011125,3.8296550928642192,0.68649407682671,"LINESTRING(100.74684821144216 6.950368028246619,100.74670648076199 6.950480492376834)",3.486408054450864,3.4814854193655345,9210,0,201,40
41,"41,5/11/2024,LINESTRING(100.74681290123637 6.950396297269948,,,",205,210,205,20241030RUN01,,,,,,,05/11/2024,3.8296550928642192,2.9237743648722563,3.143161016037509,1.9424969931011125,3.8296550928642192,0.68649407682671,"LINESTRING(100.74684821144216 6.950368028246619,100.74670648076199 6.950480492376834)",3.486408054450864,3.699457985173017,9210,0,206,41
42,"42,5/11/2024,LINESTRING(100.74677754595783 6.950424510823548,,,",210,215,210,20241030RUN01,,,,,,,05/11/2024,3.8296550928642192,2.9237743648722563,3.143161016037509,1.9424969931011125,3.8296550928642192,0.68649407682671,"LINESTRING(100.74684821144216 6.950368028246619,100.74670648076199 6.950480492376834)",3.486408054450864,3.2646583864506526,9210,0,211,42
43,"43,5/11/2024,LINESTRING(100.7467420415458 6.950452536776091,,,",215,220,215,20241030RUN01,,,,,,,05/11/2024,3.8296550928642192,2.9237743648722563,3.143161016037509,1.9424969931011125,3.8296550928642192,0.68649407682671,"LINESTRING(100.74684821144216 6.950368028246619,100.74670648076199 6.950480492376834)",3.486408054450864,3.7068218695517507,9210,0,216,43
44,"44,5/11/2024,LINESTRING(100.74670648055994 6.950480491080719,,,",220,225,220,20241030RUN01,,,,,,,05/11/2024,5.310994412804059,3.6046918169868447,3.614472736767216,2.8781368185175302,5.310994412804059,1.6965216760368431,"LINESTRING(100.74670648076199 6.950480492376834,100.74656485014921 6.950593082912585)",4.462733574785638,4.383335832731822,9210,0,221,44
45,"45,5/11/2024,LINESTRING(100.74667096484117 6.950508502784323,,,",225,230,225,20241030RUN01,,,,,,,05/11/2024,5.310994412804059,3.6046918169868447,3.614472736767216,2.8781368185175302,5.310994412804059,1.6965216760368431,"LINESTRING(100.74670648076199 6.950480492376834,100.74656485014921 6.950593082912585)",4.462733574785638,4.555037229807824,9210,0,226,45
46,"46,5/11/2024,LINESTRING(100.74663550557462 6.950536585801385,,,",230,235,230,20241030RUN01,,,,,,,05/11/2024,5.310994412804059,3.6046918169868447,3.614472736767216,2.8781368185175302,5.310994412804059,1.6965216760368431,"LINESTRING(100.74670648076199 6.950480492376834,100.74656485014921 6.950593082912585)",4.462733574785638,4.459233161305016,9210,0,232,46
47,"47,5/11/2024,LINESTRING(100.74660013228709 6.950564776857314,,,",235,240,235,20241030RUN01,,,,,,,05/11/2024,5.310994412804059,3.6046918169868447,3.614472736767216,2.8781368185175302,5.310994412804059,1.6965216760368431,"LINESTRING(100.74670648076199 6.950480492376834,100.74656485014921 6.950593082912585)",4.462733574785638,4.257854997893526,9210,0,237,47
48,"48,5/11/2024,LINESTRING(100.7465648500432 6.950593081626188,,,",240,245,240,20241030RUN01,,,,,,,05/11/2024,4.04093184593458,2.989032882392608,2.9008016213266057,1.671263039254886,4.04093184593458,1.140130224607974,"LINESTRING(100.74656485014921 6.950593082912585,100.74642351374 6.950706041694256)",3.4708667336305927,3.722446251507265,9210,0,242,48
49,"49,5/11/2024,LINESTRING(100.74652961809522 6.950621448901989,,,",245,250,245,20241030RUN01,,,,,,,05/11/2024,4.04093184593458,2.989032882392608,2.9008016213266057,1.671263039254886,4.04093184593458,1.140130224607974,"LINESTRING(100.74656485014921 6.950593082912585,100.74642351374 6.950706041694256)",3.4708667336305927,3.130569385501101,9210,0,247,49
50,"50,5/11/2024,LINESTRING(100.74649436161968 6.950649785721496,,,",250,255,250,20241030RUN01,,,,,,,05/11/2024,4.04093184593458,2.989032882392608,2.9008016213266057,1.671263039254886,4.04093184593458,1.140130224607974,"LINESTRING(100.74656485014921 6.950593082912585,100.74642351374 6.950706041694256)",3.4708667336305927,3.627438538236713,9210,0,252,50
51,"51,5/11/2024,LINESTRING(100.74645898934233 6.950677978023026,,,",255,260,255,20241030RUN01,,,,,,,05/11/2024,4.04093184593458,2.989032882392608,2.9008016213266057,1.671263039254886,4.04093184593458,1.140130224607974,"LINESTRING(100.74656485014921 6.950593082912585,100.74642351374 6.950706041694256)",3.4708667336305927,3.564965296999679,9210,0,257,51
52,"52,5/11/2024,LINESTRING(100.7464235137158 6.950706040430747,,,",260,265,260,20241030RUN01,,,,,,,05/11/2024,5.405660319778983,3.860283594442616,4.061141372596127,3.1970887466184195,5.405660319778983,1.3445189471828556,"LINESTRING(100.74642351374 6.950706041694256,100.7462815722908 6.950818242248206)",4.733400846187555,4.884528669679363,9210,0,262,52
53,"53,5/11/2024,LINESTRING(100.74638802446489 6.950734085646971,,,",265,270,265,20241030RUN01,,,,,,,05/11/2024,5.405660319778983,3.860283594442616,4.061141372596127,3.1970887466184195,5.405660319778983,1.3445189471828556,"LINESTRING(100.74642351374 6.950706041694256,100.7462815722908 6.950818242248206)",4.733400846187555,4.313613042124973,9210,0,267,53
54,"54,5/11/2024,LINESTRING(100.74635254879368 6.950762148018997,,,",270,275,270,20241030RUN01,,,,,,,05/11/2024,5.405660319778983,3.860283594442616,4.061141372596127,3.1970887466184195,5.405660319778983,1.3445189471828556,"LINESTRING(100.74642351374 6.950706041694256,100.7462815722908 6.950818242248206)",4.733400846187555,4.963701463691373,9210,0,272,54
55,"55,5/11/2024,LINESTRING(100.74631706071334 6.95079019472259,,,",275,280,275,20241030RUN01,,,,,,,05/11/2024,5.405660319778983,3.860283594442616,4.061141372596127,3.1970887466184195,5.405660319778983,1.3445189471828556,"LINESTRING(100.74642351374 6.950706041694256,100.7462815722908 6.950818242248206)",4.733400846187555,4.702244440117775,9210,0,277,55
56,"56,5/11/2024,LINESTRING(100.74628157233275 6.950818241049092,,,",280,285,280,20241030RUN01,,,,,,,05/11/2024,3.8582421374581632,2.674130267732369,3.824293891652785,3.3529775852281625,3.8582421374581632,0.0339482458053779,"LINESTRING(100.7462815722908 6.950818242248206,100.7461395324406 6.950930318243345)",3.841268014555474,3.842083343384779,9210,0,282,56
57,"57,5/11/2024,LINESTRING(100.74624610612814 6.9508463153713995,,,",285,290,285,20241030RUN01,,,,,,,05/11/2024,3.8582421374581632,2.674130267732369,3.824293891652785,3.3529775852281625,3.8582421374581632,0.0339482458053779,"LINESTRING(100.7462815722908 6.950818242248206,100.7461395324406 6.950930318243345)",3.841268014555474,3.8787376488669203,9210,0,287,57
58,"58,5/11/2024,LINESTRING(100.7462105988695 6.950874337803781,,,",290,295,290,20241030RUN01,,,,,,,05/11/2024,3.8582421374581632,2.674130267732369,3.824293891652785,3.3529775852281625,3.8582421374581632,0.0339482458053779,"LINESTRING(100.7462815722908 6.950818242248206,100.7461395324406 6.950930318243345)",3.841268014555474,3.706805148913062,9210,0,292,58
59,"59,5/11/2024,LINESTRING(100.74617503979258 6.950902294569729,,,",295,300,295,20241030RUN01,,,,,,,05/11/2024,3.8582421374581632,2.674130267732369,3.824293891652785,3.3529775852281625,3.8582421374581632,0.0339482458053779,"LINESTRING(100.7462815722908 6.950818242248206,100.7461395324406 6.950930318243345)",3.841268014555474,3.664580329802916,9210,0,297,59
60,"60,5/11/2024,LINESTRING(100.74613953254564 6.950930316993598,,,",300,305,300,20241030RUN01,,,,,,,05/11/2024,3.541137617558685,2.781978709361555,2.597114024449652,2.259710920032712,3.541137617558685,0.9440235931090336,"LINESTRING(100.7461395324406 6.950930318243345,100.74599802952679 6.951043070422426)",3.0691258210041683,3.1140741202011997,9210,0,302,60
61,"61,5/11/2024,LINESTRING(100.74610410787517 6.950958443608011,,,",305,310,305,20241030RUN01,,,,,,,05/11/2024,3.541137617558685,2.781978709361555,2.597114024449652,2.259710920032712,3.541137617558685,0.9440235931090336,"LINESTRING(100.7461395324406 6.950930318243345,100.74599802952679 6.951043070422426)",3.0691258210041683,2.7698167598043266,9210,0,307,61
62,"62,5/11/2024,LINESTRING(100.74606874831672 6.950986651913593,,,",310,315,310,20241030RUN01,,,,,,,05/11/2024,3.541137617558685,2.781978709361555,2.597114024449652,2.259710920032712,3.541137617558685,0.9440235931090336,"LINESTRING(100.7461395324406 6.950930318243345,100.74599802952679 6.951043070422426)",3.0691258210041683,3.356962753262417,9210,0,312,62
63,"63,5/11/2024,LINESTRING(100.74603341548422 6.9510148936622835,,,",315,320,315,20241030RUN01,,,,,,,05/11/2024,3.541137617558685,2.781978709361555,2.597114024449652,2.259710920032712,3.541137617558685,0.9440235931090336,"LINESTRING(100.7461395324406 6.950930318243345,100.74599802952679 6.951043070422426)",3.0691258210041683,2.976488038043816,9210,0,317,63
64,"64,5/11/2024,LINESTRING(100.74599802969786 6.951043069104656,,,",320,325,320,20241030RUN01,,,,,,,05/11/2024,2.708861800070226,2.5854667467645847,3.0548468983118227,2.711672054021337,3.0548468983118227,0.3459850982415968,"LINESTRING(100.74599802952679 6.951043070422426,100.74585637538638 6.951155633095063)",2.8818543491910242,2.780861000783406,9210,0,322,64
65,"65,5/11/2024,LINESTRING(100.74596258467884 6.951071170141374,,,",325,330,325,20241030RUN01,,,,,,,05/11/2024,2.708861800070226,2.5854667467645847,3.0548468983118227,2.711672054021337,3.0548468983118227,0.3459850982415968,"LINESTRING(100.74599802952679 6.951043070422426,100.74585637538638 6.951155633095063)",2.8818543491910242,3.1146177505143386,9210,0,327,65
66,"66,5/11/2024,LINESTRING(100.74592716808581 6.951099306929297,,,",330,335,330,20241030RUN01,,,,,,,05/11/2024,2.708861800070226,2.5854667467645847,3.0548468983118227,2.711672054021337,3.0548468983118227,0.3459850982415968,"LINESTRING(100.74599802952679 6.951043070422426,100.74585637538638 6.951155633095063)",2.8818543491910242,2.7020955982382984,9210,0,332,66
67,"67,5/11/2024,LINESTRING(100.74589177747198 6.951127476336736,,,",335,340,335,20241030RUN01,,,,,,,05/11/2024,2.708861800070226,2.5854667467645847,3.0548468983118227,2.711672054021337,3.0548468983118227,0.3459850982415968,"LINESTRING(100.74599802952679 6.951043070422426,100.74585637538638 6.951155633095063)",2.8818543491910242,2.944328047168886,9210,0,337,67
68,"68,5/11/2024,LINESTRING(100.74585637563631 6.951155631664845,,,",340,345,340,20241030RUN01,,,,,,,05/11/2024,5.359691543285367,3.268765159256641,4.281588593947868,2.9765693635365325,5.359691543285367,1.0781029493374987,"LINESTRING(100.74585637538638 6.951155633095063,100.74571451855454 6.951267940185474)",4.820640068616617,5.203268212188005,9210,0,342,68
69,"69,5/11/2024,LINESTRING(100.74582096400056 6.951183774679736,,,",345,350,345,20241030RUN01,,,,,,,05/11/2024,5.359691543285367,3.268765159256641,4.281588593947868,2.9765693635365325,5.359691543285367,1.0781029493374987,"LINESTRING(100.74585637538638 6.951155633095063,100.74571451855454 6.951267940185474)",4.820640068616617,5.042480712416411,9210,0,347,69
70,"70,5/11/2024,LINESTRING(100.74578554026563 6.95121190248053,,,",350,355,350,20241030RUN01,,,,,,,05/11/2024,5.359691543285367,3.268765159256641,4.281588593947868,2.9765693635365325,5.359691543285367,1.0781029493374987,"LINESTRING(100.74585637538638 6.951155633095063,100.74571451855454 6.951267940185474)",4.820640068616617,4.360872103142942,9210,0,352,70
71,"71,5/11/2024,LINESTRING(100.74575007421642 6.951239976959793,,,",355,360,355,20241030RUN01,,,,,,,05/11/2024,5.359691543285367,3.268765159256641,4.281588593947868,2.9765693635365325,5.359691543285367,1.0781029493374987,"LINESTRING(100.74585637538638 6.951155633095063,100.74571451855454 6.951267940185474)",4.820640068616617,4.654858993346306,9210,0,357,71
72,"72,5/11/2024,LINESTRING(100.74571451892427 6.95126793852401,,,",360,365,360,20241030RUN01,,,,,,,05/11/2024,4.501054429434728,3.1284649544973515,6.450384374827474,4.417080012212663,6.450384374827474,1.949329945392746,"LINESTRING(100.74571451855454 6.951267940185474,100.74557235257645 6.951379856410146)",5.475719402131101,5.041007073992816,9210,0,362,72
73,"73,5/11/2024,LINESTRING(100.74567897493985 6.951295914440313,,,",365,370,365,20241030RUN01,,,,,,,05/11/2024,4.501054429434728,3.1284649544973515,6.450384374827474,4.417080012212663,6.450384374827474,1.949329945392746,"LINESTRING(100.74571451855454 6.951267940185474,100.74557235257645 6.951379856410146)",5.475719402131101,5.149877451690012,9210,0,367,73
74,"74,5/11/2024,LINESTRING(100.74564349131188 6.951323966783348,,,",370,375,370,20241030RUN01,,,,,,,05/11/2024,4.501054429434728,3.1284649544973515,6.450384374827474,4.417080012212663,6.450384374827474,1.949329945392746,"LINESTRING(100.74571451855454 6.951267940185474,100.74557235257645 6.951379856410146)",5.475719402131101,6.0173888673724605,9210,0,372,74
75,"75,5/11/2024,LINESTRING(100.74560796230939 6.951351961696682,,,",375,380,375,20241030RUN01,,,,,,,05/11/2024,4.501054429434728,3.1284649544973515,6.450384374827474,4.417080012212663,6.450384374827474,1.949329945392746,"LINESTRING(100.74571451855454 6.951267940185474,100.74557235257645 6.951379856410146)",5.475719402131101,5.474282699992536,9210,0,377,75
76,"76,5/11/2024,LINESTRING(100.74557235304144 6.951379854639004,,,",380,385,380,20241030RUN01,,,,,,,05/11/2024,4.869760049740937,3.3145659957307974,3.792762713546844,2.552632212457758,4.869760049740937,1.0769973361940934,"LINESTRING(100.74557235257645 6.951379856410146,100.74542928784713 6.951490622569143)",4.33126138164389,4.200560773124115,9210,0,382,76
77,"77,5/11/2024,LINESTRING(100.74553669552195 6.9514076859634475,,,",385,390,385,20241030RUN01,,,,,,,05/11/2024,4.869760049740937,3.3145659957307974,3.792762713546844,2.552632212457758,4.869760049740937,1.0769973361940934,"LINESTRING(100.74557235257645 6.951379856410146,100.74542928784713 6.951490622569143)",4.33126138164389,4.30934980320103,9210,0,388,77
78,"78,5/11/2024,LINESTRING(100.74550095253184 6.9514354075771125,,,",390,395,390,20241030RUN01,,,,,,,05/11/2024,4.869760049740937,3.3145659957307974,3.792762713546844,2.552632212457758,4.869760049740937,1.0769973361940934,"LINESTRING(100.74557235257645 6.951379856410146,100.74542928784713 6.951490622569143)",4.33126138164389,4.157288058722909,9210,0,393,78
79,"79,5/11/2024,LINESTRING(100.74546512686614 6.9514630224702945,,,",395,400,395,20241030RUN01,,,,,,,05/11/2024,4.869760049740937,3.3145659957307974,3.792762713546844,2.552632212457758,4.869760049740937,1.0769973361940934,"LINESTRING(100.74557235257645 6.951379856410146,100.74542928784713 6.951490622569143)",4.33126138164389,4.694323875157521,9210,0,398,79
80,"80,5/11/2024,LINESTRING(100.74542928838537 6.951490620758513,,,",400,405,400,20241030RUN01,,,,,,,05/11/2024,4.499583299281168,2.663356231062973,3.257894141610055,2.5921877343033293,4.499583299281168,1.241689157671113,"LINESTRING(100.74542928784713 6.951490622569143,100.74528592560897 6.951601005056015)",3.878738720445612,3.739606197264805,9210,0,403,80
81,"81,5/11/2024,LINESTRING(100.7453934507612 6.951518220167349,,,",405,410,405,20241030RUN01,,,,,,,05/11/2024,4.499583299281168,2.663356231062973,3.257894141610055,2.5921877343033293,4.499583299281168,1.241689157671113,"LINESTRING(100.74542928784713 6.951490622569143,100.74528592560897 6.951601005056015)",3.878738720445612,4.181688048468513,9210,0,408,81
82,"82,5/11/2024,LINESTRING(100.74535759818549 6.9515458001768105,,,",410,415,410,20241030RUN01,,,,,,,05/11/2024,4.499583299281168,2.663356231062973,3.257894141610055,2.5921877343033293,4.499583299281168,1.241689157671113,"LINESTRING(100.74542928784713 6.951490622569143,100.74528592560897 6.951601005056015)",3.878738720445612,4.226116614167801,9210,0,413,82
83,"83,5/11/2024,LINESTRING(100.74532174454879 6.951573378808616,,,",415,420,415,20241030RUN01,,,,,,,05/11/2024,4.499583299281168,2.663356231062973,3.257894141610055,2.5921877343033293,4.499583299281168,1.241689157671113,"LINESTRING(100.74542928784713 6.951490622569143,100.74528592560897 6.951601005056015)",3.878738720445612,3.5587669521612675,9210,0,418,83
84,"84,5/11/2024,LINESTRING(100.7452859262238 6.951601003194228,,,",420,425,420,20241030RUN01,,,,,,,05/11/2024,3.278629999907473,1.9609500991907052,2.8003726262466424,2.431683405152109,3.278629999907473,0.4782573736608304,"LINESTRING(100.74528592560897 6.951601005056015,100.74514330043111 6.951712336417853)",3.0395013130770576,3.120111295154905,9210,0,423,84
85,"85,5/11/2024,LINESTRING(100.74525019341252 6.951628737918827,,,",425,430,425,20241030RUN01,,,,,,,05/11/2024,3.278629999907473,1.9609500991907052,2.8003726262466424,2.431683405152109,3.278629999907473,0.4782573736608304,"LINESTRING(100.74528592560897 6.951601005056015,100.74514330043111 6.951712336417853)",3.0395013130770576,2.7372071388735173,9210,0,428,85
86,"86,5/11/2024,LINESTRING(100.7452145620543 6.951656602691725,,,",430,435,430,20241030RUN01,,,,,,,05/11/2024,3.278629999907473,1.9609500991907052,2.8003726262466424,2.431683405152109,3.278629999907473,0.4782573736608304,"LINESTRING(100.74528592560897 6.951601005056015,100.74514330043111 6.951712336417853)",3.0395013130770576,3.2383947356376734,9210,0,433,86
87,"87,5/11/2024,LINESTRING(100.74517895627115 6.95168450011545,,,",435,440,435,20241030RUN01,,,,,,,05/11/2024,3.278629999907473,1.9609500991907052,2.8003726262466424,2.431683405152109,3.278629999907473,0.4782573736608304,"LINESTRING(100.74528592560897 6.951601005056015,100.74514330043111 6.951712336417853)",3.0395013130770576,3.109808103293542,9210,0,438,87
88,"88,5/11/2024,LINESTRING(100.74514330112036 6.951712334506161,,,",440,445,440,20241030RUN01,,,,,,,05/11/2024,4.531323368316366,3.579319434293143,2.550532180635166,1.9914470038676912,4.531323368316366,1.9807911876812003,"LINESTRING(100.74514330043111 6.951712336417853,100.7450009734894 6.951824048111891)",3.540927774475766,3.78497081937392,9210,0,443,88
89,"89,5/11/2024,LINESTRING(100.74510763815151 6.951740158920422,,,",445,450,445,20241030RUN01,,,,,,,05/11/2024,4.531323368316366,3.579319434293143,2.550532180635166,1.9914470038676912,4.531323368316366,1.9807911876812003,"LINESTRING(100.74514330043111 6.951712336417853,100.7450009734894 6.951824048111891)",3.540927774475766,3.791377448762823,9210,0,448,89
90,"90,5/11/2024,LINESTRING(100.74507203677852 6.951768061973401,,,",450,455,450,20241030RUN01,,,,,,,05/11/2024,4.531323368316366,3.579319434293143,2.550532180635166,1.9914470038676912,4.531323368316366,1.9807911876812003,"LINESTRING(100.74514330043111 6.951712336417853,100.7450009734894 6.951824048111891)",3.540927774475766,3.6172175052745925,9210,0,453,90
91,"91,5/11/2024,LINESTRING(100.74503649436754 6.95179603998366,,,",455,460,455,20241030RUN01,,,,,,,05/11/2024,4.531323368316366,3.579319434293143,2.550532180635166,1.9914470038676912,4.531323368316366,1.9807911876812003,"LINESTRING(100.74514330043111 6.951712336417853,100.7450009734894 6.951824048111891)",3.540927774475766,3.237584112965613,9210,0,458,91
92,"92,5/11/2024,LINESTRING(100.74500097422334 6.951824046208777,,,",460,465,460,20241030RUN01,,,,,,,05/11/2024,3.745421196330104,2.555886334094204,3.257864531632948,2.2338749788391343,3.745421196330104,0.4875566646971556,"LINESTRING(100.7450009734894 6.951824048111891,100.74485922746224 6.951936495452812)",3.501642863981526,3.306652638127917,9210,0,463,92
93,"93,5/11/2024,LINESTRING(100.74496548842133 6.95185209585006,,,",465,470,465,20241030RUN01,,,,,,,05/11/2024,3.745421196330104,2.555886334094204,3.257864531632948,2.2338749788391343,3.745421196330104,0.4875566646971556,"LINESTRING(100.7450009734894 6.951824048111891,100.74485922746224 6.951936495452812)",3.501642863981526,3.4091786334133065,9210,0,468,93
94,"94,5/11/2024,LINESTRING(100.74493004453615 6.951880198356753,,,",470,475,470,20241030RUN01,,,,,,,05/11/2024,3.745421196330104,2.555886334094204,3.257864531632948,2.2338749788391343,3.745421196330104,0.4875566646971556,"LINESTRING(100.7450009734894 6.951824048111891,100.74485922746224 6.951936495452812)",3.501642863981526,3.6235767713276523,9210,0,473,94
95,"95,5/11/2024,LINESTRING(100.74489462917197 6.951908336748074,,,",475,480,475,20241030RUN01,,,,,,,05/11/2024,3.745421196330104,2.555886334094204,3.257864531632948,2.2338749788391343,3.745421196330104,0.4875566646971556,"LINESTRING(100.7450009734894 6.951824048111891,100.74485922746224 6.951936495452812)",3.501642863981526,3.5476006793287427,9210,0,478,95
96,"96,5/11/2024,LINESTRING(100.74485922832582 6.951936493384851,,,",480,485,480,20241030RUN01,,,,,,,05/11/2024,3.755694935204314,2.5303609214323752,3.117910671008915,2.458280552916069,3.755694935204314,0.6377842641953992,"LINESTRING(100.74485922746224 6.951936495452812,100.7447175630322 6.9520490454477875)",3.4368028031066142,3.523862946341427,9210,0,483,96
97,"97,5/11/2024,LINESTRING(100.74482383505632 6.951964659542669,,,",485,490,485,20241030RUN01,,,,,,,05/11/2024,3.755694935204314,2.5303609214323752,3.117910671008915,2.458280552916069,3.755694935204314,0.6377842641953992,"LINESTRING(100.74485922746224 6.951936495452812,100.7447175630322 6.9520490454477875)",3.4368028031066142,3.167244334357641,9210,0,488,97
98,"98,5/11/2024,LINESTRING(100.74478844074174 6.951992824410814,,,",490,495,490,20241030RUN01,,,,,,,05/11/2024,3.755694935204314,2.5303609214323752,3.117910671008915,2.458280552916069,3.755694935204314,0.6377842641953992,"LINESTRING(100.74485922746224 6.951936495452812,100.7447175630322 6.9520490454477875)",3.4368028031066142,3.392219889646106,9210,0,493,98
99,"99,5/11/2024,LINESTRING(100.74475301458287 6.952020949281962,,,",495,500,495,20241030RUN01,,,,,,,05/11/2024,3.755694935204314,2.5303609214323752,3.117910671008915,2.458280552916069,3.755694935204314,0.6377842641953992,"LINESTRING(100.74485922746224 6.951936495452812,100.7447175630322 6.9520490454477875)",3.4368028031066142,3.6311849987001885,9210,0,498,99
100,"100,5/11/2024,LINESTRING(100.74471756396055 6.952049043344618,,,",500,505,500,20241030RUN01,,,,,,,05/11/2024,4.095315040961726,2.8718586197849185,3.8948602435820736,2.6588091045282543,4.095315040961726,0.2004547973796522,"LINESTRING(100.7447175630322 6.9520490454477875,100.74457512105822 6.952160610196695)",3.9950876422718995,4.098721215017701,9210,0,503,100
101,"101,5/11/2024,LINESTRING(100.74468207755753 6.952077092237986,,,",505,510,505,20241030RUN01,,,,,,,05/11/2024,4.095315040961726,2.8718586197849185,3.8948602435820736,2.6588091045282543,4.095315040961726,0.2004547973796522,"LINESTRING(100.7447175630322 6.9520490454477875,100.74457512105822 6.952160610196695)",3.9950876422718995,4.025878261759005,9210,0,508,101
102,"102,5/11/2024,LINESTRING(100.74464648752773 6.9521050096937484,,,",510,515,510,20241030RUN01,,,,,,,05/11/2024,4.095315040961726,2.8718586197849185,3.8948602435820736,2.6588091045282543,4.095315040961726,0.2004547973796522,"LINESTRING(100.7447175630322 6.9520490454477875,100.74457512105822 6.952160610196695)",3.9950876422718995,3.744277425738712,9210,0,513,102
103,"103,5/11/2024,LINESTRING(100.74461081563088 6.9521328226710395,,,",515,520,515,20241030RUN01,,,,,,,05/11/2024,4.095315040961726,2.8718586197849185,3.8948602435820736,2.6588091045282543,4.095315040961726,0.2004547973796522,"LINESTRING(100.7447175630322 6.9520490454477875,100.74457512105822 6.952160610196695)",3.9950876422718995,3.818308933686284,9210,0,518,103
104,"104,5/11/2024,LINESTRING(100.7445751221158 6.9521606079439495,,,",520,525,520,20241030RUN01,,,,,,,05/11/2024,2.9584796406553173,2.2417613290665,2.655595830980051,2.2171768302497967,2.9584796406553173,0.3028838096752664,"LINESTRING(100.74457512105822 6.952160610196695,100.74443260317452 6.952272079182272)",2.8070377358176843,2.755473180193677,9210,0,523,104
105,"105,5/11/2024,LINESTRING(100.74453944110873 6.952188409256839,,,",525,530,525,20241030RUN01,,,,,,,05/11/2024,2.9584796406553173,2.2417613290665,2.655595830980051,2.2171768302497967,2.9584796406553173,0.3028838096752664,"LINESTRING(100.74457512105822 6.952160610196695,100.74443260317452 6.952272079182272)",2.8070377358176843,2.7837595469030845,9210,0,528,105
106,"106,5/11/2024,LINESTRING(100.74450379628752 6.9522162568810675,,,",530,535,530,20241030RUN01,,,,,,,05/11/2024,2.9584796406553173,2.2417613290665,2.655595830980051,2.2171768302497967,2.9584796406553173,0.3028838096752664,"LINESTRING(100.74457512105822 6.952160610196695,100.74443260317452 6.952272079182272)",2.8070377358176843,2.6848943183782445,9210,0,533,106
107,"107,5/11/2024,LINESTRING(100.74446819352964 6.95224415820282,,,",535,540,535,20241030RUN01,,,,,,,05/11/2024,2.9584796406553173,2.2417613290665,2.655595830980051,2.2171768302497967,2.9584796406553173,0.3028838096752664,"LINESTRING(100.74457512105822 6.952160610196695,100.74443260317452 6.952272079182272)",2.8070377358176843,2.98643134598828,9210,0,539,107
108,"108,5/11/2024,LINESTRING(100.7444326043397 6.952272076823134,,,",540,545,540,20241030RUN01,,,,,,,05/11/2024,4.4080320458983575,3.303836851284629,3.830867988966104,2.661672927616608,4.4080320458983575,0.5771640569322538,"LINESTRING(100.74443260317452 6.952272079182272,100.74429034066414 6.952383872508027)",4.11945001743223,3.9379111376496105,9210,0,544,108
109,"109,5/11/2024,LINESTRING(100.74439697897736 6.9522999493431525,,,",545,550,545,20241030RUN01,,,,,,,05/11/2024,4.4080320458983575,3.303836851284629,3.830867988966104,2.661672927616608,4.4080320458983575,0.5771640569322538,"LINESTRING(100.74443260317452 6.952272079182272,100.74429034066414 6.952383872508027)",4.11945001743223,4.306713110105198,9210,0,549,109
110,"110,5/11/2024,LINESTRING(100.744361344318 6.9523278100104235,,,",550,555,550,20241030RUN01,,,,,,,05/11/2024,4.4080320458983575,3.303836851284629,3.830867988966104,2.661672927616608,4.4080320458983575,0.5771640569322538,"LINESTRING(100.74443260317452 6.952272079182272,100.74429034066414 6.952383872508027)",4.11945001743223,3.9727147248924095,9210,0,554,110
111,"111,5/11/2024,LINESTRING(100.74432579249192 6.95235577606998,,,",555,560,555,20241030RUN01,,,,,,,05/11/2024,4.4080320458983575,3.303836851284629,3.830867988966104,2.661672927616608,4.4080320458983575,0.5771640569322538,"LINESTRING(100.74443260317452 6.952272079182272,100.74429034066414 6.952383872508027)",4.11945001743223,4.168066937593755,9210,0,559,111
112,"112,5/11/2024,LINESTRING(100.74429034187027 6.952383870153745,,,",560,565,560,20241030RUN01,,,,,,,05/11/2024,2.8927198848584643,1.8044396219010543,3.901048440489736,2.447308292672626,3.901048440489736,1.008328555631271,"LINESTRING(100.74429034066414 6.952383872508027,100.74414823234589 6.952495862286542)",3.3968841626741,3.4029280296836233,9210,0,564,112
113,"113,5/11/2024,LINESTRING(100.74425488397678 6.952411955062574,,,",565,570,565,20241030RUN01,,,,,,,05/11/2024,2.8927198848584643,1.8044396219010543,3.901048440489736,2.447308292672626,3.901048440489736,1.008328555631271,"LINESTRING(100.74429034066414 6.952383872508027,100.74414823234589 6.952495862286542)",3.3968841626741,3.434907842845381,9210,0,569,113
114,"114,5/11/2024,LINESTRING(100.7442193462768 6.952439939072847,,,",570,575,570,20241030RUN01,,,,,,,05/11/2024,2.8927198848584643,1.8044396219010543,3.901048440489736,2.447308292672626,3.901048440489736,1.008328555631271,"LINESTRING(100.74429034066414 6.952383872508027,100.74414823234589 6.952495862286542)",3.3968841626741,3.417963661691528,9210,0,574,114
115,"115,5/11/2024,LINESTRING(100.74418376695412 6.95246787025497,,,",575,580,575,20241030RUN01,,,,,,,05/11/2024,2.8927198848584643,1.8044396219010543,3.901048440489736,2.447308292672626,3.901048440489736,1.008328555631271,"LINESTRING(100.74429034066414 6.952383872508027,100.74414823234589 6.952495862286542)",3.3968841626741,3.174364275772474,9210,0,579,115
116,"116,5/11/2024,LINESTRING(100.74414823365275 6.952495859838091,,,",580,585,580,20241030RUN01,,,,,,,05/11/2024,4.284099642690446,3.3386513623702245,5.827262897946577,4.5131473446543815,5.827262897946577,1.5431632552561307,"LINESTRING(100.74414823234589 6.952495862286542,100.74400657034451 6.952608415652711)",5.0556812703185114,5.044715891936547,9210,0,584,116
117,"117,5/11/2024,LINESTRING(100.74411278348592 6.9525239544411805,,,",585,590,585,20241030RUN01,,,,,,,05/11/2024,4.284099642690446,3.3386513623702245,5.827262897946577,4.5131473446543815,5.827262897946577,1.5431632552561307,"LINESTRING(100.74414823234589 6.952495862286542,100.74400657034451 6.952608415652711)",5.0556812703185114,5.267492755267973,9210,0,589,117
118,"118,5/11/2024,LINESTRING(100.74407739188469 6.952552122729043,,,",590,595,590,20241030RUN01,,,,,,,05/11/2024,4.284099642690446,3.3386513623702245,5.827262897946577,4.5131473446543815,5.827262897946577,1.5431632552561307,"LINESTRING(100.74414823234589 6.952495862286542,100.74400657034451 6.952608415652711)",5.0556812703185114,4.670142681674848,9210,0,594,118
119,"119,5/11/2024,LINESTRING(100.74404199670128 6.952580286532234,,,",595,600,595,20241030RUN01,,,,,,,05/11/2024,4.284099642690446,3.3386513623702245,5.827262897946577,4.5131473446543815,5.827262897946577,1.5431632552561307,"LINESTRING(100.74414823234589 6.952495862286542,100.74400657034451 6.952608415652711)",5.0556812703185114,5.489191013071848,9210,0,599,119
120,"120,5/11/2024,LINESTRING(100.74400657181141 6.952608413020262,,,",600,605,600,20241030RUN01,,,,,,,05/11/2024,4.017508768524339,2.513948133915828,2.2201259511994462,2.124269115161729,4.017508768524339,1.7973828173248925,"LINESTRING(100.74400657034451 6.952608415652711,100.74386523900927 6.9527213830258745)",3.1188173598618922,3.178434169201471,9210,0,604,120
121,"121,5/11/2024,LINESTRING(100.74397117597474 6.95263657601499,,,",605,610,605,20241030RUN01,,,,,,,05/11/2024,4.017508768524339,2.513948133915828,2.2201259511994462,2.124269115161729,4.017508768524339,1.7973828173248925,"LINESTRING(100.74400657034451 6.952608415652711,100.74386523900927 6.9527213830258745)",3.1188173598618922,3.183233644712053,9210,0,609,121
122,"122,5/11/2024,LINESTRING(100.74393582406381 6.952664794050958,,,",610,615,610,20241030RUN01,,,,,,,05/11/2024,4.017508768524339,2.513948133915828,2.2201259511994462,2.124269115161729,4.017508768524339,1.7973828173248925,"LINESTRING(100.74400657034451 6.952608415652711,100.74386523900927 6.9527213830258745)",3.1188173598618922,2.8117288018159035,9210,0,614,122
123,"123,5/11/2024,LINESTRING(100.74390051391849 6.952693064245022,,,",615,620,615,20241030RUN01,,,,,,,05/11/2024,4.017508768524339,2.513948133915828,2.2201259511994462,2.124269115161729,4.017508768524339,1.7973828173248925,"LINESTRING(100.74400657034451 6.952608415652711,100.74386523900927 6.9527213830258745)",3.1188173598618922,3.2693498786712016,9210,0,619,123
124,"124,5/11/2024,LINESTRING(100.74386524058288 6.952721380294202,,,",620,625,620,20241030RUN01,,,,,,,05/11/2024,5.084783713994289,3.5018669911697056,3.211735252000931,2.338013426908084,5.084783713994289,1.8730484619933585,"LINESTRING(100.74386523900927 6.9527213830258745,100.74372395474946 6.952834409288814)",4.14825948299761,3.892032091353661,9210,0,624,124
125,"125,5/11/2024,LINESTRING(100.74382996815172 6.952749697481263,,,",625,630,625,20241030RUN01,,,,,,,05/11/2024,5.084783713994289,3.5018669911697056,3.211735252000931,2.338013426908084,5.084783713994289,1.8730484619933585,"LINESTRING(100.74386523900927 6.9527213830258745,100.74372395474946 6.952834409288814)",4.14825948299761,3.740141021157154,9210,0,629,125
126,"126,5/11/2024,LINESTRING(100.74379466799435 6.952777980156092,,,",630,635,630,20241030RUN01,,,,,,,05/11/2024,5.084783713994289,3.5018669911697056,3.211735252000931,2.338013426908084,5.084783713994289,1.8730484619933585,"LINESTRING(100.74386523900927 6.9527213830258745,100.74372395474946 6.952834409288814)",4.14825948299761,4.392767780468619,9210,0,634,126
127,"127,5/11/2024,LINESTRING(100.74375932862323 6.952806213892681,,,",635,640,635,20241030RUN01,,,,,,,05/11/2024,5.084783713994289,3.5018669911697056,3.211735252000931,2.338013426908084,5.084783713994289,1.8730484619933585,"LINESTRING(100.74386523900927 6.9527213830258745,100.74372395474946 6.952834409288814)",4.14825948299761,4.378358506108285,9210,0,639,127
128,"128,5/11/2024,LINESTRING(100.74372395638908 6.9528344065185825,,,",640,645,640,20241030RUN01,,,,,,,05/11/2024,4.616441150317009,2.7085481651355985,3.238885957226558,2.5054037357033154,4.616441150317009,1.3775551930904508,"LINESTRING(100.74372395474946 6.952834409288814,100.74358225383592 6.9529469136855635)",3.927663553771783,4.054684815975628,9210,0,644,128
129,"129,5/11/2024,LINESTRING(100.74368856182159 6.95286257113607,,,",645,650,645,20241030RUN01,,,,,,,05/11/2024,4.616441150317009,2.7085481651355985,3.238885957226558,2.5054037357033154,4.616441150317009,1.3775551930904508,"LINESTRING(100.74372395474946 6.952834409288814,100.74358225383592 6.9529469136855635)",3.927663553771783,4.107277412042689,9210,0,649,129
130,"130,5/11/2024,LINESTRING(100.74365315214804 6.952890716789041,,,",650,655,650,20241030RUN01,,,,,,,05/11/2024,4.616441150317009,2.7085481651355985,3.238885957226558,2.5054037357033154,4.616441150317009,1.3775551930904508,"LINESTRING(100.74372395474946 6.952834409288814,100.74358225383592 6.9529469136855635)",3.927663553771783,3.8905423062116755,9210,0,654,130
131,"131,5/11/2024,LINESTRING(100.74361772879074 6.952918845250552,,,",655,660,655,20241030RUN01,,,,,,,05/11/2024,4.616441150317009,2.7085481651355985,3.238885957226558,2.5054037357033154,4.616441150317009,1.3775551930904508,"LINESTRING(100.74372395474946 6.952834409288814,100.74358225383592 6.9529469136855635)",3.927663553771783,3.6596418075495816,9210,0,659,131
132,"132,5/11/2024,LINESTRING(100.74358225554671 6.952946910868691,,,",660,665,660,20241030RUN01,,,,,,,05/11/2024,3.4390506975163917,2.695406956513774,3.918835481584526,3.958643637255156,3.918835481584526,0.4797847840681348,"LINESTRING(100.74358225383592 6.9529469136855635,100.7434396662262 6.953058293579708)",3.678943089550459,3.849017738385122,9210,0,664,132
133,"133,5/11/2024,LINESTRING(100.74354668489025 6.952974853078708,,,",665,670,665,20241030RUN01,,,,,,,05/11/2024,3.4390506975163917,2.695406956513774,3.918835481584526,3.958643637255156,3.918835481584526,0.4797847840681348,"LINESTRING(100.74358225383592 6.9529469136855635,100.7434396662262 6.953058293579708)",3.678943089550459,3.8861238122005184,9210,0,669,133
134,"134,5/11/2024,LINESTRING(100.74351101173535 6.953002664515326,,,",670,675,670,20241030RUN01,,,,,,,05/11/2024,3.4390506975163917,2.695406956513774,3.918835481584526,3.958643637255156,3.918835481584526,0.4797847840681348,"LINESTRING(100.74358225383592 6.9529469136855635,100.7434396662262 6.953058293579708)",3.678943089550459,3.323106448673527,9210,0,674,134
135,"135,5/11/2024,LINESTRING(100.74347530953438 6.95303043872988,,,",675,680,675,20241030RUN01,,,,,,,05/11/2024,3.4390506975163917,2.695406956513774,3.918835481584526,3.958643637255156,3.918835481584526,0.4797847840681348,"LINESTRING(100.74358225383592 6.9529469136855635,100.7434396662262 6.953058293579708)",3.678943089550459,3.4145100458871838,9210,0,679,135
136,"136,5/11/2024,LINESTRING(100.74343966803261 6.953058290682716,,,",680,685,680,20241030RUN01,,,,,,,05/11/2024,4.091936050471854,3.207408363658441,4.737898880300364,3.104115100567006,4.737898880300364,0.6459628298285098,"LINESTRING(100.7434396662262 6.953058293579708,100.74329720899685 6.953169840343989)",4.414917465386109,4.316275740638925,9210,0,684,136
137,"137,5/11/2024,LINESTRING(100.7434040881872 6.9530862212454,,,",685,690,685,20241030RUN01,,,,,,,05/11/2024,4.091936050471854,3.207408363658441,4.737898880300364,3.104115100567006,4.737898880300364,0.6459628298285098,"LINESTRING(100.7434396662262 6.953058293579708,100.74329720899685 6.953169840343989)",4.414917465386109,4.589317313681229,9210,0,689,137
138,"138,5/11/2024,LINESTRING(100.74336848455152 6.9531141215028125,,,",690,695,690,20241030RUN01,,,,,,,05/11/2024,4.091936050471854,3.207408363658441,4.737898880300364,3.104115100567006,4.737898880300364,0.6459628298285098,"LINESTRING(100.7434396662262 6.953058293579708,100.74329720899685 6.953169840343989)",4.414917465386109,4.404100226153326,9210,0,,
139,"139,5/11/2024,LINESTRING(100.74333283478016 6.95314196291553,,,",695,700,695,20241030RUN01,,,,,,,05/11/2024,4.091936050471854,3.207408363658441,4.737898880300364,3.104115100567006,4.737898880300364,0.6459628298285098,"LINESTRING(100.7434396662262 6.953058293579708,100.74329720899685 6.953169840343989)",4.414917465386109,4.051232962386411,9210,0,695,138
140,"140,5/11/2024,LINESTRING(100.74329721088364 6.953169837388076,,,",700,705,700,20241030RUN01,,,,,,,05/11/2024,3.153345148625164,2.5094205546662773,3.1051504720553136,1.9649951477827092,3.153345148625164,0.0481946765698499,"LINESTRING(100.74329720899685 6.953169840343989,100.74315522935255 6.953281993323985)",3.129247810340239,3.3808533620896064,9210,0,700,139
141,"141,5/11/2024,LINESTRING(100.74326166674663 6.953197813336368,,,",705,710,705,20241030RUN01,,,,,,,05/11/2024,3.153345148625164,2.5094205546662773,3.1051504720553136,1.9649951477827092,3.153345148625164,0.0481946765698499,"LINESTRING(100.74329720899685 6.953169840343989,100.74315522935255 6.953281993323985)",3.129247810340239,3.2955707759785797,9210,0,705,140
142,"142,5/11/2024,LINESTRING(100.74322618321685 6.9532258660192765,,,",710,715,710,20241030RUN01,,,,,,,05/11/2024,3.153345148625164,2.5094205546662773,3.1051504720553136,1.9649951477827092,3.153345148625164,0.0481946765698499,"LINESTRING(100.74329720899685 6.953169840343989,100.74315522935255 6.953281993323985)",3.129247810340239,3.1348974570755623,9210,0,710,141
143,"143,5/11/2024,LINESTRING(100.74319071499369 6.953253938034965,,,",715,720,715,20241030RUN01,,,,,,,05/11/2024,3.153345148625164,2.5094205546662773,3.1051504720553136,1.9649951477827092,3.153345148625164,0.0481946765698499,"LINESTRING(100.74329720899685 6.953169840343989,100.74315522935255 6.953281993323985)",3.129247810340239,2.8423784700752797,9210,0,715,142
144,"144,5/11/2024,LINESTRING(100.74315523122137 6.953281990439037,,,",720,725,720,20241030RUN01,,,,,,,05/11/2024,4.994217636198931,2.972918031792032,3.430595965120076,2.497335103020562,4.994217636198931,1.5636216710788546,"LINESTRING(100.74315522935255 6.953281993323985,100.74301264110603 6.953393371209146)",4.212406800659504,4.125356912454598,9210,0,720,143
145,"145,5/11/2024,LINESTRING(100.74311971117577 6.9533099969648795,,,",725,730,725,20241030RUN01,,,,,,,05/11/2024,4.994217636198931,2.972918031792032,3.430595965120076,2.497335103020562,4.994217636198931,1.5636216710788546,"LINESTRING(100.74315522935255 6.953281993323985,100.74301264110603 6.953393371209146)",4.212406800659504,3.8832674182333378,9210,0,725,144
146,"146,5/11/2024,LINESTRING(100.74308411823657 6.953337910862463,,,",730,735,730,20241030RUN01,,,,,,,05/11/2024,4.994217636198931,2.972918031792032,3.430595965120076,2.497335103020562,4.994217636198931,1.5636216710788546,"LINESTRING(100.74315522935255 6.953281993323985,100.74301264110603 6.953393371209146)",4.212406800659504,4.370767861569266,9210,0,730,145
147,"147,5/11/2024,LINESTRING(100.74304841569177 6.953365684603112,,,",735,740,735,20241030RUN01,,,,,,,05/11/2024,4.994217636198931,2.972918031792032,3.430595965120076,2.497335103020562,4.994217636198931,1.5636216710788546,"LINESTRING(100.74315522935255 6.953281993323985,100.74301264110603 6.953393371209146)",4.212406800659504,4.341219764126403,9210,0,735,146
148,"148,5/11/2024,LINESTRING(100.74301264307557 6.953393368235577,,,",740,745,740,20241030RUN01,,,,,,,05/11/2024,3.7912335429148607,3.1633602115263733,3.011913575422021,2.19361969615618,3.7912335429148607,0.7793199674928393,"LINESTRING(100.74301264110603 6.953393371209146,100.74287016298955 6.953504889836417)",3.401573559168441,3.732969448900784,9210,0,740,147
149,"149,5/11/2024,LINESTRING(100.74297689461048 6.953421083000244,,,",745,750,745,20241030RUN01,,,,,,,05/11/2024,3.7912335429148607,3.1633602115263733,3.011913575422021,2.19361969615618,3.7912335429148607,0.7793199674928393,"LINESTRING(100.74301264110603 6.953393371209146,100.74287016298955 6.953504889836417)",3.401573559168441,3.2547204866768986,9210,0,745,148
150,"150,5/11/2024,LINESTRING(100.74294123070179 6.953448906349935,,,",750,755,750,20241030RUN01,,,,,,,05/11/2024,3.7912335429148607,3.1633602115263733,3.011913575422021,2.19361969615618,3.7912335429148607,0.7793199674928393,"LINESTRING(100.74301264110603 6.953393371209146,100.74287016298955 6.953504889836417)",3.401573559168441,3.2639179309585966,9210,0,750,149
151,"151,5/11/2024,LINESTRING(100.74290566809344 6.953476858865524,,,",755,760,755,20241030RUN01,,,,,,,05/11/2024,3.7912335429148607,3.1633602115263733,3.011913575422021,2.19361969615618,3.7912335429148607,0.7793199674928393,"LINESTRING(100.74301264110603 6.953393371209146,100.74287016298955 6.953504889836417)",3.401573559168441,3.492051363153341,9210,0,755,150
152,"152,5/11/2024,LINESTRING(100.74287016502078 6.953504886825248,,,",760,765,760,20241030RUN01,,,,,,,05/11/2024,3.164053990112751,3.073603378783684,2.912988796876708,2.3671603177355336,3.164053990112751,0.2510651932360428,"LINESTRING(100.74287016298955 6.953504889836417,100.74272811177678 6.95361695273728)",3.0385213934947295,2.8738353961067564,9210,0,760,151
153,"153,5/11/2024,LINESTRING(100.74283467445541 6.953532930602191,,,",765,770,765,20241030RUN01,,,,,,,05/11/2024,3.164053990112751,3.073603378783684,2.912988796876708,2.3671603177355336,3.164053990112751,0.2510651932360428,"LINESTRING(100.74287016298955 6.953504889836417,100.74272811177678 6.95361695273728)",3.0385213934947295,3.3198598713900656,9210,0,765,152
154,"154,5/11/2024,LINESTRING(100.74279916726869 6.95356095337414,,,",770,775,770,20241030RUN01,,,,,,,05/11/2024,3.164053990112751,3.073603378783684,2.912988796876708,2.3671603177355336,3.164053990112751,0.2510651932360428,"LINESTRING(100.74287016298955 6.953504889836417,100.74272811177678 6.95361695273728)",3.0385213934947295,2.9734241133581154,9210,0,770,153
155,"155,5/11/2024,LINESTRING(100.7427636481068 6.953588961012911,,,",775,780,775,20241030RUN01,,,,,,,05/11/2024,3.164053990112751,3.073603378783684,2.912988796876708,2.3671603177355336,3.164053990112751,0.2510651932360428,"LINESTRING(100.74287016298955 6.953504889836417,100.74272811177678 6.95361695273728)",3.0385213934947295,3.2657517494729693,9210,0,775,154
156,"156,5/11/2024,LINESTRING(100.7427281139193 6.9536169496238145,,,",780,785,780,20241030RUN01,,,,,,,05/11/2024,3.0033344614242887,2.144928143189168,2.9358431712863675,1.91884414888124,3.0033344614242887,0.0674912901379212,"LINESTRING(100.74272811177678 6.95361695273728,100.74258589047403 6.953728799551216)",2.969588816355328,2.998182774156473,9210,0,780,155
157,"157,5/11/2024,LINESTRING(100.7426925878157 6.953644948462421,,,",785,790,785,20241030RUN01,,,,,,,05/11/2024,3.0033344614242887,2.144928143189168,2.9358431712863675,1.91884414888124,3.0033344614242887,0.0674912901379212,"LINESTRING(100.74272811177678 6.95361695273728,100.74258589047403 6.953728799551216)",2.969588816355328,3.1111239763697918,9210,0,785,156
158,"158,5/11/2024,LINESTRING(100.7426570874466 6.953672979889417,,,",790,795,790,20241030RUN01,,,,,,,05/11/2024,3.0033344614242887,2.144928143189168,2.9358431712863675,1.91884414888124,3.0033344614242887,0.0674912901379212,"LINESTRING(100.74272811177678 6.95361695273728,100.74258589047403 6.953728799551216)",2.969588816355328,2.8357695769761615,9210,0,790,157
159,"159,5/11/2024,LINESTRING(100.74262152687935 6.9537009349796595,,,",795,800,795,20241030RUN01,,,,,,,05/11/2024,3.0033344614242887,2.144928143189168,2.9358431712863675,1.91884414888124,3.0033344614242887,0.0674912901379212,"LINESTRING(100.74272811177678 6.95361695273728,100.74258589047403 6.953728799551216)",2.969588816355328,2.8820658008668296,9210,0,795,158
160,"160,5/11/2024,LINESTRING(100.74258589270532 6.953728796365232,,,",800,805,800,20241030RUN01,,,,,,,05/11/2024,2.789826190865167,1.948430169458608,2.606695810503884,2.210408912033172,2.789826190865167,0.1831303803612831,"LINESTRING(100.74258589047403 6.953728799551216,100.74244419285169 6.953841305952958)",2.698261000684526,2.6251535471454015,9210,0,800,159
161,"161,5/11/2024,LINESTRING(100.74255030109651 6.95375671202349,,,",805,810,805,20241030RUN01,,,,,,,05/11/2024,2.789826190865167,1.948430169458608,2.606695810503884,2.210408912033172,2.789826190865167,0.1831303803612831,"LINESTRING(100.74258589047403 6.953728799551216,100.74244419285169 6.953841305952958)",2.698261000684526,2.552011374720327,9210,0,805,160
162,"162,5/11/2024,LINESTRING(100.74251482960803 6.953784779888587,,,",810,815,810,20241030RUN01,,,,,,,05/11/2024,2.789826190865167,1.948430169458608,2.606695810503884,2.210408912033172,2.789826190865167,0.1831303803612831,"LINESTRING(100.74258589047403 6.953728799551216,100.74244419285169 6.953841305952958)",2.698261000684526,2.651309148236431,9210,0,810,161
163,"163,5/11/2024,LINESTRING(100.74247947969414 6.953813000473708,,,",815,820,815,20241030RUN01,,,,,,,05/11/2024,2.789826190865167,1.948430169458608,2.606695810503884,2.210408912033172,2.789826190865167,0.1831303803612831,"LINESTRING(100.74258589047403 6.953728799551216,100.74244419285169 6.953841305952958)",2.698261000684526,2.9668031702220636,9210,0,815,162
164,"164,5/11/2024,LINESTRING(100.74244419517743 6.953841302686807,,,",820,825,820,20241030RUN01,,,,,,,05/11/2024,3.998948560617616,2.4962664607731497,2.533341503252553,2.249355831854816,3.998948560617616,1.4656070573650628,"LINESTRING(100.74244419285169 6.953841305952958,100.74230339284566 6.953954934449562)",3.2661450319350847,3.219393652849331,9210,0,820,163
165,"165,5/11/2024,LINESTRING(100.74240893383458 6.953869633736824,,,",825,830,825,20241030RUN01,,,,,,,05/11/2024,3.998948560617616,2.4962664607731497,2.533341503252553,2.249355831854816,3.998948560617616,1.4656070573650628,"LINESTRING(100.74244419285169 6.953841305952958,100.74230339284566 6.953954934449562)",3.2661450319350847,3.219873550252186,9210,0,825,164
166,"166,5/11/2024,LINESTRING(100.74237372459791 6.953898029406516,,,",830,835,830,20241030RUN01,,,,,,,05/11/2024,3.998948560617616,2.4962664607731497,2.533341503252553,2.249355831854816,3.998948560617616,1.4656070573650628,"LINESTRING(100.74244419285169 6.953841305952958,100.74230339284566 6.953954934449562)",3.2661450319350847,3.34472199837558,9210,0,830,165
167,"167,5/11/2024,LINESTRING(100.74233856822167 6.953926490414636,,,",835,840,835,20241030RUN01,,,,,,,05/11/2024,3.998948560617616,2.4962664607731497,2.533341503252553,2.249355831854816,3.998948560617616,1.4656070573650628,"LINESTRING(100.74244419285169 6.953841305952958,100.74230339284566 6.953954934449562)",3.2661450319350847,3.2356114742476687,9210,0,835,166
168,"168,5/11/2024,LINESTRING(100.74230339532564 6.95395493102916,,,",840,845,840,20241030RUN01,,,,,,,05/11/2024,3.326115915070625,3.1531313181033456,2.823543143210788,2.228284619556289,3.326115915070625,0.5025727718598376,"LINESTRING(100.74230339284566 6.953954934449562,100.74216246256641 6.954068401738869)",3.0748295291407066,3.09302462315703,9210,0,840,167
169,"169,5/11/2024,LINESTRING(100.74226818311925 6.953983323058087,,,",845,850,845,20241030RUN01,,,,,,,05/11/2024,3.326115915070625,3.1531313181033456,2.823543143210788,2.228284619556289,3.326115915070625,0.5025727718598376,"LINESTRING(100.74230339284566 6.953954934449562,100.74216246256641 6.954068401738869)",3.0748295291407066,2.874422403411666,9210,0,846,168
170,"170,5/11/2024,LINESTRING(100.7422329724424 6.954011716986156,,,",850,855,850,20241030RUN01,,,,,,,05/11/2024,3.326115915070625,3.1531313181033456,2.823543143210788,2.228284619556289,3.326115915070625,0.5025727718598376,"LINESTRING(100.74230339284566 6.953954934449562,100.74216246256641 6.954068401738869)",3.0748295291407066,3.024138151055581,9210,0,851,169
171,"171,5/11/2024,LINESTRING(100.74219774966932 6.95404009592543,,,",855,860,855,20241030RUN01,,,,,,,05/11/2024,3.326115915070625,3.1531313181033456,2.823543143210788,2.228284619556289,3.326115915070625,0.5025727718598376,"LINESTRING(100.74230339284566 6.953954934449562,100.74216246256641 6.954068401738869)",3.0748295291407066,3.2474210729579647,9210,0,856,170
172,"172,5/11/2024,LINESTRING(100.74216246518968 6.954068398179485,,,",860,865,860,20241030RUN01,,,,,,,05/11/2024,3.279966507522192,2.605532951149446,2.2470634322330927,1.5979872737736505,3.279966507522192,1.0329030752890995,"LINESTRING(100.74216246256641 6.954068401738869,100.74202049387691 6.9541805678442685)",2.7635149698776424,2.9601362016511326,9210,0,861,171
173,"173,5/11/2024,LINESTRING(100.74212709502174 6.954096593437473,,,",865,870,865,20241030RUN01,,,,,,,05/11/2024,3.279966507522192,2.605532951149446,2.2470634322330927,1.5979872737736505,3.279966507522192,1.0329030752890995,"LINESTRING(100.74216246256641 6.954068401738869,100.74202049387691 6.9541805678442685)",2.7635149698776424,2.6882083869083817,9210,0,866,172
174,"174,5/11/2024,LINESTRING(100.74209161962779 6.954124656435697,,,",870,875,870,20241030RUN01,,,,,,,05/11/2024,3.279966507522192,2.605532951149446,2.2470634322330927,1.5979872737736505,3.279966507522192,1.0329030752890995,"LINESTRING(100.74216246256641 6.954068401738869,100.74202049387691 6.9541805678442685)",2.7635149698776424,2.7667181393211098,9210,0,871,173
175,"175,5/11/2024,LINESTRING(100.74205606978556 6.95415262528782,,,",875,880,875,20241030RUN01,,,,,,,05/11/2024,3.279966507522192,2.605532951149446,2.2470634322330927,1.5979872737736505,3.279966507522192,1.0329030752890995,"LINESTRING(100.74216246256641 6.954068401738869,100.74202049387691 6.9541805678442685)",2.7635149698776424,2.582526114234821,9210,0,876,174
176,"176,5/11/2024,LINESTRING(100.74202049647664 6.9541805643483325,,,",880,885,880,20241030RUN01,,,,,,,05/11/2024,3.2888612042931173,2.723734462577499,2.73949752165327,2.1329439732774085,3.2888612042931173,0.5493636826398474,"LINESTRING(100.74202049387691 6.9541805678442685,100.741878165593 6.954292278860278)",3.0141793629731937,3.1323023205001643,9210,0,881,175
177,"177,5/11/2024,LINESTRING(100.74198489306039 6.954208465059003,,,",885,890,885,20241030RUN01,,,,,,,05/11/2024,3.2888612042931173,2.723734462577499,2.73949752165327,2.1329439732774085,3.2888612042931173,0.5493636826398474,"LINESTRING(100.74202049387691 6.9541805678442685,100.741878165593 6.954292278860278)",3.0141793629731937,2.871770017334586,9210,0,886,176
178,"178,5/11/2024,LINESTRING(100.74194925997908 6.95423632788551,,,",890,895,890,20241030RUN01,,,,,,,05/11/2024,3.2888612042931173,2.723734462577499,2.73949752165327,2.1329439732774085,3.2888612042931173,0.5493636826398474,"LINESTRING(100.74202049387691 6.9541805678442685,100.741878165593 6.954292278860278)",3.0141793629731937,2.9838919595642617,9210,0,891,177
179,"179,5/11/2024,LINESTRING(100.7419136648828 6.954264239133798,,,",895,900,895,20241030RUN01,,,,,,,05/11/2024,3.2888612042931173,2.723734462577499,2.73949752165327,2.1329439732774085,3.2888612042931173,0.5493636826398474,"LINESTRING(100.74202049387691 6.9541805678442685,100.741878165593 6.954292278860278)",3.0141793629731937,2.982826823362397,9210,0,896,178
180,"180,5/11/2024,LINESTRING(100.74187816827026 6.954292275306171,,,",900,905,900,20241030RUN01,,,,,,,05/11/2024,2.988840786300992,2.5486500913796424,3.139327260973652,1.698027684731565,3.139327260973652,0.1504864746726606,"LINESTRING(100.741878165593 6.954292278860278,100.7417365058329 6.954404835800781)",3.0640840236373217,2.836467826011316,9210,0,901,179
181,"181,5/11/2024,LINESTRING(100.74184274389613 6.954320402626642,,,",905,910,905,20241030RUN01,,,,,,,05/11/2024,2.988840786300992,2.5486500913796424,3.139327260973652,1.698027684731565,3.139327260973652,0.1504864746726606,"LINESTRING(100.741878165593 6.954292278860278,100.7417365058329 6.954404835800781)",3.0640840236373217,2.996030122439851,9210,0,906,180
182,"182,5/11/2024,LINESTRING(100.74180733914146 6.954348554578539,,,",910,915,910,20241030RUN01,,,,,,,05/11/2024,2.988840786300992,2.5486500913796424,3.139327260973652,1.698027684731565,3.139327260973652,0.1504864746726606,"LINESTRING(100.741878165593 6.954292278860278,100.7417365058329 6.954404835800781)",3.0640840236373217,3.1495726261781027,9210,0,911,181
183,"183,5/11/2024,LINESTRING(100.74177192376968 6.954376693178408,,,",915,920,915,20241030RUN01,,,,,,,05/11/2024,2.988840786300992,2.5486500913796424,3.139327260973652,1.698027684731565,3.139327260973652,0.1504864746726606,"LINESTRING(100.741878165593 6.954292278860278,100.7417365058329 6.954404835800781)",3.0640840236373217,3.275068027729457,9210,0,916,182
184,"184,5/11/2024,LINESTRING(100.74173650865973 6.954404832102942,,,",920,925,920,20241030RUN01,,,,,,,05/11/2024,2.9828636069389964,2.573412542265152,4.119934454991904,2.5096535071500075,4.119934454991904,1.137070848052907,"LINESTRING(100.7417365058329 6.954404835800781,100.74159528466511 6.954517941495387)",3.5513990309654506,3.5059855750021156,9210,0,921,183
185,"185,5/11/2024,LINESTRING(100.7417011475879 6.9544330387847575,,,",925,930,925,20241030RUN01,,,,,,,05/11/2024,2.9828636069389964,2.573412542265152,4.119934454991904,2.5096535071500075,4.119934454991904,1.137070848052907,"LINESTRING(100.7417365058329 6.954404835800781,100.74159528466511 6.954517941495387)",3.5513990309654506,3.565174266081305,9210,0,926,184
186,"186,5/11/2024,LINESTRING(100.74166583997179 6.954461312286691,,,",930,935,930,20241030RUN01,,,,,,,05/11/2024,2.9828636069389964,2.573412542265152,4.119934454991904,2.5096535071500075,4.119934454991904,1.137070848052907,"LINESTRING(100.7417365058329 6.954404835800781,100.74159528466511 6.954517941495387)",3.5513990309654506,3.7730419017808066,9210,0,931,185
187,"187,5/11/2024,LINESTRING(100.74163055518585 6.954489614254387,,,",935,940,935,20241030RUN01,,,,,,,05/11/2024,2.9828636069389964,2.573412542265152,4.119934454991904,2.5096535071500075,4.119934454991904,1.137070848052907,"LINESTRING(100.7417365058329 6.954404835800781,100.74159528466511 6.954517941495387)",3.5513990309654506,3.3139990349374364,9210,0,936,186
188,"188,5/11/2024,LINESTRING(100.74159528763556 6.954517937661801,,,",940,945,940,20241030RUN01,,,,,,,05/11/2024,5.035404572901966,3.646290608753486,3.1035694973381145,2.552235316638957,5.035404572901966,1.9318350755638511,"LINESTRING(100.74159528466511 6.954517941495387,100.7414538374004 6.954630763596644)",4.06948703512004,3.9584262356141235,9210,0,941,187
189,"189,5/11/2024,LINESTRING(100.74156002348344 6.954546265336056,,,",945,950,945,20241030RUN01,,,,,,,05/11/2024,5.035404572901966,3.646290608753486,3.1035694973381145,2.552235316638957,5.035404572901966,1.9318350755638511,"LINESTRING(100.74159528466511 6.954517941495387,100.7414538374004 6.954630763596644)",4.06948703512004,4.351791296315898,9210,0,946,188
190,"190,5/11/2024,LINESTRING(100.74152472108122 6.954574545379785,,,",950,955,950,20241030RUN01,,,,,,,05/11/2024,5.035404572901966,3.646290608753486,3.1035694973381145,2.552235316638957,5.035404572901966,1.9318350755638511,"LINESTRING(100.74159528466511 6.954517941495387,100.7414538374004 6.954630763596644)",4.06948703512004,3.719800966851995,9210,0,951,189
191,"191,5/11/2024,LINESTRING(100.74148932507461 6.954602708299376,,,",955,960,955,20241030RUN01,,,,,,,05/11/2024,5.035404572901966,3.646290608753486,3.1035694973381145,2.552235316638957,5.035404572901966,1.9318350755638511,"LINESTRING(100.74159528466511 6.954517941495387,100.7414538374004 6.954630763596644)",4.06948703512004,4.397210447403236,9210,0,956,190
192,"192,5/11/2024,LINESTRING(100.74145384047826 6.954630759669954,,,",960,965,960,20241030RUN01,,,,,,,05/11/2024,4.527747357861175,2.91757496029616,2.5410063294092904,2.16573552397272,4.527747357861175,1.9867410284518847,"LINESTRING(100.7414538374004 6.954630763596644,100.74131174839572 6.954742779073001)",3.5343768436352327,3.5662486896144,9210,0,961,191
193,"193,5/11/2024,LINESTRING(100.74141832081817 6.954658766706723,,,",965,970,965,20241030RUN01,,,,,,,05/11/2024,4.527747357861175,2.91757496029616,2.5410063294092904,2.16573552397272,4.527747357861175,1.9867410284518847,"LINESTRING(100.7414538374004 6.954630763596644,100.74131174839572 6.954742779073001)",3.5343768436352327,3.290211645984366,9210,0,966,192
194,"194,5/11/2024,LINESTRING(100.74138280448071 6.9546867780047945,,,",970,975,970,20241030RUN01,,,,,,,05/11/2024,4.527747357861175,2.91757496029616,2.5410063294092904,2.16573552397272,4.527747357861175,1.9867410284518847,"LINESTRING(100.7414538374004 6.954630763596644,100.74131174839572 6.954742779073001)",3.5343768436352327,3.690328853127558,9210,0,971,193
195,"195,5/11/2024,LINESTRING(100.7413472912077 6.9547147932331805,,,",975,980,975,20241030RUN01,,,,,,,05/11/2024,4.527747357861175,2.91757496029616,2.5410063294092904,2.16573552397272,4.527747357861175,1.9867410284518847,"LINESTRING(100.7414538374004 6.954630763596644,100.74131174839572 6.954742779073001)",3.5343768436352327,3.3377782605425885,9210,0,976,194
196,"196,5/11/2024,LINESTRING(100.74131175157373 6.954742775062909,,,",980,985,980,20241030RUN01,,,,,,,05/11/2024,4.566392094943314,3.5921868347186607,3.318168049655043,2.794343382045251,4.566392094943314,1.248224045288271,"LINESTRING(100.74131174839572 6.954742779073001,100.74116984137045 6.954855023705188)",3.9422800722991784,3.998667065761192,9210,0,981,195
197,"197,5/11/2024,LINESTRING(100.74127619924269 6.954770740757779,,,",985,990,985,20241030RUN01,,,,,,,05/11/2024,4.566392094943314,3.5921868347186607,3.318168049655043,2.794343382045251,4.566392094943314,1.248224045288271,"LINESTRING(100.74131174839572 6.954742779073001,100.74116984137045 6.954855023705188)",3.9422800722991784,3.5763128219161473,9210,0,986,196
198,"198,5/11/2024,LINESTRING(100.74124068291665 6.954798752133536,,,",990,995,990,20241030RUN01,,,,,,,05/11/2024,4.566392094943314,3.5921868347186607,3.318168049655043,2.794343382045251,4.566392094943314,1.248224045288271,"LINESTRING(100.74131174839572 6.954742779073001,100.74116984137045 6.954855023705188)",3.9422800722991784,4.087188918776452,9210,0,991,197
199,"199,5/11/2024,LINESTRING(100.74120522955356 6.954826843046298,,,",995,1000,995,20241030RUN01,,,,,,,05/11/2024,4.566392094943314,3.5921868347186607,3.318168049655043,2.794343382045251,4.566392094943314,1.248224045288271,"LINESTRING(100.74131174839572 6.954742779073001,100.74116984137045 6.954855023705188)",3.9422800722991784,3.9568867097402807,9210,0,996,198
200,"200,5/11/2024,LINESTRING(100.7411698444702 6.9548550198131975,,,",1000,1005,1000,20241030RUN01,,,,,,,05/11/2024,3.515528060140866,3.064590900739776,2.8288325381205817,2.0691119575731136,3.515528060140866,0.6866955220202842,"LINESTRING(100.74116984137045 6.954855023705188,100.7410285967984 6.95496810029192)",3.1721802991307237,3.265528241275179,9210,0,1002,199
201,"201,5/11/2024,LINESTRING(100.74113450695884 6.954883256128608,,,",1005,1010,1005,20241030RUN01,,,,,,,05/11/2024,3.515528060140866,3.064590900739776,2.8288325381205817,2.0691119575731136,3.515528060140866,0.6866955220202842,"LINESTRING(100.74116984137045 6.954855023705188,100.7410285967984 6.95496810029192)",3.1721802991307237,3.196909951970215,9210,0,1007,200
202,"202,5/11/2024,LINESTRING(100.74109918855905 6.954911516281983,,,",1010,1015,1010,20241030RUN01,,,,,,,05/11/2024,3.515528060140866,3.064590900739776,2.8288325381205817,2.0691119575731136,3.515528060140866,0.6866955220202842,"LINESTRING(100.74116984137045 6.954855023705188,100.7410285967984 6.95496810029192)",3.1721802991307237,3.2948468288577186,9210,0,1012,201
203,"203,5/11/2024,LINESTRING(100.74106388718052 6.954939797674176,,,",1015,1020,1015,20241030RUN01,,,,,,,05/11/2024,3.515528060140866,3.064590900739776,2.8288325381205817,2.0691119575731136,3.515528060140866,0.6866955220202842,"LINESTRING(100.74116984137045 6.954855023705188,100.7410285967984 6.95496810029192)",3.1721802991307237,3.227594560390941,9210,0,1017,202
204,"204,5/11/2024,LINESTRING(100.74102859982557 6.95496809650834,,,",1020,1025,1020,20241030RUN01,,,,,,,05/11/2024,4.437364406614043,2.6830794313963438,3.588880238445099,3.046369988832939,4.437364406614043,0.8484841681689446,"LINESTRING(100.7410285967984 6.95496810029192,100.74088723457162 6.955081029861739)",4.013122322529571,3.718689812071382,9210,0,1022,203
205,"205,5/11/2024,LINESTRING(100.74099331313155 6.954996396180767,,,",1025,1030,1025,20241030RUN01,,,,,,,05/11/2024,4.437364406614043,2.6830794313963438,3.588880238445099,3.046369988832939,4.437364406614043,0.8484841681689446,"LINESTRING(100.7410285967984 6.95496810029192,100.74088723457162 6.955081029861739)",4.013122322529571,4.051008762861166,9210,0,1027,204
206,"206,5/11/2024,LINESTRING(100.74095799035746 6.9550246508801665,,,",1030,1035,1030,20241030RUN01,,,,,,,05/11/2024,4.437364406614043,2.6830794313963438,3.588880238445099,3.046369988832939,4.437364406614043,0.8484841681689446,"LINESTRING(100.7410285967984 6.95496810029192,100.74088723457162 6.955081029861739)",4.013122322529571,4.074330346516293,9210,0,1032,205
207,"207,5/11/2024,LINESTRING(100.74092261944337 6.955052845406789,,,",1035,1040,1035,20241030RUN01,,,,,,,05/11/2024,4.437364406614043,2.6830794313963438,3.588880238445099,3.046369988832939,4.437364406614043,0.8484841681689446,"LINESTRING(100.7410285967984 6.95496810029192,100.74088723457162 6.955081029861739)",4.013122322529571,4.1433399987361685,9210,0,1037,206
208,"208,5/11/2024,LINESTRING(100.74088723754035 6.955081026167742,,,",1040,1045,1040,20241030RUN01,,,,,,,05/11/2024,3.229340089230425,2.902797841312218,4.129617503516499,2.8114294862899585,4.129617503516499,0.9002774142860743,"LINESTRING(100.74088723457162 6.955081029861739,100.74074528470517 6.955193220499495)",3.679478796373462,3.7690293721461816,9210,0,1042,207
209,"209,5/11/2024,LINESTRING(100.7408518317379 6.9551091769245605,,,",1045,1050,1045,20241030RUN01,,,,,,,05/11/2024,3.229340089230425,2.902797841312218,4.129617503516499,2.8114294862899585,4.129617503516499,0.9002774142860743,"LINESTRING(100.74088723457162 6.955081029861739,100.74074528470517 6.955193220499495)",3.679478796373462,3.8582594801844565,9210,0,1047,208
210,"210,5/11/2024,LINESTRING(100.74081637448289 6.95513726293305,,,",1050,1055,1050,20241030RUN01,,,,,,,05/11/2024,3.229340089230425,2.902797841312218,4.129617503516499,2.8114294862899585,4.129617503516499,0.9002774142860743,"LINESTRING(100.74088723457162 6.955081029861739,100.74074528470517 6.955193220499495)",3.679478796373462,3.678555141876041,9210,0,1052,209
211,"211,5/11/2024,LINESTRING(100.74078087240281 6.955165292357022,,,",1055,1060,1055,20241030RUN01,,,,,,,05/11/2024,3.229340089230425,2.902797841312218,4.129617503516499,2.8114294862899585,4.129617503516499,0.9002774142860743,"LINESTRING(100.74088723457162 6.955081029861739,100.74074528470517 6.955193220499495)",3.679478796373462,3.4825501215117276,9210,0,1057,210
212,"212,5/11/2024,LINESTRING(100.74074528764872 6.955193216857262,,,",1060,1065,1060,20241030RUN01,,,,,,,05/11/2024,3.186187024449381,2.276057502480981,2.975835086917705,2.932740580070253,3.186187024449381,0.2103519375316755,"LINESTRING(100.74074528470517 6.955193220499495,100.74060308515297 6.95530509370688)",3.0810110556835433,3.3258810417218476,9210,0,1062,211
213,"213,5/11/2024,LINESTRING(100.7407096190062 6.955221034307094,,,",1065,1070,1065,20241030RUN01,,,,,,,05/11/2024,3.186187024449381,2.276057502480981,2.975835086917705,2.932740580070253,3.186187024449381,0.2103519375316755,"LINESTRING(100.74074528470517 6.955193220499495,100.74060308515297 6.95530509370688)",3.0810110556835433,2.8345126704094747,9210,0,1067,212
214,"214,5/11/2024,LINESTRING(100.74067398716842 6.955248898776774,,,",1070,1075,1070,20241030RUN01,,,,,,,05/11/2024,3.186187024449381,2.276057502480981,2.975835086917705,2.932740580070253,3.186187024449381,0.2103519375316755,"LINESTRING(100.74074528470517 6.955193220499495,100.74060308515297 6.95530509370688)",3.0810110556835433,3.2843995557428003,9210,0,1072,213
215,"215,5/11/2024,LINESTRING(100.74063848876146 6.955276932781556,,,",1075,1080,1075,20241030RUN01,,,,,,,05/11/2024,3.186187024449381,2.276057502480981,2.975835086917705,2.932740580070253,3.186187024449381,0.2103519375316755,"LINESTRING(100.74074528470517 6.955193220499495,100.74060308515297 6.95530509370688)",3.0810110556835433,3.154627011782124,9210,0,1077,214
216,"216,5/11/2024,LINESTRING(100.74060308813908 6.955305090041046,,,",1080,1085,1080,20241030RUN01,,,,,,,05/11/2024,3.244206746621592,2.2385532349154635,2.5796053737431883,2.1164927408028245,3.244206746621592,0.664601372878403,"LINESTRING(100.74060308515297 6.95530509370688,100.74046126835854 6.955417452842084)",2.91190606018239,2.740298788951104,9210,0,1082,215
217,"217,5/11/2024,LINESTRING(100.74056770128047 6.955333264613673,,,",1085,1090,1085,20241030RUN01,,,,,,,05/11/2024,3.244206746621592,2.2385532349154635,2.5796053737431883,2.1164927408028245,3.244206746621592,0.664601372878403,"LINESTRING(100.74060308515297 6.95530509370688,100.74046126835854 6.955417452842084)",2.91190606018239,3.130241911587136,9210,0,1087,216
218,"218,5/11/2024,LINESTRING(100.74053226129624 6.955361372397691,,,",1090,1095,1090,20241030RUN01,,,,,,,05/11/2024,3.244206746621592,2.2385532349154635,2.5796053737431883,2.1164927408028245,3.244206746621592,0.664601372878403,"LINESTRING(100.74060308515297 6.95530509370688,100.74046126835854 6.955417452842084)",2.91190606018239,2.8846045483111435,9210,0,1092,217
219,"219,5/11/2024,LINESTRING(100.74049675965225 6.955389402385831,,,",1095,1100,1095,20241030RUN01,,,,,,,05/11/2024,3.244206746621592,2.2385532349154635,2.5796053737431883,2.1164927408028245,3.244206746621592,0.664601372878403,"LINESTRING(100.74060308515297 6.95530509370688,100.74046126835854 6.955417452842084)",2.91190606018239,2.621398574272475,9210,0,1097,218
220,"220,5/11/2024,LINESTRING(100.74046127134127 6.955417449201329,,,",1100,1105,1100,20241030RUN01,,,,,,,05/11/2024,3.341384134492873,2.346055881312735,2.00768922171741,1.5762303271222151,3.341384134492873,1.3336949127754631,"LINESTRING(100.74046126835854 6.955417452842084,100.74031941473268 6.955529766161073)",2.6745366781051416,2.7511296129593115,9210,0,1102,219
221,"221,5/11/2024,LINESTRING(100.74042581270005 6.9554455334737,,,",1105,1110,1105,20241030RUN01,,,,,,,05/11/2024,3.341384134492873,2.346055881312735,2.00768922171741,1.5762303271222151,3.341384134492873,1.3336949127754631,"LINESTRING(100.74046126835854 6.955417452842084,100.74031941473268 6.955529766161073)",2.6745366781051416,2.8473990222566177,9210,0,1107,220
222,"222,5/11/2024,LINESTRING(100.74039034012924 6.955473600163612,,,",1110,1115,1110,20241030RUN01,,,,,,,05/11/2024,3.341384134492873,2.346055881312735,2.00768922171741,1.5762303271222151,3.341384134492873,1.3336949127754631,"LINESTRING(100.74046126835854 6.955417452842084,100.74031941473268 6.955529766161073)",2.6745366781051416,2.7724101548182536,9210,0,1112,221
223,"223,5/11/2024,LINESTRING(100.74035486466882 6.955501663186329,,,",1115,1120,1115,20241030RUN01,,,,,,,05/11/2024,3.341384134492873,2.346055881312735,2.00768922171741,1.5762303271222151,3.341384134492873,1.3336949127754631,"LINESTRING(100.74046126835854 6.955417452842084,100.74031941473268 6.955529766161073)",2.6745366781051416,2.537647191299462,9210,0,1117,222
224,"224,5/11/2024,LINESTRING(100.74031941788608 6.955529762356053,,,",1120,1125,1120,20241030RUN01,,,,,,,05/11/2024,2.7120598359990784,2.112915715861792,2.95912737101286,2.199077299080819,2.95912737101286,0.2470675350137816,"LINESTRING(100.74031941473268 6.955529766161073,100.74017757924275 6.955642102170873)",2.835593603505969,2.6803474836273704,9210,0,1122,223
225,"225,5/11/2024,LINESTRING(100.74028400455404 6.955557903631073,,,",1125,1130,1125,20241030RUN01,,,,,,,05/11/2024,2.7120598359990784,2.112915715861792,2.95912737101286,2.199077299080819,2.95912737101286,0.2470675350137816,"LINESTRING(100.74031941473268 6.955529766161073,100.74017757924275 6.955642102170873)",2.835593603505969,3.034767261699899,9210,0,1127,224
226,"226,5/11/2024,LINESTRING(100.74024856784638 6.9555860155112414,,,",1130,1135,1130,20241030RUN01,,,,,,,05/11/2024,2.7120598359990784,2.112915715861792,2.95912737101286,2.199077299080819,2.95912737101286,0.2470675350137816,"LINESTRING(100.74031941473268 6.955529766161073,100.74017757924275 6.955642102170873)",2.835593603505969,2.7253751390036,9210,0,1132,225
227,"227,5/11/2024,LINESTRING(100.74021307897841 6.95561406161502,,,",1135,1140,1135,20241030RUN01,,,,,,,05/11/2024,2.7120598359990784,2.112915715861792,2.95912737101286,2.199077299080819,2.95912737101286,0.2470675350137816,"LINESTRING(100.74031941473268 6.955529766161073,100.74017757924275 6.955642102170873)",2.835593603505969,2.982216074236117,9210,0,1137,226
228,"228,5/11/2024,LINESTRING(100.74017758256527 6.955642098204695,,,",1140,1145,1140,20241030RUN01,,,,,,,05/11/2024,3.105334401144485,1.799801635422982,2.5519952278907905,2.236337458181601,3.105334401144485,0.5533391732536947,"LINESTRING(100.74017757924275 6.955642102170873,100.74003587889335 6.955754608535347)",2.8286648145176376,2.7863490657895076,9210,0,1142,227
229,"229,5/11/2024,LINESTRING(100.74014212745182 6.955670186902661,,,",1145,1150,1145,20241030RUN01,,,,,,,05/11/2024,3.105334401144485,1.799801635422982,2.5519952278907905,2.236337458181601,3.105334401144485,0.5533391732536947,"LINESTRING(100.74017757924275 6.955642102170873,100.74003587889335 6.955754608535347)",2.8286648145176376,2.9407601812125597,9210,0,1147,228
230,"230,5/11/2024,LINESTRING(100.74010671249877 6.955698326168214,,,",1150,1155,1150,20241030RUN01,,,,,,,05/11/2024,3.105334401144485,1.799801635422982,2.5519952278907905,2.236337458181601,3.105334401144485,0.5533391732536947,"LINESTRING(100.74017757924275 6.955642102170873,100.74003587889335 6.955754608535347)",2.8286648145176376,2.973646446776809,9210,0,1153,229
231,"231,5/11/2024,LINESTRING(100.74007129822549 6.955726466290297,,,",1155,1160,1155,20241030RUN01,,,,,,,05/11/2024,3.105334401144485,1.799801635422982,2.5519952278907905,2.236337458181601,3.105334401144485,0.5533391732536947,"LINESTRING(100.74017757924275 6.955642102170873,100.74003587889335 6.955754608535347)",2.8286648145176376,2.63383011176876,9210,0,1158,230
232,"232,5/11/2024,LINESTRING(100.74003588235838 6.955754604437109,,,",1160,1165,1160,20241030RUN01,,,,,,,05/11/2024,4.794430226016292,3.134777994231123,3.3951087532432656,2.2982857535785937,4.794430226016292,1.3993214727730263,"LINESTRING(100.74003587889335 6.955754608535347,100.73989432253639 6.9558672957392345)",4.094769489629779,3.835025004009064,9210,0,1163,231
233,"233,5/11/2024,LINESTRING(100.7400004883065 6.95578276997898,,,",1165,1170,1165,20241030RUN01,,,,,,,05/11/2024,4.794430226016292,3.134777994231123,3.3951087532432656,2.2982857535785937,4.794430226016292,1.3993214727730263,"LINESTRING(100.74003587889335 6.955754608535347,100.73989432253639 6.9558672957392345)",4.094769489629779,3.8527535157411443,9210,0,1168,232
234,"234,5/11/2024,LINESTRING(100.73996510679356 6.9558109512512685,,,",1170,1175,1170,20241030RUN01,,,,,,,05/11/2024,4.794430226016292,3.134777994231123,3.3951087532432656,2.2982857535785937,4.794430226016292,1.3993214727730263,"LINESTRING(100.74003587889335 6.955754608535347,100.73989432253639 6.9558672957392345)",4.094769489629779,4.278464461888792,9210,0,1173,233
235,"235,5/11/2024,LINESTRING(100.73992971110752 6.9558391147592955,,,",1175,1180,1175,20241030RUN01,,,,,,,05/11/2024,4.794430226016292,3.134777994231123,3.3951087532432656,2.2982857535785937,4.794430226016292,1.3993214727730263,"LINESTRING(100.74003587889335 6.955754608535347,100.73989432253639 6.9558672957392345)",4.094769489629779,4.384020230691203,9210,0,1178,234
236,"236,5/11/2024,LINESTRING(100.73989432606344 6.955867291595177,,,",1180,1185,1180,20241030RUN01,,,,,,,05/11/2024,3.98971733177892,3.237385744977073,3.057230410441127,2.202011677524217,3.98971733177892,0.9324869213377928,"LINESTRING(100.73989432253639 6.9558672957392345,100.73975347045334 6.955980860159824)",3.5234738711100233,3.6165128923023264,9210,0,1183,235
237,"237,5/11/2024,LINESTRING(100.73985903797815 6.955895589525063,,,",1185,1190,1185,20241030RUN01,,,,,,,05/11/2024,3.98971733177892,3.237385744977073,3.057230410441127,2.202011677524217,3.98971733177892,0.9324869213377928,"LINESTRING(100.73989432253639 6.9558672957392345,100.73975347045334 6.955980860159824)",3.5234738711100233,3.4014947755526466,9210,0,1188,236
238,"238,5/11/2024,LINESTRING(100.73982385406062 6.955924016760314,,,",1190,1195,1190,20241030RUN01,,,,,,,05/11/2024,3.98971733177892,3.237385744977073,3.057230410441127,2.202011677524217,3.98971733177892,0.9324869213377928,"LINESTRING(100.73989432253639 6.9558672957392345,100.73975347045334 6.955980860159824)",3.5234738711100233,3.701100337821796,9210,0,1193,237
239,"239,5/11/2024,LINESTRING(100.73978867303519 6.955952447607262,,,",1195,1200,1195,20241030RUN01,,,,,,,05/11/2024,3.98971733177892,3.237385744977073,3.057230410441127,2.202011677524217,3.98971733177892,0.9324869213377928,"LINESTRING(100.73989432253639 6.9558672957392345,100.73975347045334 6.955980860159824)",3.5234738711100233,3.6456597259437165,9210,0,1198,238
240,"240,5/11/2024,LINESTRING(100.73975347391595 6.955980856102753,,,",1200,1205,1200,20241030RUN01,,,,,,,05/11/2024,3.794040259449859,2.950903470350536,2.975422957484189,2.655652045131609,3.794040259449859,0.81861730196567,"LINESTRING(100.73975347045334 6.955980860159824,100.73961309430604 6.956095011664275)",3.384731608467024,3.3254540265072485,9210,0,1203,239
241,"241,5/11/2024,LINESTRING(100.73971831474374 6.956009313917335,,,",1205,1210,1205,20241030RUN01,,,,,,,05/11/2024,3.794040259449859,2.950903470350536,2.975422957484189,2.655652045131609,3.794040259449859,0.81861730196567,"LINESTRING(100.73975347045334 6.955980860159824,100.73961309430604 6.956095011664275)",3.384731608467024,3.3829419880556193,9210,0,1208,240
242,"242,5/11/2024,LINESTRING(100.73968321756843 6.9560378480218645,,,",1210,1215,1210,20241030RUN01,,,,,,,05/11/2024,3.794040259449859,2.950903470350536,2.975422957484189,2.655652045131609,3.794040259449859,0.81861730196567,"LINESTRING(100.73975347045334 6.955980860159824,100.73961309430604 6.956095011664275)",3.384731608467024,3.4463330588217054,9210,0,1213,241
243,"243,5/11/2024,LINESTRING(100.73964815830156 6.956066428631944,,,",1215,1220,1215,20241030RUN01,,,,,,,05/11/2024,3.794040259449859,2.950903470350536,2.975422957484189,2.655652045131609,3.794040259449859,0.81861730196567,"LINESTRING(100.73975347045334 6.955980860159824,100.73961309430604 6.956095011664275)",3.384731608467024,3.109281756536099,9210,0,1218,242
244,"244,5/11/2024,LINESTRING(100.73961309775441 6.9560950076393615,,,",1220,1225,1220,20241030RUN01,,,,,,,05/11/2024,3.957546468295893,2.65719364844006,4.710957644955791,2.965541220949817,4.710957644955791,0.7534111766598972,"LINESTRING(100.73961309430604 6.956095011664275,100.73947381867686 6.956210495938458)",4.334252056625842,4.371050857020951,9210,0,1223,243
245,"245,5/11/2024,LINESTRING(100.73957804808134 6.95612359992181,,,",1225,1230,1225,20241030RUN01,,,,,,,05/11/2024,3.957546468295893,2.65719364844006,4.710957644955791,2.965541220949817,4.710957644955791,0.7534111766598972,"LINESTRING(100.73961309430604 6.956095011664275,100.73947381867686 6.956210495938458)",4.334252056625842,4.570099482051322,9210,0,1228,244
246,"246,5/11/2024,LINESTRING(100.73954312662401 6.956152348331776,,,",1230,1235,1230,20241030RUN01,,,,,,,05/11/2024,3.957546468295893,2.65719364844006,4.710957644955791,2.965541220949817,4.710957644955791,0.7534111766598972,"LINESTRING(100.73961309430604 6.956095011664275,100.73947381867686 6.956210495938458)",4.334252056625842,4.275255179764807,9210,0,1233,245
247,"247,5/11/2024,LINESTRING(100.73950839766314 6.956181328652396,,,",1235,1240,1235,20241030RUN01,,,,,,,05/11/2024,3.957546468295893,2.65719364844006,4.710957644955791,2.965541220949817,4.710957644955791,0.7534111766598972,"LINESTRING(100.73961309430604 6.956095011664275,100.73947381867686 6.956210495938458)",4.334252056625842,4.027950177591895,9210,0,1238,246
248,"248,5/11/2024,LINESTRING(100.7394738222584 6.956210491788934,,,",1240,1245,1240,20241030RUN01,,,,,,,05/11/2024,3.2870256098464923,2.296282853286166,2.9126758867817006,2.0814897548026066,3.2870256098464923,0.3743497230647916,"LINESTRING(100.73947381867686 6.956210495938458,100.73933725282366 6.9563291657719635)",3.0998507483140965,3.231099879063128,9210,0,1243,247
249,"249,5/11/2024,LINESTRING(100.73943939433522 6.956239828553973,,,",1245,1250,1245,20241030RUN01,,,,,,,05/11/2024,3.2870256098464923,2.296282853286166,2.9126758867817006,2.0814897548026066,3.2870256098464923,0.3743497230647916,"LINESTRING(100.73947381867686 6.956210495938458,100.73933725282366 6.9563291657719635)",3.0998507483140965,2.876047345136472,9210,0,1248,248
250,"250,5/11/2024,LINESTRING(100.73940515116612 6.956269380365483,,,",1250,1255,1250,20241030RUN01,,,,,,,05/11/2024,3.2870256098464923,2.296282853286166,2.9126758867817006,2.0814897548026066,3.2870256098464923,0.3743497230647916,"LINESTRING(100.73947381867686 6.956210495938458,100.73933725282366 6.9563291657719635)",3.0998507483140965,3.2393497144746735,9210,0,1253,249
251,"251,5/11/2024,LINESTRING(100.73937111527351 6.956299170309211,,,",1255,1260,1255,20241030RUN01,,,,,,,05/11/2024,3.2870256098464923,2.296282853286166,2.9126758867817006,2.0814897548026066,3.2870256098464923,0.3743497230647916,"LINESTRING(100.73947381867686 6.956210495938458,100.73933725282366 6.9563291657719635)",3.0998507483140965,3.3467888692084573,9210,0,1258,250
252,"252,5/11/2024,LINESTRING(100.73933725667982 6.956329161347716,,,",1260,1265,1260,20241030RUN01,,,,,,,05/11/2024,3.82961850151137,2.9886107701580165,3.2734496918045224,2.2785732752715617,3.82961850151137,0.5561688097068478,"LINESTRING(100.73933725282366 6.9563291657719635,100.73920250800757 6.956449903266073)",3.5515340966579463,3.393192071606155,9210,0,1263,251
253,"253,5/11/2024,LINESTRING(100.73930349757819 6.956359264260094,,,",1265,1270,1265,20241030RUN01,,,,,,,05/11/2024,3.82961850151137,2.9886107701580165,3.2734496918045224,2.2785732752715617,3.82961850151137,0.5561688097068478,"LINESTRING(100.73933725282366 6.9563291657719635,100.73920250800757 6.956449903266073)",3.5515340966579463,3.356591679778907,9210,0,1268,252
254,"254,5/11/2024,LINESTRING(100.73926979846367 6.956389434246368,,,",1270,1275,1270,20241030RUN01,,,,,,,05/11/2024,3.82961850151137,2.9886107701580165,3.2734496918045224,2.2785732752715617,3.82961850151137,0.5561688097068478,"LINESTRING(100.73933725282366 6.9563291657719635,100.73920250800757 6.956449903266073)",3.5515340966579463,3.8619207165436014,9210,0,1273,253
255,"255,5/11/2024,LINESTRING(100.73923615514506 6.95641966632571,,,",1275,1280,1275,20241030RUN01,,,,,,,05/11/2024,3.82961850151137,2.9886107701580165,3.2734496918045224,2.2785732752715617,3.82961850151137,0.5561688097068478,"LINESTRING(100.73933725282366 6.9563291657719635,100.73920250800757 6.956449903266073)",3.5515340966579463,3.8011171017285412,9210,0,1278,254
256,"256,5/11/2024,LINESTRING(100.73920251206056 6.956449898647144,,,",1280,1285,1280,20241030RUN01,,,,,,,05/11/2024,5.12934134643244,4.461379163461469,4.820471803492904,4.069224750981691,5.12934134643244,0.3088695429395365,"LINESTRING(100.73920250800757 6.956449903266073,100.7390680660412 6.95657097699242)",4.974906574962672,4.589768490543167,9210,0,1283,255
257,"257,5/11/2024,LINESTRING(100.73916884519387 6.956480104554771,,,",1285,1290,1285,20241030RUN01,,,,,,,05/11/2024,5.12934134643244,4.461379163461469,4.820471803492904,4.069224750981691,5.12934134643244,0.3088695429395365,"LINESTRING(100.73920250800757 6.956449903266073,100.7390680660412 6.95657097699242)",4.974906574962672,4.6849588291662325,9210,0,1288,256
258,"258,5/11/2024,LINESTRING(100.73913518913835 6.956510322488192,,,",1290,1295,1290,20241030RUN01,,,,,,,05/11/2024,5.12934134643244,4.461379163461469,4.820471803492904,4.069224750981691,5.12934134643244,0.3088695429395365,"LINESTRING(100.73920250800757 6.956449903266073,100.7390680660412 6.95657097699242)",4.974906574962672,5.468638981505679,9210,0,1293,257
259,"259,5/11/2024,LINESTRING(100.73910157458532 6.956540586529057,,,",1295,1300,1295,20241030RUN01,,,,,,,05/11/2024,5.12934134643244,4.461379163461469,4.820471803492904,4.069224750981691,5.12934134643244,0.3088695429395365,"LINESTRING(100.73920250800757 6.956449903266073,100.7390680660412 6.95657097699242)",4.974906574962672,5.146544341964624,9210,0,1298,258
260,"260,5/11/2024,LINESTRING(100.73906807022155 6.956570972251968,,,",1300,1305,1300,20241030RUN01,,,,,,,05/11/2024,3.1647224084661856,2.216352396311668,3.1331318265066432,3.347725415848298,3.1647224084661856,0.0315905819595423,"LINESTRING(100.7390680660412 6.95657097699242,100.73893478610914 6.956693327149448)",3.1489271174864144,3.336800278661523,9210,0,1303,259
261,"261,5/11/2024,LINESTRING(100.73903468576086 6.9566014895054975,,,",1305,1310,1305,20241030RUN01,,,,,,,05/11/2024,3.1647224084661856,2.216352396311668,3.1331318265066432,3.347725415848298,3.1647224084661856,0.0315905819595423,"LINESTRING(100.7390680660412 6.95657097699242,100.73893478610914 6.956693327149448)",3.1489271174864144,2.9614960200230964,9210,0,1309,260
262,"262,5/11/2024,LINESTRING(100.73900133803309 6.956632046840555,,,",1310,1315,1310,20241030RUN01,,,,,,,05/11/2024,3.1647224084661856,2.216352396311668,3.1331318265066432,3.347725415848298,3.1647224084661856,0.0315905819595423,"LINESTRING(100.7390680660412 6.95657097699242,100.73893478610914 6.956693327149448)",3.1489271174864144,3.167051336140345,9210,0,1314,261
263,"263,5/11/2024,LINESTRING(100.73896802507389 6.956662641986636,,,",1315,1320,1315,20241030RUN01,,,,,,,05/11/2024,3.1647224084661856,2.216352396311668,3.1331318265066432,3.347725415848298,3.1647224084661856,0.0315905819595423,"LINESTRING(100.7390680660412 6.95657097699242,100.73893478610914 6.956693327149448)",3.1489271174864144,3.2186170927785325,9210,0,1319,262
264,"264,5/11/2024,LINESTRING(100.7389347905318 6.956693322166358,,,",1320,1325,1320,20241030RUN01,,,,,,,05/11/2024,5.491208893192347,4.312000749983899,3.8265048414759937,2.378229735097009,5.491208893192347,1.6647040517163534,"LINESTRING(100.73893478610914 6.956693327149448,100.73880277058551 6.956817038153573)",4.658856867334171,4.979220560784707,9210,0,1324,263
265,"265,5/11/2024,LINESTRING(100.73890166629661 6.956724121234191,,,",1325,1330,1325,20241030RUN01,,,,,,,05/11/2024,5.491208893192347,4.312000749983899,3.8265048414759937,2.378229735097009,5.491208893192347,1.6647040517163534,"LINESTRING(100.73893478610914 6.956693327149448,100.73880277058551 6.956817038153573)",4.658856867334171,4.664822660564049,9210,0,1329,264
266,"266,5/11/2024,LINESTRING(100.73886864905406 6.95675503474686,,,",1330,1335,1330,20241030RUN01,,,,,,,05/11/2024,5.491208893192347,4.312000749983899,3.8265048414759937,2.378229735097009,5.491208893192347,1.6647040517163534,"LINESTRING(100.73893478610914 6.956693327149448,100.73880277058551 6.956817038153573)",4.658856867334171,4.596730772906941,9210,0,1334,265
267,"267,5/11/2024,LINESTRING(100.73883569057514 6.9567860108235315,,,",1335,1340,1335,20241030RUN01,,,,,,,05/11/2024,5.491208893192347,4.312000749983899,3.8265048414759937,2.378229735097009,5.491208893192347,1.6647040517163534,"LINESTRING(100.73893478610914 6.956693327149448,100.73880277058551 6.956817038153573)",4.658856867334171,4.296384984596126,9210,0,1339,266
268,"268,5/11/2024,LINESTRING(100.73880277534636 6.956817032827481,,,",1340,1345,1340,20241030RUN01,,,,,,,05/11/2024,3.0176895207872074,2.009479998468406,2.9179654062756217,2.1152197120418648,3.0176895207872074,0.0997241145115857,"LINESTRING(100.73880277058551 6.956817038153573,100.73867153760384 6.956941578384506)",2.967827463531415,2.8302235636425976,9210,0,1344,267
269,"269,5/11/2024,LINESTRING(100.73876990570344 6.9568481030433995,,,",1345,1350,1345,20241030RUN01,,,,,,,05/11/2024,3.0176895207872074,2.009479998468406,2.9179654062756217,2.1152197120418648,3.0176895207872074,0.0997241145115857,"LINESTRING(100.73880277058551 6.956817038153573,100.73867153760384 6.956941578384506)",2.967827463531415,2.9820515926658215,9210,0,1349,268
270,"270,5/11/2024,LINESTRING(100.73873710432144 6.956879245208677,,,",1350,1355,1350,20241030RUN01,,,,,,,05/11/2024,3.0176895207872074,2.009479998468406,2.9179654062756217,2.1152197120418648,3.0176895207872074,0.0997241145115857,"LINESTRING(100.73880277058551 6.956817038153573,100.73867153760384 6.956941578384506)",2.967827463531415,2.9228520690991244,9210,0,1354,269
271,"271,5/11/2024,LINESTRING(100.73870434378384 6.9569104302811064,,,",1355,1360,1355,20241030RUN01,,,,,,,05/11/2024,3.0176895207872074,2.009479998468406,2.9179654062756217,2.1152197120418648,3.0176895207872074,0.0997241145115857,"LINESTRING(100.73880277058551 6.956817038153573,100.73867153760384 6.956941578384506)",2.967827463531415,2.9028488543455717,9210,0,1359,270
272,"272,5/11/2024,LINESTRING(100.7386715426802 6.956941572738457,,,",1360,1365,1360,20241030RUN01,,,,,,,05/11/2024,3.158265940002179,2.2044343197424485,2.238069401684492,1.6318447261268447,3.158265940002179,0.9201965383176868,"LINESTRING(100.73867153760384 6.956941578384506,100.73853926388193 6.957065013086386)",2.6981676708433353,2.5813891013704526,9210,0,1364,271
273,"273,5/11/2024,LINESTRING(100.73863862662218 6.956972593871965,,,",1365,1370,1365,20241030RUN01,,,,,,,05/11/2024,3.158265940002179,2.2044343197424485,2.238069401684492,1.6318447261268447,3.158265940002179,0.9201965383176868,"LINESTRING(100.73867153760384 6.956941578384506,100.73853926388193 6.957065013086386)",2.6981676708433353,2.7595028354150437,9210,0,1369,272
274,"274,5/11/2024,LINESTRING(100.73860558006486 6.957003476149714,,,",1370,1375,1370,20241030RUN01,,,,,,,05/11/2024,3.158265940002179,2.2044343197424485,2.238069401684492,1.6318447261268447,3.158265940002179,0.9201965383176868,"LINESTRING(100.73867153760384 6.956941578384506,100.73853926388193 6.957065013086386)",2.6981676708433353,2.438952060177245,9210,0,1374,273
275,"275,5/11/2024,LINESTRING(100.73857245473243 6.95703427406082,,,",1375,1380,1375,20241030RUN01,,,,,,,05/11/2024,3.158265940002179,2.2044343197424485,2.238069401684492,1.6318447261268447,3.158265940002179,0.9201965383176868,"LINESTRING(100.73867153760384 6.956941578384506,100.73853926388193 6.957065013086386)",2.6981676708433353,2.9617785341181406,9210,0,1379,274
276,"276,5/11/2024,LINESTRING(100.73853926920196 6.957065007196805,,,",1380,1385,1380,20241030RUN01,,,,,,,05/11/2024,4.987885256122665,3.7582520431655992,3.99298619693787,3.373645455279451,4.987885256122665,0.9948990591847946,"LINESTRING(100.73853926388193 6.957065013086386,100.7384068560967 6.957188303263318)",4.490435726530268,4.328037636297798,9210,0,1384,275
277,"277,5/11/2024,LINESTRING(100.73850601377788 6.957095664835756,,,",1385,1390,1385,20241030RUN01,,,,,,,05/11/2024,4.987885256122665,3.7582520431655992,3.99298619693787,3.373645455279451,4.987885256122665,0.9948990591847946,"LINESTRING(100.73853926388193 6.957065013086386,100.7384068560967 6.957188303263318)",4.490435726530268,4.15054925149477,9210,0,1389,276
278,"278,5/11/2024,LINESTRING(100.73847282114292 6.957126390329137,,,",1390,1395,1390,20241030RUN01,,,,,,,05/11/2024,4.987885256122665,3.7582520431655992,3.99298619693787,3.373645455279451,4.987885256122665,0.9948990591847946,"LINESTRING(100.73853926388193 6.957065013086386,100.7384068560967 6.957188303263318)",4.490435726530268,4.414884385919965,9210,0,1394,277
279,"279,5/11/2024,LINESTRING(100.738439804038 6.957157304048854,,,",1395,1400,1395,20241030RUN01,,,,,,,05/11/2024,4.987885256122665,3.7582520431655992,3.99298619693787,3.373645455279451,4.987885256122665,0.9948990591847946,"LINESTRING(100.73853926388193 6.957065013086386,100.7384068560967 6.957188303263318)",4.490435726530268,4.772138927796083,9210,0,1399,278
280,"280,5/11/2024,LINESTRING(100.73840686158422 6.957188297209697,,,",1400,1405,1400,20241030RUN01,,,,,,,05/11/2024,4.368600032438208,3.5425178862111864,4.3506549558226215,3.247990567070301,4.368600032438208,0.0179450766155859,"LINESTRING(100.7384068560967 6.957188303263318,100.73827541640526 6.957312624859142)",4.3596274941304145,3.940668436824979,9210,0,1404,279
281,"281,5/11/2024,LINESTRING(100.7383739010723 6.957219271165912,,,",1405,1410,1405,20241030RUN01,,,,,,,05/11/2024,4.368600032438208,3.5425178862111864,4.3506549558226215,3.247990567070301,4.368600032438208,0.0179450766155859,"LINESTRING(100.7384068560967 6.957188303263318,100.73827541640526 6.957312624859142)",4.3596274941304145,4.691164660831309,9210,0,1409,280
282,"282,5/11/2024,LINESTRING(100.73834098088088 6.957250287980833,,,",1410,1415,1410,20241030RUN01,,,,,,,05/11/2024,4.368600032438208,3.5425178862111864,4.3506549558226215,3.247990567070301,4.368600032438208,0.0179450766155859,"LINESTRING(100.7384068560967 6.957188303263318,100.73827541640526 6.957312624859142)",4.3596274941304145,4.100700718284652,9210,0,1414,281
283,"283,5/11/2024,LINESTRING(100.73830815795992 6.95728140752676,,,",1415,1420,1415,20241030RUN01,,,,,,,05/11/2024,4.368600032438208,3.5425178862111864,4.3506549558226215,3.247990567070301,4.368600032438208,0.0179450766155859,"LINESTRING(100.7384068560967 6.957188303263318,100.73827541640526 6.957312624859142)",4.3596274941304145,4.79138182504917,9210,0,1419,282
284,"284,5/11/2024,LINESTRING(100.73827542215075 6.957312618546546,,,",1420,1425,1420,20241030RUN01,,,,,,,05/11/2024,4.386398287579228,3.559351236752248,3.550817342720191,2.554615138075557,4.386398287579228,0.835580944859037,"LINESTRING(100.73827541640526 6.957312624859142,100.73814496358715 6.95743798072221)",3.968607815149709,4.001657311996827,9210,0,1424,283
285,"285,5/11/2024,LINESTRING(100.73824274601563 6.957343891969482,,,",1425,1430,1425,20241030RUN01,,,,,,,05/11/2024,4.386398287579228,3.559351236752248,3.550817342720191,2.554615138075557,4.386398287579228,0.835580944859037,"LINESTRING(100.73827541640526 6.957312624859142,100.73814496358715 6.95743798072221)",3.968607815149709,3.944553239581159,9210,0,1429,284
286,"286,5/11/2024,LINESTRING(100.73821011341477 6.957375210753055,,,",1430,1435,1430,20241030RUN01,,,,,,,05/11/2024,4.386398287579228,3.559351236752248,3.550817342720191,2.554615138075557,4.386398287579228,0.835580944859037,"LINESTRING(100.73827541640526 6.957312624859142,100.73814496358715 6.95743798072221)",3.968607815149709,3.8079349978898374,9210,0,1434,285
287,"287,5/11/2024,LINESTRING(100.73817753090823 6.957406581556227,,,",1435,1440,1435,20241030RUN01,,,,,,,05/11/2024,4.386398287579228,3.559351236752248,3.550817342720191,2.554615138075557,4.386398287579228,0.835580944859037,"LINESTRING(100.73827541640526 6.957312624859142,100.73814496358715 6.95743798072221)",3.968607815149709,3.9097663163942995,9210,0,1439,286
288,"288,5/11/2024,LINESTRING(100.73814496946626 6.95743797427793,,,",1440,1445,1440,20241030RUN01,,,,,,,05/11/2024,4.032164783075551,2.67157068674701,3.12961223640936,2.3324769130210647,4.032164783075551,0.902552546666191,"LINESTRING(100.73814496358715 6.95743798072221,100.73801490494925 6.9575637445763165)",3.580888509742455,3.613037145446807,9210,0,1444,287
289,"289,5/11/2024,LINESTRING(100.73811240470492 6.95746936358054,,,",1445,1450,1445,20241030RUN01,,,,,,,05/11/2024,4.032164783075551,2.67157068674701,3.12961223640936,2.3324769130210647,4.032164783075551,0.902552546666191,"LINESTRING(100.73814496358715 6.95743798072221,100.73801490494925 6.9575637445763165)",3.580888509742455,3.6181860463074083,9210,0,1449,288
290,"290,5/11/2024,LINESTRING(100.7380798431613 6.9575007561632445,,,",1450,1455,1450,20241030RUN01,,,,,,,05/11/2024,4.032164783075551,2.67157068674701,3.12961223640936,2.3324769130210647,4.032164783075551,0.902552546666191,"LINESTRING(100.73814496358715 6.95743798072221,100.73801490494925 6.9575637445763165)",3.580888509742455,3.5763285055864538,9210,0,1454,289
291,"291,5/11/2024,LINESTRING(100.73804732576774 6.957532194393113,,,",1455,1460,1455,20241030RUN01,,,,,,,05/11/2024,4.032164783075551,2.67157068674701,3.12961223640936,2.3324769130210647,4.032164783075551,0.902552546666191,"LINESTRING(100.73814496358715 6.95743798072221,100.73801490494925 6.9575637445763165)",3.580888509742455,3.3699692451397083,9210,0,,
292,"292,5/11/2024,LINESTRING(100.7380149108848 6.957563738079156,,,",1460,1465,1460,20241030RUN01,,,,,,,05/11/2024,2.3399996508381413,1.82031085904856,2.341975163350681,1.7151416787108396,2.341975163350681,0.0019755125125398,"LINESTRING(100.73801490494925 6.9575637445763165,100.7378861158342 6.957690806444564)",2.340987407094411,2.2982503698000603,9210,0,1460,290
293,"293,5/11/2024,LINESTRING(100.73798262486736 6.957595413442948,,,",1465,1470,1465,20241030RUN01,,,,,,,05/11/2024,2.3399996508381413,1.82031085904856,2.341975163350681,1.7151416787108396,2.341975163350681,0.0019755125125398,"LINESTRING(100.73801490494925 6.9575637445763165,100.7378861158342 6.957690806444564)",2.340987407094411,2.5579606077765584,9210,0,1465,291
294,"294,5/11/2024,LINESTRING(100.73795043468414 6.957627186075767,,,",1470,1475,1470,20241030RUN01,,,,,,,05/11/2024,2.3399996508381413,1.82031085904856,2.341975163350681,1.7151416787108396,2.341975163350681,0.0019755125125398,"LINESTRING(100.73801490494925 6.9575637445763165,100.7378861158342 6.957690806444564)",2.340987407094411,2.5057951014486304,9210,0,1470,292
295,"295,5/11/2024,LINESTRING(100.73791826038632 6.957658974794145,,,",1475,1480,1475,20241030RUN01,,,,,,,05/11/2024,2.3399996508381413,1.82031085904856,2.341975163350681,1.7151416787108396,2.341975163350681,0.0019755125125398,"LINESTRING(100.73801490494925 6.9575637445763165,100.7378861158342 6.957690806444564)",2.340987407094411,2.112144684399929,9210,0,1475,293
296,"296,5/11/2024,LINESTRING(100.73788612197724 6.957690799737681,,,",1480,1485,1480,20241030RUN01,,,,,,,05/11/2024,4.778992476406411,3.3733207536730405,3.260038688988458,2.2594899906344508,4.778992476406411,1.5189537874179528,"LINESTRING(100.7378861158342 6.957690806444564,100.73775828252602 6.957818827802358)",4.0195155826974345,4.110804734051902,9210,0,1480,294
297,"297,5/11/2024,LINESTRING(100.73785406194342 6.9577227035223475,,,",1485,1490,1485,20241030RUN01,,,,,,,05/11/2024,4.778992476406411,3.3733207536730405,3.260038688988458,2.2594899906344508,4.778992476406411,1.5189537874179528,"LINESTRING(100.7378861158342 6.957690806444564,100.73775828252602 6.957818827802358)",4.0195155826974345,4.066758662214286,9210,0,1485,295
298,"298,5/11/2024,LINESTRING(100.73782205929572 6.957754664830568,,,",1490,1495,1490,20241030RUN01,,,,,,,05/11/2024,4.778992476406411,3.3733207536730405,3.260038688988458,2.2594899906344508,4.778992476406411,1.5189537874179528,"LINESTRING(100.7378861158342 6.957690806444564,100.73775828252602 6.957818827802358)",4.0195155826974345,3.675175412205494,9210,0,1490,296
299,"299,5/11/2024,LINESTRING(100.73779012852387 6.957786697800588,,,",1495,1500,1495,20241030RUN01,,,,,,,05/11/2024,4.778992476406411,3.3733207536730405,3.260038688988458,2.2594899906344508,4.778992476406411,1.5189537874179528,"LINESTRING(100.7378861158342 6.957690806444564,100.73775828252602 6.957818827802358)",4.0195155826974345,4.366209478193937,9210,0,1495,297
300,"300,5/11/2024,LINESTRING(100.73775828868105 6.9578188210849845,,,",1500,1505,1500,20241030RUN01,,,,,,,05/11/2024,4.306953813025137,3.454951513459608,3.4277497426472663,3.052073777276109,4.306953813025137,0.8792040703778707,"LINESTRING(100.73775828252602 6.957818827802358,100.73763107595846 6.95794747174279)",3.867351777836202,4.1855420626439805,9210,0,1500,298
301,"301,5/11/2024,LINESTRING(100.73772650203436 6.957850996939025,,,",1505,1510,1505,20241030RUN01,,,,,,,05/11/2024,4.306953813025137,3.454951513459608,3.4277497426472663,3.052073777276109,4.306953813025137,0.8792040703778707,"LINESTRING(100.73775828252602 6.957818827802358,100.73763107595846 6.95794747174279)",3.867351777836202,3.4986518309406596,9210,0,1505,299
302,"302,5/11/2024,LINESTRING(100.73769471913178 6.957883176460513,,,",1510,1515,1510,20241030RUN01,,,,,,,05/11/2024,4.306953813025137,3.454951513459608,3.4277497426472663,3.052073777276109,4.306953813025137,0.8792040703778707,"LINESTRING(100.73775828252602 6.957818827802358,100.73763107595846 6.95794747174279)",3.867351777836202,3.7689641427391996,9210,0,1510,300
303,"303,5/11/2024,LINESTRING(100.73766291162467 6.957915331696425,,,",1515,1520,1515,20241030RUN01,,,,,,,05/11/2024,4.306953813025137,3.454951513459608,3.4277497426472663,3.052073777276109,4.306953813025137,0.8792040703778707,"LINESTRING(100.73775828252602 6.957818827802358,100.73763107595846 6.95794747174279)",3.867351777836202,4.014642280042179,9210,0,1515,301
304,"304,5/11/2024,LINESTRING(100.73763108203902 6.957947465103302,,,",1520,1525,1520,20241030RUN01,,,,,,,05/11/2024,4.399134136937668,3.100227251291857,3.1278495253238496,2.473003332515728,4.399134136937668,1.271284611613818,"LINESTRING(100.73763107595846 6.95794747174279,100.73750387003724 6.958076116777596)",3.763491831130759,3.7111183995445756,9210,0,1520,302
305,"305,5/11/2024,LINESTRING(100.73759926643584 6.957979612306279,,,",1525,1530,1525,20241030RUN01,,,,,,,05/11/2024,4.399134136937668,3.100227251291857,3.1278495253238496,2.473003332515728,4.399134136937668,1.271284611613818,"LINESTRING(100.73763107595846 6.95794747174279,100.73750387003724 6.958076116777596)",3.763491831130759,3.6342169433834526,9210,0,1525,303
306,"306,5/11/2024,LINESTRING(100.73756748308494 6.9580117913009,,,",1530,1535,1530,20241030RUN01,,,,,,,05/11/2024,4.399134136937668,3.100227251291857,3.1278495253238496,2.473003332515728,4.399134136937668,1.271284611613818,"LINESTRING(100.73763107595846 6.95794747174279,100.73750387003724 6.958076116777596)",3.763491831130759,4.11943429482793,9210,0,1530,304
307,"307,5/11/2024,LINESTRING(100.73753571358557 6.958043983876422,,,",1535,1540,1535,20241030RUN01,,,,,,,05/11/2024,4.399134136937668,3.100227251291857,3.1278495253238496,2.473003332515728,4.399134136937668,1.271284611613818,"LINESTRING(100.73763107595846 6.95794747174279,100.73750387003724 6.958076116777596)",3.763491831130759,3.830932287935651,9210,0,1535,305
308,"308,5/11/2024,LINESTRING(100.73750387653212 6.9580761097132395,,,",1540,1545,1540,20241030RUN01,,,,,,,05/11/2024,3.177601767962193,2.3858187952879413,2.858729646098902,2.206887972078756,3.177601767962193,0.3188721218632917,"LINESTRING(100.73750387003724 6.958076116777596,100.73737564816936 6.958203750299494)",3.0181657070305477,2.9567955178754124,9210,0,1540,306
309,"309,5/11/2024,LINESTRING(100.73747188556143 6.958108082410451,,,",1545,1550,1545,20241030RUN01,,,,,,,05/11/2024,3.177601767962193,2.3858187952879413,2.858729646098902,2.206887972078756,3.177601767962193,0.3188721218632917,"LINESTRING(100.73750387003724 6.958076116777596,100.73737564816936 6.958203750299494)",3.0181657070305477,2.9642775807008324,9210,0,1545,307
310,"310,5/11/2024,LINESTRING(100.7374397555091 6.958139915601698,,,",1550,1555,1550,20241030RUN01,,,,,,,05/11/2024,3.177601767962193,2.3858187952879413,2.858729646098902,2.206887972078756,3.177601767962193,0.3188721218632917,"LINESTRING(100.73750387003724 6.958076116777596,100.73737564816936 6.958203750299494)",3.0181657070305477,3.0910385395402544,9210,0,1550,308
311,"311,5/11/2024,LINESTRING(100.73740762100658 6.958171744348965,,,",1555,1560,1555,20241030RUN01,,,,,,,05/11/2024,3.177601767962193,2.3858187952879413,2.858729646098902,2.206887972078756,3.177601767962193,0.3188721218632917,"LINESTRING(100.73750387003724 6.958076116777596,100.73737564816936 6.958203750299494)",3.0181657070305477,2.900570275824792,9210,0,1555,309
312,"312,5/11/2024,LINESTRING(100.73737565541033 6.958203742471404,,,",1560,1565,1560,20241030RUN01,,,,,,,05/11/2024,3.2592380752657992,2.478634432703157,1.8923098799347104,1.4910436899041988,3.2592380752657992,1.366928195331089,"LINESTRING(100.73737564816936 6.958203750299494,100.737248032242 6.9583319889690145)",2.575773977600255,2.3663151683838395,9210,0,1560,310
313,"313,5/11/2024,LINESTRING(100.73734380916034 6.958235859345094,,,",1565,1570,1565,20241030RUN01,,,,,,,05/11/2024,3.2592380752657992,2.478634432703157,1.8923098799347104,1.4910436899041988,3.2592380752657992,1.366928195331089,"LINESTRING(100.73737564816936 6.958203750299494,100.737248032242 6.9583319889690145)",2.575773977600255,2.4070660780113604,9210,0,1565,311
314,"314,5/11/2024,LINESTRING(100.7373119097969 6.958267923573989,,,",1570,1575,1570,20241030RUN01,,,,,,,05/11/2024,3.2592380752657992,2.478634432703157,1.8923098799347104,1.4910436899041988,3.2592380752657992,1.366928195331089,"LINESTRING(100.73737564816936 6.958203750299494,100.737248032242 6.9583319889690145)",2.575773977600255,2.6387039239941728,9210,0,1570,312
315,"315,5/11/2024,LINESTRING(100.73727995726134 6.9582999349039545,,,",1575,1580,1575,20241030RUN01,,,,,,,05/11/2024,3.2592380752657992,2.478634432703157,1.8923098799347104,1.4910436899041988,3.2592380752657992,1.366928195331089,"LINESTRING(100.73737564816936 6.958203750299494,100.737248032242 6.9583319889690145)",2.575773977600255,2.6615720753111725,9210,0,1575,313
316,"316,5/11/2024,LINESTRING(100.73724803963952 6.958331980981832,,,",1580,1585,1580,20241030RUN01,,,,,,,05/11/2024,3.221979059557855,2.0746434477781106,2.4152134502730287,1.8441432787338143,3.221979059557855,0.8067656092848261,"LINESTRING(100.737248032242 6.9583319889690145,100.73712078708796 6.958460595143064)",2.818596254915442,2.6436272402546135,9210,0,1580,314
317,"317,5/11/2024,LINESTRING(100.73721618347469 6.958364088040753,,,",1585,1590,1585,20241030RUN01,,,,,,,05/11/2024,3.221979059557855,2.0746434477781106,2.4152134502730287,1.8441432787338143,3.221979059557855,0.8067656092848261,"LINESTRING(100.737248032242 6.9583319889690145,100.73712078708796 6.958460595143064)",2.818596254915442,2.881857856222388,9210,0,1585,315
318,"318,5/11/2024,LINESTRING(100.73718435117412 6.958396218750899,,,",1590,1595,1590,20241030RUN01,,,,,,,05/11/2024,3.221979059557855,2.0746434477781106,2.4152134502730287,1.8441432787338143,3.221979059557855,0.8067656092848261,"LINESTRING(100.737248032242 6.9583319889690145,100.73712078708796 6.958460595143064)",2.818596254915442,2.72664622130928,9210,0,1590,316
319,"319,5/11/2024,LINESTRING(100.73715255474693 6.9584283848940025,,,",1595,1600,1595,20241030RUN01,,,,,,,05/11/2024,3.221979059557855,2.0746434477781106,2.4152134502730287,1.8441432787338143,3.221979059557855,0.8067656092848261,"LINESTRING(100.737248032242 6.9583319889690145,100.73712078708796 6.958460595143064)",2.818596254915442,2.871059650198304,9210,0,1595,317
320,"320,5/11/2024,LINESTRING(100.73712079471193 6.95846058692414,,,",1600,1605,1600,20241030RUN01,,,,,,,05/11/2024,2.9704831830924143,1.950213584509582,3.4485731034744407,2.524761958973403,3.4485731034744407,0.4780899203820263,"LINESTRING(100.73712078708796 6.958460595143064,100.73699327567847 6.958588937950069)",3.2095281432834275,2.92480842007157,9210,0,1600,318
321,"321,5/11/2024,LINESTRING(100.73708900263404 6.958492757282514,,,",1605,1610,1605,20241030RUN01,,,,,,,05/11/2024,2.9704831830924143,1.950213584509582,3.4485731034744407,2.524761958973403,3.4485731034744407,0.4780899203820263,"LINESTRING(100.73712078708796 6.958460595143064,100.73699327567847 6.958588937950069)",3.2095281432834275,3.5257736319849986,9210,0,1605,319
322,"322,5/11/2024,LINESTRING(100.73705712282984 6.958524840807571,,,",1610,1615,1610,20241030RUN01,,,,,,,05/11/2024,2.9704831830924143,1.950213584509582,3.4485731034744407,2.524761958973403,3.4485731034744407,0.4780899203820263,"LINESTRING(100.73712078708796 6.958460595143064,100.73699327567847 6.958588937950069)",3.2095281432834275,3.275715933185949,9210,0,1610,320
323,"323,5/11/2024,LINESTRING(100.73702518925147 6.958556870914591,,,",1615,1620,1615,20241030RUN01,,,,,,,05/11/2024,2.9704831830924143,1.950213584509582,3.4485731034744407,2.524761958973403,3.4485731034744407,0.4780899203820263,"LINESTRING(100.73712078708796 6.958460595143064,100.73699327567847 6.958588937950069)",3.2095281432834275,3.0152206777613344,9210,0,1616,321
324,"324,5/11/2024,LINESTRING(100.73699328393734 6.95858892908075,,,",1620,1625,1620,20241030RUN01,,,,,,,05/11/2024,3.838705149371675,2.742572088016212,2.572443931659663,2.3148690719068283,3.838705149371675,1.266261217712012,"LINESTRING(100.73699327567847 6.958588937950069,100.7368660020364 6.958717516250187)",3.205574540515669,3.3710005028864054,9210,0,1621,322
325,"325,5/11/2024,LINESTRING(100.73696141939041 6.958621027750976,,,",1625,1630,1625,20241030RUN01,,,,,,,05/11/2024,3.838705149371675,2.742572088016212,2.572443931659663,2.3148690719068283,3.838705149371675,1.266261217712012,"LINESTRING(100.73699327567847 6.958588937950069,100.7368660020364 6.958717516250187)",3.205574540515669,3.2803912971517137,9210,0,1626,323
326,"326,5/11/2024,LINESTRING(100.73692958096701 6.958653152326998,,,",1630,1635,1630,20241030RUN01,,,,,,,05/11/2024,3.838705149371675,2.742572088016212,2.572443931659663,2.3148690719068283,3.838705149371675,1.266261217712012,"LINESTRING(100.73699327567847 6.958588937950069,100.7368660020364 6.958717516250187)",3.205574540515669,3.1300179006138893,9210,0,1631,324
327,"327,5/11/2024,LINESTRING(100.73689777686558 6.9586853108820925,,,",1635,1640,1635,20241030RUN01,,,,,,,05/11/2024,3.838705149371675,2.742572088016212,2.572443931659663,2.3148690719068283,3.838705149371675,1.266261217712012,"LINESTRING(100.73699327567847 6.958588937950069,100.7368660020364 6.958717516250187)",3.205574540515669,3.2666962036158864,9210,0,1636,325
328,"328,5/11/2024,LINESTRING(100.73686601074202 6.9587175069232075,,,",1640,1645,1640,20241030RUN01,,,,,,,05/11/2024,3.431063138798128,2.14026271902936,2.0987725005756923,1.7567275854731714,3.431063138798128,1.332290638222435,"LINESTRING(100.7368660020364 6.958717516250187,100.73673937655593 6.958846731841758)",2.76491781968691,2.9416343694305733,9210,0,1641,326
329,"329,5/11/2024,LINESTRING(100.73683428502113 6.958749742709544,,,",1645,1650,1645,20241030RUN01,,,,,,,05/11/2024,3.431063138798128,2.14026271902936,2.0987725005756923,1.7567275854731714,3.431063138798128,1.332290638222435,"LINESTRING(100.7368660020364 6.958717516250187,100.73673937655593 6.958846731841758)",2.76491781968691,2.9745157463320284,9210,0,1646,327
330,"330,5/11/2024,LINESTRING(100.73680262260204 6.958782040516163,,,",1650,1655,1650,20241030RUN01,,,,,,,05/11/2024,3.431063138798128,2.14026271902936,2.0987725005756923,1.7567275854731714,3.431063138798128,1.332290638222435,"LINESTRING(100.7368660020364 6.958717516250187,100.73673937655593 6.958846731841758)",2.76491781968691,2.544170391319206,9210,0,1651,328
331,"331,5/11/2024,LINESTRING(100.736771005428 6.958814382539284,,,",1655,1660,1655,20241030RUN01,,,,,,,05/11/2024,3.431063138798128,2.14026271902936,2.0987725005756923,1.7567275854731714,3.431063138798128,1.332290638222435,"LINESTRING(100.7368660020364 6.958717516250187,100.73673937655593 6.958846731841758)",2.76491781968691,2.5359599674488615,9210,0,1656,329
332,"332,5/11/2024,LINESTRING(100.73673938567775 6.958846722087533,,,",1660,1665,1660,20241030RUN01,,,,,,,05/11/2024,4.506579637805093,3.160442083527887,3.852575475557285,2.5698439852758552,4.506579637805093,0.6540041622478081,"LINESTRING(100.73673937655593 6.958846731841758,100.73661265266949 6.9589758509368)",4.179577556681188,4.57524885903036,9210,0,1661,330
333,"333,5/11/2024,LINESTRING(100.73670770554925 6.958879002536438,,,",1665,1670,1665,20241030RUN01,,,,,,,05/11/2024,4.506579637805093,3.160442083527887,3.852575475557285,2.5698439852758552,4.506579637805093,0.6540041622478081,"LINESTRING(100.73673937655593 6.958846731841758,100.73661265266949 6.9589758509368)",4.179577556681188,4.277891453104502,9210,0,1666,331
334,"334,5/11/2024,LINESTRING(100.73667596555667 6.958911224255347,,,",1670,1675,1670,20241030RUN01,,,,,,,05/11/2024,4.506579637805093,3.160442083527887,3.852575475557285,2.5698439852758552,4.506579637805093,0.6540041622478081,"LINESTRING(100.73673937655593 6.958846731841758,100.73661265266949 6.9589758509368)",4.179577556681188,3.833517282270664,9210,0,1671,332
335,"335,5/11/2024,LINESTRING(100.73664426812314 6.958943487861089,,,",1675,1680,1675,20241030RUN01,,,,,,,05/11/2024,4.506579637805093,3.160442083527887,3.852575475557285,2.5698439852758552,4.506579637805093,0.6540041622478081,"LINESTRING(100.73673937655593 6.958846731841758,100.73661265266949 6.9589758509368)",4.179577556681188,3.818573609798792,9210,0,1676,333
336,"336,5/11/2024,LINESTRING(100.73661266210394 6.9589758408616635,,,",1680,1685,1680,20241030RUN01,,,,,,,05/11/2024,4.191513241481276,3.0387442762704997,3.847266458810899,3.183262320573044,4.191513241481276,0.3442467826703774,"LINESTRING(100.73661265266949 6.9589758509368,100.73648653219645 6.959105558722389)",4.019389850146087,3.6351167384042333,9210,0,1681,334
337,"337,5/11/2024,LINESTRING(100.73658114192541 6.959008277382994,,,",1685,1690,1685,20241030RUN01,,,,,,,05/11/2024,4.191513241481276,3.0387442762704997,3.847266458810899,3.183262320573044,4.191513241481276,0.3442467826703774,"LINESTRING(100.73661265266949 6.9589758509368,100.73648653219645 6.959105558722389)",4.019389850146087,4.1026014634889725,9210,0,1686,335
338,"338,5/11/2024,LINESTRING(100.73654965118672 6.9590407424549054,,,",1690,1695,1690,20241030RUN01,,,,,,,05/11/2024,4.191513241481276,3.0387442762704997,3.847266458810899,3.183262320573044,4.191513241481276,0.3442467826703774,"LINESTRING(100.73661265266949 6.9589758509368,100.73648653219645 6.959105558722389)",4.019389850146087,4.39598624206862,9210,0,1691,336
339,"339,5/11/2024,LINESTRING(100.7365181202582 6.959073168520258,,,",1695,1700,1695,20241030RUN01,,,,,,,05/11/2024,4.191513241481276,3.0387442762704997,3.847266458810899,3.183262320573044,4.191513241481276,0.3442467826703774,"LINESTRING(100.73661265266949 6.9589758509368,100.73648653219645 6.959105558722389)",4.019389850146087,3.7241713229151463,9210,0,1696,337
340,"340,5/11/2024,LINESTRING(100.73648654188098 6.959105548389879,,,",1700,1705,1700,20241030RUN01,,,,,,,05/11/2024,5.729824564238486,3.2486802251525404,3.0825550287949293,2.159559008291501,5.729824564238486,2.6472695354435567,"LINESTRING(100.73648653219645 6.959105558722389,100.73636000976752 6.9592348752671915)",4.406189796516708,4.004899360764857,9210,0,1701,338
341,"341,5/11/2024,LINESTRING(100.73645493199538 6.9591378976318925,,,",1705,1710,1705,20241030RUN01,,,,,,,05/11/2024,5.729824564238486,3.2486802251525404,3.0825550287949293,2.159559008291501,5.729824564238486,2.6472695354435567,"LINESTRING(100.73648653219645 6.959105558722389,100.73636000976752 6.9592348752671915)",4.406189796516708,4.422636269487314,9210,0,1706,339
342,"342,5/11/2024,LINESTRING(100.73642330471752 6.959170229882888,,,",1710,1715,1710,20241030RUN01,,,,,,,05/11/2024,5.729824564238486,3.2486802251525404,3.0825550287949293,2.159559008291501,5.729824564238486,2.6472695354435567,"LINESTRING(100.73648653219645 6.959105558722389,100.73636000976752 6.9592348752671915)",4.406189796516708,4.770910844675848,9210,0,1711,340
343,"343,5/11/2024,LINESTRING(100.73639165160836 6.959202536887273,,,",1715,1720,1715,20241030RUN01,,,,,,,05/11/2024,5.729824564238486,3.2486802251525404,3.0825550287949293,2.159559008291501,5.729824564238486,2.6472695354435567,"LINESTRING(100.73648653219645 6.959105558722389,100.73636000976752 6.9592348752671915)",4.406189796516708,4.192278449123611,9210,0,1716,341
344,"344,5/11/2024,LINESTRING(100.73636001971 6.9592348646690585,,,",1720,1725,1720,20241030RUN01,,,,,,,05/11/2024,4.160800492956096,3.802803685696656,3.4049761400495004,2.098686384113594,4.160800492956096,0.755824352906596,"LINESTRING(100.73636000976752 6.9592348752671915,100.73623410145788 6.959364788018282)",3.7828883165027984,3.9917976490142855,9210,0,1721,342
345,"345,5/11/2024,LINESTRING(100.7363284496371 6.959267252703368,,,",1725,1730,1725,20241030RUN01,,,,,,,05/11/2024,4.160800492956096,3.802803685696656,3.4049761400495004,2.098686384113594,4.160800492956096,0.755824352906596,"LINESTRING(100.73636000976752 6.9592348752671915,100.73623410145788 6.959364788018282)",3.7828883165027984,3.8486180819976967,9210,0,1726,343
346,"346,5/11/2024,LINESTRING(100.73629691184973 6.9592996721234615,,,",1730,1735,1730,20241030RUN01,,,,,,,05/11/2024,4.160800492956096,3.802803685696656,3.4049761400495004,2.098686384113594,4.160800492956096,0.755824352906596,"LINESTRING(100.73636000976752 6.9592348752671915,100.73623410145788 6.959364788018282)",3.7828883165027984,3.5781489148223153,9210,0,1731,344
347,"347,5/11/2024,LINESTRING(100.73626546253598 6.959332177216262,,,",1735,1740,1735,20241030RUN01,,,,,,,05/11/2024,4.160800492956096,3.802803685696656,3.4049761400495004,2.098686384113594,4.160800492956096,0.755824352906596,"LINESTRING(100.73636000976752 6.9592348752671915,100.73623410145788 6.959364788018282)",3.7828883165027984,3.4714506749158467,9210,0,1736,345
348,"348,5/11/2024,LINESTRING(100.73623411167236 6.959364777139474,,,",1740,1745,1740,20241030RUN01,,,,,,,05/11/2024,3.240514876172131,2.1573629060737454,3.976097784972255,2.5257513959688227,3.976097784972255,0.735582908800124,"LINESTRING(100.73623410145788 6.959364788018282,100.73611001634565 6.9594964348507276)",3.608306330572193,3.8456870916530788,9210,0,1741,346
349,"349,5/11/2024,LINESTRING(100.73620282853477 6.959397441964649,,,",1745,1750,1745,20241030RUN01,,,,,,,05/11/2024,3.240514876172131,2.1573629060737454,3.976097784972255,2.5257513959688227,3.976097784972255,0.735582908800124,"LINESTRING(100.73623410145788 6.959364788018282,100.73611001634565 6.9594964348507276)",3.608306330572193,3.5774141233292673,9210,0,1746,347
350,"350,5/11/2024,LINESTRING(100.7361716706816 6.959430226082568,,,",1750,1755,1750,20241030RUN01,,,,,,,05/11/2024,3.240514876172131,2.1573629060737454,3.976097784972255,2.5257513959688227,3.976097784972255,0.735582908800124,"LINESTRING(100.73623410145788 6.959364788018282,100.73611001634565 6.9594964348507276)",3.608306330572193,3.33431861065681,9210,0,1751,348
351,"351,5/11/2024,LINESTRING(100.7361406911491 6.959463178423702,,,",1755,1760,1755,20241030RUN01,,,,,,,05/11/2024,3.240514876172131,2.1573629060737454,3.976097784972255,2.5257513959688227,3.976097784972255,0.735582908800124,"LINESTRING(100.73623410145788 6.959364788018282,100.73611001634565 6.9594964348507276)",3.608306330572193,3.6701834152894866,9210,0,1756,349
352,"352,5/11/2024,LINESTRING(100.73611002687899 6.959496423638953,,,",1760,1765,1760,20241030RUN01,,,,,,,05/11/2024,4.372778279538711,3.661348551059383,4.018790685268151,3.1047785348491623,4.372778279538711,0.3539875942705599,"LINESTRING(100.73611001634565 6.9594964348507276,100.73599486725155 6.959635828693765)",4.195784482403431,4.349149616087463,9210,0,1761,350
353,"353,5/11/2024,LINESTRING(100.73607987649768 6.959530134468523,,,",1765,1770,1765,20241030RUN01,,,,,,,05/11/2024,4.372778279538711,3.661348551059383,4.018790685268151,3.1047785348491623,4.372778279538711,0.3539875942705599,"LINESTRING(100.73611001634565 6.9594964348507276,100.73599486725155 6.959635828693765)",4.195784482403431,4.609928106298034,9210,0,1767,351
354,"354,5/11/2024,LINESTRING(100.73605045272659 6.959564479728887,,,",1770,1775,1770,20241030RUN01,,,,,,,05/11/2024,4.372778279538711,3.661348551059383,4.018790685268151,3.1047785348491623,4.372778279538711,0.3539875942705599,"LINESTRING(100.73611001634565 6.9594964348507276,100.73599486725155 6.959635828693765)",4.195784482403431,3.9831163149603217,9210,0,1772,352
355,"355,5/11/2024,LINESTRING(100.73602201793491 6.959599645780855,,,",1775,1780,1775,20241030RUN01,,,,,,,05/11/2024,4.372778279538711,3.661348551059383,4.018790685268151,3.1047785348491623,4.372778279538711,0.3539875942705599,"LINESTRING(100.73611001634565 6.9594964348507276,100.73599486725155 6.959635828693765)",4.195784482403431,3.798049321464471,9210,0,1777,353
356,"356,5/11/2024,LINESTRING(100.73599487777251 6.959635817472243,,,",1780,1785,1780,20241030RUN01,,,,,,,05/11/2024,4.901929611920268,3.908709841159418,2.6472715879746014,2.185079998229399,4.901929611920268,2.254658023945667,"LINESTRING(100.73599486725155 6.959635828693765,100.73590079533564 6.959790171293751)",3.774600599947435,3.7925171831586786,9210,0,1782,354
357,"357,5/11/2024,LINESTRING(100.73596931265963 6.959673116513422,,,",1785,1790,1785,20241030RUN01,,,,,,,05/11/2024,4.901929611920268,3.908709841159418,2.6472715879746014,2.185079998229399,4.901929611920268,2.254658023945667,"LINESTRING(100.73599486725155 6.959635828693765,100.73590079533564 6.959790171293751)",3.774600599947435,3.5278893030494727,9210,0,1787,355
358,"358,5/11/2024,LINESTRING(100.73594529151599 6.959711427948561,,,",1790,1795,1790,20241030RUN01,,,,,,,05/11/2024,4.901929611920268,3.908709841159418,2.6472715879746014,2.185079998229399,4.901929611920268,2.254658023945667,"LINESTRING(100.73599486725155 6.959635828693765,100.73590079533564 6.959790171293751)",3.774600599947435,3.8212764750845496,9210,0,1792,356
359,"359,5/11/2024,LINESTRING(100.73592254385271 6.959750508751082,,,",1795,1800,1795,20241030RUN01,,,,,,,05/11/2024,4.901929611920268,3.908709841159418,2.6472715879746014,2.185079998229399,4.901929611920268,2.254658023945667,"LINESTRING(100.73599486725155 6.959635828693765,100.73590079533564 6.959790171293751)",3.774600599947435,3.6827655811472435,9210,0,1797,357
360,"360,5/11/2024,LINESTRING(100.73590080583061 6.959790160040395,,,",1800,1805,1800,20241030RUN01,,,,,,,05/11/2024,3.796760304536391,2.544564781599828,2.195775988821355,1.361938533770816,3.796760304536391,1.6009843157150363,"LINESTRING(100.73590079533564 6.959790171293751,100.7358201357517 6.959952043015801)",2.996268146678873,2.7397787188682114,9210,0,1802,358
361,"361,5/11/2024,LINESTRING(100.73587981603202 6.959830212295039,,,",1805,1810,1805,20241030RUN01,,,,,,,05/11/2024,3.796760304536391,2.544564781599828,2.195775988821355,1.361938533770816,3.796760304536391,1.6009843157150363,"LINESTRING(100.73590079533564 6.959790171293751,100.7358201357517 6.959952043015801)",2.996268146678873,3.1257949057045424,9210,0,1807,359
362,"362,5/11/2024,LINESTRING(100.73585941947822 6.959870569579786,,,",1810,1815,1810,20241030RUN01,,,,,,,05/11/2024,3.796760304536391,2.544564781599828,2.195775988821355,1.361938533770816,3.796760304536391,1.6009843157150363,"LINESTRING(100.73590079533564 6.959790171293751,100.7358201357517 6.959952043015801)",2.996268146678873,2.702437904961546,9210,0,1812,360
363,"363,5/11/2024,LINESTRING(100.7358395585266 6.959911192794858,,,",1815,1820,1815,20241030RUN01,,,,,,,05/11/2024,3.796760304536391,2.544564781599828,2.195775988821355,1.361938533770816,3.796760304536391,1.6009843157150363,"LINESTRING(100.73590079533564 6.959790171293751,100.7358201357517 6.959952043015801)",2.996268146678873,3.2453033100022814,9210,0,1817,361
364,"364,5/11/2024,LINESTRING(100.73582014596941 6.959952031972942,,,",1820,1825,1820,20241030RUN01,,,,,,,05/11/2024,4.286989361489304,3.4811495522503875,2.47752829387862,1.868225404751284,4.286989361489304,1.8094610676106848,"LINESTRING(100.7358201357517 6.959952043015801,100.73574434251137 6.960116267714876)",3.3822588276839625,3.1032384529096637,9210,0,1822,362
365,"365,5/11/2024,LINESTRING(100.73580102795552 6.959993009775249,,,",1825,1830,1825,20241030RUN01,,,,,,,05/11/2024,4.286989361489304,3.4811495522503875,2.47752829387862,1.868225404751284,4.286989361489304,1.8094610676106848,"LINESTRING(100.7358201357517 6.959952043015801,100.73574434251137 6.960116267714876)",3.3822588276839625,3.6407401222262905,9210,0,1827,363
366,"366,5/11/2024,LINESTRING(100.7357820339306 6.960034045148348,,,",1830,1835,1830,20241030RUN01,,,,,,,05/11/2024,4.286989361489304,3.4811495522503875,2.47752829387862,1.868225404751284,4.286989361489304,1.8094610676106848,"LINESTRING(100.7358201357517 6.959952043015801,100.73574434251137 6.960116267714876)",3.3822588276839625,3.137322923580905,9210,0,1832,364
367,"367,5/11/2024,LINESTRING(100.73576312174208 6.960075118193284,,,",1835,1840,1835,20241030RUN01,,,,,,,05/11/2024,4.286989361489304,3.4811495522503875,2.47752829387862,1.868225404751284,4.286989361489304,1.8094610676106848,"LINESTRING(100.7358201357517 6.959952043015801,100.73574434251137 6.960116267714876)",3.3822588276839625,3.6103687217064833,9210,0,1837,365
368,"368,5/11/2024,LINESTRING(100.73574435263092 6.96011625669291,,,",1840,1845,1840,20241030RUN01,,,,,,,05/11/2024,4.858997013098785,3.189035409686675,4.606367021653944,3.10143155724468,4.858997013098785,0.2526299914448406,"LINESTRING(100.73574434251137 6.960116267714876,100.73567113470024 6.960281655733447)",4.732682017376364,4.568510936043869,9210,0,1842,366
369,"369,5/11/2024,LINESTRING(100.73572572902354 6.960157461131771,,,",1845,1850,1845,20241030RUN01,,,,,,,05/11/2024,4.858997013098785,3.189035409686675,4.606367021653944,3.10143155724468,4.858997013098785,0.2526299914448406,"LINESTRING(100.73574434251137 6.960116267714876,100.73567113470024 6.960281655733447)",4.732682017376364,5.046722324420471,9210,0,1847,367
370,"370,5/11/2024,LINESTRING(100.73570726128789 6.960198735549639,,,",1850,1855,1850,20241030RUN01,,,,,,,05/11/2024,4.858997013098785,3.189035409686675,4.606367021653944,3.10143155724468,4.858997013098785,0.2526299914448406,"LINESTRING(100.73574434251137 6.960116267714876,100.73567113470024 6.960281655733447)",4.732682017376364,4.665510555000121,9210,0,1852,368
371,"371,5/11/2024,LINESTRING(100.73568902252306 6.960240111398878,,,",1855,1860,1855,20241030RUN01,,,,,,,05/11/2024,4.858997013098785,3.189035409686675,4.606367021653944,3.10143155724468,4.858997013098785,0.2526299914448406,"LINESTRING(100.73574434251137 6.960116267714876,100.73567113470024 6.960281655733447)",4.732682017376364,4.882553355295159,9210,0,1857,369
372,"372,5/11/2024,LINESTRING(100.73567114512244 6.960281644306562,,,",1860,1865,1860,20241030RUN01,,,,,,,05/11/2024,2.673265354621938,1.8697674694949804,3.376446886297159,2.989117686052221,3.376446886297159,0.703181531675221,"LINESTRING(100.73567113470024 6.960281655733447,100.73560783424568 6.960451009100435)",3.0248561204595483,3.280338815245377,9210,0,1862,370
373,"373,5/11/2024,LINESTRING(100.73565385295156 6.960323423567707,,,",1865,1870,1865,20241030RUN01,,,,,,,05/11/2024,2.673265354621938,1.8697674694949804,3.376446886297159,2.989117686052221,3.376446886297159,0.703181531675221,"LINESTRING(100.73567113470024 6.960281655733447,100.73560783424568 6.960451009100435)",3.0248561204595483,3.057866838930493,9210,0,1867,371
374,"374,5/11/2024,LINESTRING(100.73563744196797 6.960365555635883,,,",1870,1875,1870,20241030RUN01,,,,,,,05/11/2024,2.673265354621938,1.8697674694949804,3.376446886297159,2.989117686052221,3.376446886297159,0.703181531675221,"LINESTRING(100.73567113470024 6.960281655733447,100.73560783424568 6.960451009100435)",3.0248561204595483,2.98703524068564,9210,0,1872,372
375,"375,5/11/2024,LINESTRING(100.73562215086217 6.960408106062308,,,",1875,1880,1875,20241030RUN01,,,,,,,05/11/2024,2.673265354621938,1.8697674694949804,3.376446886297159,2.989117686052221,3.376446886297159,0.703181531675221,"LINESTRING(100.73567113470024 6.960281655733447,100.73560783424568 6.960451009100435)",3.0248561204595483,3.071132264631989,9210,0,1877,373
376,"376,5/11/2024,LINESTRING(100.73560784434581 6.960450997918116,,,",1880,1885,1880,20241030RUN01,,,,,,,05/11/2024,6.266738236364745,5.165100036511341,3.803206880412049,3.0614625741276003,6.266738236364745,2.4635313559526963,"LINESTRING(100.73560783424568 6.960451009100435,100.7355505269396 6.960622547107401)",5.034972558388397,4.756279621939718,9210,0,1882,374
377,"377,5/11/2024,LINESTRING(100.73559390232867 6.960494009974252,,,",1885,1890,1885,20241030RUN01,,,,,,,05/11/2024,6.266738236364745,5.165100036511341,3.803206880412049,3.0614625741276003,6.266738236364745,2.4635313559526963,"LINESTRING(100.73560783424568 6.960451009100435,100.7355505269396 6.960622547107401)",5.034972558388397,5.232202944673331,9210,0,1887,375
378,"378,5/11/2024,LINESTRING(100.7355797128999 6.960536941006489,,,",1890,1895,1890,20241030RUN01,,,,,,,05/11/2024,6.266738236364745,5.165100036511341,3.803206880412049,3.0614625741276003,6.266738236364745,2.4635313559526963,"LINESTRING(100.73560783424568 6.960451009100435,100.7355505269396 6.960622547107401)",5.034972558388397,5.495628799084711,9210,0,1892,376
379,"379,5/11/2024,LINESTRING(100.73556513869333 6.960579743259968,,,",1895,1900,1895,20241030RUN01,,,,,,,05/11/2024,6.266738236364745,5.165100036511341,3.803206880412049,3.0614625741276003,6.266738236364745,2.4635313559526963,"LINESTRING(100.73560783424568 6.960451009100435,100.7355505269396 6.960622547107401)",5.034972558388397,4.625128119410123,9210,0,1897,377
380,"380,5/11/2024,LINESTRING(100.73555053679466 6.960622536085939,,,",1900,1905,1900,20241030RUN01,,,,,,,05/11/2024,20.49151838004453,32.914905098328354,15.60978679762973,21.262936347749072,20.49151838004453,4.881731582414801,"LINESTRING(100.7355505269396 6.960622547107401,100.73548727241297 6.960791448697161)",18.05065258883713,16.606106765214406,9210,0,1902,378
381,"381,5/11/2024,LINESTRING(100.73553624360528 6.960665432623541,,,",1905,1910,1905,20241030RUN01,,,,,,,05/11/2024,20.49151838004453,32.914905098328354,15.60978679762973,21.262936347749072,20.49151838004453,4.881731582414801,"LINESTRING(100.7355505269396 6.960622547107401,100.73548727241297 6.960791448697161)",18.05065258883713,19.086370182606295,9210,0,1907,379
382,"382,5/11/2024,LINESTRING(100.73552247231625 6.960708499131319,,,",1910,1915,1910,20241030RUN01,,,,,,,05/11/2024,20.49151838004453,32.914905098328354,15.60978679762973,21.262936347749072,20.49151838004453,4.881731582414801,"LINESTRING(100.7355505269396 6.960622547107401,100.73548727241297 6.960791448697161)",18.05065258883713,17.411829078424056,9210,0,1912,380
383,"383,5/11/2024,LINESTRING(100.73550810164484 6.960751301598928,,,",1915,1920,1915,20241030RUN01,,,,,,,05/11/2024,20.49151838004453,32.914905098328354,15.60978679762973,21.262936347749072,20.49151838004453,4.881731582414801,"LINESTRING(100.7355505269396 6.960622547107401,100.73548727241297 6.960791448697161)",18.05065258883713,19.112337702932216,9210,0,1917,381
384,"384,5/11/2024,LINESTRING(100.73548728157618 6.960791438336345,,,",1920,1925,1920,20241030RUN01,,,,,,,05/11/2024,12.962425343493434,11.127759898682111,10.504759469808851,11.923747496974348,12.962425343493434,2.457665873684581,"LINESTRING(100.73548727241297 6.960791448697161,100.73542209186294 6.9609595883395325)",11.733592406651143,11.865893608424303,9210,0,1923,382
385,"385,5/11/2024,LINESTRING(100.73546599645522 6.960831318082226,,,",1925,1930,1925,20241030RUN01,,,,,,,05/11/2024,12.962425343493434,11.127759898682111,10.504759469808851,11.923747496974348,12.962425343493434,2.457665873684581,"LINESTRING(100.73548727241297 6.960791448697161,100.73542209186294 6.9609595883395325)",11.733592406651143,11.639532311682007,9210,0,1928,383
386,"386,5/11/2024,LINESTRING(100.73544964749726 6.96087346138201,,,",1930,1935,1930,20241030RUN01,,,,,,,05/11/2024,12.962425343493434,11.127759898682111,10.504759469808851,11.923747496974348,12.962425343493434,2.457665873684581,"LINESTRING(100.73548727241297 6.960791448697161,100.73542209186294 6.9609595883395325)",11.733592406651143,11.303540823195302,9210,0,1933,384
387,"387,5/11/2024,LINESTRING(100.7354352006773 6.9609163028255585,,,",1935,1940,1935,20241030RUN01,,,,,,,05/11/2024,12.962425343493434,11.127759898682111,10.504759469808851,11.923747496974348,12.962425343493434,2.457665873684581,"LINESTRING(100.73548727241297 6.960791448697161,100.73542209186294 6.9609595883395325)",11.733592406651143,12.229875161564511,9210,0,1938,385
388,"388,5/11/2024,LINESTRING(100.73542210109426 6.960959577823574,,,",1940,1945,1940,20241030RUN01,,,,,,,05/11/2024,14.006943543920272,12.294369467237413,15.15937727501655,12.803683736254069,15.15937727501655,1.1524337310962771,"LINESTRING(100.73542209186294 6.9609595883395325,100.735372752057 6.961133584545611)",14.58316040946841,15.031939371977128,9210,0,1943,386
389,"389,5/11/2024,LINESTRING(100.73540970769427 6.961003060062739,,,",1945,1950,1945,20241030RUN01,,,,,,,05/11/2024,14.006943543920272,12.294369467237413,15.15937727501655,12.803683736254069,15.15937727501655,1.1524337310962771,"LINESTRING(100.73542209186294 6.9609595883395325,100.735372752057 6.961133584545611)",14.58316040946841,13.173495631287889,9210,0,1948,387
390,"390,5/11/2024,LINESTRING(100.73539736127466 6.961046556030928,,,",1950,1955,1950,20241030RUN01,,,,,,,05/11/2024,14.006943543920272,12.294369467237413,15.15937727501655,12.803683736254069,15.15937727501655,1.1524337310962771,"LINESTRING(100.73542209186294 6.9609595883395325,100.735372752057 6.961133584545611)",14.58316040946841,15.70652662455878,9210,0,1953,388
391,"391,5/11/2024,LINESTRING(100.7353849121391 6.961090022827523,,,",1955,1960,1955,20241030RUN01,,,,,,,05/11/2024,14.006943543920272,12.294369467237413,15.15937727501655,12.803683736254069,15.15937727501655,1.1524337310962771,"LINESTRING(100.73542209186294 6.9609595883395325,100.735372752057 6.961133584545611)",14.58316040946841,14.254480065491736,9210,0,1958,389
392,"392,5/11/2024,LINESTRING(100.735372761364 6.961133573844842,,,",1960,1965,1960,20241030RUN01,,,,,,,05/11/2024,14.852649864537494,11.552937595719854,17.63482846207694,21.410446325530664,17.63482846207694,2.782178597539445,"LINESTRING(100.735372752057 6.961133584545611,100.73532576343746 6.961308224531391)",16.243739163307218,17.253350692981478,9210,0,1963,390
393,"393,5/11/2024,LINESTRING(100.73536082344198 6.961177183477171,,,",1965,1970,1965,20241030RUN01,,,,,,,05/11/2024,14.852649864537494,11.552937595719854,17.63482846207694,21.410446325530664,17.63482846207694,2.782178597539445,"LINESTRING(100.735372752057 6.961133584545611,100.73532576343746 6.961308224531391)",16.243739163307218,17.846301858968143,9210,0,1968,391
394,"394,5/11/2024,LINESTRING(100.73534914639498 6.9612208632707855,,,",1970,1975,1970,20241030RUN01,,,,,,,05/11/2024,14.852649864537494,11.552937595719854,17.63482846207694,21.410446325530664,17.63482846207694,2.782178597539445,"LINESTRING(100.735372752057 6.961133584545611,100.73532576343746 6.961308224531391)",16.243739163307218,14.826122732201327,9210,0,1973,392
395,"395,5/11/2024,LINESTRING(100.73533788276976 6.961264651287577,,,",1975,1980,1975,20241030RUN01,,,,,,,05/11/2024,14.852649864537494,11.552937595719854,17.63482846207694,21.410446325530664,17.63482846207694,2.782178597539445,"LINESTRING(100.735372752057 6.961133584545611,100.73532576343746 6.961308224531391)",16.243739163307218,14.754937835162787,9210,0,1978,393
396,"396,5/11/2024,LINESTRING(100.73532577291569 6.961308213535035,,,",1980,1985,1980,20241030RUN01,,,,,,,05/11/2024,7.214443770131025,5.419169934015169,8.731491658000555,5.450681289702826,8.731491658000555,1.5170478878695306,"LINESTRING(100.73532576343746 6.961308224531391,100.7352792889544 6.961483000141076)",7.97296771406579,7.629326488668023,9210,0,1983,394
397,"397,5/11/2024,LINESTRING(100.73531362273805 6.961351764545371,,,",1985,1990,1985,20241030RUN01,,,,,,,05/11/2024,7.214443770131025,5.419169934015169,8.731491658000555,5.450681289702826,8.731491658000555,1.5170478878695306,"LINESTRING(100.73532576343746 6.961308224531391,100.7352792889544 6.961483000141076)",7.97296771406579,7.2412134766096505,9210,0,1988,395
398,"398,5/11/2024,LINESTRING(100.73530247518786 6.961395582442415,,,",1990,1995,1990,20241030RUN01,,,,,,,05/11/2024,7.214443770131025,5.419169934015169,8.731491658000555,5.450681289702826,8.731491658000555,1.5170478878695306,"LINESTRING(100.73532576343746 6.961308224531391,100.7352792889544 6.961483000141076)",7.97296771406579,8.433037445663564,9210,0,1993,396
399,"399,5/11/2024,LINESTRING(100.7352910518459 6.961439329670549,,,",1995,2000,1995,20241030RUN01,,,,,,,05/11/2024,7.214443770131025,5.419169934015169,8.731491658000555,5.450681289702826,8.731491658000555,1.5170478878695306,"LINESTRING(100.73532576343746 6.961308224531391,100.7352792889544 6.961483000141076)",7.97296771406579,8.705144204400282,9210,0,1998,397
400,"400,5/11/2024,LINESTRING(100.73527929813686 6.961482989373662,,,",2000,2005,2000,20241030RUN01,,,,,,,05/11/2024,4.620908272912317,3.204866582869889,4.4961640073270885,3.5003032117272164,4.620908272912317,0.1247442655852282,"LINESTRING(100.7352792889544 6.961483000141076,100.73523134290835 6.961657386150694)",4.558536140119703,4.170152193568055,9210,0,2003,398
401,"401,5/11/2024,LINESTRING(100.73526739434355 6.961526608538283,,,",2005,2010,2005,20241030RUN01,,,,,,,05/11/2024,4.620908272912317,3.204866582869889,4.4961640073270885,3.5003032117272164,4.620908272912317,0.1247442655852282,"LINESTRING(100.7352792889544 6.961483000141076,100.73523134290835 6.961657386150694)",4.558536140119703,4.714925137852061,9210,0,2008,399
402,"402,5/11/2024,LINESTRING(100.73525544031787 6.9615702139860804,,,",2010,2015,2010,20241030RUN01,,,,,,,05/11/2024,4.620908272912317,3.204866582869889,4.4961640073270885,3.5003032117272164,4.620908272912317,0.1247442655852282,"LINESTRING(100.7352792889544 6.961483000141076,100.73523134290835 6.961657386150694)",4.558536140119703,4.887483393707162,9210,0,2013,400
403,"403,5/11/2024,LINESTRING(100.73524343327844 6.961613804897415,,,",2015,2020,2015,20241030RUN01,,,,,,,05/11/2024,4.620908272912317,3.204866582869889,4.4961640073270885,3.5003032117272164,4.620908272912317,0.1247442655852282,"LINESTRING(100.7352792889544 6.961483000141076,100.73523134290835 6.961657386150694)",4.558536140119703,4.527560633331483,9210,0,2018,401
404,"404,5/11/2024,LINESTRING(100.73523135204377 6.961657375337273,,,",2020,2025,2020,20241030RUN01,,,,,,,05/11/2024,6.321571188337198,5.072774091741568,5.654400469161294,3.412582002579722,6.321571188337198,0.6671707191759042,"LINESTRING(100.73523134290835 6.961657386150694,100.73518284093353 6.9618316187460465)",5.987985828749245,6.211322121075581,9210,0,2023,402
405,"405,5/11/2024,LINESTRING(100.73521922041449 6.961700931783385,,,",2025,2030,2025,20241030RUN01,,,,,,,05/11/2024,6.321571188337198,5.072774091741568,5.654400469161294,3.412582002579722,6.321571188337198,0.6671707191759042,"LINESTRING(100.73523134290835 6.961657386150694,100.73518284093353 6.9618316187460465)",5.987985828749245,5.73914133613317,9210,0,2028,403
406,"406,5/11/2024,LINESTRING(100.73520712392866 6.961744497987992,,,",2030,2035,2030,20241030RUN01,,,,,,,05/11/2024,6.321571188337198,5.072774091741568,5.654400469161294,3.412582002579722,6.321571188337198,0.6671707191759042,"LINESTRING(100.73523134290835 6.961657386150694,100.73518284093353 6.9618316187460465)",5.987985828749245,6.343001203029349,9210,0,2033,404
407,"407,5/11/2024,LINESTRING(100.73519502010309 6.96178806225037,,,",2035,2040,2035,20241030RUN01,,,,,,,05/11/2024,6.321571188337198,5.072774091741568,5.654400469161294,3.412582002579722,6.321571188337198,0.6671707191759042,"LINESTRING(100.73523134290835 6.961657386150694,100.73518284093353 6.9618316187460465)",5.987985828749245,5.3937830272270215,9210,0,2038,405
408,"408,5/11/2024,LINESTRING(100.73518284995302 6.961831607968522,,,",2040,2045,2040,20241030RUN01,,,,,,,05/11/2024,19.35830309677317,19.507811569675614,18.931397152392567,20.508116787866943,19.35830309677317,0.4269059443806036,"LINESTRING(100.73518284093353 6.9618316187460465,100.73513513537037 6.962006070070579)",19.144850124582867,19.253212549887103,9210,0,2043,406
409,"409,5/11/2024,LINESTRING(100.73517075643696 6.961875174973561,,,",2045,2050,2045,20241030RUN01,,,,,,,05/11/2024,19.35830309677317,19.507811569675614,18.931397152392567,20.508116787866943,19.35830309677317,0.4269059443806036,"LINESTRING(100.73518284093353 6.9618316187460465,100.73513513537037 6.962006070070579)",19.144850124582867,19.222041379652833,9210,0,2048,407
410,"410,5/11/2024,LINESTRING(100.73515883953756 6.961918790566023,,,",2050,2055,2050,20241030RUN01,,,,,,,05/11/2024,19.35830309677317,19.507811569675614,18.931397152392567,20.508116787866943,19.35830309677317,0.4269059443806036,"LINESTRING(100.73518284093353 6.9618316187460465,100.73513513537037 6.962006070070579)",19.144850124582867,17.629077409868433,9210,0,2053,408
411,"411,5/11/2024,LINESTRING(100.7351469918975 6.961962425248134,,,",2055,2060,2055,20241030RUN01,,,,,,,05/11/2024,19.35830309677317,19.507811569675614,18.931397152392567,20.508116787866943,19.35830309677317,0.4269059443806036,"LINESTRING(100.73518284093353 6.9618316187460465,100.73513513537037 6.962006070070579)",19.144850124582867,20.310444654656198,9210,0,2058,409
412,"412,5/11/2024,LINESTRING(100.73513514405143 6.962006059590367,,,",2060,2065,2060,20241030RUN01,,,,,,,05/11/2024,16.488199971956437,12.190823876909423,14.580683145907788,14.016939271680098,16.488199971956437,1.9075168260486488,"LINESTRING(100.73513513537037 6.962006070070579,100.73508830508935 6.9621807585139015)",15.534441558932112,14.769181518617973,9210,0,2063,410
413,"413,5/11/2024,LINESTRING(100.73512336050268 6.962049711262696,,,",2065,2070,2065,20241030RUN01,,,,,,,05/11/2024,16.488199971956437,12.190823876909423,14.580683145907788,14.016939271680098,16.488199971956437,1.9075168260486488,"LINESTRING(100.73513513537037 6.962006070070579,100.73508830508935 6.9621807585139015)",15.534441558932112,15.21534335016258,9210,0,2068,411
414,"414,5/11/2024,LINESTRING(100.7351116688256 6.9620933876603175,,,",2070,2075,2070,20241030RUN01,,,,,,,05/11/2024,16.488199971956437,12.190823876909423,14.580683145907788,14.016939271680098,16.488199971956437,1.9075168260486488,"LINESTRING(100.73513513537037 6.962006070070579,100.73508830508935 6.9621807585139015)",15.534441558932112,16.516541043884477,9210,0,2074,412
415,"415,5/11/2024,LINESTRING(100.73510003684771 6.962137080026232,,,",2075,2080,2075,20241030RUN01,,,,,,,05/11/2024,16.488199971956437,12.190823876909423,14.580683145907788,14.016939271680098,16.488199971956437,1.9075168260486488,"LINESTRING(100.73513513537037 6.962006070070579,100.73508830508935 6.9621807585139015)",15.534441558932112,15.646332217509823,9210,0,2079,413
416,"416,5/11/2024,LINESTRING(100.73508831384505 6.962180747852344,,,",2080,2085,2080,20241030RUN01,,,,,,,05/11/2024,12.391062981722383,12.730758436014304,11.841886098721492,8.823124485944128,12.391062981722383,0.549176883000893,"LINESTRING(100.73508830508935 6.9621807585139015,100.73504071993216 6.962355243035252)",12.116474540221937,12.048963370564563,9210,0,2084,414
417,"417,5/11/2024,LINESTRING(100.73507645817526 6.962224380126323,,,",2085,2090,2085,20241030RUN01,,,,,,,05/11/2024,12.391062981722383,12.730758436014304,11.841886098721492,8.823124485944128,12.391062981722383,0.549176883000893,"LINESTRING(100.73508830508935 6.9621807585139015,100.73504071993216 6.962355243035252)",12.116474540221937,12.315327524714588,9210,0,2089,415
418,"418,5/11/2024,LINESTRING(100.73506456804428 6.962268002970711,,,",2090,2095,2090,20241030RUN01,,,,,,,05/11/2024,12.391062981722383,12.730758436014304,11.841886098721492,8.823124485944128,12.391062981722383,0.549176883000893,"LINESTRING(100.73508830508935 6.9621807585139015,100.73504071993216 6.962355243035252)",12.116474540221937,12.953097141605301,9210,0,2094,416
419,"419,5/11/2024,LINESTRING(100.73505267827419 6.962311625943156,,,",2095,2100,2095,20241030RUN01,,,,,,,05/11/2024,12.391062981722383,12.730758436014304,11.841886098721492,8.823124485944128,12.391062981722383,0.549176883000893,"LINESTRING(100.73508830508935 6.9621807585139015,100.73504071993216 6.962355243035252)",12.116474540221937,10.96779342658543,9210,0,2099,417
420,"420,5/11/2024,LINESTRING(100.73504072845789 6.9623552325539535,,,",2100,2105,2100,20241030RUN01,,,,,,,05/11/2024,15.596324259730707,12.845819191459531,14.835843488529845,10.599792039894446,15.596324259730707,0.7604807712008625,"LINESTRING(100.73504071993216 6.962355243035252,100.73499258521876 6.962529577051139)",15.216083874130277,15.57132931967801,9210,0,2104,418
421,"421,5/11/2024,LINESTRING(100.73502877450125 6.962398838001118,,,",2105,2110,2105,20241030RUN01,,,,,,,05/11/2024,15.596324259730707,12.845819191459531,14.835843488529845,10.599792039894446,15.596324259730707,0.7604807712008625,"LINESTRING(100.73504071993216 6.962355243035252,100.73499258521876 6.962529577051139)",15.216083874130277,15.985401337337965,9210,0,2109,419
422,"422,5/11/2024,LINESTRING(100.73501673408889 6.962442419782158,,,",2110,2115,2110,20241030RUN01,,,,,,,05/11/2024,15.596324259730707,12.845819191459531,14.835843488529845,10.599792039894446,15.596324259730707,0.7604807712008625,"LINESTRING(100.73504071993216 6.962355243035252,100.73499258521876 6.962529577051139)",15.216083874130277,15.330292652369215,9210,0,2114,420
423,"423,5/11/2024,LINESTRING(100.7350046494201 6.962485989286483,,,",2115,2120,2115,20241030RUN01,,,,,,,05/11/2024,15.596324259730707,12.845819191459531,14.835843488529845,10.599792039894446,15.596324259730707,0.7604807712008625,"LINESTRING(100.73504071993216 6.962355243035252,100.73499258521876 6.962529577051139)",15.216083874130277,14.073073980428104,9210,0,2119,421
424,"424,5/11/2024,LINESTRING(100.73499259364824 6.962529566596767,,,",2120,2125,2120,20241030RUN01,,,,,,,05/11/2024,37.42443792803974,30.595525673869663,32.31651511180611,29.51970596869665,37.42443792803974,5.107922816233625,"LINESTRING(100.73499258521876 6.962529577051139,100.73494435190884 6.962703883771027)",34.870476519922924,33.611541891031024,9210,0,2124,422
425,"425,5/11/2024,LINESTRING(100.73498046498274 6.962573123825872,,,",2125,2130,2125,20241030RUN01,,,,,,,05/11/2024,37.42443792803974,30.595525673869663,32.31651511180611,29.51970596869665,37.42443792803974,5.107922816233625,"LINESTRING(100.73499258521876 6.962529577051139,100.73494435190884 6.962703883771027)",34.870476519922924,38.15868008219895,9210,0,2129,423
426,"426,5/11/2024,LINESTRING(100.73496844202843 6.962616710473728,,,",2130,2135,2130,20241030RUN01,,,,,,,05/11/2024,37.42443792803974,30.595525673869663,32.31651511180611,29.51970596869665,37.42443792803974,5.107922816233625,"LINESTRING(100.73499258521876 6.962529577051139,100.73494435190884 6.962703883771027)",34.870476519922924,36.13580359768269,9210,0,2134,424
427,"427,5/11/2024,LINESTRING(100.73495642842502 6.962660299630593,,,",2135,2140,2135,20241030RUN01,,,,,,,05/11/2024,37.42443792803974,30.595525673869663,32.31651511180611,29.51970596869665,37.42443792803974,5.107922816233625,"LINESTRING(100.73499258521876 6.962529577051139,100.73494435190884 6.962703883771027)",34.870476519922924,31.7366377636971,9210,0,2139,425
428,"428,5/11/2024,LINESTRING(100.73494436003585 6.962703873594307,,,",2140,2145,2140,20241030RUN01,,,,,,,05/11/2024,48.097528062306814,43.364579992878326,44.300510716938135,36.95105630654072,48.097528062306814,3.79701734536868,"LINESTRING(100.73494435190884 6.962703883771027,100.73489648934557 6.9628782918928325)",46.19901938962248,46.53094064019477,9210,0,2144,426
429,"429,5/11/2024,LINESTRING(100.73493223754359 6.9627474325605325,,,",2145,2150,2145,20241030RUN01,,,,,,,05/11/2024,48.097528062306814,43.364579992878326,44.300510716938135,36.95105630654072,48.097528062306814,3.79701734536868,"LINESTRING(100.73494435190884 6.962703883771027,100.73489648934557 6.9628782918928325)",46.19901938962248,48.639233378533405,9210,0,2149,427
430,"430,5/11/2024,LINESTRING(100.73492025154114 6.962791029105578,,,",2150,2155,2150,20241030RUN01,,,,,,,05/11/2024,48.097528062306814,43.364579992878326,44.300510716938135,36.95105630654072,48.097528062306814,3.79701734536868,"LINESTRING(100.73494435190884 6.962703883771027,100.73489648934557 6.9628782918928325)",46.19901938962248,47.282337171146224,9210,0,2154,428
431,"431,5/11/2024,LINESTRING(100.73490837320084 6.962834655202014,,,",2155,2160,2155,20241030RUN01,,,,,,,05/11/2024,48.097528062306814,43.364579992878326,44.300510716938135,36.95105630654072,48.097528062306814,3.79701734536868,"LINESTRING(100.73494435190884 6.962703883771027,100.73489648934557 6.9628782918928325)",46.19901938962248,42.523668249325915,9210,0,2159,429
432,"432,5/11/2024,LINESTRING(100.73489649718886 6.96287828197745,,,",2160,2165,2160,20241030RUN01,,,,,,,05/11/2024,54.73844734866307,49.12059730444899,51.55915386866353,50.899390769818176,54.73844734866307,3.179293479999544,"LINESTRING(100.73489648934557 6.9628782918928325,100.73484887433489 6.963052767876906)",53.1488006086633,49.444867828020506,9210,0,2164,430
433,"433,5/11/2024,LINESTRING(100.7348846428317 6.962921914326497,,,",2165,2170,2165,20241030RUN01,,,,,,,05/11/2024,54.73844734866307,49.12059730444899,51.55915386866353,50.899390769818176,54.73844734866307,3.179293479999544,"LINESTRING(100.73489648934557 6.9628782918928325,100.73484887433489 6.963052767876906)",53.1488006086633,50.402456912184086,9210,0,2169,431
434,"434,5/11/2024,LINESTRING(100.73487266963852 6.962965514577763,,,",2170,2175,2170,20241030RUN01,,,,,,,05/11/2024,54.73844734866307,49.12059730444899,51.55915386866353,50.899390769818176,54.73844734866307,3.179293479999544,"LINESTRING(100.73489648934557 6.9628782918928325,100.73484887433489 6.963052767876906)",53.1488006086633,55.90541811869144,9210,0,2174,432
435,"435,5/11/2024,LINESTRING(100.7348607124313 6.963009119235892,,,",2175,2180,2175,20241030RUN01,,,,,,,05/11/2024,54.73844734866307,49.12059730444899,51.55915386866353,50.899390769818176,54.73844734866307,3.179293479999544,"LINESTRING(100.73489648934557 6.9628782918928325,100.73484887433489 6.963052767876906)",53.1488006086633,56.748606618363766,9210,0,2179,433
436,"436,5/11/2024,LINESTRING(100.73484888179848 6.963052758347174,,,",2180,2185,2180,20241030RUN01,,,,,,,05/11/2024,71.37021007625947,69.04421823866146,76.0313263135195,75.73429376638913,76.0313263135195,4.661116237260032,"LINESTRING(100.73484887433489 6.963052767876906,100.73480094073945 6.963227155929301)",73.70076819488949,79.58995899921848,9210,0,2184,434
437,"437,5/11/2024,LINESTRING(100.73483700170144 6.963096383794419,,,",2185,2190,2185,20241030RUN01,,,,,,,05/11/2024,71.37021007625947,69.04421823866146,76.0313263135195,75.73429376638913,76.0313263135195,4.661116237260032,"LINESTRING(100.73484887433489 6.963052767876906,100.73480094073945 6.963227155929301)",73.70076819488949,69.54026479390437,9210,0,2189,435
438,"438,5/11/2024,LINESTRING(100.73482505260435 6.963139990499557,,,",2190,2195,2190,20241030RUN01,,,,,,,05/11/2024,71.37021007625947,69.04421823866146,76.0313263135195,75.73429376638913,76.0313263135195,4.661116237260032,"LINESTRING(100.73484887433489 6.963052767876906,100.73480094073945 6.963227155929301)",73.70076819488949,75.11434191291221,9210,0,2194,436
439,"439,5/11/2024,LINESTRING(100.73481313170169 6.96318360520376,,,",2195,2200,2195,20241030RUN01,,,,,,,05/11/2024,71.37021007625947,69.04421823866146,76.0313263135195,75.73429376638913,76.0313263135195,4.661116237260032,"LINESTRING(100.73484887433489 6.963052767876906,100.73480094073945 6.963227155929301)",73.70076819488949,70.74988450491185,9210,0,2199,437
440,"440,5/11/2024,LINESTRING(100.73480094766167 6.963227146994069,,,",2200,2205,2200,20241030RUN01,,,,,,,05/11/2024,55.22186305802178,41.05459574838688,51.67218745263057,41.455600332446274,55.22186305802178,3.549675605391215,"LINESTRING(100.73480094073945 6.963227155929301,100.73475377966105 6.9634017519353355)",53.447025255326174,48.262123035098284,9210,0,2204,438
441,"441,5/11/2024,LINESTRING(100.73478875990929 6.96327068679614,,,",2205,2210,2205,20241030RUN01,,,,,,,05/11/2024,55.22186305802178,41.05459574838688,51.67218745263057,41.455600332446274,55.22186305802178,3.549675605391215,"LINESTRING(100.73480094073945 6.963227155929301,100.73475377966105 6.9634017519353355)",53.447025255326174,58.78314333805286,9210,0,2209,439
442,"442,5/11/2024,LINESTRING(100.73477701658656 6.963314349263616,,,",2210,2215,2210,20241030RUN01,,,,,,,05/11/2024,55.22186305802178,41.05459574838688,51.67218745263057,41.455600332446274,55.22186305802178,3.549675605391215,"LINESTRING(100.73480094073945 6.963227155929301,100.73475377966105 6.9634017519353355)",53.447025255326174,55.310311944708864,9210,0,2214,440
443,"443,5/11/2024,LINESTRING(100.73476550239802 6.963358072124637,,,",2215,2220,2215,20241030RUN01,,,,,,,05/11/2024,55.22186305802178,41.05459574838688,51.67218745263057,41.455600332446274,55.22186305802178,3.549675605391215,"LINESTRING(100.73480094073945 6.963227155929301,100.73475377966105 6.9634017519353355)",53.447025255326174,51.56967112989655,9210,0,2219,441
444,"444,5/11/2024,LINESTRING(100.73475378720819 6.963401742151036,,,",2220,2225,2220,20241030RUN01,,,,,,,05/11/2024,64.01905579067136,69.95513443227524,63.976834381557225,65.31425301063875,64.01905579067136,0.0422214091141341,"LINESTRING(100.73475377966105 6.9634017519353355,100.73470749412478 6.963576586627392)",63.99794508611429,61.17549556204491,9210,0,2224,442
445,"445,5/11/2024,LINESTRING(100.73474222200265 6.963445451963252,,,",2225,2230,2225,20241030RUN01,,,,,,,05/11/2024,64.01905579067136,69.95513443227524,63.976834381557225,65.31425301063875,64.01905579067136,0.0422214091141341,"LINESTRING(100.73475377966105 6.9634017519353355,100.73470749412478 6.963576586627392)",63.99794508611429,60.39756085953014,9210,0,,
446,"446,5/11/2024,LINESTRING(100.73473076024791 6.963489189347707,,,",2230,2235,2230,20241030RUN01,,,,,,,05/11/2024,64.01905579067136,69.95513443227524,63.976834381557225,65.31425301063875,64.01905579067136,0.0422214091141341,"LINESTRING(100.73475377966105 6.9634017519353355,100.73470749412478 6.963576586627392)",63.99794508611429,68.98599446743182,9210,0,2230,443
447,"447,5/11/2024,LINESTRING(100.73471917428468 6.963532893032974,,,",2235,2240,2235,20241030RUN01,,,,,,,05/11/2024,64.01905579067136,69.95513443227524,63.976834381557225,65.31425301063875,64.01905579067136,0.0422214091141341,"LINESTRING(100.73475377966105 6.9634017519353355,100.73470749412478 6.963576586627392)",63.99794508611429,65.67304881811845,9210,0,2235,444
448,"448,5/11/2024,LINESTRING(100.73470750359088 6.963576574356275,,,",2240,2245,2240,20241030RUN01,,,,,,,05/11/2024,14.391053674524873,9.839856438405056,11.951206476785714,8.444033133122241,14.391053674524873,2.439847197739157,"LINESTRING(100.73470749412478 6.963576586627392,100.73466054126246 6.96375124288055)",13.171130075655293,13.655379333384989,9210,0,2240,445
449,"449,5/11/2024,LINESTRING(100.73469572157157 6.963620226281547,,,",2245,2250,2245,20241030RUN01,,,,,,,05/11/2024,14.391053674524873,9.839856438405056,11.951206476785714,8.444033133122241,14.391053674524873,2.439847197739157,"LINESTRING(100.73470749412478 6.963576586627392,100.73466054126246 6.96375124288055)",13.171130075655293,14.368699300959953,9210,0,2245,446
450,"450,5/11/2024,LINESTRING(100.7346839387353 6.963663878107377,,,",2250,2255,2250,20241030RUN01,,,,,,,05/11/2024,14.391053674524873,9.839856438405056,11.951206476785714,8.444033133122241,14.391053674524873,2.439847197739157,"LINESTRING(100.73470749412478 6.963576586627392,100.73466054126246 6.96375124288055)",13.171130075655293,12.555971339667304,9210,0,2250,447
451,"451,5/11/2024,LINESTRING(100.73467224137227 6.963707552934091,,,",2255,2260,2255,20241030RUN01,,,,,,,05/11/2024,14.391053674524873,9.839856438405056,11.951206476785714,8.444033133122241,14.391053674524873,2.439847197739157,"LINESTRING(100.73470749412478 6.963576586627392,100.73466054126246 6.96375124288055)",13.171130075655293,12.273387524881604,9210,0,2255,448
452,"452,5/11/2024,LINESTRING(100.73466055133476 6.96375122974819,,,",2260,2265,2260,20241030RUN01,,,,,,,05/11/2024,4.314468543982015,3.0737966326428623,6.86224427322524,4.413615249116699,6.86224427322524,2.547775729243225,"LINESTRING(100.73466054126246 6.96375124288055,100.7346131846299 6.963925789399956)",5.5883564086036275,5.504223077843825,9210,0,2260,449
453,"453,5/11/2024,LINESTRING(100.73464869190053 6.9637948609093305,,,",2265,2270,2265,20241030RUN01,,,,,,,05/11/2024,4.314468543982015,3.0737966326428623,6.86224427322524,4.413615249116699,6.86224427322524,2.547775729243225,"LINESTRING(100.73466054126246 6.96375124288055,100.7346131846299 6.963925789399956)",5.5883564086036275,6.099079419815068,9210,0,2265,450
454,"454,5/11/2024,LINESTRING(100.73463672435199 6.963838462639177,,,",2270,2275,2270,20241030RUN01,,,,,,,05/11/2024,4.314468543982015,3.0737966326428623,6.86224427322524,4.413615249116699,6.86224427322524,2.547775729243225,"LINESTRING(100.73466054126246 6.96375124288055,100.7346131846299 6.963925789399956)",5.5883564086036275,5.382336349191175,9210,0,2270,451
455,"455,5/11/2024,LINESTRING(100.73462488552875 6.963882099440448,,,",2275,2280,2275,20241030RUN01,,,,,,,05/11/2024,4.314468543982015,3.0737966326428623,6.86224427322524,4.413615249116699,6.86224427322524,2.547775729243225,"LINESTRING(100.73466054126246 6.96375124288055,100.7346131846299 6.963925789399956)",5.5883564086036275,5.120676870885121,9210,0,2275,452
456,"456,5/11/2024,LINESTRING(100.73461319476336 6.963925776091124,,,",2280,2285,2280,20241030RUN01,,,,,,,05/11/2024,4.605693251162672,3.23066877980157,4.454478410818936,2.9586065531376304,4.605693251162672,0.1512148403437354,"LINESTRING(100.7346131846299 6.963925789399956,100.73456592749875 6.964100363024549)",4.530085830990804,4.278077418492397,9210,0,2280,453
457,"457,5/11/2024,LINESTRING(100.73460148645684 6.96396944801697,,,",2285,2290,2285,20241030RUN01,,,,,,,05/11/2024,4.605693251162672,3.23066877980157,4.454478410818936,2.9586065531376304,4.605693251162672,0.1512148403437354,"LINESTRING(100.7346131846299 6.963925789399956,100.73456592749875 6.964100363024549)",4.530085830990804,4.625939064905358,9210,0,2285,454
458,"458,5/11/2024,LINESTRING(100.73458965278411 6.964013086208841,,,",2290,2295,2290,20241030RUN01,,,,,,,05/11/2024,4.605693251162672,3.23066877980157,4.454478410818936,2.9586065531376304,4.605693251162672,0.1512148403437354,"LINESTRING(100.7346131846299 6.963925789399956,100.73456592749875 6.964100363024549)",4.530085830990804,4.681350249184125,9210,0,2290,455
459,"459,5/11/2024,LINESTRING(100.73457776675455 6.964056710336336,,,",2295,2300,2295,20241030RUN01,,,,,,,05/11/2024,4.605693251162672,3.23066877980157,4.454478410818936,2.9586065531376304,4.605693251162672,0.1512148403437354,"LINESTRING(100.7346131846299 6.963925789399956,100.73456592749875 6.964100363024549)",4.530085830990804,4.624218195017006,9210,0,2295,456
460,"460,5/11/2024,LINESTRING(100.73456593749422 6.9641003497946254,,,",2300,2305,2300,20241030RUN01,,,,,,,05/11/2024,6.231602150875846,4.211374983098753,3.637778414700848,3.1205536849082613,6.231602150875846,2.593823736174998,"LINESTRING(100.73456592749875 6.964100363024549,100.73451804649181 6.964274766564866)",4.934690282788347,4.8970633677848925,9210,0,2300,457
461,"461,5/11/2024,LINESTRING(100.73455414952119 6.964144000396249,,,",2305,2310,2305,20241030RUN01,,,,,,,05/11/2024,6.231602150875846,4.211374983098753,3.637778414700848,3.1205536849082613,6.231602150875846,2.593823736174998,"LINESTRING(100.73456592749875 6.964100363024549,100.73451804649181 6.964274766564866)",4.934690282788347,5.110525036258233,9210,0,2305,458
462,"462,5/11/2024,LINESTRING(100.73454224527835 6.9641876193772285,,,",2310,2315,2310,20241030RUN01,,,,,,,05/11/2024,6.231602150875846,4.211374983098753,3.637778414700848,3.1205536849082613,6.231602150875846,2.593823736174998,"LINESTRING(100.73456592749875 6.964100363024549,100.73451804649181 6.964274766564866)",4.934690282788347,5.4197589713849865,9210,0,2310,459
463,"463,5/11/2024,LINESTRING(100.73453016774887 6.964231190693982,,,",2315,2320,2315,20241030RUN01,,,,,,,05/11/2024,6.231602150875846,4.211374983098753,3.637778414700848,3.1205536849082613,6.231602150875846,2.593823736174998,"LINESTRING(100.73456592749875 6.964100363024549,100.73451804649181 6.964274766564866)",4.934690282788347,4.489889798614741,9210,0,2315,460
464,"464,5/11/2024,LINESTRING(100.73451805683948 6.9642747527830355,,,",2320,2325,2320,20241030RUN01,,,,,,,05/11/2024,4.907376589426057,3.716897108235172,3.2894117422595563,2.3765458103258528,4.907376589426057,1.6179648471665002,"LINESTRING(100.73451804649181 6.964274766564866,100.73447105272092 6.964449410060466)",4.098394165842807,4.303229150223721,9210,0,2320,461
465,"465,5/11/2024,LINESTRING(100.7345060531133 6.964318344476597,,,",2325,2330,2325,20241030RUN01,,,,,,,05/11/2024,4.907376589426057,3.716897108235172,3.2894117422595563,2.3765458103258528,4.907376589426057,1.6179648471665002,"LINESTRING(100.73451804649181 6.964274766564866,100.73447105272092 6.964449410060466)",4.098394165842807,3.9230518046210086,9210,0,2325,462
466,"466,5/11/2024,LINESTRING(100.73449424013822 6.964361988156793,,,",2330,2335,2330,20241030RUN01,,,,,,,05/11/2024,4.907376589426057,3.716897108235172,3.2894117422595563,2.3765458103258528,4.907376589426057,1.6179648471665002,"LINESTRING(100.73451804649181 6.964274766564866,100.73447105272092 6.964449410060466)",4.098394165842807,4.505122665483501,9210,0,2330,463
467,"467,5/11/2024,LINESTRING(100.73448260696613 6.9644056801732415,,,",2335,2340,2335,20241030RUN01,,,,,,,05/11/2024,4.907376589426057,3.716897108235172,3.2894117422595563,2.3765458103258528,4.907376589426057,1.6179648471665002,"LINESTRING(100.73451804649181 6.964274766564866,100.73447105272092 6.964449410060466)",4.098394165842807,3.825991946101937,9210,0,2335,464
468,"468,5/11/2024,LINESTRING(100.7344710632757 6.964449395908847,,,",2340,2345,2340,20241030RUN01,,,,,,,05/11/2024,4.018887538042124,3.3470149019448736,3.726129969783731,2.496280626829682,4.018887538042124,0.2927575682583931,"LINESTRING(100.73447105272092 6.964449410060466,100.73442480608954 6.964624254111425)",3.8725087539129275,4.1220980577272055,9210,0,2340,465
469,"469,5/11/2024,LINESTRING(100.73445954477873 6.964493118254444,,,",2345,2350,2345,20241030RUN01,,,,,,,05/11/2024,4.018887538042124,3.3470149019448736,3.726129969783731,2.496280626829682,4.018887538042124,0.2927575682583931,"LINESTRING(100.73447105272092 6.964449410060466,100.73442480608954 6.964624254111425)",3.8725087539129275,3.621671900995421,9210,0,2345,466
470,"470,5/11/2024,LINESTRING(100.73444799642112 6.964536832730699,,,",2350,2355,2350,20241030RUN01,,,,,,,05/11/2024,4.018887538042124,3.3470149019448736,3.726129969783731,2.496280626829682,4.018887538042124,0.2927575682583931,"LINESTRING(100.73447105272092 6.964449410060466,100.73442480608954 6.964624254111425)",3.8725087539129275,4.22245780940795,9210,0,2350,467
471,"471,5/11/2024,LINESTRING(100.73443641141478 6.964580537485644,,,",2355,2360,2355,20241030RUN01,,,,,,,05/11/2024,4.018887538042124,3.3470149019448736,3.726129969783731,2.496280626829682,4.018887538042124,0.2927575682583931,"LINESTRING(100.73447105272092 6.964449410060466,100.73442480608954 6.964624254111425)",3.8725087539129275,3.5995762896176955,9210,0,2355,468
472,"472,5/11/2024,LINESTRING(100.73442481677124 6.964624239690842,,,",2360,2365,2360,20241030RUN01,,,,,,,05/11/2024,4.240235989108506,3.141326503360384,4.555419605333906,3.363716967332193,4.555419605333906,0.3151836162253998,"LINESTRING(100.73442480608954 6.964624254111425,100.7343780042228 6.964798950273984)",4.397827797221206,4.280051031331174,9210,0,2360,469
473,"473,5/11/2024,LINESTRING(100.73441320424413 6.964667937150926,,,",2365,2370,2365,20241030RUN01,,,,,,,05/11/2024,4.240235989108506,3.141326503360384,4.555419605333906,3.363716967332193,4.555419605333906,0.3151836162253998,"LINESTRING(100.73442480608954 6.964624254111425,100.7343780042228 6.964798950273984)",4.397827797221206,4.755016121583756,9210,0,2365,470
474,"474,5/11/2024,LINESTRING(100.73440154672565 6.964711622718688,,,",2370,2375,2370,20241030RUN01,,,,,,,05/11/2024,4.240235989108506,3.141326503360384,4.555419605333906,3.363716967332193,4.555419605333906,0.3151836162253998,"LINESTRING(100.73442480608954 6.964624254111425,100.7343780042228 6.964798950273984)",4.397827797221206,4.294735602870252,9210,0,2370,471
475,"475,5/11/2024,LINESTRING(100.73438982633971 6.964755291443218,,,",2375,2380,2375,20241030RUN01,,,,,,,05/11/2024,4.240235989108506,3.141326503360384,4.555419605333906,3.363716967332193,4.555419605333906,0.3151836162253998,"LINESTRING(100.73442480608954 6.964624254111425,100.7343780042228 6.964798950273984)",4.397827797221206,4.462439432383976,9210,0,2375,472
476,"476,5/11/2024,LINESTRING(100.7343780149832 6.964798935647919,,,",2380,2385,2380,20241030RUN01,,,,,,,05/11/2024,3.705035034015751,2.38986020547829,3.901273789321405,3.123312884014468,3.901273789321405,0.1962387553056537,"LINESTRING(100.7343780042228 6.964798950273984,100.73432977560728 6.964973258818217)",3.803154411668578,3.918930314532151,9210,0,2381,473
477,"477,5/11/2024,LINESTRING(100.73436607015138 6.964842543546375,,,",2385,2390,2385,20241030RUN01,,,,,,,05/11/2024,3.705035034015751,2.38986020547829,3.901273789321405,3.123312884014468,3.901273789321405,0.1962387553056537,"LINESTRING(100.7343780042228 6.964798950273984,100.73432977560728 6.964973258818217)",3.803154411668578,3.672813121077424,9210,0,2386,474
478,"478,5/11/2024,LINESTRING(100.73435400877463 6.964886119388176,,,",2390,2395,2390,20241030RUN01,,,,,,,05/11/2024,3.705035034015751,2.38986020547829,3.901273789321405,3.123312884014468,3.901273789321405,0.1962387553056537,"LINESTRING(100.7343780042228 6.964798950273984,100.73432977560728 6.964973258818217)",3.803154411668578,3.537692101435868,9210,0,2391,475
479,"479,5/11/2024,LINESTRING(100.73434190152764 6.964929682581298,,,",2395,2400,2395,20241030RUN01,,,,,,,05/11/2024,3.705035034015751,2.38986020547829,3.901273789321405,3.123312884014468,3.901273789321405,0.1962387553056537,"LINESTRING(100.7343780042228 6.964798950273984,100.73432977560728 6.964973258818217)",3.803154411668578,4.1174174798062975,9210,0,2396,476
480,"480,5/11/2024,LINESTRING(100.73432978669481 6.964973243656534,,,",2400,2405,2400,20241030RUN01,,,,,,,05/11/2024,4.721927792712712,3.090904698942625,3.596338085837101,2.401192331117527,4.721927792712712,1.1255897068756116,"LINESTRING(100.73432977560728 6.964973258818217,100.73428133309682 6.965147508188425)",4.159132939274906,4.54806728304033,9210,0,2401,477
481,"481,5/11/2024,LINESTRING(100.73431767872746 6.965016806668798,,,",2405,2410,2405,20241030RUN01,,,,,,,05/11/2024,4.721927792712712,3.090904698942625,3.596338085837101,2.401192331117527,4.721927792712712,1.1255897068756116,"LINESTRING(100.73432977560728 6.964973258818217,100.73428133309682 6.965147508188425)",4.159132939274906,4.193420707824043,9210,0,2406,478
482,"482,5/11/2024,LINESTRING(100.73430557885716 6.965060371943072,,,",2410,2415,2410,20241030RUN01,,,,,,,05/11/2024,4.721927792712712,3.090904698942625,3.596338085837101,2.401192331117527,4.721927792712712,1.1255897068756116,"LINESTRING(100.73432977560728 6.964973258818217,100.73428133309682 6.965147508188425)",4.159132939274906,3.9194646007929803,9210,0,2411,479
483,"483,5/11/2024,LINESTRING(100.73429346352425 6.965103932898812,,,",2415,2420,2415,20241030RUN01,,,,,,,05/11/2024,4.721927792712712,3.090904698942625,3.596338085837101,2.401192331117527,4.721927792712712,1.1255897068756116,"LINESTRING(100.73432977560728 6.964973258818217,100.73428133309682 6.965147508188425)",4.159132939274906,4.061984898808799,9210,0,2416,480
484,"484,5/11/2024,LINESTRING(100.73428134425521 6.9651474928302655,,,",2420,2425,2420,20241030RUN01,,,,,,,05/11/2024,2.9568282984864207,2.057828849838061,2.9017674999435688,2.264734440765499,2.9568282984864207,0.0550607985428519,"LINESTRING(100.73428133309682 6.965147508188425,100.73423503337399 6.965322331768956)",2.929297899214995,2.887112494184189,9210,0,2421,481
485,"485,5/11/2024,LINESTRING(100.73426932235536 6.96519107973469,,,",2425,2430,2425,20241030RUN01,,,,,,,05/11/2024,2.9568282984864207,2.057828849838061,2.9017674999435688,2.264734440765499,2.9568282984864207,0.0550607985428519,"LINESTRING(100.73428133309682 6.965147508188425,100.73423503337399 6.965322331768956)",2.929297899214995,2.841657135594789,9210,0,2426,482
486,"486,5/11/2024,LINESTRING(100.73425757016541 6.9652347399491195,,,",2430,2435,2430,20241030RUN01,,,,,,,05/11/2024,2.9568282984864207,2.057828849838061,2.9017674999435688,2.264734440765499,2.9568282984864207,0.0550607985428519,"LINESTRING(100.73428133309682 6.965147508188425,100.73423503337399 6.965322331768956)",2.929297899214995,2.715438232976395,9210,0,2431,483
487,"487,5/11/2024,LINESTRING(100.7342461741067 6.965278494309095,,,",2435,2440,2435,20241030RUN01,,,,,,,05/11/2024,2.9568282984864207,2.057828849838061,2.9017674999435688,2.264734440765499,2.9568282984864207,0.0550607985428519,"LINESTRING(100.73428133309682 6.965147508188425,100.73423503337399 6.965322331768956)",2.929297899214995,3.107477603128543,9210,0,2436,484
488,"488,5/11/2024,LINESTRING(100.73423504400076 6.965322317025427,,,",2440,2445,2440,20241030RUN01,,,,,,,05/11/2024,3.1093987857911918,2.209542779979,2.93676973684808,2.520763516828965,3.1093987857911918,0.1726290489431114,"LINESTRING(100.73423503337399 6.965322331768956,100.73419169434791 6.96549791689143)",3.023084261319636,3.0919922558091004,9210,0,2441,485
489,"489,5/11/2024,LINESTRING(100.73422408527685 6.965366182860448,,,",2445,2450,2445,20241030RUN01,,,,,,,05/11/2024,3.1093987857911918,2.209542779979,2.93676973684808,2.520763516828965,3.1093987857911918,0.1726290489431114,"LINESTRING(100.73423503337399 6.965322331768956,100.73419169434791 6.96549791689143)",3.023084261319636,2.8346524643566853,9210,0,2446,486
490,"490,5/11/2024,LINESTRING(100.73421329744362 6.965410090955975,,,",2450,2455,2450,20241030RUN01,,,,,,,05/11/2024,3.1093987857911918,2.209542779979,2.93676973684808,2.520763516828965,3.1093987857911918,0.1726290489431114,"LINESTRING(100.73423503337399 6.965322331768956,100.73419169434791 6.96549791689143)",3.023084261319636,3.2725821845150063,9210,0,2451,487
491,"491,5/11/2024,LINESTRING(100.73420260952665 6.965454023438292,,,",2455,2460,2455,20241030RUN01,,,,,,,05/11/2024,3.1093987857911918,2.209542779979,2.93676973684808,2.520763516828965,3.1093987857911918,0.1726290489431114,"LINESTRING(100.73423503337399 6.965322331768956,100.73419169434791 6.96549791689143)",3.023084261319636,2.8993049173753205,9210,0,2456,488
492,"492,5/11/2024,LINESTRING(100.73419170465068 6.9654979024863675,,,",2460,2465,2460,20241030RUN01,,,,,,,05/11/2024,3.843515972336542,2.6619746394201456,2.61252245636267,2.6400233615707744,3.843515972336542,1.230993515973872,"LINESTRING(100.73419169434791 6.96549791689143,100.73414394789256 6.965672351545435)",3.2280192143496063,3.2072753363342956,9210,0,2461,489
493,"493,5/11/2024,LINESTRING(100.73418030587389 6.965541655802438,,,",2465,2470,2465,20241030RUN01,,,,,,,05/11/2024,3.843515972336542,2.6619746394201456,2.61252245636267,2.6400233615707744,3.843515972336542,1.230993515973872,"LINESTRING(100.73419169434791 6.96549791689143,100.73414394789256 6.965672351545435)",3.2280192143496063,3.089548997572229,9210,0,2466,490
494,"494,5/11/2024,LINESTRING(100.7341684301829 6.9655852824449385,,,",2470,2475,2470,20241030RUN01,,,,,,,05/11/2024,3.843515972336542,2.6619746394201456,2.61252245636267,2.6400233615707744,3.843515972336542,1.230993515973872,"LINESTRING(100.73419169434791 6.96549791689143,100.73414394789256 6.965672351545435)",3.2280192143496063,3.485245476125022,9210,0,2471,491
495,"495,5/11/2024,LINESTRING(100.73415625510468 6.96562882677943,,,",2475,2480,2475,20241030RUN01,,,,,,,05/11/2024,3.843515972336542,2.6619746394201456,2.61252245636267,2.6400233615707744,3.843515972336542,1.230993515973872,"LINESTRING(100.73419169434791 6.96549791689143,100.73414394789256 6.965672351545435)",3.2280192143496063,3.281915813422791,9210,0,2476,492
496,"496,5/11/2024,LINESTRING(100.73414395821732 6.965672337017342,,,",2480,2485,2480,20241030RUN01,,,,,,,05/11/2024,3.949827797324594,2.806131134168945,2.352536654422293,1.4567275018432984,3.949827797324594,1.5972911429023005,"LINESTRING(100.73414394789256 6.965672351545435,100.7340955083299 6.965846600109913)",3.1511822258734434,2.966916509192935,9210,0,2481,493
497,"497,5/11/2024,LINESTRING(100.73413167321405 6.965715850648254,,,",2485,2490,2485,20241030RUN01,,,,,,,05/11/2024,3.949827797324594,2.806131134168945,2.352536654422293,1.4567275018432984,3.949827797324594,1.5972911429023005,"LINESTRING(100.73414394789256 6.965672351545435,100.7340955083299 6.965846600109913)",3.1511822258734434,3.366134440439447,9210,0,2486,494
498,"498,5/11/2024,LINESTRING(100.73411948779454 6.965759392261674,,,",2490,2495,2490,20241030RUN01,,,,,,,05/11/2024,3.949827797324594,2.806131134168945,2.352536654422293,1.4567275018432984,3.949827797324594,1.5972911429023005,"LINESTRING(100.73414394789256 6.965672351545435,100.7340955083299 6.965846600109913)",3.1511822258734434,3.1442057341374374,9210,0,2491,495
499,"499,5/11/2024,LINESTRING(100.7341074293953 6.965802969159253,,,",2495,2500,2495,20241030RUN01,,,,,,,05/11/2024,3.949827797324594,2.806131134168945,2.352536654422293,1.4567275018432984,3.949827797324594,1.5972911429023005,"LINESTRING(100.73414394789256 6.965672351545435,100.7340955083299 6.965846600109913)",3.1511822258734434,3.3907769955630145,9210,0,2496,496
500,"500,5/11/2024,LINESTRING(100.73409551800705 6.9658465863839645,,,",2500,2505,2500,20241030RUN01,,,,,,,05/11/2024,3.910775125162953,2.7613051913012074,3.1112732971973407,2.2561012606973523,3.910775125162953,0.7995018279656119,"LINESTRING(100.7340955083299 6.965846600109913,100.73404917776402 6.96602142118203)",3.511024211180147,3.162385773601754,9210,0,2501,497
501,"501,5/11/2024,LINESTRING(100.73408377392312 6.965890248839446,,,",2505,2510,2505,20241030RUN01,,,,,,,05/11/2024,3.910775125162953,2.7613051913012074,3.1112732971973407,2.2561012606973523,3.910775125162953,0.7995018279656119,"LINESTRING(100.7340955083299 6.965846600109913,100.73404917776402 6.96602142118203)",3.511024211180147,3.8305521988276428,9210,0,2506,498
502,"502,5/11/2024,LINESTRING(100.73407218907727 6.965933953733977,,,",2510,2515,2510,20241030RUN01,,,,,,,05/11/2024,3.910775125162953,2.7613051913012074,3.1112732971973407,2.2561012606973523,3.910775125162953,0.7995018279656119,"LINESTRING(100.7340955083299 6.965846600109913,100.73404917776402 6.96602142118203)",3.511024211180147,3.6092562181439742,9210,0,2511,499
503,"503,5/11/2024,LINESTRING(100.73406068687821 6.965977680412537,,,",2515,2520,2515,20241030RUN01,,,,,,,05/11/2024,3.910775125162953,2.7613051913012074,3.1112732971973407,2.2561012606973523,3.910775125162953,0.7995018279656119,"LINESTRING(100.7340955083299 6.965846600109913,100.73404917776402 6.96602142118203)",3.511024211180147,3.521352117407261,9210,0,2516,500
504,"504,5/11/2024,LINESTRING(100.73404918718494 6.966021407724191,,,",2520,2525,2520,20241030RUN01,,,,,,,05/11/2024,3.484616197259779,2.503990322431118,3.0525365567804226,1.9751041867591328,3.484616197259779,0.4320796404793565,"LINESTRING(100.73404917776402 6.96602142118203,100.73400362232317 6.966196445646798)",3.268576377020101,3.1861222660222333,9210,0,2521,501
505,"505,5/11/2024,LINESTRING(100.73403770085783 6.9660651385970835,,,",2525,2530,2525,20241030RUN01,,,,,,,05/11/2024,3.484616197259779,2.503990322431118,3.0525365567804226,1.9751041867591328,3.484616197259779,0.4320796404793565,"LINESTRING(100.73404917776402 6.96602142118203,100.73400362232317 6.966196445646798)",3.268576377020101,3.2419989641900826,9210,0,2526,502
506,"506,5/11/2024,LINESTRING(100.73402626019121 6.966108881414681,,,",2530,2535,2530,20241030RUN01,,,,,,,05/11/2024,3.484616197259779,2.503990322431118,3.0525365567804226,1.9751041867591328,3.484616197259779,0.4320796404793565,"LINESTRING(100.73404917776402 6.96602142118203,100.73400362232317 6.966196445646798)",3.268576377020101,3.0485912931397046,9210,0,2531,503
507,"507,5/11/2024,LINESTRING(100.73401489341013 6.966152643394643,,,",2535,2540,2535,20241030RUN01,,,,,,,05/11/2024,3.484616197259779,2.503990322431118,3.0525365567804226,1.9751041867591328,3.484616197259779,0.4320796404793565,"LINESTRING(100.73404917776402 6.96602142118203,100.73400362232317 6.966196445646798)",3.268576377020101,3.4720732759809856,9210,0,2537,504
508,"508,5/11/2024,LINESTRING(100.73400363147786 6.966196432475681,,,",2540,2545,2540,20241030RUN01,,,,,,,05/11/2024,4.750156933857622,3.2036918206028,3.064438597882432,2.127129379114193,4.750156933857622,1.6857183359751904,"LINESTRING(100.73400362232317 6.966196445646798,100.73395820552098 6.966371506296285)",3.9072977658700268,4.009355512206313,9210,0,2542,505
509,"509,5/11/2024,LINESTRING(100.73399238372001 6.966240225223275,,,",2545,2550,2545,20241030RUN01,,,,,,,05/11/2024,4.750156933857622,3.2036918206028,3.064438597882432,2.127129379114193,4.750156933857622,1.6857183359751904,"LINESTRING(100.73400362232317 6.966196445646798,100.73395820552098 6.966371506296285)",3.9072977658700268,3.77663070639272,9210,0,2547,506
510,"510,5/11/2024,LINESTRING(100.73398104766655 6.966283995156294,,,",2550,2555,2550,20241030RUN01,,,,,,,05/11/2024,4.750156933857622,3.2036918206028,3.064438597882432,2.127129379114193,4.750156933857622,1.6857183359751904,"LINESTRING(100.73400362232317 6.966196445646798,100.73395820552098 6.966371506296285)",3.9072977658700268,3.93844606412241,9210,0,2552,507
511,"511,5/11/2024,LINESTRING(100.73396964658512 6.9663277482111035,,,",2555,2560,2555,20241030RUN01,,,,,,,05/11/2024,4.750156933857622,3.2036918206028,3.064438597882432,2.127129379114193,4.750156933857622,1.6857183359751904,"LINESTRING(100.73400362232317 6.966196445646798,100.73395820552098 6.966371506296285)",3.9072977658700268,3.8000310198039147,9210,0,2557,508
512,"512,5/11/2024,LINESTRING(100.73395821452188 6.966371493258855,,,",2560,2565,2560,20241030RUN01,,,,,,,05/11/2024,4.318284496968153,3.002915974973513,2.8811088593513805,2.22490098616544,4.318284496968153,1.4371756376167726,"LINESTRING(100.73395820552098 6.966371506296285,100.73391255059303 6.96654650504799)",3.599696678159767,3.8309137991923814,9210,0,2562,509
513,"513,5/11/2024,LINESTRING(100.73394675539822 6.966415231276294,,,",2565,2570,2565,20241030RUN01,,,,,,,05/11/2024,4.318284496968153,3.002915974973513,2.8811088593513805,2.22490098616544,4.318284496968153,1.4371756376167726,"LINESTRING(100.73395820552098 6.966371506296285,100.73391255059303 6.96654650504799)",3.599696678159767,3.4527520105440908,9210,0,2567,510
514,"514,5/11/2024,LINESTRING(100.7339353333725 6.9664589790122,,,",2570,2575,2570,20241030RUN01,,,,,,,05/11/2024,4.318284496968153,3.002915974973513,2.8811088593513805,2.22490098616544,4.318284496968153,1.4371756376167726,"LINESTRING(100.73395820552098 6.966371506296285,100.73391255059303 6.96654650504799)",3.599696678159767,3.303949138998165,9210,0,2572,511
515,"515,5/11/2024,LINESTRING(100.73392396502142 6.966502740669008,,,",2575,2580,2575,20241030RUN01,,,,,,,05/11/2024,4.318284496968153,3.002915974973513,2.8811088593513805,2.22490098616544,4.318284496968153,1.4371756376167726,"LINESTRING(100.73395820552098 6.966371506296285,100.73391255059303 6.96654650504799)",3.599696678159767,3.6673236668560905,9210,0,2577,512
516,"516,5/11/2024,LINESTRING(100.73391255914494 6.96654649256583,,,",2580,2585,2580,20241030RUN01,,,,,,,05/11/2024,3.1035978022743658,2.393544257749988,2.7375064109057026,1.930996095740004,3.1035978022743658,0.3660913913686632,"LINESTRING(100.73391255059303 6.96654650504799,100.7338666657518 6.9667214438532525)",2.9205521065900344,3.029738915426454,9210,0,2582,513
517,"517,5/11/2024,LINESTRING(100.7339010877281 6.966590227323452,,,",2585,2590,2585,20241030RUN01,,,,,,,05/11/2024,3.1035978022743658,2.393544257749988,2.7375064109057026,1.930996095740004,3.1035978022743658,0.3660913913686632,"LINESTRING(100.73391255059303 6.96654650504799,100.7338666657518 6.9667214438532525)",2.9205521065900344,2.882122884541884,9210,0,2587,514
518,"518,5/11/2024,LINESTRING(100.7338895645642 6.966633948511479,,,",2590,2595,2590,20241030RUN01,,,,,,,05/11/2024,3.1035978022743658,2.393544257749988,2.7375064109057026,1.930996095740004,3.1035978022743658,0.3660913913686632,"LINESTRING(100.73391255059303 6.96654650504799,100.7338666657518 6.9667214438532525)",2.9205521065900344,3.1317848267297763,9210,0,2592,515
519,"519,5/11/2024,LINESTRING(100.73387804913928 6.966677671664841,,,",2595,2600,2595,20241030RUN01,,,,,,,05/11/2024,3.1035978022743658,2.393544257749988,2.7375064109057026,1.930996095740004,3.1035978022743658,0.3660913913686632,"LINESTRING(100.73391255059303 6.96654650504799,100.7338666657518 6.9667214438532525)",2.9205521065900344,2.7368051889235225,9210,0,2597,516
520,"520,5/11/2024,LINESTRING(100.73386667417273 6.9667214314822905,,,",2600,2605,2600,20241030RUN01,,,,,,,05/11/2024,3.322573960735041,2.218889158211393,3.398047074337276,2.311757472732056,3.398047074337276,0.0754731136022344,"LINESTRING(100.7338666657518 6.9667214438532525,100.73382152458501 6.966896576000219)",3.3603105175361585,3.444700365401823,9210,0,2602,517
521,"521,5/11/2024,LINESTRING(100.73385543394588 6.966765226043309,,,",2605,2610,2605,20241030RUN01,,,,,,,05/11/2024,3.322573960735041,2.218889158211393,3.398047074337276,2.311757472732056,3.398047074337276,0.0754731136022344,"LINESTRING(100.7338666657518 6.9667214438532525,100.73382152458501 6.966896576000219)",3.3603105175361585,3.4766766531725537,9210,0,2607,518
522,"522,5/11/2024,LINESTRING(100.73384420562675 6.966809023652031,,,",2610,2615,2610,20241030RUN01,,,,,,,05/11/2024,3.322573960735041,2.218889158211393,3.398047074337276,2.311757472732056,3.398047074337276,0.0754731136022344,"LINESTRING(100.7338666657518 6.9667214438532525,100.73382152458501 6.966896576000219)",3.3603105175361585,3.529902578093081,9210,0,2612,519
523,"523,5/11/2024,LINESTRING(100.73383290175948 6.966852801888481,,,",2615,2620,2615,20241030RUN01,,,,,,,05/11/2024,3.322573960735041,2.218889158211393,3.398047074337276,2.311757472732056,3.398047074337276,0.0754731136022344,"LINESTRING(100.7338666657518 6.9667214438532525,100.73382152458501 6.966896576000219)",3.3603105175361585,3.025757288630461,9210,0,2617,520
524,"524,5/11/2024,LINESTRING(100.73382153312527 6.966896563383365,,,",2620,2625,2620,20241030RUN01,,,,,,,05/11/2024,3.859711524505865,2.5971739507830884,3.197994870524064,2.0925678167466635,3.859711524505865,0.6617166539818009,"LINESTRING(100.73382152458501 6.966896576000219,100.73377560653665 6.967071506323863)",3.528853197514964,3.546068136354713,9210,0,2622,521
525,"525,5/11/2024,LINESTRING(100.73381011949934 6.9669403131903325,,,",2625,2630,2625,20241030RUN01,,,,,,,05/11/2024,3.859711524505865,2.5971739507830884,3.197994870524064,2.0925678167466635,3.859711524505865,0.6617166539818009,"LINESTRING(100.73382152458501 6.966896576000219,100.73377560653665 6.967071506323863)",3.528853197514964,3.2476333366706163,9210,0,2627,522
526,"526,5/11/2024,LINESTRING(100.73379865803498 6.966984050513393,,,",2630,2635,2630,20241030RUN01,,,,,,,05/11/2024,3.859711524505865,2.5971739507830884,3.197994870524064,2.0925678167466635,3.859711524505865,0.6617166539818009,"LINESTRING(100.73382152458501 6.966896576000219,100.73377560653665 6.967071506323863)",3.528853197514964,3.6226658324621592,9210,0,2632,523
527,"527,5/11/2024,LINESTRING(100.73378715659464 6.967027777358014,,,",2635,2640,2635,20241030RUN01,,,,,,,05/11/2024,3.859711524505865,2.5971739507830884,3.197994870524064,2.0925678167466635,3.859711524505865,0.6617166539818009,"LINESTRING(100.73382152458501 6.966896576000219,100.73377560653665 6.967071506323863)",3.528853197514964,3.4523539322258108,9210,0,2637,524
528,"528,5/11/2024,LINESTRING(100.7337756150352 6.96707149369241,,,",2640,2645,2640,20241030RUN01,,,,,,,05/11/2024,4.442722812154293,2.907487674359349,3.1567415106914893,2.334239413143898,4.442722812154293,1.2859813014628036,"LINESTRING(100.73377560653665 6.967071506323863,100.73372938211588 6.967246356145263)",3.799732161422891,3.5644432362050047,9210,0,2642,525
529,"529,5/11/2024,LINESTRING(100.7337640250489 6.967115197214059,,,",2645,2650,2645,20241030RUN01,,,,,,,05/11/2024,4.442722812154293,2.907487674359349,3.1567415106914893,2.334239413143898,4.442722812154293,1.2859813014628036,"LINESTRING(100.73377560653665 6.967071506323863,100.73372938211588 6.967246356145263)",3.799732161422891,3.9911887416735685,9210,0,2647,526
530,"530,5/11/2024,LINESTRING(100.73375244008601 6.967158902042049,,,",2650,2655,2650,20241030RUN01,,,,,,,05/11/2024,4.442722812154293,2.907487674359349,3.1567415106914893,2.334239413143898,4.442722812154293,1.2859813014628036,"LINESTRING(100.73377560653665 6.967071506323863,100.73372938211588 6.967246356145263)",3.799732161422891,3.4552788866109534,9210,0,2652,527
531,"531,5/11/2024,LINESTRING(100.73374090698111 6.967202620524228,,,",2655,2660,2655,20241030RUN01,,,,,,,05/11/2024,4.442722812154293,2.907487674359349,3.1567415106914893,2.334239413143898,4.442722812154293,1.2859813014628036,"LINESTRING(100.73377560653665 6.967071506323863,100.73372938211588 6.967246356145263)",3.799732161422891,3.9160497051825267,9210,0,2657,528
532,"532,5/11/2024,LINESTRING(100.73372939063327 6.967246343413493,,,",2660,2665,2660,20241030RUN01,,,,,,,05/11/2024,3.83993613173922,2.619502866656265,3.394505956486703,2.8625740591860707,3.83993613173922,0.4454301752525169,"LINESTRING(100.73372938211588 6.967246356145263,100.73368310266639 6.967421191802623)",3.6172210441129615,3.7453963072778054,9210,0,2662,529
533,"533,5/11/2024,LINESTRING(100.73371786811722 6.967290064622515,,,",2665,2670,2665,20241030RUN01,,,,,,,05/11/2024,3.83993613173922,2.619502866656265,3.394505956486703,2.8625740591860707,3.83993613173922,0.4454301752525169,"LINESTRING(100.73372938211588 6.967246356145263,100.73368310266639 6.967421191802623)",3.6172210441129615,3.3380157401042894,9210,0,2667,530
534,"534,5/11/2024,LINESTRING(100.73370630606234 6.967333775405396,,,",2670,2675,2670,20241030RUN01,,,,,,,05/11/2024,3.83993613173922,2.619502866656265,3.394505956486703,2.8625740591860707,3.83993613173922,0.4454301752525169,"LINESTRING(100.73372938211588 6.967246356145263,100.73368310266639 6.967421191802623)",3.6172210441129615,3.8172426710766336,9210,0,2672,531
535,"535,5/11/2024,LINESTRING(100.73369468989274 6.967377471857121,,,",2675,2680,2675,20241030RUN01,,,,,,,05/11/2024,3.83993613173922,2.619502866656265,3.394505956486703,2.8625740591860707,3.83993613173922,0.4454301752525169,"LINESTRING(100.73372938211588 6.967246356145263,100.73368310266639 6.967421191802623)",3.6172210441129615,3.8577633276104373,9210,0,2677,532
536,"536,5/11/2024,LINESTRING(100.73368311164525 6.967421178324835,,,",2680,2685,2680,20241030RUN01,,,,,,,05/11/2024,3.632828907259872,2.419862272687696,2.612415016759226,2.184593863713316,3.632828907259872,1.0204138905006457,"LINESTRING(100.73368310266639 6.967421191802623,100.73363694847535 6.967596060368458)",3.122621962009549,3.1051437635578583,9210,0,2682,533
537,"537,5/11/2024,LINESTRING(100.73367157541647 6.967464895904301,,,",2685,2690,2685,20241030RUN01,,,,,,,05/11/2024,3.632828907259872,2.419862272687696,2.612415016759226,2.184593863713316,3.632828907259872,1.0204138905006457,"LINESTRING(100.73368310266639 6.967421191802623,100.73363694847535 6.967596060368458)",3.122621962009549,3.24598847286077,9210,0,2688,534
538,"538,5/11/2024,LINESTRING(100.73366003558164 6.9675086126260615,,,",2690,2695,2690,20241030RUN01,,,,,,,05/11/2024,3.632828907259872,2.419862272687696,2.612415016759226,2.184593863713316,3.632828907259872,1.0204138905006457,"LINESTRING(100.73368310266639 6.967421191802623,100.73363694847535 6.967596060368458)",3.122621962009549,2.899193464260489,9210,0,2693,535
539,"539,5/11/2024,LINESTRING(100.7336484928508 6.9675523286089645,,,",2695,2700,2695,20241030RUN01,,,,,,,05/11/2024,3.632828907259872,2.419862272687696,2.612415016759226,2.184593863713316,3.632828907259872,1.0204138905006457,"LINESTRING(100.73368310266639 6.967421191802623,100.73363694847535 6.967596060368458)",3.122621962009549,3.390660010758252,9210,0,2698,536
540,"540,5/11/2024,LINESTRING(100.73363695763133 6.967596046554225,,,",2700,2705,2700,20241030RUN01,,,,,,,05/11/2024,3.097734213863081,2.5133680800832567,2.470595821284846,1.639797518889497,3.097734213863081,0.6271383925782352,"LINESTRING(100.73363694847535 6.967596060368458,100.73359081961226 6.967770935287276)",2.7841650175739634,2.7714057285627303,9210,0,2703,537
541,"541,5/11/2024,LINESTRING(100.7336254832281 6.967639780443731,,,",2705,2710,2705,20241030RUN01,,,,,,,05/11/2024,3.097734213863081,2.5133680800832567,2.470595821284846,1.639797518889497,3.097734213863081,0.6271383925782352,"LINESTRING(100.73363694847535 6.967596060368458,100.73359081961226 6.967770935287276)",2.7841650175739634,2.7720448190380624,9210,0,2708,538
542,"542,5/11/2024,LINESTRING(100.73361401861347 6.967683516929959,,,",2710,2715,2710,20241030RUN01,,,,,,,05/11/2024,3.097734213863081,2.5133680800832567,2.470595821284846,1.639797518889497,3.097734213863081,0.6271383925782352,"LINESTRING(100.73363694847535 6.967596060368458,100.73359081961226 6.967770935287276)",2.7841650175739634,2.720397711111382,9210,0,2713,539
543,"543,5/11/2024,LINESTRING(100.73360244963294 6.967727225938468,,,",2715,2720,2715,20241030RUN01,,,,,,,05/11/2024,3.097734213863081,2.5133680800832567,2.470595821284846,1.639797518889497,3.097734213863081,0.6271383925782352,"LINESTRING(100.73363694847535 6.967596060368458,100.73359081961226 6.967770935287276)",2.7841650175739634,3.0484018163159523,9210,0,2718,540
544,"544,5/11/2024,LINESTRING(100.73359082883194 6.967770921301457,,,",2720,2725,2720,20241030RUN01,,,,,,,05/11/2024,4.060824719189414,2.3328662085946776,3.49058019153654,2.6728773969007644,4.060824719189414,0.570244527652874,"LINESTRING(100.73359081961226 6.967770935287276,100.73354496914273 6.96794588313459)",3.775702455362977,3.7750004143720415,9210,0,2723,541
545,"545,5/11/2024,LINESTRING(100.73357928068093 6.967814635886134,,,",2725,2730,2725,20241030RUN01,,,,,,,05/11/2024,4.060824719189414,2.3328662085946776,3.49058019153654,2.6728773969007644,4.060824719189414,0.570244527652874,"LINESTRING(100.73359081961226 6.967770935287276,100.73354496914273 6.96794588313459)",3.775702455362977,3.7377845823413063,9210,0,2728,542
546,"546,5/11/2024,LINESTRING(100.73356778477095 6.967858364223394,,,",2730,2735,2730,20241030RUN01,,,,,,,05/11/2024,4.060824719189414,2.3328662085946776,3.49058019153654,2.6728773969007644,4.060824719189414,0.570244527652874,"LINESTRING(100.73359081961226 6.967770935287276,100.73354496914273 6.96794588313459)",3.775702455362977,3.8672406209960086,9210,0,2733,543
547,"547,5/11/2024,LINESTRING(100.73355632145828 6.967902101052895,,,",2735,2740,2735,20241030RUN01,,,,,,,05/11/2024,4.060824719189414,2.3328662085946776,3.49058019153654,2.6728773969007644,4.060824719189414,0.570244527652874,"LINESTRING(100.73359081961226 6.967770935287276,100.73354496914273 6.96794588313459)",3.775702455362977,3.8646880589365913,9210,0,2738,544
548,"548,5/11/2024,LINESTRING(100.73354497834184 6.967945869101499,,,",2740,2745,2740,20241030RUN01,,,,,,,05/11/2024,4.999368947074419,3.558220652990939,4.875098945672031,4.197724990284472,4.999368947074419,0.1242700014023885,"LINESTRING(100.73354496914273 6.96794588313459,100.73350293305606 6.968121773089307)",4.937233946373225,4.742387030282447,9210,0,2743,545
549,"549,5/11/2024,LINESTRING(100.7335338596423 6.967989694583006,,,",2745,2750,2745,20241030RUN01,,,,,,,05/11/2024,4.999368947074419,3.558220652990939,4.875098945672031,4.197724990284472,4.999368947074419,0.1242700014023885,"LINESTRING(100.73354496914273 6.96794588313459,100.73350293305606 6.968121773089307)",4.937233946373225,4.8588237233006115,9210,0,2748,546
550,"550,5/11/2024,LINESTRING(100.73352307674088 6.968033603677243,,,",2750,2755,2750,20241030RUN01,,,,,,,05/11/2024,4.999368947074419,3.558220652990939,4.875098945672031,4.197724990284472,4.999368947074419,0.1242700014023885,"LINESTRING(100.73354496914273 6.96794588313459,100.73350293305606 6.968121773089307)",4.937233946373225,4.660245873626646,9210,0,2753,547
551,"551,5/11/2024,LINESTRING(100.7335127593566 6.968077624233026,,,",2755,2760,2755,20241030RUN01,,,,,,,05/11/2024,4.999368947074419,3.558220652990939,4.875098945672031,4.197724990284472,4.999368947074419,0.1242700014023885,"LINESTRING(100.73354496914273 6.96794588313459,100.73350293305606 6.968121773089307)",4.937233946373225,5.39814169424907,9210,0,2758,548
552,"552,5/11/2024,LINESTRING(100.73350294228504 6.968121758929543,,,",2760,2765,2760,20241030RUN01,,,,,,,05/11/2024,4.770762437527619,3.2927464812781606,6.025988210825995,3.930192035087767,6.025988210825995,1.2552257732983758,"LINESTRING(100.73350293305606 6.968121773089307,100.73346725047845 6.968299060468748)",5.398375324176807,5.3634691824280285,9210,0,2763,549
553,"553,5/11/2024,LINESTRING(100.73349345326386 6.968165965260554,,,",2765,2770,2765,20241030RUN01,,,,,,,05/11/2024,4.770762437527619,3.2927464812781606,6.025988210825995,3.930192035087767,6.025988210825995,1.2552257732983758,"LINESTRING(100.73350293305606 6.968121773089307,100.73346725047845 6.968299060468748)",5.398375324176807,5.92092120621316,9210,0,2768,550
554,"554,5/11/2024,LINESTRING(100.73348426250242 6.968210234468277,,,",2770,2775,2770,20241030RUN01,,,,,,,05/11/2024,4.770762437527619,3.2927464812781606,6.025988210825995,3.930192035087767,6.025988210825995,1.2552257732983758,"LINESTRING(100.73350293305606 6.968121773089307,100.73346725047845 6.968299060468748)",5.398375324176807,4.956533982210697,9210,0,2773,551
555,"555,5/11/2024,LINESTRING(100.7334755254398 6.968254595203113,,,",2775,2780,2775,20241030RUN01,,,,,,,05/11/2024,4.770762437527619,3.2927464812781606,6.025988210825995,3.930192035087767,6.025988210825995,1.2552257732983758,"LINESTRING(100.73350293305606 6.968121773089307,100.73346725047845 6.968299060468748)",5.398375324176807,5.132672754348782,9210,0,2778,552
556,"556,5/11/2024,LINESTRING(100.7334672598511 6.968299046003864,,,",2780,2785,2780,20241030RUN01,,,,,,,05/11/2024,4.558645214558671,3.210780289117597,5.158441703435322,3.9766999590479166,5.158441703435322,0.5997964888766516,"LINESTRING(100.73346725047845 6.968299060468748,100.73343814034622 6.968477548181051)",4.858543458996996,5.007293687528454,9210,0,2783,553
557,"557,5/11/2024,LINESTRING(100.73345945919642 6.968343580585289,,,",2785,2790,2785,20241030RUN01,,,,,,,05/11/2024,4.558645214558671,3.210780289117597,5.158441703435322,3.9766999590479166,5.158441703435322,0.5997964888766516,"LINESTRING(100.73346725047845 6.968299060468748,100.73343814034622 6.968477548181051)",4.858543458996996,4.532142481571875,9210,0,2788,554
558,"558,5/11/2024,LINESTRING(100.73345213065933 6.968388195252977,,,",2790,2795,2790,20241030RUN01,,,,,,,05/11/2024,4.558645214558671,3.210780289117597,5.158441703435322,3.9766999590479166,5.158441703435322,0.5997964888766516,"LINESTRING(100.73346725047845 6.968299060468748,100.73343814034622 6.968477548181051)",4.858543458996996,4.605825819277493,9210,0,2793,555
559,"559,5/11/2024,LINESTRING(100.73344509632904 6.968432857256917,,,",2795,2800,2795,20241030RUN01,,,,,,,05/11/2024,4.558645214558671,3.210780289117597,5.158441703435322,3.9766999590479166,5.158441703435322,0.5997964888766516,"LINESTRING(100.73346725047845 6.968299060468748,100.73343814034622 6.968477548181051)",4.858543458996996,5.323869794066987,9210,0,2798,556
560,"560,5/11/2024,LINESTRING(100.73343815006511 6.968477533093693,,,",2800,2805,2800,20241030RUN01,,,,,,,05/11/2024,3.956109861000499,3.109096937157765,3.1246466838959823,2.598106163082313,3.956109861000499,0.8314631771045167,"LINESTRING(100.73343814034622 6.968477548181051,100.7334106258447 6.968656293469393)",3.5403782724482404,3.369913583743021,9210,0,2803,557
561,"561,5/11/2024,LINESTRING(100.73343124364058 6.968522215171327,,,",2805,2810,2805,20241030RUN01,,,,,,,05/11/2024,3.956109861000499,3.109096937157765,3.1246466838959823,2.598106163082313,3.956109861000499,0.8314631771045167,"LINESTRING(100.73343814034622 6.968477548181051,100.7334106258447 6.968656293469393)",3.5403782724482404,3.4874995903380928,9210,0,2808,558
562,"562,5/11/2024,LINESTRING(100.7334243872889 6.968566904958948,,,",2810,2815,2810,20241030RUN01,,,,,,,05/11/2024,3.956109861000499,3.109096937157765,3.1246466838959823,2.598106163082313,3.956109861000499,0.8314631771045167,"LINESTRING(100.73343814034622 6.968477548181051,100.7334106258447 6.968656293469393)",3.5403782724482404,3.5701417030884945,9210,0,2813,559
563,"563,5/11/2024,LINESTRING(100.73341752297708 6.968611593559485,,,",2815,2820,2815,20241030RUN01,,,,,,,05/11/2024,3.956109861000499,3.109096937157765,3.1246466838959823,2.598106163082313,3.956109861000499,0.8314631771045167,"LINESTRING(100.73343814034622 6.968477548181051,100.7334106258447 6.968656293469393)",3.5403782724482404,3.797373787943518,9210,0,2818,560
564,"564,5/11/2024,LINESTRING(100.7334106353858 6.968656278550111,,,",2820,2825,2820,20241030RUN01,,,,,,,05/11/2024,3.633591166169912,2.3676125121758647,3.110085328734413,2.637592291279756,3.633591166169912,0.5235058374354993,"LINESTRING(100.7334106258447 6.968656293469393,100.73338329705524 6.968835067243181)",3.371838247452162,3.386423733979397,9210,0,2823,561
565,"565,5/11/2024,LINESTRING(100.73340376657514 6.968700966373098,,,",2825,2830,2825,20241030RUN01,,,,,,,05/11/2024,3.633591166169912,2.3676125121758647,3.110085328734413,2.637592291279756,3.633591166169912,0.5235058374354993,"LINESTRING(100.7334106258447 6.968656293469393,100.73338329705524 6.968835067243181)",3.371838247452162,3.2975746924707483,9210,0,2828,562
566,"566,5/11/2024,LINESTRING(100.73339693569716 6.968745660020546,,,",2830,2835,2830,20241030RUN01,,,,,,,05/11/2024,3.633591166169912,2.3676125121758647,3.110085328734413,2.637592291279756,3.633591166169912,0.5235058374354993,"LINESTRING(100.7334106258447 6.968656293469393,100.73338329705524 6.968835067243181)",3.371838247452162,3.3575416883199054,9210,0,2833,563
567,"567,5/11/2024,LINESTRING(100.73339013064655 6.96879035764081,,,",2835,2840,2835,20241030RUN01,,,,,,,05/11/2024,3.633591166169912,2.3676125121758647,3.110085328734413,2.637592291279756,3.633591166169912,0.5235058374354993,"LINESTRING(100.7334106258447 6.968656293469393,100.73338329705524 6.968835067243181)",3.371838247452162,3.211514841258512,9210,0,2838,564
568,"568,5/11/2024,LINESTRING(100.73338330651293 6.968835052351456,,,",2840,2845,2840,20241030RUN01,,,,,,,05/11/2024,3.3621973587465366,2.575444642869743,3.144285300460655,2.173966200233062,3.3621973587465366,0.2179120582858815,"LINESTRING(100.73338329705524 6.968835067243181,100.73335563549485 6.969013790016955)",3.253241329603596,3.333365698814783,9210,0,2844,565
569,"569,5/11/2024,LINESTRING(100.73337643134522 6.968879739212399,,,",2845,2850,2845,20241030RUN01,,,,,,,05/11/2024,3.3621973587465366,2.575444642869743,3.144285300460655,2.173966200233062,3.3621973587465366,0.2179120582858815,"LINESTRING(100.73338329705524 6.968835067243181,100.73335563549485 6.969013790016955)",3.253241329603596,3.495628460211135,9210,0,2849,566
570,"570,5/11/2024,LINESTRING(100.73336951772617 6.968924420172657,,,",2850,2855,2850,20241030RUN01,,,,,,,05/11/2024,3.3621973587465366,2.575444642869743,3.144285300460655,2.173966200233062,3.3621973587465366,0.2179120582858815,"LINESTRING(100.73338329705524 6.968835067243181,100.73335563549485 6.969013790016955)",3.253241329603596,3.3089009581701347,9210,0,2854,567
571,"571,5/11/2024,LINESTRING(100.73336257590223 6.968969096752443,,,",2855,2860,2855,20241030RUN01,,,,,,,05/11/2024,3.3621973587465366,2.575444642869743,3.144285300460655,2.173966200233062,3.3621973587465366,0.2179120582858815,"LINESTRING(100.73338329705524 6.968835067243181,100.73335563549485 6.969013790016955)",3.253241329603596,3.0921346319280216,9210,0,2859,568
572,"572,5/11/2024,LINESTRING(100.73335564494592 6.9690137750359975,,,",2860,2865,2860,20241030RUN01,,,,,,,05/11/2024,3.278350376697156,2.4631310638172565,2.854443588882539,1.7249366372486208,3.278350376697156,0.4239067878146167,"LINESTRING(100.73335563549485 6.969013790016955,100.73332805385758 6.969192525204199)",3.0663969827898474,2.9659600750784576,9210,0,2864,569
573,"573,5/11/2024,LINESTRING(100.73334875615232 6.9690584598287915,,,",2865,2870,2865,20241030RUN01,,,,,,,05/11/2024,3.278350376697156,2.4631310638172565,2.854443588882539,1.7249366372486208,3.278350376697156,0.4239067878146167,"LINESTRING(100.73335563549485 6.969013790016955,100.73332805385758 6.969192525204199)",3.0663969827898474,3.0971600109292545,9210,0,2869,570
574,"574,5/11/2024,LINESTRING(100.73334187516319 6.969103145789591,,,",2870,2875,2870,20241030RUN01,,,,,,,05/11/2024,3.278350376697156,2.4631310638172565,2.854443588882539,1.7249366372486208,3.278350376697156,0.4239067878146167,"LINESTRING(100.73335563549485 6.969013790016955,100.73332805385758 6.969192525204199)",3.0663969827898474,2.9472215757628564,9210,0,2874,571
575,"575,5/11/2024,LINESTRING(100.73333497949092 6.969147829486287,,,",2875,2880,2875,20241030RUN01,,,,,,,05/11/2024,3.278350376697156,2.4631310638172565,2.854443588882539,1.7249366372486208,3.278350376697156,0.4239067878146167,"LINESTRING(100.73335563549485 6.969013790016955,100.73332805385758 6.969192525204199)",3.0663969827898474,2.986845296687311,9210,0,2879,572
576,"576,5/11/2024,LINESTRING(100.7333280633713 6.969192510026691,,,",2880,2885,2880,20241030RUN01,,,,,,,05/11/2024,4.289540663132527,2.513622663225262,2.857998002372217,2.037543570829842,4.289540663132527,1.4315426607603103,"LINESTRING(100.73332805385758 6.969192525204199,100.7333001688269 6.969371213244431)",3.573769332752372,3.468424185185711,9210,0,2884,573
577,"577,5/11/2024,LINESTRING(100.73332109941849 6.969237183134865,,,",2885,2890,2885,20241030RUN01,,,,,,,05/11/2024,4.289540663132527,2.513622663225262,2.857998002372217,2.037543570829842,4.289540663132527,1.4315426607603103,"LINESTRING(100.73332805385758 6.969192525204199,100.7333001688269 6.969371213244431)",3.573769332752372,3.7200725985273895,9210,0,2889,574
578,"578,5/11/2024,LINESTRING(100.73331408314151 6.969281848074855,,,",2890,2895,2890,20241030RUN01,,,,,,,05/11/2024,4.289540663132527,2.513622663225262,2.857998002372217,2.037543570829842,4.289540663132527,1.4315426607603103,"LINESTRING(100.73332805385758 6.969192525204199,100.7333001688269 6.969371213244431)",3.573769332752372,3.7786520839150928,9210,0,2894,575
579,"579,5/11/2024,LINESTRING(100.73330706582603 6.969326512829751,,,",2895,2900,2895,20241030RUN01,,,,,,,05/11/2024,4.289540663132527,2.513622663225262,2.857998002372217,2.037543570829842,4.289540663132527,1.4315426607603103,"LINESTRING(100.73332805385758 6.969192525204199,100.7333001688269 6.969371213244431)",3.573769332752372,3.279442917237502,9210,0,2899,576
580,"580,5/11/2024,LINESTRING(100.73330017846936 6.96937119776672,,,",2900,2905,2900,20241030RUN01,,,,,,,05/11/2024,4.378681110553126,3.015096045807932,2.5392560678061327,1.7764011043593126,4.378681110553126,1.8394250427469931,"LINESTRING(100.7333001688269 6.969371213244431,100.73327359125601 6.9695500998942075)",3.458968589179629,3.3274158246547896,9210,0,2904,577
581,"581,5/11/2024,LINESTRING(100.73329348180344 6.96941591169861,,,",2905,2910,2905,20241030RUN01,,,,,,,05/11/2024,4.378681110553126,3.015096045807932,2.5392560678061327,1.7764011043593126,4.378681110553126,1.8394250427469931,"LINESTRING(100.7333001688269 6.969371213244431,100.73327359125601 6.9695500998942075)",3.458968589179629,3.3442845868370967,9210,0,2909,578
582,"582,5/11/2024,LINESTRING(100.73328687307604 6.96946063877177,,,",2910,2915,2910,20241030RUN01,,,,,,,05/11/2024,4.378681110553126,3.015096045807932,2.5392560678061327,1.7764011043593126,4.378681110553126,1.8394250427469931,"LINESTRING(100.7333001688269 6.969371213244431,100.73327359125601 6.9695500998942075)",3.458968589179629,3.6016906800452007,9210,0,2914,579
583,"583,5/11/2024,LINESTRING(100.73328026117102 6.969505365375891,,,",2915,2920,2915,20241030RUN01,,,,,,,05/11/2024,4.378681110553126,3.015096045807932,2.5392560678061327,1.7764011043593126,4.378681110553126,1.8394250427469931,"LINESTRING(100.7333001688269 6.969371213244431,100.73327359125601 6.9695500998942075)",3.458968589179629,3.7433754799799845,9210,0,2919,580
584,"584,5/11/2024,LINESTRING(100.73327360062054 6.969550084753194,,,",2920,2925,2920,20241030RUN01,,,,,,,05/11/2024,3.7152428559391137,2.673143659690735,2.957403133271701,1.9834429232445696,3.7152428559391137,0.7578397226674132,"LINESTRING(100.73327359125601 6.9695500998942075,100.733245257246 6.969728713887674)",3.3363229946054074,3.0896944198280356,9210,0,2924,581
585,"585,5/11/2024,LINESTRING(100.73326682763981 6.969594787299062,,,",2925,2930,2925,20241030RUN01,,,,,,,05/11/2024,3.7152428559391137,2.673143659690735,2.957403133271701,1.9834429232445696,3.7152428559391137,0.7578397226674132,"LINESTRING(100.73327359125601 6.9695500998942075,100.733245257246 6.969728713887674)",3.3363229946054074,3.589873359901405,9210,0,2929,582
586,"586,5/11/2024,LINESTRING(100.73325989045104 6.969639464636227,,,",2930,2935,2930,20241030RUN01,,,,,,,05/11/2024,3.7152428559391137,2.673143659690735,2.957403133271701,1.9834429232445696,3.7152428559391137,0.7578397226674132,"LINESTRING(100.73327359125601 6.9695500998942075,100.733245257246 6.969728713887674)",3.3363229946054074,3.441654283095891,9210,0,2934,583
587,"587,5/11/2024,LINESTRING(100.73325273444881 6.9696841074620215,,,",2935,2940,2935,20241030RUN01,,,,,,,05/11/2024,3.7152428559391137,2.673143659690735,2.957403133271701,1.9834429232445696,3.7152428559391137,0.7578397226674132,"LINESTRING(100.73327359125601 6.9695500998942075,100.733245257246 6.969728713887674)",3.3363229946054074,3.375924487532555,9210,0,2939,584
588,"588,5/11/2024,LINESTRING(100.73324526633739 6.969728699084309,,,",2940,2945,2940,20241030RUN01,,,,,,,05/11/2024,2.5239007590997717,1.621513081932459,3.254469324216915,2.754189214812655,3.254469324216915,0.7305685651171436,"LINESTRING(100.733245257246 6.969728713887674,100.73320715339605 6.9699054328198295)",2.8891850416583433,3.023891906658398,9210,0,2944,585
589,"589,5/11/2024,LINESTRING(100.73323724943795 6.969773195163698,,,",2945,2950,2945,20241030RUN01,,,,,,,05/11/2024,2.5239007590997717,1.621513081932459,3.254469324216915,2.754189214812655,3.254469324216915,0.7305685651171436,"LINESTRING(100.733245257246 6.969728713887674,100.73320715339605 6.9699054328198295)",2.8891850416583433,3.164879830998778,9210,0,2949,586
590,"590,5/11/2024,LINESTRING(100.73322840105666 6.969817533142808,,,",2950,2955,2950,20241030RUN01,,,,,,,05/11/2024,2.5239007590997717,1.621513081932459,3.254469324216915,2.754189214812655,3.254469324216915,0.7305685651171436,"LINESTRING(100.733245257246 6.969728713887674,100.73320715339605 6.9699054328198295)",2.8891850416583433,2.6510246974620113,9210,0,2954,587
591,"591,5/11/2024,LINESTRING(100.73321842796432 6.969861631529181,,,",2955,2960,2955,20241030RUN01,,,,,,,05/11/2024,2.5239007590997717,1.621513081932459,3.254469324216915,2.754189214812655,3.254469324216915,0.7305685651171436,"LINESTRING(100.733245257246 6.969728713887674,100.73320715339605 6.9699054328198295)",2.8891850416583433,2.6759973826378136,9210,0,2959,588
592,"592,5/11/2024,LINESTRING(100.73320716244169 6.969905418008677,,,",2960,2965,2960,20241030RUN01,,,,,,,05/11/2024,3.0665354355929084,2.551842379896191,3.620592374384109,2.72090217185948,3.620592374384109,0.5540569387912,"LINESTRING(100.73320715339605 6.9699054328198295,100.73314960202624 6.970076783988757)",3.3435639049885086,3.247472038684075,9210,0,2964,589
593,"593,5/11/2024,LINESTRING(100.73319464572131 6.9699488640836025,,,",2965,2970,2965,20241030RUN01,,,,,,,05/11/2024,3.0665354355929084,2.551842379896191,3.620592374384109,2.72090217185948,3.620592374384109,0.5540569387912,"LINESTRING(100.73320715339605 6.9699054328198295,100.73314960202624 6.970076783988757)",3.3435639049885086,3.2651718742163607,9210,0,2969,590
594,"594,5/11/2024,LINESTRING(100.73318092902504 6.96999194687078,,,",2970,2975,2970,20241030RUN01,,,,,,,05/11/2024,3.0665354355929084,2.551842379896191,3.620592374384109,2.72090217185948,3.620592374384109,0.5540569387912,"LINESTRING(100.73320715339605 6.9699054328198295,100.73314960202624 6.970076783988757)",3.3435639049885086,3.4729992260130453,9210,0,2974,591
595,"595,5/11/2024,LINESTRING(100.733165898035 6.970034589171841,,,",2975,2980,2975,20241030RUN01,,,,,,,05/11/2024,3.0665354355929084,2.551842379896191,3.620592374384109,2.72090217185948,3.620592374384109,0.5540569387912,"LINESTRING(100.73320715339605 6.9699054328198295,100.73314960202624 6.970076783988757)",3.3435639049885086,3.6586790923968646,9210,0,2979,592
596,"596,5/11/2024,LINESTRING(100.73314961110908 6.97007676906329,,,",2980,2985,2980,20241030RUN01,,,,,,,05/11/2024,3.838516983188975,2.6602659494409173,2.9923720732536387,2.168391275891665,3.838516983188975,0.8461449099353362,"LINESTRING(100.73314960202624 6.970076783988757,100.73307672837768 6.97024229167482)",3.4154445282213066,3.1718018105578603,9210,0,2984,593
597,"597,5/11/2024,LINESTRING(100.73313240260663 6.970118582895949,,,",2985,2990,2985,20241030RUN01,,,,,,,05/11/2024,3.838516983188975,2.6602659494409173,2.9923720732536387,2.168391275891665,3.838516983188975,0.8461449099353362,"LINESTRING(100.73314960202624 6.970076783988757,100.73307672837768 6.97024229167482)",3.4154445282213066,3.4282761346962443,9210,0,2989,594
598,"598,5/11/2024,LINESTRING(100.73311449027757 6.970160100689564,,,",2990,2995,2990,20241030RUN01,,,,,,,05/11/2024,3.838516983188975,2.6602659494409173,2.9923720732536387,2.168391275891665,3.838516983188975,0.8461449099353362,"LINESTRING(100.73314960202624 6.970076783988757,100.73307672837768 6.97024229167482)",3.4154445282213066,3.3869901470981545,9210,0,,
599,"599,5/11/2024,LINESTRING(100.73309589939129 6.9702013195695685,,,",2995,3000,2995,20241030RUN01,,,,,,,05/11/2024,3.838516983188975,2.6602659494409173,2.9923720732536387,2.168391275891665,3.838516983188975,0.8461449099353362,"LINESTRING(100.73314960202624 6.970076783988757,100.73307672837768 6.97024229167482)",3.4154445282213066,3.6822437389577742,9210,0,2995,595
600,"600,5/11/2024,LINESTRING(100.73307673748009 6.97024227668477,,,",3000,3005,3000,20241030RUN01,,,,,,,05/11/2024,4.057558997951055,3.055985720264234,1.993946842216458,1.5447977434660265,4.057558997951055,2.0636121557345963,"LINESTRING(100.73307672837768 6.97024229167482,100.73299678807734 6.970404539552069)",3.0257529200837565,3.1596484287367232,9210,0,3000,596
601,"601,5/11/2024,LINESTRING(100.73305711459523 6.970283015485633,,,",3005,3010,3005,20241030RUN01,,,,,,,05/11/2024,4.057558997951055,3.055985720264234,1.993946842216458,1.5447977434660265,4.057558997951055,2.0636121557345963,"LINESTRING(100.73307672837768 6.97024229167482,100.73299678807734 6.970404539552069)",3.0257529200837565,3.0664604636535167,9210,0,3005,597
602,"602,5/11/2024,LINESTRING(100.73303716618645 6.970323596240892,,,",3010,3015,3010,20241030RUN01,,,,,,,05/11/2024,4.057558997951055,3.055985720264234,1.993946842216458,1.5447977434660265,4.057558997951055,2.0636121557345963,"LINESTRING(100.73307672837768 6.97024229167482,100.73299678807734 6.970404539552069)",3.0257529200837565,2.886515946377789,9210,0,3010,598
603,"603,5/11/2024,LINESTRING(100.73301704000008 6.970364089383793,,,",3015,3020,3015,20241030RUN01,,,,,,,05/11/2024,4.057558997951055,3.055985720264234,1.993946842216458,1.5447977434660265,4.057558997951055,2.0636121557345963,"LINESTRING(100.73307672837768 6.97024229167482,100.73299678807734 6.970404539552069)",3.0257529200837565,3.276219286761877,9210,0,3015,599
604,"604,5/11/2024,LINESTRING(100.73299679725416 6.970404524418916,,,",3020,3025,3020,20241030RUN01,,,,,,,05/11/2024,3.862982861068597,3.7093668403352926,4.272537086353736,3.196053423062021,4.272537086353736,0.4095542252851398,"LINESTRING(100.73299678807734 6.970404539552069,100.73291513930567 6.9705659393599335)",4.0677599737111665,3.750431022987586,9210,0,3020,600
605,"605,5/11/2024,LINESTRING(100.73297644652932 6.970444905291357,,,",3025,3030,3025,20241030RUN01,,,,,,,05/11/2024,3.862982861068597,3.7093668403352926,4.272537086353736,3.196053423062021,4.272537086353736,0.4095542252851398,"LINESTRING(100.73299678807734 6.970404539552069,100.73291513930567 6.9705659393599335)",4.0677599737111665,4.402767389667994,9210,0,3025,601
606,"606,5/11/2024,LINESTRING(100.73295604527405 6.970485260743762,,,",3030,3035,3030,20241030RUN01,,,,,,,05/11/2024,3.862982861068597,3.7093668403352926,4.272537086353736,3.196053423062021,4.272537086353736,0.4095542252851398,"LINESTRING(100.73299678807734 6.970404539552069,100.73291513930567 6.9705659393599335)",4.0677599737111665,4.156732765102585,9210,0,3030,602
607,"607,5/11/2024,LINESTRING(100.73293561995669 6.970525604044421,,,",3035,3040,3035,20241030RUN01,,,,,,,05/11/2024,3.862982861068597,3.7093668403352926,4.272537086353736,3.196053423062021,4.272537086353736,0.4095542252851398,"LINESTRING(100.73299678807734 6.970404539552069,100.73291513930567 6.9705659393599335)",4.0677599737111665,3.7341714597098337,9210,0,3035,603
608,"608,5/11/2024,LINESTRING(100.73291514859618 6.970565924022973,,,",3040,3045,3040,20241030RUN01,,,,,,,05/11/2024,2.1239984782128047,1.575704013209129,2.7816844984816687,2.083065634678217,2.7816844984816687,0.6576860202688639,"LINESTRING(100.73291513930567 6.9705659393599335,100.7328319445381 6.970726545234293)",2.4528414883472367,2.6056967703312437,9210,0,3040,604
609,"609,5/11/2024,LINESTRING(100.73289462708763 6.970606218502091,,,",3045,3050,3045,20241030RUN01,,,,,,,05/11/2024,2.1239984782128047,1.575704013209129,2.7816844984816687,2.083065634678217,2.7816844984816687,0.6576860202688639,"LINESTRING(100.73291513930567 6.9705659393599335,100.7328319445381 6.970726545234293)",2.4528414883472367,2.3108823512201835,9210,0,3045,605
610,"610,5/11/2024,LINESTRING(100.73287399251316 6.970646455245632,,,",3050,3055,3050,20241030RUN01,,,,,,,05/11/2024,2.1239984782128047,1.575704013209129,2.7816844984816687,2.083065634678217,2.7816844984816687,0.6576860202688639,"LINESTRING(100.73291513930567 6.9705659393599335,100.7328319445381 6.970726545234293)",2.4528414883472367,2.542669256192027,9210,0,3050,606
611,"611,5/11/2024,LINESTRING(100.73285312675495 6.97068657271573,,,",3055,3060,3055,20241030RUN01,,,,,,,05/11/2024,2.1239984782128047,1.575704013209129,2.7816844984816687,2.083065634678217,2.7816844984816687,0.6576860202688639,"LINESTRING(100.73291513930567 6.9705659393599335,100.7328319445381 6.970726545234293)",2.4528414883472367,2.3076249172934835,9210,0,3055,607
612,"612,5/11/2024,LINESTRING(100.73283195416948 6.970726529328428,,,",3060,3065,3060,20241030RUN01,,,,,,,05/11/2024,3.984962103468214,2.7159719095834958,2.370461085003725,1.6103446938335344,3.984962103468214,1.6145010184644883,"LINESTRING(100.7328319445381 6.970726545234293,100.73274227954805 6.970883604522439)",3.1777115942359693,3.3745252726969963,9210,0,3060,608
613,"613,5/11/2024,LINESTRING(100.73281041095852 6.970766287529658,,,",3065,3070,3065,20241030RUN01,,,,,,,05/11/2024,3.984962103468214,2.7159719095834958,2.370461085003725,1.6103446938335344,3.984962103468214,1.6145010184644883,"LINESTRING(100.7328319445381 6.970726545234293,100.73274227954805 6.970883604522439)",3.1777115942359693,3.3769027408966448,9210,0,3065,609
614,"614,5/11/2024,LINESTRING(100.7327883705312 6.97080577250605,,,",3070,3075,3070,20241030RUN01,,,,,,,05/11/2024,3.984962103468214,2.7159719095834958,2.370461085003725,1.6103446938335344,3.984962103468214,1.6145010184644883,"LINESTRING(100.7328319445381 6.970726545234293,100.73274227954805 6.970883604522439)",3.1777115942359693,3.300617650771963,9210,0,3070,610
615,"615,5/11/2024,LINESTRING(100.73276572182886 6.970844912034483,,,",3075,3080,3075,20241030RUN01,,,,,,,05/11/2024,3.984962103468214,2.7159719095834958,2.370461085003725,1.6103446938335344,3.984962103468214,1.6145010184644883,"LINESTRING(100.7328319445381 6.970726545234293,100.73274227954805 6.970883604522439)",3.1777115942359693,2.943532807952942,9210,0,3075,611
616,"616,5/11/2024,LINESTRING(100.73274228965057 6.970883587846884,,,",3080,3085,3080,20241030RUN01,,,,,,,05/11/2024,2.9256775574936835,1.9480565538762136,2.6882037503181344,2.4240512282234827,2.9256775574936835,0.2374738071755491,"LINESTRING(100.73274227954805 6.970883604522439,100.73263681656232 6.971030397560018)",2.806940653905909,2.6548315017968633,9210,0,3080,612
617,"617,5/11/2024,LINESTRING(100.73271782053439 6.970921616311754,,,",3085,3090,3085,20241030RUN01,,,,,,,05/11/2024,2.9256775574936835,1.9480565538762136,2.6882037503181344,2.4240512282234827,2.9256775574936835,0.2374738071755491,"LINESTRING(100.73274227954805 6.970883604522439,100.73263681656232 6.971030397560018)",2.806940653905909,2.9797036485087594,9210,0,3085,613
618,"618,5/11/2024,LINESTRING(100.73269213135791 6.970958832241378,,,",3090,3095,3090,20241030RUN01,,,,,,,05/11/2024,2.9256775574936835,1.9480565538762136,2.6882037503181344,2.4240512282234827,2.9256775574936835,0.2374738071755491,"LINESTRING(100.73274227954805 6.970883604522439,100.73263681656232 6.971030397560018)",2.806940653905909,2.849064588953256,9210,0,3090,614
619,"619,5/11/2024,LINESTRING(100.73266512673736 6.970995106196329,,,",3095,3100,3095,20241030RUN01,,,,,,,05/11/2024,2.9256775574936835,1.9480565538762136,2.6882037503181344,2.4240512282234827,2.9256775574936835,0.2374738071755491,"LINESTRING(100.73274227954805 6.970883604522439,100.73263681656232 6.971030397560018)",2.806940653905909,2.533699438710864,9210,0,3095,615
620,"620,5/11/2024,LINESTRING(100.7326368268131 6.97103038066239,,,",3100,3105,3100,20241030RUN01,,,,,,,05/11/2024,2.920386041219059,1.920428716163876,3.635129507018735,2.5918718282218967,3.635129507018735,0.7147434657996761,"LINESTRING(100.73263681656232 6.971030397560018,100.73251233316599 6.971161511584612)",3.2777577741188972,3.3843279717851735,9210,0,3100,616
621,"621,5/11/2024,LINESTRING(100.73260729707859 6.971064634149611,,,",3105,3110,3105,20241030RUN01,,,,,,,05/11/2024,2.920386041219059,1.920428716163876,3.635129507018735,2.5918718282218967,3.635129507018735,0.7147434657996761,"LINESTRING(100.73263681656232 6.971030397560018,100.73251233316599 6.971161511584612)",3.2777577741188972,3.2725143224953825,9210,0,3105,617
622,"622,5/11/2024,LINESTRING(100.73257665361965 6.971097897179265,,,",3110,3115,3110,20241030RUN01,,,,,,,05/11/2024,2.920386041219059,1.920428716163876,3.635129507018735,2.5918718282218967,3.635129507018735,0.7147434657996761,"LINESTRING(100.73263681656232 6.971030397560018,100.73251233316599 6.971161511584612)",3.2777577741188972,3.176755611615299,9210,0,3110,618
623,"623,5/11/2024,LINESTRING(100.73254498730637 6.971130189627589,,,",3115,3120,3115,20241030RUN01,,,,,,,05/11/2024,2.920386041219059,1.920428716163876,3.635129507018735,2.5918718282218967,3.635129507018735,0.7147434657996761,"LINESTRING(100.73263681656232 6.971030397560018,100.73251233316599 6.971161511584612)",3.2777577741188972,3.157403756165523,9210,0,3115,619
624,"624,5/11/2024,LINESTRING(100.73251234319638 6.971161495092314,,,",3120,3125,3120,20241030RUN01,,,,,,,05/11/2024,4.435459068283443,3.424225708653118,2.7832300492694007,2.0353287865814167,4.435459068283443,1.652229019014042,"LINESTRING(100.73251233316599 6.971161511584612,100.73237522347016 6.971279517343543)",3.6093445587764217,3.6951941275513263,9210,0,3120,620
625,"625,5/11/2024,LINESTRING(100.73247886501643 6.971191909180853,,,",3125,3130,3125,20241030RUN01,,,,,,,05/11/2024,4.435459068283443,3.424225708653118,2.7832300492694007,2.0353287865814167,4.435459068283443,1.652229019014042,"LINESTRING(100.73251233316599 6.971161511584612,100.73237522347016 6.971279517343543)",3.6093445587764217,3.737083682437453,9210,0,3125,621
626,"626,5/11/2024,LINESTRING(100.73244474332301 6.971221601174464,,,",3130,3135,3130,20241030RUN01,,,,,,,05/11/2024,4.435459068283443,3.424225708653118,2.7832300492694007,2.0353287865814167,4.435459068283443,1.652229019014042,"LINESTRING(100.73251233316599 6.971161511584612,100.73237522347016 6.971279517343543)",3.6093445587764217,3.5492004940396944,9210,0,3130,622
627,"627,5/11/2024,LINESTRING(100.732410124187 6.971250713213402,,,",3135,3140,3135,20241030RUN01,,,,,,,05/11/2024,4.435459068283443,3.424225708653118,2.7832300492694007,2.0353287865814167,4.435459068283443,1.652229019014042,"LINESTRING(100.73251233316599 6.971161511584612,100.73237522347016 6.971279517343543)",3.6093445587764217,3.6145826833843238,9210,0,3135,623
628,"628,5/11/2024,LINESTRING(100.73237523372842 6.971279500559637,,,",3140,3145,3140,20241030RUN01,,,,,,,05/11/2024,2.8327808370733134,2.130761086310448,4.157369941654953,2.470143465959462,4.157369941654953,1.3245891045816398,"LINESTRING(100.73237522347016 6.971279517343543,100.73223807356821 6.971397475701993)",3.4950753893641333,3.571036657068177,9210,0,3140,624
629,"629,5/11/2024,LINESTRING(100.73234035238775 6.971308298944611,,,",3145,3150,3145,20241030RUN01,,,,,,,05/11/2024,2.8327808370733134,2.130761086310448,4.157369941654953,2.470143465959462,4.157369941654953,1.3245891045816398,"LINESTRING(100.73237522347016 6.971279517343543,100.73223807356821 6.971397475701993)",3.4950753893641333,3.533750277684711,9210,0,3145,625
630,"630,5/11/2024,LINESTRING(100.73230571930536 6.971337394551303,,,",3150,3155,3150,20241030RUN01,,,,,,,05/11/2024,2.8327808370733134,2.130761086310448,4.157369941654953,2.470143465959462,4.157369941654953,1.3245891045816398,"LINESTRING(100.73237522347016 6.971279517343543,100.73223807356821 6.971397475701993)",3.4950753893641333,3.5154068089532524,9210,0,3151,626
631,"631,5/11/2024,LINESTRING(100.73227155149492 6.9713670336803535,,,",3155,3160,3155,20241030RUN01,,,,,,,05/11/2024,2.8327808370733134,2.130761086310448,4.157369941654953,2.470143465959462,4.157369941654953,1.3245891045816398,"LINESTRING(100.73237522347016 6.971279517343543,100.73223807356821 6.971397475701993)",3.4950753893641333,3.5746611013743257,9210,0,3156,627
632,"632,5/11/2024,LINESTRING(100.73223808375414 6.971397459107115,,,",3160,3165,3160,20241030RUN01,,,,,,,05/11/2024,5.489333473009186,3.602007376197855,9.443526207233656,8.230466485355661,9.443526207233656,3.9541927342244687,"LINESTRING(100.73223807356821 6.971397475701993,100.73211239064268 6.971527510229512)",7.466429840121421,7.773250347948066,9210,0,3161,628
633,"633,5/11/2024,LINESTRING(100.73220546789031 6.971428794400337,,,",3165,3170,3165,20241030RUN01,,,,,,,05/11/2024,5.489333473009186,3.602007376197855,9.443526207233656,8.230466485355661,9.443526207233656,3.9541927342244687,"LINESTRING(100.73223807356821 6.971397475701993,100.73211239064268 6.971527510229512)",7.466429840121421,8.182236494827363,9210,0,3166,629
634,"634,5/11/2024,LINESTRING(100.73217366111193 6.971460949646616,,,",3170,3175,3170,20241030RUN01,,,,,,,05/11/2024,5.489333473009186,3.602007376197855,9.443526207233656,8.230466485355661,9.443526207233656,3.9541927342244687,"LINESTRING(100.73223807356821 6.971397475701993,100.73211239064268 6.971527510229512)",7.466429840121421,7.178112931580845,9210,0,3171,630
635,"635,5/11/2024,LINESTRING(100.7321426396934 6.971493862100072,,,",3175,3180,3175,20241030RUN01,,,,,,,05/11/2024,5.489333473009186,3.602007376197855,9.443526207233656,8.230466485355661,9.443526207233656,3.9541927342244687,"LINESTRING(100.73223807356821 6.971397475701993,100.73211239064268 6.971527510229512)",7.466429840121421,6.94447002760385,9210,0,3176,631
636,"636,5/11/2024,LINESTRING(100.73211240071888 6.971527493859114,,,",3180,3185,3180,20241030RUN01,,,,,,,05/11/2024,3.474442999086241,2.6638408289624707,4.57984434153765,3.896943772929784,4.57984434153765,1.105401342451409,"LINESTRING(100.73211239064268 6.971527510229512,100.7319981858073 6.971667763087641)",4.027143670311945,4.187558773288833,9210,0,3181,632
637,"637,5/11/2024,LINESTRING(100.73208289289857 6.9715617681653885,,,",3185,3190,3185,20241030RUN01,,,,,,,05/11/2024,3.474442999086241,2.6638408289624707,4.57984434153765,3.896943772929784,4.57984434153765,1.105401342451409,"LINESTRING(100.73211239064268 6.971527510229512,100.7319981858073 6.971667763087641)",4.027143670311945,3.810744281055181,9210,0,3186,633
638,"638,5/11/2024,LINESTRING(100.7320540845008 6.971596631480261,,,",3190,3195,3190,20241030RUN01,,,,,,,05/11/2024,3.474442999086241,2.6638408289624707,4.57984434153765,3.896943772929784,4.57984434153765,1.105401342451409,"LINESTRING(100.73211239064268 6.971527510229512,100.7319981858073 6.971667763087641)",4.027143670311945,3.625396300725551,9210,0,3191,634
639,"639,5/11/2024,LINESTRING(100.7320259070501 6.971632006380708,,,",3195,3200,3195,20241030RUN01,,,,,,,05/11/2024,3.474442999086241,2.6638408289624707,4.57984434153765,3.896943772929784,4.57984434153765,1.105401342451409,"LINESTRING(100.73211239064268 6.971527510229512,100.7319981858073 6.971667763087641)",4.027143670311945,4.3917774663208595,9210,0,3196,635
640,"640,5/11/2024,LINESTRING(100.73199819560963 6.971667747179918,,,",3200,3205,3200,20241030RUN01,,,,,,,05/11/2024,2.1285424905497408,1.3656363702121987,2.1505015671873915,1.474993640737838,2.1505015671873915,0.0219590766376507,"LINESTRING(100.7319981858073 6.971667763087641,100.7318893711069 6.971812275453066)",2.139522028868566,2.2089178669553573,9210,0,3201,636
641,"641,5/11/2024,LINESTRING(100.73197084568916 6.971703765044445,,,",3205,3210,3205,20241030RUN01,,,,,,,05/11/2024,2.1285424905497408,1.3656363702121987,2.1505015671873915,1.474993640737838,2.1505015671873915,0.0219590766376507,"LINESTRING(100.7319981858073 6.971667763087641,100.7318893711069 6.971812275453066)",2.139522028868566,2.1763135119413786,9210,0,3206,637
642,"642,5/11/2024,LINESTRING(100.73194369701243 6.971739934720821,,,",3210,3215,3210,20241030RUN01,,,,,,,05/11/2024,2.1285424905497408,1.3656363702121987,2.1505015671873915,1.474993640737838,2.1505015671873915,0.0219590766376507,"LINESTRING(100.7319981858073 6.971667763087641,100.7318893711069 6.971812275453066)",2.139522028868566,2.0106978310620107,9210,0,3211,638
643,"643,5/11/2024,LINESTRING(100.7319165554937 6.971776109720492,,,",3215,3220,3215,20241030RUN01,,,,,,,05/11/2024,2.1285424905497408,1.3656363702121987,2.1505015671873915,1.474993640737838,2.1505015671873915,0.0219590766376507,"LINESTRING(100.7319981858073 6.971667763087641,100.7318893711069 6.971812275453066)",2.139522028868566,2.3440122178122706,9210,0,3216,639
644,"644,5/11/2024,LINESTRING(100.731889380775 6.971812259777185,,,",3220,3225,3220,20241030RUN01,,,,,,,05/11/2024,2.117208429239523,1.764985883547488,2.704224371779946,2.22219947806196,2.704224371779946,0.5870159425404231,"LINESTRING(100.7318893711069 6.971812275453066,100.73178040346112 6.9719566735889895)",2.4107164005097346,2.444270894716818,9210,0,3221,640
645,"645,5/11/2024,LINESTRING(100.73186219425956 6.9718484010452695,,,",3225,3230,3225,20241030RUN01,,,,,,,05/11/2024,2.117208429239523,1.764985883547488,2.704224371779946,2.22219947806196,2.704224371779946,0.5870159425404231,"LINESTRING(100.7318893711069 6.971812275453066,100.73178040346112 6.9719566735889895)",2.4107164005097346,2.339114616130547,9210,0,3226,641
646,"646,5/11/2024,LINESTRING(100.73183497062492 6.971884514324183,,,",3230,3235,3230,20241030RUN01,,,,,,,05/11/2024,2.117208429239523,1.764985883547488,2.704224371779946,2.22219947806196,2.704224371779946,0.5870159425404231,"LINESTRING(100.7318893711069 6.971812275453066,100.73178040346112 6.9719566735889895)",2.4107164005097346,2.2516868429315977,9210,0,3231,642
647,"647,5/11/2024,LINESTRING(100.73180769846486 6.971920591117311,,,",3235,3240,3235,20241030RUN01,,,,,,,05/11/2024,2.117208429239523,1.764985883547488,2.704224371779946,2.22219947806196,2.704224371779946,0.5870159425404231,"LINESTRING(100.7318893711069 6.971812275453066,100.73178040346112 6.9719566735889895)",2.4107164005097346,2.4971276956671105,9210,0,3236,643
648,"648,5/11/2024,LINESTRING(100.73178041309772 6.971956657981302,,,",3240,3245,3240,20241030RUN01,,,,,,,05/11/2024,2.010055712993171,1.6609985642776426,3.175638290190974,2.566270060546172,3.175638290190974,1.165582577197803,"LINESTRING(100.73178040346112 6.9719566735889895,100.73167170529311 6.972101274212968)",2.5928470015920726,2.659526974176942,9210,0,3241,644
649,"649,5/11/2024,LINESTRING(100.73175317215595 6.971992758303071,,,",3245,3250,3245,20241030RUN01,,,,,,,05/11/2024,2.010055712993171,1.6609985642776426,3.175638290190974,2.566270060546172,3.175638290190974,1.165582577197803,"LINESTRING(100.73178040346112 6.9719566735889895,100.73167170529311 6.972101274212968)",2.5928470015920726,2.479714244641248,9210,0,3246,645
650,"650,5/11/2024,LINESTRING(100.73172596966872 6.972028887630156,,,",3250,3255,3250,20241030RUN01,,,,,,,05/11/2024,2.010055712993171,1.6609985642776426,3.175638290190974,2.566270060546172,3.175638290190974,1.165582577197803,"LINESTRING(100.73178040346112 6.9719566735889895,100.73167170529311 6.972101274212968)",2.5928470015920726,2.586014506688548,9210,0,3251,646
651,"651,5/11/2024,LINESTRING(100.73169883137828 6.972065065048194,,,",3255,3260,3255,20241030RUN01,,,,,,,05/11/2024,2.010055712993171,1.6609985642776426,3.175638290190974,2.566270060546172,3.175638290190974,1.165582577197803,"LINESTRING(100.73178040346112 6.9719566735889895,100.73167170529311 6.972101274212968)",2.5928470015920726,2.698186085540057,9210,0,3256,647
652,"652,5/11/2024,LINESTRING(100.73167171483473 6.97210125877312,,,",3260,3265,3260,20241030RUN01,,,,,,,05/11/2024,2.208130152501404,1.7411434634694507,3.252163747302843,2.6460329677209304,3.252163747302843,1.044033594801439,"LINESTRING(100.73167170529311 6.972101274212968,100.73156329433839 6.97224608987982)",2.7301469499021236,2.8586527613833423,9210,0,3261,648
653,"653,5/11/2024,LINESTRING(100.73164453605315 6.97213740585203,,,",3265,3270,3265,20241030RUN01,,,,,,,05/11/2024,2.208130152501404,1.7411434634694507,3.252163747302843,2.6460329677209304,3.252163747302843,1.044033594801439,"LINESTRING(100.73167170529311 6.972101274212968,100.73156329433839 6.97224608987982)",2.7301469499021236,2.622055189166577,9210,0,3266,649
654,"654,5/11/2024,LINESTRING(100.73161739933477 6.972173584461748,,,",3270,3275,3270,20241030RUN01,,,,,,,05/11/2024,2.208130152501404,1.7411434634694507,3.252163747302843,2.6460329677209304,3.252163747302843,1.044033594801439,"LINESTRING(100.73167170529311 6.972101274212968,100.73156329433839 6.97224608987982)",2.7301469499021236,2.732239424614454,9210,0,3271,650
655,"655,5/11/2024,LINESTRING(100.73159034504353 6.972209824706023,,,",3275,3280,3275,20241030RUN01,,,,,,,05/11/2024,2.208130152501404,1.7411434634694507,3.252163747302843,2.6460329677209304,3.252163747302843,1.044033594801439,"LINESTRING(100.73167170529311 6.972101274212968,100.73156329433839 6.97224608987982)",2.7301469499021236,2.8472968414452122,9210,0,3276,651
656,"656,5/11/2024,LINESTRING(100.73156330377303 6.972246074625765,,,",3280,3285,3280,20241030RUN01,,,,,,,05/11/2024,2.2435723199737305,2.109312218992558,2.56860048639141,2.003270452470618,2.56860048639141,0.3250281664176793,"LINESTRING(100.73156329433839 6.97224608987982,100.73145507090783 6.97239104575245)",2.40608640318257,2.1919784017901156,9210,0,3281,652
657,"657,5/11/2024,LINESTRING(100.73153622777463 6.972282298655303,,,",3285,3290,3285,20241030RUN01,,,,,,,05/11/2024,2.2435723199737305,2.109312218992558,2.56860048639141,2.003270452470618,2.56860048639141,0.3250281664176793,"LINESTRING(100.73156329433839 6.97224608987982,100.73145507090783 6.97239104575245)",2.40608640318257,2.2632392840432916,9210,0,3286,653
658,"658,5/11/2024,LINESTRING(100.73150913583045 6.972318510761787,,,",3290,3295,3290,20241030RUN01,,,,,,,05/11/2024,2.2435723199737305,2.109312218992558,2.56860048639141,2.003270452470618,2.56860048639141,0.3250281664176793,"LINESTRING(100.73156329433839 6.97224608987982,100.73145507090783 6.97239104575245)",2.40608640318257,2.588506978557289,9210,0,3291,654
659,"659,5/11/2024,LINESTRING(100.73148210658273 6.972354769568258,,,",3295,3300,3295,20241030RUN01,,,,,,,05/11/2024,2.2435723199737305,2.109312218992558,2.56860048639141,2.003270452470618,2.56860048639141,0.3250281664176793,"LINESTRING(100.73156329433839 6.97224608987982,100.73145507090783 6.97239104575245)",2.40608640318257,2.599642217825567,9210,0,3296,655
660,"660,5/11/2024,LINESTRING(100.73145508024837 6.97239103066322,,,",3300,3305,3300,20241030RUN01,,,,,,,05/11/2024,2.858645099126304,2.3642347638794905,5.111424042751587,3.916880411515953,5.111424042751587,2.2527789436252825,"LINESTRING(100.73145507090783 6.97239104575245,100.7313467104624 6.97253589865454)",3.9850345709389456,3.714412935292628,9210,0,3302,656
661,"661,5/11/2024,LINESTRING(100.73142798505407 6.972427240530956,,,",3305,3310,3305,20241030RUN01,,,,,,,05/11/2024,2.858645099126304,2.3642347638794905,5.111424042751587,3.916880411515953,5.111424042751587,2.2527789436252825,"LINESTRING(100.73145507090783 6.97239104575245,100.7313467104624 6.97253589865454)",3.9850345709389456,4.100868613159267,9210,0,3307,657
662,"662,5/11/2024,LINESTRING(100.73140088225584 6.9724634447702885,,,",3310,3315,3310,20241030RUN01,,,,,,,05/11/2024,2.858645099126304,2.3642347638794905,5.111424042751587,3.916880411515953,5.111424042751587,2.2527789436252825,"LINESTRING(100.73145507090783 6.97239104575245,100.7313467104624 6.97253589865454)",3.9850345709389456,3.872128897044362,9210,0,3312,658
663,"663,5/11/2024,LINESTRING(100.7313738083892 6.972499670617598,,,",3315,3320,3315,20241030RUN01,,,,,,,05/11/2024,2.858645099126304,2.3642347638794905,5.111424042751587,3.916880411515953,5.111424042751587,2.2527789436252825,"LINESTRING(100.73145507090783 6.97239104575245,100.7313467104624 6.97253589865454)",3.9850345709389456,4.067308916550231,9210,0,3317,659
664,"664,5/11/2024,LINESTRING(100.73134671898796 6.9725358848653185,,,",3320,3325,3320,20241030RUN01,,,,,,,05/11/2024,3.092083012527744,2.2412822605679064,3.7824377097564943,2.885887694452401,3.7824377097564943,0.6903546972287504,"LINESTRING(100.7313467104624 6.97253589865454,100.73123790518311 6.972680418342642)",3.437260361142119,3.165247108184408,9210,0,3322,660
665,"665,5/11/2024,LINESTRING(100.73131956930868 6.972572053969641,,,",3325,3330,3325,20241030RUN01,,,,,,,05/11/2024,3.092083012527744,2.2412822605679064,3.7824377097564943,2.885887694452401,3.7824377097564943,0.6903546972287504,"LINESTRING(100.7313467104624 6.97253589865454,100.73123790518311 6.972680418342642)",3.437260361142119,3.3569825500040467,9210,0,3327,661
666,"666,5/11/2024,LINESTRING(100.73129237972748 6.972608193188045,,,",3330,3335,3330,20241030RUN01,,,,,,,05/11/2024,3.092083012527744,2.2412822605679064,3.7824377097564943,2.885887694452401,3.7824377097564943,0.6903546972287504,"LINESTRING(100.7313467104624 6.97253589865454,100.73123790518311 6.972680418342642)",3.437260361142119,3.6130618490775275,9210,0,3332,662
667,"667,5/11/2024,LINESTRING(100.73126516065248 6.972644310172109,,,",3335,3340,3335,20241030RUN01,,,,,,,05/11/2024,3.092083012527744,2.2412822605679064,3.7824377097564943,2.885887694452401,3.7824377097564943,0.6903546972287504,"LINESTRING(100.7313467104624 6.97253589865454,100.73123790518311 6.972680418342642)",3.437260361142119,3.5295654307348765,9210,0,3337,663
668,"668,5/11/2024,LINESTRING(100.73123791303303 6.972680405631792,,,",3340,3345,3340,20241030RUN01,,,,,,,05/11/2024,2.8242701545558777,1.7280262926558736,2.870476390750744,2.968390521124148,2.870476390750744,0.0462062361948656,"LINESTRING(100.73123790518311 6.972680418342642,100.73112947864091 6.972825222351826)",2.8473732726533107,2.7378247249822003,9210,0,3342,664
669,"669,5/11/2024,LINESTRING(100.73121069975514 6.972716526827427,,,",3345,3350,3345,20241030RUN01,,,,,,,05/11/2024,2.8242701545558777,1.7280262926558736,2.870476390750744,2.968390521124148,2.870476390750744,0.0462062361948656,"LINESTRING(100.73123790518311 6.972680418342642,100.73112947864091 6.972825222351826)",2.8473732726533107,2.897133734285394,9210,0,3347,665
670,"670,5/11/2024,LINESTRING(100.7311835801495 6.972752718315704,,,",3350,3355,3350,20241030RUN01,,,,,,,05/11/2024,2.8242701545558777,1.7280262926558736,2.870476390750744,2.968390521124148,2.870476390750744,0.0462062361948656,"LINESTRING(100.73123790518311 6.972680418342642,100.73112947864091 6.972825222351826)",2.8473732726533107,2.621148962889506,9210,0,3352,666
671,"671,5/11/2024,LINESTRING(100.73115651772574 6.972788952506626,,,",3355,3360,3355,20241030RUN01,,,,,,,05/11/2024,2.8242701545558777,1.7280262926558736,2.870476390750744,2.968390521124148,2.870476390750744,0.0462062361948656,"LINESTRING(100.73123790518311 6.972680418342642,100.73112947864091 6.972825222351826)",2.8473732726533107,2.9701023913423668,9210,0,3357,667
672,"672,5/11/2024,LINESTRING(100.73112948639 6.9728252098125285,,,",3360,3365,3360,20241030RUN01,,,,,,,05/11/2024,3.1957103802990248,2.3071616219537603,3.884797397135807,3.3188093044479867,3.884797397135807,0.6890870168367824,"LINESTRING(100.73112947864091 6.972825222351826,100.73102144431601 6.97297031914346)",3.540253888717416,3.8219859141233963,9210,0,3362,668
673,"673,5/11/2024,LINESTRING(100.73110245485383 6.972861466939397,,,",3365,3370,3365,20241030RUN01,,,,,,,05/11/2024,3.1957103802990248,2.3071616219537603,3.884797397135807,3.3188093044479867,3.884797397135807,0.6890870168367824,"LINESTRING(100.73112947864091 6.972825222351826,100.73102144431601 6.97297031914346)",3.540253888717416,3.6602140544691517,9210,0,3367,669
674,"674,5/11/2024,LINESTRING(100.73107542133758 6.972897722639821,,,",3370,3375,3370,20241030RUN01,,,,,,,05/11/2024,3.1957103802990248,2.3071616219537603,3.884797397135807,3.3188093044479867,3.884797397135807,0.6890870168367824,"LINESTRING(100.73112947864091 6.972825222351826,100.73102144431601 6.97297031914346)",3.540253888717416,3.255255602905772,9210,0,3372,670
675,"675,5/11/2024,LINESTRING(100.73104843160614 6.9729340109194595,,,",3375,3380,3375,20241030RUN01,,,,,,,05/11/2024,3.1957103802990248,2.3071616219537603,3.884797397135807,3.3188093044479867,3.884797397135807,0.6890870168367824,"LINESTRING(100.73112947864091 6.972825222351826,100.73102144431601 6.97297031914346)",3.540253888717416,3.6814085887396932,9210,0,3377,671
676,"676,5/11/2024,LINESTRING(100.73102145196697 6.9729703067706374,,,",3380,3385,3380,20241030RUN01,,,,,,,05/11/2024,2.2159915570292235,1.7498442655628823,2.6441763409375736,1.756725414369677,2.6441763409375736,0.4281847839083501,"LINESTRING(100.73102144431601 6.97297031914346,100.73091324089653 6.973115289799916)",2.4300839489833983,2.2107318578449613,9210,0,3382,672
677,"677,5/11/2024,LINESTRING(100.73099444320995 6.973006581041632,,,",3385,3390,3385,20241030RUN01,,,,,,,05/11/2024,2.2159915570292235,1.7498442655628823,2.6441763409375736,1.756725414369677,2.6441763409375736,0.4281847839083501,"LINESTRING(100.73102144431601 6.97297031914346,100.73091324089653 6.973115289799916)",2.4300839489833983,2.3912616947981324,9210,0,3387,673
678,"678,5/11/2024,LINESTRING(100.73096740536235 6.973042833577173,,,",3390,3395,3390,20241030RUN01,,,,,,,05/11/2024,2.2159915570292235,1.7498442655628823,2.6441763409375736,1.756725414369677,2.6441763409375736,0.4281847839083501,"LINESTRING(100.73102144431601 6.97297031914346,100.73091324089653 6.973115289799916)",2.4300839489833983,2.2844179626896506,9210,0,3392,674
679,"679,5/11/2024,LINESTRING(100.73094034283582 6.973079067671075,,,",3395,3400,3395,20241030RUN01,,,,,,,05/11/2024,2.2159915570292235,1.7498442655628823,2.6441763409375736,1.756725414369677,2.6441763409375736,0.4281847839083501,"LINESTRING(100.73102144431601 6.97297031914346,100.73091324089653 6.973115289799916)",2.4300839489833983,2.5666881992823702,9210,0,3397,675
680,"680,5/11/2024,LINESTRING(100.73091324822637 6.973115277943245,,,",3400,3405,3400,20241030RUN01,,,,,,,05/11/2024,2.387565508042715,1.7540154237222605,2.835449381813324,2.257530759541386,2.835449381813324,0.4478838737706088,"LINESTRING(100.73091324089653 6.973115289799916,100.73080455810549 6.973259901805661)",2.6115074449280193,2.7007879373387973,9210,0,3402,676
681,"681,5/11/2024,LINESTRING(100.73088610556736 6.973151452251369,,,",3405,3410,3405,20241030RUN01,,,,,,,05/11/2024,2.387565508042715,1.7540154237222605,2.835449381813324,2.257530759541386,2.835449381813324,0.4478838737706088,"LINESTRING(100.73091324089653 6.973115289799916,100.73080455810549 6.973259901805661)",2.6115074449280193,2.7473435431092708,9210,0,3407,677
682,"682,5/11/2024,LINESTRING(100.7308589184301 6.973187593282872,,,",3410,3415,3410,20241030RUN01,,,,,,,05/11/2024,2.387565508042715,1.7540154237222605,2.835449381813324,2.257530759541386,2.835449381813324,0.4478838737706088,"LINESTRING(100.73091324089653 6.973115289799916,100.73080455810549 6.973259901805661)",2.6115074449280193,2.5839568794472765,9210,0,3412,678
683,"683,5/11/2024,LINESTRING(100.73083171201179 6.973223719749844,,,",3415,3420,3415,20241030RUN01,,,,,,,05/11/2024,2.387565508042715,1.7540154237222605,2.835449381813324,2.257530759541386,2.835449381813324,0.4478838737706088,"LINESTRING(100.73091324089653 6.973115289799916,100.73080455810549 6.973259901805661)",2.6115074449280193,2.591148832948538,9210,0,3417,679
684,"684,5/11/2024,LINESTRING(100.73080456494348 6.973259890732356,,,",3420,3425,3420,20241030RUN01,,,,,,,05/11/2024,2.7499732321333523,2.034515906123884,3.4905076984716485,2.899247703811413,3.4905076984716485,0.7405344663382962,"LINESTRING(100.73080455810549 6.973259901805661,100.73069577630478 6.973404439746877)",3.1202404653025004,3.3464320258476032,9210,0,3422,680
685,"685,5/11/2024,LINESTRING(100.73077742971351 6.973296070568675,,,",3425,3430,3425,20241030RUN01,,,,,,,05/11/2024,2.7499732321333523,2.034515906123884,3.4905076984716485,2.899247703811413,3.4905076984716485,0.7405344663382962,"LINESTRING(100.73080455810549 6.973259901805661,100.73069577630478 6.973404439746877)",3.1202404653025004,3.2203940132189084,9210,0,3427,681
686,"686,5/11/2024,LINESTRING(100.73075021662669 6.973332192015608,,,",3430,3435,3430,20241030RUN01,,,,,,,05/11/2024,2.7499732321333523,2.034515906123884,3.4905076984716485,2.899247703811413,3.4905076984716485,0.7405344663382962,"LINESTRING(100.73080455810549 6.973259901805661,100.73069577630478 6.973404439746877)",3.1202404653025004,3.1411638798203274,9210,0,3432,682
687,"687,5/11/2024,LINESTRING(100.73072298817821 6.973368301882421,,,",3435,3440,3435,20241030RUN01,,,,,,,05/11/2024,2.7499732321333523,2.034515906123884,3.4905076984716485,2.899247703811413,3.4905076984716485,0.7405344663382962,"LINESTRING(100.73080455810549 6.973259901805661,100.73069577630478 6.973404439746877)",3.1202404653025004,2.9508583100500134,9210,0,3437,683
688,"688,5/11/2024,LINESTRING(100.73069578285298 6.9734044291384425,,,",3440,3445,3440,20241030RUN01,,,,,,,05/11/2024,2.067697156945658,1.3294077864826468,4.338655718564513,2.998559729886457,4.338655718564513,2.270958561618855,"LINESTRING(100.73069577630478 6.973404439746877,100.73058676615297 6.973548806198319)",3.2031764377550855,3.096089531158004,9210,0,3442,684
689,"689,5/11/2024,LINESTRING(100.73066856501485 6.973440546925877,,,",3445,3450,3445,20241030RUN01,,,,,,,05/11/2024,2.067697156945658,1.3294077864826468,4.338655718564513,2.998559729886457,4.338655718564513,2.270958561618855,"LINESTRING(100.73069577630478 6.973404439746877,100.73058676615297 6.973548806198319)",3.2031764377550855,3.1957313232425664,9210,0,3447,685
690,"690,5/11/2024,LINESTRING(100.73064134789385 6.9734766652174915,,,",3450,3455,3450,20241030RUN01,,,,,,,05/11/2024,2.067697156945658,1.3294077864826468,4.338655718564513,2.998559729886457,4.338655718564513,2.270958561618855,"LINESTRING(100.73069577630478 6.973404439746877,100.73058676615297 6.973548806198319)",3.2031764377550855,3.4552145495703726,9210,0,3452,686
691,"691,5/11/2024,LINESTRING(100.73061409079308 6.973512753317135,,,",3455,3460,3455,20241030RUN01,,,,,,,05/11/2024,2.067697156945658,1.3294077864826468,4.338655718564513,2.998559729886457,4.338655718564513,2.270958561618855,"LINESTRING(100.73069577630478 6.973404439746877,100.73058676615297 6.973548806198319)",3.2031764377550855,3.2895260444848766,9210,0,3458,687
692,"692,5/11/2024,LINESTRING(100.73058677276879 6.973548795495099,,,",3460,3465,3460,20241030RUN01,,,,,,,05/11/2024,3.046713994754126,2.124945324027128,3.819093931025968,2.748223933562376,3.819093931025968,0.7723799362718413,"LINESTRING(100.73058676615297 6.973548806198319,100.73047761148196 6.973693063792579)",3.4329039628900473,3.576445265834582,9210,0,3463,688
693,"693,5/11/2024,LINESTRING(100.730559437109 6.97358482423037,,,",3465,3470,3465,20241030RUN01,,,,,,,05/11/2024,3.046713994754126,2.124945324027128,3.819093931025968,2.748223933562376,3.819093931025968,0.7723799362718413,"LINESTRING(100.73058676615297 6.973548806198319,100.73047761148196 6.973693063792579)",3.4329039628900473,3.6217748740287807,9210,0,3468,689
694,"694,5/11/2024,LINESTRING(100.73053212534592 6.973620871104419,,,",3470,3475,3470,20241030RUN01,,,,,,,05/11/2024,3.046713994754126,2.124945324027128,3.819093931025968,2.748223933562376,3.819093931025968,0.7723799362718413,"LINESTRING(100.73058676615297 6.973548806198319,100.73047761148196 6.973693063792579)",3.4329039628900473,3.1144065047567855,9210,0,3473,690
695,"695,5/11/2024,LINESTRING(100.73050486018043 6.97365695319587,,,",3475,3480,3475,20241030RUN01,,,,,,,05/11/2024,3.046713994754126,2.124945324027128,3.819093931025968,2.748223933562376,3.819093931025968,0.7723799362718413,"LINESTRING(100.73058676615297 6.973548806198319,100.73047761148196 6.973693063792579)",3.4329039628900473,3.2379121003268496,9210,0,3478,691
696,"696,5/11/2024,LINESTRING(100.73047761828967 6.973693052800609,,,",3480,3485,3480,20241030RUN01,,,,,,,05/11/2024,2.6882200516910992,1.8518787898523168,2.705017597814776,2.2500114678546583,2.705017597814776,0.0167975461236769,"LINESTRING(100.73047761148196 6.973693063792579,100.7303697311741 6.973838272615477)",2.696618824752938,2.430226881304994,9210,0,3483,692
697,"697,5/11/2024,LINESTRING(100.73045042936066 6.973729192244569,,,",3485,3490,3485,20241030RUN01,,,,,,,05/11/2024,2.6882200516910992,1.8518787898523168,2.705017597814776,2.2500114678546583,2.705017597814776,0.0167975461236769,"LINESTRING(100.73047761148196 6.973693063792579,100.7303697311741 6.973838272615477)",2.696618824752938,2.8047323143673606,9210,0,3488,693
698,"698,5/11/2024,LINESTRING(100.73042338092012 6.973765436803525,,,",3490,3495,3490,20241030RUN01,,,,,,,05/11/2024,2.6882200516910992,1.8518787898523168,2.705017597814776,2.2500114678546583,2.705017597814776,0.0167975461236769,"LINESTRING(100.73047761148196 6.973693063792579,100.7303697311741 6.973838272615477)",2.696618824752938,2.5936278328541125,9210,0,3493,694
699,"699,5/11/2024,LINESTRING(100.73039649531603 6.973801802228725,,,",3495,3500,3495,20241030RUN01,,,,,,,05/11/2024,2.6882200516910992,1.8518787898523168,2.705017597814776,2.2500114678546583,2.705017597814776,0.0167975461236769,"LINESTRING(100.73047761148196 6.973693063792579,100.7303697311741 6.973838272615477)",2.696618824752938,2.6767836114772607,9210,0,3498,695
700,"700,5/11/2024,LINESTRING(100.73036973780681 6.973838261906908,,,",3500,3505,3500,20241030RUN01,,,,,,,05/11/2024,2.1557823637669045,1.5626791377541729,2.670649380266716,1.7709319667813768,2.670649380266716,0.5148670164998115,"LINESTRING(100.7303697311741 6.973838272615477,100.73026440592805 6.973985341253903)",2.41321587201681,2.3419125992615846,9210,0,3503,696
701,"701,5/11/2024,LINESTRING(100.73034313999642 6.97387483799724,,,",3505,3510,3505,20241030RUN01,,,,,,,05/11/2024,2.1557823637669045,1.5626791377541729,2.670649380266716,1.7709319667813768,2.670649380266716,0.5148670164998115,"LINESTRING(100.7303697311741 6.973838272615477,100.73026440592805 6.973985341253903)",2.41321587201681,2.399186910520422,9210,0,3508,697
702,"702,5/11/2024,LINESTRING(100.73031673993871 6.973911556846961,,,",3510,3515,3510,20241030RUN01,,,,,,,05/11/2024,2.1557823637669045,1.5626791377541729,2.670649380266716,1.7709319667813768,2.670649380266716,0.5148670164998115,"LINESTRING(100.7303697311741 6.973838272615477,100.73026440592805 6.973985341253903)",2.41321587201681,2.4791827882658493,9210,0,3513,698
703,"703,5/11/2024,LINESTRING(100.73029048446855 6.973948379049815,,,",3515,3520,3515,20241030RUN01,,,,,,,05/11/2024,2.1557823637669045,1.5626791377541729,2.670649380266716,1.7709319667813768,2.670649380266716,0.5148670164998115,"LINESTRING(100.7303697311741 6.973838272615477,100.73026440592805 6.973985341253903)",2.41321587201681,2.4250260632546143,9210,0,3518,699
704,"704,5/11/2024,LINESTRING(100.73026441232696 6.973985330917477,,,",3520,3525,3520,20241030RUN01,,,,,,,05/11/2024,3.644197470259601,2.933136375420617,3.529450647483516,2.5893837258358654,3.644197470259601,0.1147468227760852,"LINESTRING(100.73026440592805 6.973985341253903,100.73016589778788 6.974137002280706)",3.5868240588715583,3.400671697748333,9210,0,3523,700
705,"705,5/11/2024,LINESTRING(100.7302387458723 6.974022564992472,,,",3525,3530,3525,20241030RUN01,,,,,,,05/11/2024,3.644197470259601,2.933136375420617,3.529450647483516,2.5893837258358654,3.644197470259601,0.1147468227760852,"LINESTRING(100.73026440592805 6.973985341253903,100.73016589778788 6.974137002280706)",3.5868240588715583,3.793002219426813,9210,0,3528,701
706,"706,5/11/2024,LINESTRING(100.73021367759058 6.974060203391715,,,",3530,3535,3530,20241030RUN01,,,,,,,05/11/2024,3.644197470259601,2.933136375420617,3.529450647483516,2.5893837258358654,3.644197470259601,0.1147468227760852,"LINESTRING(100.73026440592805 6.973985341253903,100.73016589778788 6.974137002280706)",3.5868240588715583,3.547994674083732,9210,0,3533,702
707,"707,5/11/2024,LINESTRING(100.73018936558465 6.974098333614565,,,",3535,3540,3535,20241030RUN01,,,,,,,05/11/2024,3.644197470259601,2.933136375420617,3.529450647483516,2.5893837258358654,3.644197470259601,0.1147468227760852,"LINESTRING(100.73026440592805 6.973985341253903,100.73016589778788 6.974137002280706)",3.5868240588715583,3.65007937444234,9210,0,3538,703
708,"708,5/11/2024,LINESTRING(100.73016590418348 6.974136991950199,,,",3540,3545,3540,20241030RUN01,,,,,,,05/11/2024,4.190619158331385,3.065616636274689,4.863293565786946,3.133828623679451,4.863293565786946,0.6726744074555606,"LINESTRING(100.73016589778788 6.974137002280706,100.73008121182477 6.974296749285532)",4.526956362059165,4.090874711923215,9210,0,3543,704
709,"709,5/11/2024,LINESTRING(100.73014331483053 6.9741761656569725,,,",3545,3550,3545,20241030RUN01,,,,,,,05/11/2024,4.190619158331385,3.065616636274689,4.863293565786946,3.133828623679451,4.863293565786946,0.6726744074555606,"LINESTRING(100.73016589778788 6.974137002280706,100.73008121182477 6.974296749285532)",4.526956362059165,4.45306880310509,9210,0,3548,705
710,"710,5/11/2024,LINESTRING(100.73012158227417 6.97421582013263,,,",3550,3555,3550,20241030RUN01,,,,,,,05/11/2024,4.190619158331385,3.065616636274689,4.863293565786946,3.133828623679451,4.863293565786946,0.6726744074555606,"LINESTRING(100.73016589778788 6.974137002280706,100.73008121182477 6.974296749285532)",4.526956362059165,4.834594135189358,9210,0,3553,706
711,"711,5/11/2024,LINESTRING(100.73010086300775 6.974256012232372,,,",3555,3560,3555,20241030RUN01,,,,,,,05/11/2024,4.190619158331385,3.065616636274689,4.863293565786946,3.133828623679451,4.863293565786946,0.6726744074555606,"LINESTRING(100.73016589778788 6.974137002280706,100.73008121182477 6.974296749285532)",4.526956362059165,4.716344598659811,9210,0,3558,707
712,"712,5/11/2024,LINESTRING(100.73008121791484 6.974296739421633,,,",3560,3565,3560,20241030RUN01,,,,,,,05/11/2024,3.601184497700864,2.0532210273006006,2.843670478014501,2.3680900335224657,3.601184497700864,0.7575140196863632,"LINESTRING(100.73008121182477 6.974296749285532,100.73000422629468 6.974460333391357)",3.2224274878576824,3.4383576579797985,9210,0,3563,708
713,"713,5/11/2024,LINESTRING(100.73006244507768 6.974337875777597,,,",3565,3570,3565,20241030RUN01,,,,,,,05/11/2024,3.601184497700864,2.0532210273006006,2.843670478014501,2.3680900335224657,3.601184497700864,0.7575140196863632,"LINESTRING(100.73008121182477 6.974296749285532,100.73000422629468 6.974460333391357)",3.2224274878576824,3.02794480982735,9210,0,3568,709
714,"714,5/11/2024,LINESTRING(100.73004415417361 6.974379228939301,,,",3570,3575,3570,20241030RUN01,,,,,,,05/11/2024,3.601184497700864,2.0532210273006006,2.843670478014501,2.3680900335224657,3.601184497700864,0.7575140196863632,"LINESTRING(100.73008121182477 6.974296749285532,100.73000422629468 6.974460333391357)",3.2224274878576824,3.4163821868321396,9210,0,3573,710
715,"715,5/11/2024,LINESTRING(100.73002531756612 6.974420334679372,,,",3575,3580,3575,20241030RUN01,,,,,,,05/11/2024,3.601184497700864,2.0532210273006006,2.843670478014501,2.3680900335224657,3.601184497700864,0.7575140196863632,"LINESTRING(100.73008121182477 6.974296749285532,100.73000422629468 6.974460333391357)",3.2224274878576824,3.200633258274684,9210,0,3578,711
716,"716,5/11/2024,LINESTRING(100.73000423280496 6.9744603228539095,,,",3580,3585,3580,20241030RUN01,,,,,,,05/11/2024,4.260570835869114,3.168174292796642,4.220820551545441,3.1041561032350744,4.260570835869114,0.0397502843236727,"LINESTRING(100.73000422629468 6.974460333391357,100.72986801367333 6.974571827843696)",4.240695693707277,4.132564688710106,9210,0,3583,712
717,"717,5/11/2024,LINESTRING(100.72997879386813 6.974497667513931,,,",3585,3590,3585,20241030RUN01,,,,,,,05/11/2024,4.260570835869114,3.168174292796642,4.220820551545441,3.1041561032350744,4.260570835869114,0.0397502843236727,"LINESTRING(100.73000422629468 6.974460333391357,100.72986801367333 6.974571827843696)",4.240695693707277,4.463368203292758,9210,0,3588,713
718,"718,5/11/2024,LINESTRING(100.72994753205865 6.97453025681881,,,",3590,3595,3590,20241030RUN01,,,,,,,05/11/2024,4.260570835869114,3.168174292796642,4.220820551545441,3.1041561032350744,4.260570835869114,0.0397502843236727,"LINESTRING(100.73000422629468 6.974460333391357,100.72986801367333 6.974571827843696)",4.240695693707277,4.211311679668464,9210,0,3593,714
719,"719,5/11/2024,LINESTRING(100.72991013791422 6.974555541160702,,,",3595,3600,3595,20241030RUN01,,,,,,,05/11/2024,4.260570835869114,3.168174292796642,4.220820551545441,3.1041561032350744,4.260570835869114,0.0397502843236727,"LINESTRING(100.73000422629468 6.974460333391357,100.72986801367333 6.974571827843696)",4.240695693707277,4.3352557805541245,9210,0,3598,715
720,"720,5/11/2024,LINESTRING(100.7298680200158 6.974571817607877,,,",3600,3605,3600,20241030RUN01,,,,,,,05/11/2024,2.9758943677377885,2.3044560700940315,3.8111982305431806,3.118156607882657,3.8111982305431806,0.8353038628053921,"LINESTRING(100.72986801367333 6.974571827843696,100.72968806355559 6.974574784583773)",3.3935462991404846,3.5991311819441614,9210,0,3603,716
721,"721,5/11/2024,LINESTRING(100.72982350504823 6.97457962205522,,,",3605,3610,3605,20241030RUN01,,,,,,,05/11/2024,2.9758943677377885,2.3044560700940315,3.8111982305431806,3.118156607882657,3.8111982305431806,0.8353038628053921,"LINESTRING(100.72986801367333 6.974571827843696,100.72968806355559 6.974574784583773)",3.3935462991404846,3.295690770266839,9210,0,3609,717
722,"722,5/11/2024,LINESTRING(100.72977830696792 6.974581197371776,,,",3610,3615,3610,20241030RUN01,,,,,,,05/11/2024,2.9758943677377885,2.3044560700940315,3.8111982305431806,3.118156607882657,3.8111982305431806,0.8353038628053921,"LINESTRING(100.72986801367333 6.974571827843696,100.72968806355559 6.974574784583773)",3.3935462991404846,3.298094730919935,9210,0,3614,718
723,"723,5/11/2024,LINESTRING(100.72973311933626 6.974578986881962,,,",3615,3620,3615,20241030RUN01,,,,,,,05/11/2024,2.9758943677377885,2.3044560700940315,3.8111982305431806,3.118156607882657,3.8111982305431806,0.8353038628053921,"LINESTRING(100.72986801367333 6.974571827843696,100.72968806355559 6.974574784583773)",3.3935462991404846,3.1272839363002176,9210,0,3619,719
724,"724,5/11/2024,LINESTRING(100.72968806978317 6.9745747746308036,,,",3620,3625,3620,20241030RUN01,,,,,,,05/11/2024,2.431946076776116,1.7015123640975112,3.646249757497528,2.669837601716157,3.646249757497528,1.2143036807214118,"LINESTRING(100.72968806355559 6.974574784583773,100.72950839016272 6.974552994509455)",3.039097917136822,3.21600627226124,9210,0,3624,720
725,"725,5/11/2024,LINESTRING(100.72964313345342 6.97456947757022,,,",3625,3630,3625,20241030RUN01,,,,,,,05/11/2024,2.431946076776116,1.7015123640975112,3.646249757497528,2.669837601716157,3.646249757497528,1.2143036807214118,"LINESTRING(100.72968806355559 6.974574784583773,100.72950839016272 6.974552994509455)",3.039097917136822,2.9472453434231363,9210,0,3629,721
726,"726,5/11/2024,LINESTRING(100.7295982398075 6.974563827452734,,,",3630,3635,3630,20241030RUN01,,,,,,,05/11/2024,2.431946076776116,1.7015123640975112,3.646249757497528,2.669837601716157,3.646249757497528,1.2143036807214118,"LINESTRING(100.72968806355559 6.974574784583773,100.72950839016272 6.974552994509455)",3.039097917136822,2.9879866896455356,9210,0,3634,722
727,"727,5/11/2024,LINESTRING(100.72955333559122 6.974558261970247,,,",3635,3640,3635,20241030RUN01,,,,,,,05/11/2024,2.431946076776116,1.7015123640975112,3.646249757497528,2.669837601716157,3.646249757497528,1.2143036807214118,"LINESTRING(100.72968806355559 6.974574784583773,100.72950839016272 6.974552994509455)",3.039097917136822,2.7410088630855762,9210,0,3639,723
728,"728,5/11/2024,LINESTRING(100.72950839660268 6.974552984343527,,,",3640,3645,3640,20241030RUN01,,,,,,,05/11/2024,2.863705733022983,2.473327837399166,3.916526956535901,3.181330354801984,3.916526956535901,1.0528212235129182,"LINESTRING(100.72950839016272 6.974552994509455,100.72932828857317 6.974535108926141)",3.3901163447794422,3.5193001603634624,9210,0,3644,724
729,"729,5/11/2024,LINESTRING(100.72946341289936 6.974548101792982,,,",3645,3650,3645,20241030RUN01,,,,,,,05/11/2024,2.863705733022983,2.473327837399166,3.916526956535901,3.181330354801984,3.916526956535901,1.0528212235129182,"LINESTRING(100.72950839016272 6.974552994509455,100.72932828857317 6.974535108926141)",3.3901163447794422,3.5931119113289274,9210,0,3649,725
730,"730,5/11/2024,LINESTRING(100.72941839663947 6.9745435278369206,,,",3650,3655,3650,20241030RUN01,,,,,,,05/11/2024,2.863705733022983,2.473327837399166,3.916526956535901,3.181330354801984,3.916526956535901,1.0528212235129182,"LINESTRING(100.72950839016272 6.974552994509455,100.72932828857317 6.974535108926141)",3.3901163447794422,3.4998638605743984,9210,0,3654,726
731,"731,5/11/2024,LINESTRING(100.72937336160183 6.974539142029209,,,",3655,3660,3655,20241030RUN01,,,,,,,05/11/2024,2.863705733022983,2.473327837399166,3.916526956535901,3.181330354801984,3.916526956535901,1.0528212235129182,"LINESTRING(100.72950839016272 6.974552994509455,100.72932828857317 6.974535108926141)",3.3901163447794422,3.138026686082305,9210,0,3659,727
732,"732,5/11/2024,LINESTRING(100.72932829466569 6.97453509939445,,,",3660,3665,3660,20241030RUN01,,,,,,,05/11/2024,3.8140173700910487,3.589086683303683,4.051988978794682,3.8690804504253062,4.051988978794682,0.2379716087036336,"LINESTRING(100.72932828857317 6.974535108926141,100.72914757474686 6.9745255276340785)",3.9330031744428657,3.647516689214939,9210,0,3664,728
733,"733,5/11/2024,LINESTRING(100.72928317471845 6.974531700774864,,,",3665,3670,3665,20241030RUN01,,,,,,,05/11/2024,3.8140173700910487,3.589086683303683,4.051988978794682,3.8690804504253062,4.051988978794682,0.2379716087036336,"LINESTRING(100.72932828857317 6.974535108926141,100.72914757474686 6.9745255276340785)",3.9330031744428657,3.8815159648558857,9210,0,3669,729
734,"734,5/11/2024,LINESTRING(100.72923800673253 6.974529013414177,,,",3670,3675,3670,20241030RUN01,,,,,,,05/11/2024,3.8140173700910487,3.589086683303683,4.051988978794682,3.8690804504253062,4.051988978794682,0.2379716087036336,"LINESTRING(100.72932828857317 6.974535108926141,100.72914757474686 6.9745255276340785)",3.9330031744428657,3.7837971560358152,9210,0,3674,730
735,"735,5/11/2024,LINESTRING(100.72919280676027 6.974526929075007,,,",3675,3680,3675,20241030RUN01,,,,,,,05/11/2024,3.8140173700910487,3.589086683303683,4.051988978794682,3.8690804504253062,4.051988978794682,0.2379716087036336,"LINESTRING(100.72932828857317 6.974535108926141,100.72914757474686 6.9745255276340785)",3.9330031744428657,4.268538106810539,9210,0,3679,731
736,"736,5/11/2024,LINESTRING(100.72914758100646 6.974525517953034,,,",3680,3685,3680,20241030RUN01,,,,,,,05/11/2024,8.001767026799566,8.458487433061578,4.037227765796346,3.794460483523648,8.001767026799566,3.96453926100322,"LINESTRING(100.72914757474686 6.9745255276340785,100.72896789727558 6.974542282983141)",6.019497396297956,6.025132995648626,9210,0,3684,732
737,"737,5/11/2024,LINESTRING(100.72910233604395 6.974525146453177,,,",3685,3690,3685,20241030RUN01,,,,,,,05/11/2024,8.001767026799566,8.458487433061578,4.037227765796346,3.794460483523648,8.001767026799566,3.96453926100322,"LINESTRING(100.72914757474686 6.9745255276340785,100.72896789727558 6.974542282983141)",6.019497396297956,5.608399658920272,9210,0,3689,733
738,"738,5/11/2024,LINESTRING(100.72905717624012 6.974527711689041,,,",3690,3695,3690,20241030RUN01,,,,,,,05/11/2024,8.001767026799566,8.458487433061578,4.037227765796346,3.794460483523648,8.001767026799566,3.96453926100322,"LINESTRING(100.72914757474686 6.9745255276340785,100.72896789727558 6.974542282983141)",6.019497396297956,6.591454775922208,9210,0,3694,734
739,"739,5/11/2024,LINESTRING(100.72901252264047 6.974534902031827,,,",3695,3700,3695,20241030RUN01,,,,,,,05/11/2024,8.001767026799566,8.458487433061578,4.037227765796346,3.794460483523648,8.001767026799566,3.96453926100322,"LINESTRING(100.72914757474686 6.9745255276340785,100.72896789727558 6.974542282983141)",6.019497396297956,5.561152594084617,9210,0,3699,735
740,"740,5/11/2024,LINESTRING(100.72896790282665 6.974542274438502,,,",3700,3705,3700,20241030RUN01,,,,,,,05/11/2024,5.774162802631364,3.579373649139965,5.4645850663138695,4.055156926296252,5.774162802631364,0.3095777363174941,"LINESTRING(100.72896789727558 6.974542282983141,100.7287989165156 6.974486178340521)",5.619373934472616,5.767974332059557,9210,0,3704,736
741,"741,5/11/2024,LINESTRING(100.72892286789914 6.974540778173035,,,",3705,3710,3705,20241030RUN01,,,,,,,05/11/2024,5.774162802631364,3.579373649139965,5.4645850663138695,4.055156926296252,5.774162802631364,0.3095777363174941,"LINESTRING(100.72896789727558 6.974542282983141,100.7287989165156 6.974486178340521)",5.619373934472616,5.82320950024585,9210,0,3709,737
742,"742,5/11/2024,LINESTRING(100.72888033843957 6.974525641615335,,,",3710,3715,3710,20241030RUN01,,,,,,,05/11/2024,5.774162802631364,3.579373649139965,5.4645850663138695,4.055156926296252,5.774162802631364,0.3095777363174941,"LINESTRING(100.72896789727558 6.974542282983141,100.7287989165156 6.974486178340521)",5.619373934472616,5.378144344929411,9210,0,3714,738
743,"743,5/11/2024,LINESTRING(100.72883962393519 6.974505920332737,,,",3715,3720,3715,20241030RUN01,,,,,,,05/11/2024,5.774162802631364,3.579373649139965,5.4645850663138695,4.055156926296252,5.774162802631364,0.3095777363174941,"LINESTRING(100.72896789727558 6.974542282983141,100.7287989165156 6.974486178340521)",5.619373934472616,5.331210476776461,9210,0,3719,739
744,"744,5/11/2024,LINESTRING(100.72879892276019 6.974486168880837,,,",3720,3725,3720,20241030RUN01,,,,,,,05/11/2024,3.41164644737385,2.826828548777504,3.5254471698079777,2.6487808810672755,3.5254471698079777,0.1138007224341275,"LINESTRING(100.7287989165156 6.974486178340521,100.72863069931515 6.9744197629639295)",3.468546808590914,3.474637152414431,9210,0,3724,740
745,"745,5/11/2024,LINESTRING(100.72875768578045 6.974467562638434,,,",3725,3730,3725,20241030RUN01,,,,,,,05/11/2024,3.41164644737385,2.826828548777504,3.5254471698079777,2.6487808810672755,3.5254471698079777,0.1138007224341275,"LINESTRING(100.7287989165156 6.974486178340521,100.72863069931515 6.9744197629639295)",3.468546808590914,3.468813302140183,9210,0,3729,741
746,"746,5/11/2024,LINESTRING(100.72871586812046 6.974450298629443,,,",3730,3735,3730,20241030RUN01,,,,,,,05/11/2024,3.41164644737385,2.826828548777504,3.5254471698079777,2.6487808810672755,3.5254471698079777,0.1138007224341275,"LINESTRING(100.7287989165156 6.974486178340521,100.72863069931515 6.9744197629639295)",3.468546808590914,3.6233233648842287,9210,0,3734,742
747,"747,5/11/2024,LINESTRING(100.72867352039708 6.974434377031152,,,",3735,3740,3735,20241030RUN01,,,,,,,05/11/2024,3.41164644737385,2.826828548777504,3.5254471698079777,2.6487808810672755,3.5254471698079777,0.1138007224341275,"LINESTRING(100.7287989165156 6.974486178340521,100.72863069931515 6.9744197629639295)",3.468546808590914,3.50642655319948,9210,0,3739,743
748,"748,5/11/2024,LINESTRING(100.7286307055583 6.974419753616716,,,",3740,3745,3740,20241030RUN01,,,,,,,05/11/2024,2.128648926969671,1.604834371915423,2.445136395677921,1.8507538582256409,2.445136395677921,0.3164874687082499,"LINESTRING(100.72863069931515 6.9744197629639295,100.72845675528312 6.974369910736736)",2.2868926613237957,2.371697764872414,9210,0,3744,744
749,"749,5/11/2024,LINESTRING(100.72858756657995 6.974406112957662,,,",3745,3750,3745,20241030RUN01,,,,,,,05/11/2024,2.128648926969671,1.604834371915423,2.445136395677921,1.8507538582256409,2.445136395677921,0.3164874687082499,"LINESTRING(100.72863069931515 6.9744197629639295,100.72845675528312 6.974369910736736)",2.2868926613237957,2.369756295865361,9210,0,3749,745
750,"750,5/11/2024,LINESTRING(100.728544159865 6.9743933476804445,,,",3750,3755,3750,20241030RUN01,,,,,,,05/11/2024,2.128648926969671,1.604834371915423,2.445136395677921,1.8507538582256409,2.445136395677921,0.3164874687082499,"LINESTRING(100.72863069931515 6.9744197629639295,100.72845675528312 6.974369910736736)",2.2868926613237957,2.2049377860154964,9210,0,3754,746
751,"751,5/11/2024,LINESTRING(100.72850054774948 6.974381300811186,,,",3755,3760,3755,20241030RUN01,,,,,,,05/11/2024,2.128648926969671,1.604834371915423,2.445136395677921,1.8507538582256409,2.445136395677921,0.3164874687082499,"LINESTRING(100.72863069931515 6.9744197629639295,100.72845675528312 6.974369910736736)",2.2868926613237957,2.0605712649754446,9210,0,3759,747
752,"752,5/11/2024,LINESTRING(100.72845676169366 6.974369901256009,,,",3760,3765,3760,20241030RUN01,,,,,,,05/11/2024,4.434960627908749,3.631992665485308,3.7877703074561575,2.850964288965044,4.434960627908749,0.6471903204525917,"LINESTRING(100.72845675528312 6.974369910736736,100.72828036135348 6.974329449895656)",4.111365467682454,4.22410377364212,9210,0,,
753,"753,5/11/2024,LINESTRING(100.72841281965506 6.97435911700438,,,",3765,3770,3765,20241030RUN01,,,,,,,05/11/2024,4.434960627908749,3.631992665485308,3.7877703074561575,2.850964288965044,4.434960627908749,0.6471903204525917,"LINESTRING(100.72845675528312 6.974369910736736,100.72828036135348 6.974329449895656)",4.111365467682454,4.351289704173252,9210,0,3765,748
754,"754,5/11/2024,LINESTRING(100.72836876377326 6.974348806665253,,,",3770,3775,3770,20241030RUN01,,,,,,,05/11/2024,4.434960627908749,3.631992665485308,3.7877703074561575,2.850964288965044,4.434960627908749,0.6471903204525917,"LINESTRING(100.72845675528312 6.974369910736736,100.72828036135348 6.974329449895656)",4.111365467682454,3.7945137898707886,9210,0,3770,749
755,"755,5/11/2024,LINESTRING(100.72832460870735 6.974338928961808,,,",3775,3780,3775,20241030RUN01,,,,,,,05/11/2024,4.434960627908749,3.631992665485308,3.7877703074561575,2.850964288965044,4.434960627908749,0.6471903204525917,"LINESTRING(100.72845675528312 6.974369910736736,100.72828036135348 6.974329449895656)",4.111365467682454,3.8417800236932647,9210,0,3775,750
756,"756,5/11/2024,LINESTRING(100.72828036834501 6.9743294397007425,,,",3780,3785,3780,20241030RUN01,,,,,,,05/11/2024,2.027714456722026,1.4733414267311644,3.1086816210098283,2.564269079116488,3.1086816210098283,1.0809671642878025,"LINESTRING(100.72828036135348 6.974329449895656,100.72810315039986 6.974292669825805)",2.568198038865927,2.3973522527520124,9210,0,3780,751
757,"757,5/11/2024,LINESTRING(100.7282360797328 6.9743201772232535,,,",3785,3790,3785,20241030RUN01,,,,,,,05/11/2024,2.027714456722026,1.4733414267311644,3.1086816210098283,2.564269079116488,3.1086816210098283,1.0809671642878025,"LINESTRING(100.72828036135348 6.974329449895656,100.72810315039986 6.974292669825805)",2.568198038865927,2.392582996619391,9210,0,3785,752
758,"758,5/11/2024,LINESTRING(100.7281917800603 6.974310967693093,,,",3790,3795,3790,20241030RUN01,,,,,,,05/11/2024,2.027714456722026,1.4733414267311644,3.1086816210098283,2.564269079116488,3.1086816210098283,1.0809671642878025,"LINESTRING(100.72828036135348 6.974329449895656,100.72810315039986 6.974292669825805)",2.568198038865927,2.7866707545098275,9210,0,3790,753
759,"759,5/11/2024,LINESTRING(100.72814747716015 6.974301773596616,,,",3795,3800,3795,20241030RUN01,,,,,,,05/11/2024,2.027714456722026,1.4733414267311644,3.1086816210098283,2.564269079116488,3.1086816210098283,1.0809671642878025,"LINESTRING(100.72828036135348 6.974329449895656,100.72810315039986 6.974292669825805)",2.568198038865927,2.435085663583571,9210,0,3795,754
760,"760,5/11/2024,LINESTRING(100.72810315775125 6.97429265923951,,,",3800,3805,3800,20241030RUN01,,,,,,,05/11/2024,2.3227804108153807,1.9767944703700824,2.9510638358854866,2.467215968126546,2.9510638358854866,0.6282834250701059,"LINESTRING(100.72810315039986 6.974292669825805,100.72792576293477 6.974256749332479)",2.6369221233504336,2.467025452306139,9210,0,3800,755
761,"761,5/11/2024,LINESTRING(100.72805882055998 6.974283631578286,,,",3805,3810,3805,20241030RUN01,,,,,,,05/11/2024,2.3227804108153807,1.9767944703700824,2.9510638358854866,2.467215968126546,2.9510638358854866,0.6282834250701059,"LINESTRING(100.72810315039986 6.974292669825805,100.72792576293477 6.974256749332479)",2.6369221233504336,2.406630229430768,9210,0,3805,756
762,"762,5/11/2024,LINESTRING(100.72801447191087 6.974274660367356,,,",3810,3815,3810,20241030RUN01,,,,,,,05/11/2024,2.3227804108153807,1.9767944703700824,2.9510638358854866,2.467215968126546,2.9510638358854866,0.6282834250701059,"LINESTRING(100.72810315039986 6.974292669825805,100.72792576293477 6.974256749332479)",2.6369221233504336,2.886793847645153,9210,0,3810,757
763,"763,5/11/2024,LINESTRING(100.7279701179612 6.974265715229124,,,",3815,3820,3815,20241030RUN01,,,,,,,05/11/2024,2.3227804108153807,1.9767944703700824,2.9510638358854866,2.467215968126546,2.9510638358854866,0.6282834250701059,"LINESTRING(100.72810315039986 6.974292669825805,100.72792576293477 6.974256749332479)",2.6369221233504336,2.5109549905799358,9210,0,3815,758
764,"764,5/11/2024,LINESTRING(100.72792577037862 6.974256738731886,,,",3820,3825,3820,20241030RUN01,,,,,,,05/11/2024,2.015926854514351,1.7345468980480778,3.29854342858428,2.2436229052276344,3.29854342858428,1.2826165740699285,"LINESTRING(100.72792576293477 6.974256749332479,100.7277483374605 6.974221018476246)",2.6572351415493154,2.741361487145004,9210,0,3820,759
765,"765,5/11/2024,LINESTRING(100.72788143604738 6.9742476972373915,,,",3825,3830,3825,20241030RUN01,,,,,,,05/11/2024,2.015926854514351,1.7345468980480778,3.29854342858428,2.2436229052276344,3.29854342858428,1.2826165740699285,"LINESTRING(100.72792576293477 6.974256749332479,100.7277483374605 6.974221018476246)",2.6572351415493154,2.587473231294444,9210,0,3825,760
766,"766,5/11/2024,LINESTRING(100.72783709455008 6.97423869090907,,,",3830,3835,3830,20241030RUN01,,,,,,,05/11/2024,2.015926854514351,1.7345468980480778,3.29854342858428,2.2436229052276344,3.29854342858428,1.2826165740699285,"LINESTRING(100.72792576293477 6.974256749332479,100.7277483374605 6.974221018476246)",2.6572351415493154,2.7492929140527416,9210,0,3830,761
767,"767,5/11/2024,LINESTRING(100.72779272813115 6.974229808001602,,,",3835,3840,3835,20241030RUN01,,,,,,,05/11/2024,2.015926854514351,1.7345468980480778,3.29854342858428,2.2436229052276344,3.29854342858428,1.2826165740699285,"LINESTRING(100.72792576293477 6.974256749332479,100.7277483374605 6.974221018476246)",2.6572351415493154,2.741149815661187,9210,0,3835,762
768,"768,5/11/2024,LINESTRING(100.72774834523176 6.974221007542049,,,",3840,3845,3840,20241030RUN01,,,,,,,05/11/2024,1.8904610047071495,1.3162590744452525,2.2281588807029142,1.847848503675348,2.2281588807029142,0.3376978759957645,"LINESTRING(100.7277483374605 6.974221018476246,100.72757093557917 6.97418517399964)",2.059309942705032,2.132478968597035,9210,0,3840,763
769,"769,5/11/2024,LINESTRING(100.72770396361167 6.9742122005163045,,,",3845,3850,3845,20241030RUN01,,,,,,,05/11/2024,1.8904610047071495,1.3162590744452525,2.2281588807029142,1.847848503675348,2.2281588807029142,0.3376978759957645,"LINESTRING(100.7277483374605 6.974221018476246,100.72757093557917 6.97418517399964)",2.059309942705032,2.0329860054775453,9210,0,3845,764
770,"770,5/11/2024,LINESTRING(100.72765959511878 6.974203327718472,,,",3850,3855,3850,20241030RUN01,,,,,,,05/11/2024,1.8904610047071495,1.3162590744452525,2.2281588807029142,1.847848503675348,2.2281588807029142,0.3376978759957645,"LINESTRING(100.7277483374605 6.974221018476246,100.72757093557917 6.97418517399964)",2.059309942705032,2.1107667835398294,9210,0,3850,765
771,"771,5/11/2024,LINESTRING(100.72761525295022 6.974194324525459,,,",3855,3860,3855,20241030RUN01,,,,,,,05/11/2024,1.8904610047071495,1.3162590744452525,2.2281588807029142,1.847848503675348,2.2281588807029142,0.3376978759957645,"LINESTRING(100.7277483374605 6.974221018476246,100.72757093557917 6.97418517399964)",2.059309942705032,2.1986575785683273,9210,0,3855,766
772,"772,5/11/2024,LINESTRING(100.72757094317521 6.97418516341647,,,",3860,3865,3860,20241030RUN01,,,,,,,05/11/2024,2.89016036973661,2.408681339874976,2.956985306047365,2.075104727950277,2.956985306047365,0.0668249363107551,"LINESTRING(100.72757093557917 6.97418517399964,100.7273938511399 6.9741477933826435)",2.923572837891988,3.1609016080493615,9210,0,3860,767
773,"773,5/11/2024,LINESTRING(100.7275266463502 6.974175940068623,,,",3865,3870,3865,20241030RUN01,,,,,,,05/11/2024,2.89016036973661,2.408681339874976,2.956985306047365,2.075104727950277,2.956985306047365,0.0668249363107551,"LINESTRING(100.72757093557917 6.97418517399964,100.7273938511399 6.9741477933826435)",2.923572837891988,3.1061334137121253,9210,0,3865,768
774,"774,5/11/2024,LINESTRING(100.7274823601397 6.974166665931361,,,",3870,3875,3870,20241030RUN01,,,,,,,05/11/2024,2.89016036973661,2.408681339874976,2.956985306047365,2.075104727950277,2.956985306047365,0.0668249363107551,"LINESTRING(100.72757093557917 6.97418517399964,100.7273938511399 6.9741477933826435)",2.923572837891988,2.8258084301705475,9210,0,3870,769
775,"775,5/11/2024,LINESTRING(100.7274381023629 6.974157257149811,,,",3875,3880,3875,20241030RUN01,,,,,,,05/11/2024,2.89016036973661,2.408681339874976,2.956985306047365,2.075104727950277,2.956985306047365,0.0668249363107551,"LINESTRING(100.72757093557917 6.97418517399964,100.7273938511399 6.9741477933826435)",2.923572837891988,2.6946267528317813,9210,0,3875,770
776,"776,5/11/2024,LINESTRING(100.72739385856265 6.97414778314131,,,",3880,3885,3880,20241030RUN01,,,,,,,05/11/2024,2.6047886314954662,1.9683124655666084,2.221620955250022,1.618596291265326,2.6047886314954662,0.3831676762454443,"LINESTRING(100.7273938511399 6.9741477933826435,100.72721689593794 6.974109803612127)",2.413204793372744,2.6012567196224943,9210,0,3880,771
777,"777,5/11/2024,LINESTRING(100.72734961314754 6.974138316674772,,,",3885,3890,3885,20241030RUN01,,,,,,,05/11/2024,2.6047886314954662,1.9683124655666084,2.221620955250022,1.618596291265326,2.6047886314954662,0.3831676762454443,"LINESTRING(100.7273938511399 6.9741477933826435,100.72721689593794 6.974109803612127)",2.413204793372744,2.2811762960942708,9210,0,3885,772
778,"778,5/11/2024,LINESTRING(100.7273053748377 6.974128817182179,,,",3890,3895,3890,20241030RUN01,,,,,,,05/11/2024,2.6047886314954662,1.9683124655666084,2.221620955250022,1.618596291265326,2.6047886314954662,0.3831676762454443,"LINESTRING(100.7273938511399 6.9741477933826435,100.72721689593794 6.974109803612127)",2.413204793372744,2.5413902599226175,9210,0,3890,773
779,"779,5/11/2024,LINESTRING(100.72726114109835 6.974119296519415,,,",3895,3900,3895,20241030RUN01,,,,,,,05/11/2024,2.6047886314954662,1.9683124655666084,2.221620955250022,1.618596291265326,2.6047886314954662,0.3831676762454443,"LINESTRING(100.7273938511399 6.9741477933826435,100.72721689593794 6.974109803612127)",2.413204793372744,2.301581197397747,9210,0,3895,774
780,"780,5/11/2024,LINESTRING(100.72721690365925 6.9741097930834455,,,",3900,3905,3900,20241030RUN01,,,,,,,05/11/2024,2.111619297124786,1.4936728875635543,3.049398146480856,2.464051230337521,3.049398146480856,0.93777884935607,"LINESTRING(100.72721689593794 6.974109803612127,100.72704029337353 6.974070221802577)",2.580508721802821,2.4669908729759618,9210,0,3900,775
781,"781,5/11/2024,LINESTRING(100.72717268051741 6.974100223566954,,,",3905,3910,3905,20241030RUN01,,,,,,,05/11/2024,2.111619297124786,1.4936728875635543,3.049398146480856,2.464051230337521,3.049398146480856,0.93777884935607,"LINESTRING(100.72721689593794 6.974109803612127,100.72704029337353 6.974070221802577)",2.580508721802821,2.748837899273792,9210,0,3905,776
782,"782,5/11/2024,LINESTRING(100.72712850414898 6.974090440994364,,,",3910,3915,3910,20241030RUN01,,,,,,,05/11/2024,2.111619297124786,1.4936728875635543,3.049398146480856,2.464051230337521,3.049398146480856,0.93777884935607,"LINESTRING(100.72721689593794 6.974109803612127,100.72704029337353 6.974070221802577)",2.580508721802821,2.819558050157583,9210,0,3910,777
783,"783,5/11/2024,LINESTRING(100.72708438579276 6.974080400285223,,,",3915,3920,3915,20241030RUN01,,,,,,,05/11/2024,2.111619297124786,1.4936728875635543,3.049398146480856,2.464051230337521,3.049398146480856,0.93777884935607,"LINESTRING(100.72721689593794 6.974109803612127,100.72704029337353 6.974070221802577)",2.580508721802821,2.336854691290532,9210,0,3916,778
784,"784,5/11/2024,LINESTRING(100.72704030161202 6.974070210708544,,,",3920,3925,3920,20241030RUN01,,,,,,,05/11/2024,2.5154564560009813,1.9594219527923675,3.661163849556554,3.024028991171168,3.661163849556554,1.1457073935555728,"LINESTRING(100.72704029337353 6.974070221802577,100.72686410975761 6.97402880649885)",3.0883101527787677,3.2336606201761238,9210,0,3921,779
785,"785,5/11/2024,LINESTRING(100.72699623217297 6.974059957850762,,,",3925,3930,3925,20241030RUN01,,,,,,,05/11/2024,2.5154564560009813,1.9594219527923675,3.661163849556554,3.024028991171168,3.661163849556554,1.1457073935555728,"LINESTRING(100.72704029337353 6.974070221802577,100.72686410975761 6.97402880649885)",3.0883101527787677,3.333105871762843,9210,0,3926,780
786,"786,5/11/2024,LINESTRING(100.72695217626126 6.974049647136156,,,",3930,3935,3930,20241030RUN01,,,,,,,05/11/2024,2.5154564560009813,1.9594219527923675,3.661163849556554,3.024028991171168,3.661163849556554,1.1457073935555728,"LINESTRING(100.72704029337353 6.974070221802577,100.72686410975761 6.97402880649885)",3.0883101527787677,2.8156543192226557,9210,0,3931,781
787,"787,5/11/2024,LINESTRING(100.72690813677953 6.974039266436587,,,",3935,3940,3935,20241030RUN01,,,,,,,05/11/2024,2.5154564560009813,1.9594219527923675,3.661163849556554,3.024028991171168,3.661163849556554,1.1457073935555728,"LINESTRING(100.72704029337353 6.974070221802577,100.72686410975761 6.97402880649885)",3.0883101527787677,3.17652237995708,9210,0,3936,782
788,"788,5/11/2024,LINESTRING(100.72686411901414 6.974028794205539,,,",3940,3945,3940,20241030RUN01,,,,,,,05/11/2024,2.2249806829267604,1.9586997554870569,3.173674263024208,2.16905608280987,3.173674263024208,0.9486935800974474,"LINESTRING(100.72686410975761 6.97402880649885,100.7266879915051 6.973987114064606)",2.699327472975484,2.6035887130306645,9210,0,3941,783
789,"789,5/11/2024,LINESTRING(100.72682010249683 6.974018316711852,,,",3945,3950,3945,20241030RUN01,,,,,,,05/11/2024,2.2249806829267604,1.9586997554870569,3.173674263024208,2.16905608280987,3.173674263024208,0.9486935800974474,"LINESTRING(100.72686410975761 6.97402880649885,100.7266879915051 6.973987114064606)",2.699327472975484,2.5663637254154428,9210,0,3946,784
790,"790,5/11/2024,LINESTRING(100.72677606475926 6.974007928652741,,,",3950,3955,3950,20241030RUN01,,,,,,,05/11/2024,2.2249806829267604,1.9586997554870569,3.173674263024208,2.16905608280987,3.173674263024208,0.9486935800974474,"LINESTRING(100.72686410975761 6.97402880649885,100.7266879915051 6.973987114064606)",2.699327472975484,2.764117155421408,9210,0,3951,785
791,"791,5/11/2024,LINESTRING(100.72673202801322 6.9739975364270546,,,",3955,3960,3955,20241030RUN01,,,,,,,05/11/2024,2.2249806829267604,1.9586997554870569,3.173674263024208,2.16905608280987,3.173674263024208,0.9486935800974474,"LINESTRING(100.72686410975761 6.97402880649885,100.7266879915051 6.973987114064606)",2.699327472975484,2.8505023048292197,9210,0,3956,786
792,"792,5/11/2024,LINESTRING(100.72668800150909 6.973987100944236,,,",3960,3965,3960,20241030RUN01,,,,,,,05/11/2024,3.102043924457901,2.273604785208584,3.768464401444599,2.6714685856228906,3.768464401444599,0.6664204769866977,"LINESTRING(100.7266879915051 6.973987114064606,100.7265121972251 6.973944084290286)",3.4352541629512503,3.125008460555842,9210,0,3961,787
793,"793,5/11/2024,LINESTRING(100.72664399142748 6.973976596746328,,,",3965,3970,3965,20241030RUN01,,,,,,,05/11/2024,3.102043924457901,2.273604785208584,3.768464401444599,2.6714685856228906,3.768464401444599,0.6664204769866977,"LINESTRING(100.7266879915051 6.973987114064606,100.7265121972251 6.973944084290286)",3.4352541629512503,3.7697272827985473,9210,0,3966,788
794,"794,5/11/2024,LINESTRING(100.7266000284838 6.973965897084512,,,",3970,3975,3970,20241030RUN01,,,,,,,05/11/2024,3.102043924457901,2.273604785208584,3.768464401444599,2.6714685856228906,3.768464401444599,0.6664204769866977,"LINESTRING(100.7266879915051 6.973987114064606,100.7265121972251 6.973944084290286)",3.4352541629512503,3.6654691130763455,9210,0,3971,789
795,"795,5/11/2024,LINESTRING(100.72655610698376 6.973955028771891,,,",3975,3980,3975,20241030RUN01,,,,,,,05/11/2024,3.102043924457901,2.273604785208584,3.768464401444599,2.6714685856228906,3.768464401444599,0.6664204769866977,"LINESTRING(100.7266879915051 6.973987114064606,100.7265121972251 6.973944084290286)",3.4352541629512503,3.1335341359078037,9210,0,3976,790
796,"796,5/11/2024,LINESTRING(100.72651220786271 6.973944070504423,,,",3980,3985,3980,20241030RUN01,,,,,,,05/11/2024,2.5189139479574005,1.7731280303401515,2.7052766508058905,1.6760065746092103,2.7052766508058905,0.18636270284849,"LINESTRING(100.7265121972251 6.973944084290286,100.72633706412326 6.973898451149648)",2.6120952993816458,2.484175848523874,9210,0,3981,791
797,"797,5/11/2024,LINESTRING(100.72646833955315 6.97393299008964,,,",3985,3990,3985,20241030RUN01,,,,,,,05/11/2024,2.5189139479574005,1.7731280303401515,2.7052766508058905,1.6760065746092103,2.7052766508058905,0.18636270284849,"LINESTRING(100.7265121972251 6.973944084290286,100.72633706412326 6.973898451149648)",2.6120952993816458,2.401442198262147,9210,0,3986,792
798,"798,5/11/2024,LINESTRING(100.72642451286357 6.973921746602864,,,",3990,3995,3990,20241030RUN01,,,,,,,05/11/2024,2.5189139479574005,1.7731280303401515,2.7052766508058905,1.6760065746092103,2.7052766508058905,0.18636270284849,"LINESTRING(100.7265121972251 6.973944084290286,100.72633706412326 6.973898451149648)",2.6120952993816458,2.844792665066672,9210,0,3991,793
799,"799,5/11/2024,LINESTRING(100.7263807476522 6.973910266694787,,,",3995,4000,3995,20241030RUN01,,,,,,,05/11/2024,2.5189139479574005,1.7731280303401515,2.7052766508058905,1.6760065746092103,2.7052766508058905,0.18636270284849,"LINESTRING(100.7265121972251 6.973944084290286,100.72633706412326 6.973898451149648)",2.6120952993816458,2.44610462935252,9210,0,3996,794
800,"800,5/11/2024,LINESTRING(100.72633707633037 6.973898435543842,,,",4000,4005,4000,20241030RUN01,,,,,,,05/11/2024,2.534022323956288,1.959363247639167,3.816737477735772,2.903294107650017,3.816737477735772,1.282715153779484,"LINESTRING(100.72633706412326 6.973898451149648,100.72616442851005 6.973844294007842)",3.17537990084603,2.9728859839881956,9210,0,4001,795
801,"801,5/11/2024,LINESTRING(100.7262935407414 6.973886115657522,,,",4005,4010,4005,20241030RUN01,,,,,,,05/11/2024,2.534022323956288,1.959363247639167,3.816737477735772,2.903294107650017,3.816737477735772,1.282715153779484,"LINESTRING(100.72633706412326 6.973898451149648,100.72616442851005 6.973844294007842)",3.17537990084603,2.960641764053754,9210,0,4006,796
802,"802,5/11/2024,LINESTRING(100.72625020680972 6.973873106244414,,,",4010,4015,4010,20241030RUN01,,,,,,,05/11/2024,2.534022323956288,1.959363247639167,3.816737477735772,2.903294107650017,3.816737477735772,1.282715153779484,"LINESTRING(100.72633706412326 6.973898451149648,100.72616442851005 6.973844294007842)",3.17537990084603,3.446757026215194,9210,0,4011,797
803,"803,5/11/2024,LINESTRING(100.72620715280058 6.973859200857944,,,",4015,4020,4015,20241030RUN01,,,,,,,05/11/2024,2.534022323956288,1.959363247639167,3.816737477735772,2.903294107650017,3.816737477735772,1.282715153779484,"LINESTRING(100.72633706412326 6.973898451149648,100.72616442851005 6.973844294007842)",3.17537990084603,3.4209127131794483,9210,0,4016,798
804,"804,5/11/2024,LINESTRING(100.72616444190786 6.9738442770931215,,,",4020,4025,4020,20241030RUN01,,,,,,,05/11/2024,3.097516085254837,2.0089807803620707,3.010047990421112,2.2747930894300548,3.097516085254837,0.0874680948337252,"LINESTRING(100.72616442851005 6.973844294007842,100.72599819462731 6.97377299701579)",3.0537820378379745,3.3229600885038137,9210,0,4021,799
805,"805,5/11/2024,LINESTRING(100.72612214136483 6.973828229634851,,,",4025,4030,4025,20241030RUN01,,,,,,,05/11/2024,3.097516085254837,2.0089807803620707,3.010047990421112,2.2747930894300548,3.097516085254837,0.0874680948337252,"LINESTRING(100.72616442851005 6.973844294007842,100.72599819462731 6.97377299701579)",3.0537820378379745,3.0539714833483735,9210,0,4026,800
806,"806,5/11/2024,LINESTRING(100.72608033013285 6.9738109497268015,,,",4030,4035,4030,20241030RUN01,,,,,,,05/11/2024,3.097516085254837,2.0089807803620707,3.010047990421112,2.2747930894300548,3.097516085254837,0.0874680948337252,"LINESTRING(100.72616442851005 6.973844294007842,100.72599819462731 6.97377299701579)",3.0537820378379745,2.911973840330831,9210,0,4031,801
807,"807,5/11/2024,LINESTRING(100.7260390379647 6.973792464949264,,,",4035,4040,4035,20241030RUN01,,,,,,,05/11/2024,3.097516085254837,2.0089807803620707,3.010047990421112,2.2747930894300548,3.097516085254837,0.0874680948337252,"LINESTRING(100.72616442851005 6.973844294007842,100.72599819462731 6.97377299701579)",3.0537820378379745,2.8934497672555604,9210,0,4036,802
808,"808,5/11/2024,LINESTRING(100.72599820841307 6.973772979808821,,,",4040,4045,4040,20241030RUN01,,,,,,,05/11/2024,4.185886805290541,3.219267999613127,4.539225299077748,4.521458903908186,4.539225299077748,0.3533384937872075,"LINESTRING(100.72599819462731 6.97377299701579,100.7258351237764 6.973694593347267)",4.362556052184145,4.712764603826,9210,0,4041,803
809,"809,5/11/2024,LINESTRING(100.7259576868594 6.973752861511024,,,",4045,4050,4045,20241030RUN01,,,,,,,05/11/2024,4.185886805290541,3.219267999613127,4.539225299077748,4.521458903908186,4.539225299077748,0.3533384937872075,"LINESTRING(100.72599819462731 6.97377299701579,100.7258351237764 6.973694593347267)",4.362556052184145,4.139004966636873,9210,0,4046,804
810,"810,5/11/2024,LINESTRING(100.72591719421865 6.9737326850541255,,,",4050,4055,4050,20241030RUN01,,,,,,,05/11/2024,4.185886805290541,3.219267999613127,4.539225299077748,4.521458903908186,4.539225299077748,0.3533384937872075,"LINESTRING(100.72599819462731 6.97377299701579,100.7258351237764 6.973694593347267)",4.362556052184145,4.661436016780355,9210,0,4051,805
811,"811,5/11/2024,LINESTRING(100.72587640725038 6.973713111107421,,,",4055,4060,4055,20241030RUN01,,,,,,,05/11/2024,4.185886805290541,3.219267999613127,4.539225299077748,4.521458903908186,4.539225299077748,0.3533384937872075,"LINESTRING(100.72599819462731 6.97377299701579,100.7258351237764 6.973694593347267)",4.362556052184145,4.101390094440713,9210,0,4056,806
812,"812,5/11/2024,LINESTRING(100.72583513790892 6.9736945759081985,,,",4060,4065,4060,20241030RUN01,,,,,,,05/11/2024,3.931250474981239,2.9037624755264444,4.423361709342419,3.74542976148599,4.423361709342419,0.4921112343611806,"LINESTRING(100.7258351237764 6.973694593347267,100.7256642778138 6.97363553652399)",4.177306092161829,4.039754453781372,9210,0,4061,807
813,"813,5/11/2024,LINESTRING(100.72579334248589 6.973677258214262,,,",4065,4070,4065,20241030RUN01,,,,,,,05/11/2024,3.931250474981239,2.9037624755264444,4.423361709342419,3.74542976148599,4.423361709342419,0.4921112343611806,"LINESTRING(100.7258351237764 6.973694593347267,100.7256642778138 6.97363553652399)",4.177306092161829,4.592526218283923,9210,0,4066,808
814,"814,5/11/2024,LINESTRING(100.72575095436729 6.973661447723186,,,",4070,4075,4070,20241030RUN01,,,,,,,05/11/2024,3.931250474981239,2.9037624755264444,4.423361709342419,3.74542976148599,4.423361709342419,0.4921112343611806,"LINESTRING(100.7258351237764 6.973694593347267,100.7256642778138 6.97363553652399)",4.177306092161829,3.971767770635164,9210,0,4072,809
815,"815,5/11/2024,LINESTRING(100.7257079281365 6.973647466444105,,,",4075,4080,4075,20241030RUN01,,,,,,,05/11/2024,3.931250474981239,2.9037624755264444,4.423361709342419,3.74542976148599,4.423361709342419,0.4921112343611806,"LINESTRING(100.7258351237764 6.973694593347267,100.7256642778138 6.97363553652399)",4.177306092161829,4.390072284484117,9210,0,4077,810
816,"816,5/11/2024,LINESTRING(100.72566429283825 6.973635518199046,,,",4080,4085,4080,20241030RUN01,,,,,,,05/11/2024,2.955921638467969,1.9375621366545064,3.4220921090287253,2.469909896577604,3.4220921090287253,0.4661704705607561,"LINESTRING(100.7256642778138 6.97363553652399,100.7254860205794 6.973604996604979)",3.1890068737483475,3.0932654576707073,9210,0,4082,811
817,"817,5/11/2024,LINESTRING(100.72562016190432 6.973625548487564,,,",4085,4090,4085,20241030RUN01,,,,,,,05/11/2024,2.955921638467969,1.9375621366545064,3.4220921090287253,2.469909896577604,3.4220921090287253,0.4661704705607561,"LINESTRING(100.7256642778138 6.97363553652399,100.7254860205794 6.973604996604979)",3.1890068737483475,3.3140910027761916,9210,0,4087,812
818,"818,5/11/2024,LINESTRING(100.72557567686157 6.97361729173841,,,",4090,4095,4090,20241030RUN01,,,,,,,05/11/2024,2.955921638467969,1.9375621366545064,3.4220921090287253,2.469909896577604,3.4220921090287253,0.4661704705607561,"LINESTRING(100.7256642778138 6.97363553652399,100.7254860205794 6.973604996604979)",3.1890068737483475,3.3620156734516478,9210,0,4092,813
819,"819,5/11/2024,LINESTRING(100.72553094479574 6.973610493510391,,,",4095,4100,4095,20241030RUN01,,,,,,,05/11/2024,2.955921638467969,1.9375621366545064,3.4220921090287253,2.469909896577604,3.4220921090287253,0.4661704705607561,"LINESTRING(100.7256642778138 6.97363553652399,100.7254860205794 6.973604996604979)",3.1890068737483475,2.9773045515484204,9210,0,4097,814
820,"820,5/11/2024,LINESTRING(100.72548603554402 6.973604978527067,,,",4100,4105,4100,20241030RUN01,,,,,,,05/11/2024,3.333862422382764,2.3480544055410792,4.717035166543174,3.6005457941597268,4.717035166543174,1.3831727441604098,"LINESTRING(100.7254860205794 6.973604996604979,100.72530566485385 6.973590020836002)",4.025448794462969,3.851673922614581,9210,0,4102,815
821,"821,5/11/2024,LINESTRING(100.7254410195148 6.973600408021191,,,",4105,4110,4105,20241030RUN01,,,,,,,05/11/2024,3.333862422382764,2.3480544055410792,4.717035166543174,3.6005457941597268,4.717035166543174,1.3831727441604098,"LINESTRING(100.7254860205794 6.973604996604979,100.72530566485385 6.973590020836002)",4.025448794462969,4.346695963688417,9210,0,4107,816
822,"822,5/11/2024,LINESTRING(100.7253959427225 6.973596477120522,,,",4110,4115,4110,20241030RUN01,,,,,,,05/11/2024,3.333862422382764,2.3480544055410792,4.717035166543174,3.6005457941597268,4.717035166543174,1.3831727441604098,"LINESTRING(100.7254860205794 6.973604996604979,100.72530566485385 6.973590020836002)",4.025448794462969,3.913651586875203,9210,0,4112,817
823,"823,5/11/2024,LINESTRING(100.72535082545856 6.973593040259713,,,",4115,4120,4115,20241030RUN01,,,,,,,05/11/2024,3.333862422382764,2.3480544055410792,4.717035166543174,3.6005457941597268,4.717035166543174,1.3831727441604098,"LINESTRING(100.7254860205794 6.973604996604979,100.72530566485385 6.973590020836002)",4.025448794462969,4.25578870985246,9210,0,4117,818
824,"824,5/11/2024,LINESTRING(100.72530567941534 6.973590003394094,,,",4120,4125,4120,20241030RUN01,,,,,,,05/11/2024,2.3069222033083627,1.5235820592523728,2.608776436836387,1.8886313572453788,2.608776436836387,0.3018542335280241,"LINESTRING(100.72530566485385 6.973590020836002,100.72512493638047 6.973580267680405)",2.4578493200723748,2.2932490933672796,9210,0,4122,819
825,"825,5/11/2024,LINESTRING(100.72526051376356 6.973587273170798,,,",4125,4130,4125,20241030RUN01,,,,,,,05/11/2024,2.3069222033083627,1.5235820592523728,2.608776436836387,1.8886313572453788,2.608776436836387,0.3018542335280241,"LINESTRING(100.72530566485385 6.973590020836002,100.72512493638047 6.973580267680405)",2.4578493200723748,2.269809034097076,9210,0,4127,820
826,"826,5/11/2024,LINESTRING(100.72521533271566 6.973584810362748,,,",4130,4135,4130,20241030RUN01,,,,,,,05/11/2024,2.3069222033083627,1.5235820592523728,2.608776436836387,1.8886313572453788,2.608776436836387,0.3018542335280241,"LINESTRING(100.72530566485385 6.973590020836002,100.72512493638047 6.973580267680405)",2.4578493200723748,2.5064408866012338,9210,0,4132,821
827,"827,5/11/2024,LINESTRING(100.72517014312815 6.9735825083322025,,,",4135,4140,4135,20241030RUN01,,,,,,,05/11/2024,2.3069222033083627,1.5235820592523728,2.608776436836387,1.8886313572453788,2.608776436836387,0.3018542335280241,"LINESTRING(100.72530566485385 6.973590020836002,100.72512493638047 6.973580267680405)",2.4578493200723748,2.6524815094414507,9210,0,4137,822
828,"828,5/11/2024,LINESTRING(100.72512495133115 6.973580249937974,,,",4140,4145,4140,20241030RUN01,,,,,,,05/11/2024,2.024514826523344,1.6751953138417104,2.690437959876696,1.9038194399024,2.690437959876696,0.6659231333533517,"LINESTRING(100.72512493638047 6.973580267680405,100.7249441720662 6.973571168121279)",2.3574763932000202,2.3463983176632293,9210,0,4142,823
829,"829,5/11/2024,LINESTRING(100.72507975927421 6.973577996313282,,,",4145,4150,4145,20241030RUN01,,,,,,,05/11/2024,2.024514826523344,1.6751953138417104,2.690437959876696,1.9038194399024,2.690437959876696,0.6659231333533517,"LINESTRING(100.72512493638047 6.973580267680405,100.7249441720662 6.973571168121279)",2.3574763932000202,2.405985895478013,9210,0,4147,824
830,"830,5/11/2024,LINESTRING(100.72503456729066 6.97357574212602,,,",4150,4155,4150,20241030RUN01,,,,,,,05/11/2024,2.024514826523344,1.6751953138417104,2.690437959876696,1.9038194399024,2.690437959876696,0.6659231333533517,"LINESTRING(100.72512493638047 6.973580267680405,100.7249441720662 6.973571168121279)",2.3574763932000202,2.273051545621388,9210,0,4152,825
831,"831,5/11/2024,LINESTRING(100.72498937605297 6.973573473068287,,,",4155,4160,4155,20241030RUN01,,,,,,,05/11/2024,2.024514826523344,1.6751953138417104,2.690437959876696,1.9038194399024,2.690437959876696,0.6659231333533517,"LINESTRING(100.72512493638047 6.973580267680405,100.7249441720662 6.973571168121279)",2.3574763932000202,2.4204554982572573,9210,0,4157,826
832,"832,5/11/2024,LINESTRING(100.7249441876079 6.973571149850615,,,",4160,4165,4160,20241030RUN01,,,,,,,05/11/2024,2.670841726213164,2.062847517535158,3.360834223172879,2.7178514349700134,3.360834223172879,0.6899924969597149,"LINESTRING(100.7249441720662 6.973571168121279,100.72476345201254 6.973561225523718)",3.0158379746930217,3.2129400177565226,9210,0,4162,827
833,"833,5/11/2024,LINESTRING(100.72489900314311 6.973568751469291,,,",4165,4170,4165,20241030RUN01,,,,,,,05/11/2024,2.670841726213164,2.062847517535158,3.360834223172879,2.7178514349700134,3.360834223172879,0.6899924969597149,"LINESTRING(100.7249441720662 6.973571168121279,100.72476345201254 6.973561225523718)",3.0158379746930217,2.965829904223072,9210,0,4167,828
834,"834,5/11/2024,LINESTRING(100.72485382398737 6.973566256018315,,,",4170,4175,4170,20241030RUN01,,,,,,,05/11/2024,2.670841726213164,2.062847517535158,3.360834223172879,2.7178514349700134,3.360834223172879,0.6899924969597149,"LINESTRING(100.7249441720662 6.973571168121279,100.72476345201254 6.973561225523718)",3.0158379746930217,2.8919163929233194,9210,0,4172,829
835,"835,5/11/2024,LINESTRING(100.724808648509 6.973563694227006,,,",4175,4180,4175,20241030RUN01,,,,,,,05/11/2024,2.670841726213164,2.062847517535158,3.360834223172879,2.7178514349700134,3.360834223172879,0.6899924969597149,"LINESTRING(100.7249441720662 6.973571168121279,100.72476345201254 6.973561225523718)",3.0158379746930217,2.9273658719239353,9210,0,4177,830
836,"836,5/11/2024,LINESTRING(100.724763468956 6.973561205807881,,,",4180,4185,4180,20241030RUN01,,,,,,,05/11/2024,2.792607810834383,1.9384737165321968,3.668595313766857,2.842110875142335,3.668595313766857,0.8759875029324742,"LINESTRING(100.72476345201254 6.973561225523718,100.72458265909336 6.973552718930611)",3.2306015623006203,3.4200625782206187,9210,0,4182,831
837,"837,5/11/2024,LINESTRING(100.72471827880159 6.973558917064513,,,",4185,4190,4185,20241030RUN01,,,,,,,05/11/2024,2.792607810834383,1.9384737165321968,3.668595313766857,2.842110875142335,3.668595313766857,0.8759875029324742,"LINESTRING(100.72476345201254 6.973561225523718,100.72458265909336 6.973552718930611)",3.2306015623006203,3.1941679821187625,9210,0,4187,832
838,"838,5/11/2024,LINESTRING(100.72467308033043 6.9735567977444,,,",4190,4195,4190,20241030RUN01,,,,,,,05/11/2024,2.792607810834383,1.9384737165321968,3.668595313766857,2.842110875142335,3.668595313766857,0.8759875029324742,"LINESTRING(100.72476345201254 6.973561225523718,100.72458265909336 6.973552718930611)",3.2306015623006203,3.3192121795428284,9210,0,4192,833
839,"839,5/11/2024,LINESTRING(100.72462787860479 6.973554748921742,,,",4195,4200,4195,20241030RUN01,,,,,,,05/11/2024,2.792607810834383,1.9384737165321968,3.668595313766857,2.842110875142335,3.668595313766857,0.8759875029324742,"LINESTRING(100.72476345201254 6.973561225523718,100.72458265909336 6.973552718930611)",3.2306015623006203,2.978666276041336,9210,0,4197,834
840,"840,5/11/2024,LINESTRING(100.72458267692639 6.973552698374362,,,",4200,4205,4200,20241030RUN01,,,,,,,05/11/2024,3.2883684965151203,2.325205144002335,3.5436117309649147,2.2461762205461158,3.5436117309649147,0.2552432344497943,"LINESTRING(100.72458265909336 6.973552718930611,100.72440191486503 6.973543260118324)",3.4159901137400173,3.613489885047686,9210,0,4202,835
841,"841,5/11/2024,LINESTRING(100.72453747843767 6.973550578222666,,,",4205,4210,4205,20241030RUN01,,,,,,,05/11/2024,3.2883684965151203,2.325205144002335,3.5436117309649147,2.2461762205461158,3.5436117309649147,0.2552432344497943,"LINESTRING(100.72458265909336 6.973552718930611,100.72440191486503 6.973543260118324)",3.4159901137400173,3.5863060929382398,9210,0,4207,836
842,"842,5/11/2024,LINESTRING(100.72449228746012 6.973548303859843,,,",4210,4215,4210,20241030RUN01,,,,,,,05/11/2024,3.2883684965151203,2.325205144002335,3.5436117309649147,2.2461762205461158,3.5436117309649147,0.2552432344497943,"LINESTRING(100.72458265909336 6.973552718930611,100.72440191486503 6.973543260118324)",3.4159901137400173,3.264072499829107,9210,0,4212,837
843,"843,5/11/2024,LINESTRING(100.72444710686511 6.973545832510426,,,",4215,4220,4215,20241030RUN01,,,,,,,05/11/2024,3.2883684965151203,2.325205144002335,3.5436117309649147,2.2461762205461158,3.5436117309649147,0.2552432344497943,"LINESTRING(100.72458265909336 6.973552718930611,100.72440191486503 6.973543260118324)",3.4159901137400173,3.3967074979256386,9210,0,4217,838
844,"844,5/11/2024,LINESTRING(100.72440193309765 6.973543239287499,,,",4220,4225,4220,20241030RUN01,,,,,,,05/11/2024,2.54102301403467,1.7111398210760609,2.657476589506517,2.4920965387621865,2.657476589506517,0.1164535754718469,"LINESTRING(100.72440191486503 6.973543260118324,100.72422123941446 6.973532541618039)",2.5992498017705934,2.4686176617498794,9210,0,4223,839
845,"845,5/11/2024,LINESTRING(100.72435676353595 6.973540573840558,,,",4225,4230,4225,20241030RUN01,,,,,,,05/11/2024,2.54102301403467,1.7111398210760609,2.657476589506517,2.4920965387621865,2.657476589506517,0.1164535754718469,"LINESTRING(100.72440191486503 6.973543260118324,100.72422123941446 6.973532541618039)",2.5992498017705934,2.8442113000724585,9210,0,4228,840
846,"846,5/11/2024,LINESTRING(100.72431159743176 6.973537851368194,,,",4230,4235,4230,20241030RUN01,,,,,,,05/11/2024,2.54102301403467,1.7111398210760609,2.657476589506517,2.4920965387621865,2.657476589506517,0.1164535754718469,"LINESTRING(100.72440191486503 6.973543260118324,100.72422123941446 6.973532541618039)",2.5992498017705934,2.450526532009679,9210,0,4233,841
847,"847,5/11/2024,LINESTRING(100.72426642939406 6.973535160560287,,,",4235,4240,4235,20241030RUN01,,,,,,,05/11/2024,2.54102301403467,1.7111398210760609,2.657476589506517,2.4920965387621865,2.657476589506517,0.1164535754718469,"LINESTRING(100.72440191486503 6.973543260118324,100.72422123941446 6.973532541618039)",2.5992498017705934,2.441847267578733,9210,0,4238,842
848,"848,5/11/2024,LINESTRING(100.72422125839245 6.973532520133101,,,",4240,4245,4240,20241030RUN01,,,,,,,05/11/2024,2.4389968157212008,1.801338321098291,2.7162831811490964,2.04692453838311,2.7162831811490964,0.2772863654278956,"LINESTRING(100.72422123941446 6.973532541618039,100.72404058085804 6.973521548050272)",2.5776399984351483,2.390889118387143,9210,0,4243,843
849,"849,5/11/2024,LINESTRING(100.72417608719853 6.973529883321107,,,",4245,4250,4245,20241030RUN01,,,,,,,05/11/2024,2.4389968157212008,1.801338321098291,2.7162831811490964,2.04692453838311,2.7162831811490964,0.2772863654278956,"LINESTRING(100.72422123941446 6.973532541618039,100.72404058085804 6.973521548050272)",2.5776399984351483,2.618898843833618,9210,0,4248,844
850,"850,5/11/2024,LINESTRING(100.72413091928657 6.973527190960575,,,",4250,4255,4250,20241030RUN01,,,,,,,05/11/2024,2.4389968157212008,1.801338321098291,2.7162831811490964,2.04692453838311,2.7162831811490964,0.2772863654278956,"LINESTRING(100.72422123941446 6.973532541618039,100.72404058085804 6.973521548050272)",2.5776399984351483,2.6601561357286254,9210,0,4253,845
851,"851,5/11/2024,LINESTRING(100.72408575820711 6.973524386418258,,,",4255,4260,4255,20241030RUN01,,,,,,,05/11/2024,2.4389968157212008,1.801338321098291,2.7162831811490964,2.04692453838311,2.7162831811490964,0.2772863654278956,"LINESTRING(100.72422123941446 6.973532541618039,100.72404058085804 6.973521548050272)",2.5776399984351483,2.48034625437688,9210,0,4258,846
852,"852,5/11/2024,LINESTRING(100.72404060057634 6.973521525928568,,,",4260,4265,4260,20241030RUN01,,,,,,,05/11/2024,2.5279321636720784,1.8402742946927453,3.149978213850948,2.265054027403538,3.149978213850948,0.6220460501788692,"LINESTRING(100.72404058085804 6.973521548050272,100.7238599291546 6.9735104391727685)",2.8389551887615134,2.7757517381566963,9210,0,4263,847
853,"853,5/11/2024,LINESTRING(100.72399543931493 6.973518723840941,,,",4265,4270,4265,20241030RUN01,,,,,,,05/11/2024,2.5279321636720784,1.8402742946927453,3.149978213850948,2.265054027403538,3.149978213850948,0.6220460501788692,"LINESTRING(100.72404058085804 6.973521548050272,100.7238599291546 6.9735104391727685)",2.8389551887615134,2.771267163422649,9210,0,4268,848
854,"854,5/11/2024,LINESTRING(100.72395027321231 6.973516000990103,,,",4270,4275,4270,20241030RUN01,,,,,,,05/11/2024,2.5279321636720784,1.8402742946927453,3.149978213850948,2.265054027403538,3.149978213850948,0.6220460501788692,"LINESTRING(100.72404058085804 6.973521548050272,100.7238599291546 6.9735104391727685)",2.8389551887615134,2.828218401789126,9210,0,4273,849
855,"855,5/11/2024,LINESTRING(100.72390510875321 6.973513250541251,,,",4275,4280,4275,20241030RUN01,,,,,,,05/11/2024,2.5279321636720784,1.8402742946927453,3.149978213850948,2.265054027403538,3.149978213850948,0.6220460501788692,"LINESTRING(100.72404058085804 6.973521548050272,100.7238599291546 6.9735104391727685)",2.8389551887615134,3.076480973417693,9210,0,4278,850
856,"856,5/11/2024,LINESTRING(100.72385994946981 6.973510416582125,,,",4280,4285,4280,20241030RUN01,,,,,,,05/11/2024,2.510638010542423,1.7421046812992185,2.81730083700942,2.044524703534304,2.81730083700942,0.3066628264669968,"LINESTRING(100.7238599291546 6.9735104391727685,100.72367924080685 6.973499949293003)",2.6639694237759217,2.7027522296931816,9210,0,4283,851
857,"857,5/11/2024,LINESTRING(100.72381478573584 6.973507654857707,,,",4285,4290,4285,20241030RUN01,,,,,,,05/11/2024,2.510638010542423,1.7421046812992185,2.81730083700942,2.044524703534304,2.81730083700942,0.3066628264669968,"LINESTRING(100.7238599291546 6.9735104391727685,100.72367924080685 6.973499949293003)",2.6639694237759217,2.6984578526335627,9210,0,4288,852
858,"858,5/11/2024,LINESTRING(100.72376961439046 6.973505019941309,,,",4290,4295,4290,20241030RUN01,,,,,,,05/11/2024,2.510638010542423,1.7421046812992185,2.81730083700942,2.044524703534304,2.81730083700942,0.3066628264669968,"LINESTRING(100.7238599291546 6.9735104391727685,100.72367924080685 6.973499949293003)",2.6639694237759217,2.552464354382372,9210,0,4293,853
859,"859,5/11/2024,LINESTRING(100.72372444002491 6.9735024364862745,,,",4295,4300,4295,20241030RUN01,,,,,,,05/11/2024,2.510638010542423,1.7421046812992185,2.81730083700942,2.044524703534304,2.81730083700942,0.3066628264669968,"LINESTRING(100.7238599291546 6.9735104391727685,100.72367924080685 6.973499949293003)",2.6639694237759217,2.5449139246126578,9210,0,4298,854
860,"860,5/11/2024,LINESTRING(100.72367926155782 6.973499926416266,,,",4300,4305,4300,20241030RUN01,,,,,,,05/11/2024,2.571428968384268,2.039067436386094,3.030372390427036,2.829194087340916,3.030372390427036,0.4589434220427679,"LINESTRING(100.72367924080685 6.973499949293003,100.72349847823583 6.973490826619253)",2.800900679405652,2.6061454438202594,9210,0,4303,855
861,"861,5/11/2024,LINESTRING(100.72363407745772 6.973497519131671,,,",4305,4310,4305,20241030RUN01,,,,,,,05/11/2024,2.571428968384268,2.039067436386094,3.030372390427036,2.829194087340916,3.030372390427036,0.4589434220427679,"LINESTRING(100.72367924080685 6.973499949293003,100.72349847823583 6.973490826619253)",2.800900679405652,2.7827381250437275,9210,0,4308,856
862,"862,5/11/2024,LINESTRING(100.72358888923824 6.9734951899536,,,",4310,4315,4310,20241030RUN01,,,,,,,05/11/2024,2.571428968384268,2.039067436386094,3.030372390427036,2.829194087340916,3.030372390427036,0.4589434220427679,"LINESTRING(100.72367924080685 6.973499949293003,100.72349847823583 6.973490826619253)",2.800900679405652,2.7171287746413957,9210,0,4313,857
863,"863,5/11/2024,LINESTRING(100.72354369617322 6.9734929568718815,,,",4315,4320,4315,20241030RUN01,,,,,,,05/11/2024,2.571428968384268,2.039067436386094,3.030372390427036,2.829194087340916,3.030372390427036,0.4589434220427679,"LINESTRING(100.72367924080685 6.973499949293003,100.72349847823583 6.973490826619253)",2.800900679405652,3.049679873527757,9210,0,4318,858
864,"864,5/11/2024,LINESTRING(100.72349849921207 6.97349080368627,,,",4320,4325,4320,20241030RUN01,,,,,,,05/11/2024,2.932859286831499,1.7495373294630787,3.1847997221051365,2.651715416939641,3.1847997221051365,0.2519404352736374,"LINESTRING(100.72349847823583 6.973490826619253,100.72331773714899 6.973481301432725)",3.058829504468318,2.9103753761907116,9210,0,4323,859
865,"865,5/11/2024,LINESTRING(100.72345330127219 6.973488672730987,,,",4325,4330,4325,20241030RUN01,,,,,,,05/11/2024,2.932859286831499,1.7495373294630787,3.1847997221051365,2.651715416939641,3.1847997221051365,0.2519404352736374,"LINESTRING(100.72349847823583 6.973490826619253,100.72331773714899 6.973481301432725)",3.058829504468318,3.33788383935196,9210,0,4328,860
866,"866,5/11/2024,LINESTRING(100.72340811171011 6.973486373073871,,,",4330,4335,4330,20241030RUN01,,,,,,,05/11/2024,2.932859286831499,1.7495373294630787,3.1847997221051365,2.651715416939641,3.1847997221051365,0.2519404352736374,"LINESTRING(100.72349847823583 6.973490826619253,100.72331773714899 6.973481301432725)",3.058829504468318,3.103992858204306,9210,0,4333,861
867,"867,5/11/2024,LINESTRING(100.72336293501408 6.973483833851536,,,",4335,4340,4335,20241030RUN01,,,,,,,05/11/2024,2.932859286831499,1.7495373294630787,3.1847997221051365,2.651715416939641,3.1847997221051365,0.2519404352736374,"LINESTRING(100.72349847823583 6.973490826619253,100.72331773714899 6.973481301432725)",3.058829504468318,3.0305702989116923,9210,0,4338,862
868,"868,5/11/2024,LINESTRING(100.72331775928266 6.973481277449979,,,",4340,4345,4340,20241030RUN01,,,,,,,05/11/2024,2.606076525032849,2.2349137659965206,2.203927265155971,1.562572782353996,2.606076525032849,0.4021492598768779,"LINESTRING(100.72331773714899 6.973481301432725,100.72313700907365 6.9734715067873525)",2.40500189509441,2.360374003190333,9210,0,4343,863
869,"869,5/11/2024,LINESTRING(100.72327257674328 6.973478842903787,,,",4345,4350,4345,20241030RUN01,,,,,,,05/11/2024,2.606076525032849,2.2349137659965206,2.203927265155971,1.562572782353996,2.606076525032849,0.4021492598768779,"LINESTRING(100.72331773714899 6.973481301432725,100.72313700907365 6.9734715067873525)",2.40500189509441,2.6438505148240727,9210,0,4348,864
870,"870,5/11/2024,LINESTRING(100.72322739320127 6.973476425996229,,,",4350,4355,4350,20241030RUN01,,,,,,,05/11/2024,2.606076525032849,2.2349137659965206,2.203927265155971,1.562572782353996,2.606076525032849,0.4021492598768779,"LINESTRING(100.72331773714899 6.973481301432725,100.72313700907365 6.9734715067873525)",2.40500189509441,2.255663655820354,9210,0,4353,865
871,"871,5/11/2024,LINESTRING(100.7231822125719 6.973473956235053,,,",4355,4360,4355,20241030RUN01,,,,,,,05/11/2024,2.606076525032849,2.2349137659965206,2.203927265155971,1.562572782353996,2.606076525032849,0.4021492598768779,"LINESTRING(100.72331773714899 6.973481301432725,100.72313700907365 6.9734715067873525)",2.40500189509441,2.3186851398042716,9210,0,4358,866
872,"872,5/11/2024,LINESTRING(100.72313703214861 6.973471482000735,,,",4360,4365,4360,20241030RUN01,,,,,,,05/11/2024,3.5061049560131536,2.453239992509942,3.5304410902106653,2.5034556909944325,3.5304410902106653,0.0243361341975116,"LINESTRING(100.72313700907365 6.9734715067873525,100.72295626283884 6.973462054000746)",3.5182730231119095,3.5840942536904237,9210,0,4363,867
873,"873,5/11/2024,LINESTRING(100.72309184846354 6.973469068012277,,,",4365,4370,4365,20241030RUN01,,,,,,,05/11/2024,3.5061049560131536,2.453239992509942,3.5304410902106653,2.5034556909944325,3.5304410902106653,0.0243361341975116,"LINESTRING(100.72313700907365 6.9734715067873525,100.72295626283884 6.973462054000746)",3.5182730231119095,3.3289882805447077,9210,0,4368,868
874,"874,5/11/2024,LINESTRING(100.72304666133141 6.973466719886352,,,",4370,4375,4370,20241030RUN01,,,,,,,05/11/2024,3.5061049560131536,2.453239992509942,3.5304410902106653,2.5034556909944325,3.5304410902106653,0.0243361341975116,"LINESTRING(100.72313700907365 6.9734715067873525,100.72295626283884 6.973462054000746)",3.5182730231119095,3.6891427936337404,9210,0,4373,869
875,"875,5/11/2024,LINESTRING(100.72300147289354 6.973464396593412,,,",4375,4380,4375,20241030RUN01,,,,,,,05/11/2024,3.5061049560131536,2.453239992509942,3.5304410902106653,2.5034556909944325,3.5304410902106653,0.0243361341975116,"LINESTRING(100.72313700907365 6.9734715067873525,100.72295626283884 6.973462054000746)",3.5182730231119095,3.2046268071378576,9210,0,4379,870
876,"876,5/11/2024,LINESTRING(100.72295628683607 6.973462028443651,,,",4380,4385,4380,20241030RUN01,,,,,,,05/11/2024,2.361150244995284,1.7029828188614324,4.2212357138100405,2.618441329111472,4.2212357138100405,1.8600854688147568,"LINESTRING(100.72295626283884 6.973462054000746,100.7227754895306 6.973453140848559)",3.291192979402662,3.2405259503339803,9210,0,4384,871
877,"877,5/11/2024,LINESTRING(100.72291109957723 6.973459682591696,,,",4385,4390,4385,20241030RUN01,,,,,,,05/11/2024,2.361150244995284,1.7029828188614324,4.2212357138100405,2.618441329111472,4.2212357138100405,1.8600854688147568,"LINESTRING(100.72295626283884 6.973462054000746,100.7227754895306 6.973453140848559)",3.291192979402662,3.544154022286124,9210,0,4389,872
878,"878,5/11/2024,LINESTRING(100.72286590498697 6.973457482590407,,,",4390,4395,4390,20241030RUN01,,,,,,,05/11/2024,2.361150244995284,1.7029828188614324,4.2212357138100405,2.618441329111472,4.2212357138100405,1.8600854688147568,"LINESTRING(100.72295626283884 6.973462054000746,100.7227754895306 6.973453140848559)",3.291192979402662,3.2775693766779894,9210,0,4394,873
879,"879,5/11/2024,LINESTRING(100.72282070791262 6.973455333123291,,,",4395,4400,4395,20241030RUN01,,,,,,,05/11/2024,2.361150244995284,1.7029828188614324,4.2212357138100405,2.618441329111472,4.2212357138100405,1.8600854688147568,"LINESTRING(100.72295626283884 6.973462054000746,100.7227754895306 6.973453140848559)",3.291192979402662,3.1503731803909427,9210,0,4399,874
880,"880,5/11/2024,LINESTRING(100.72277551404662 6.973453114953298,,,",4400,4405,4400,20241030RUN01,,,,,,,05/11/2024,2.845026860752556,1.987539123019476,3.833319732315905,3.562807731868531,3.833319732315905,0.9882928715633494,"LINESTRING(100.7227754895306 6.973453140848559,100.72259471274373 6.973444317211329)",3.3391732965342307,3.228218955233099,9210,0,4404,875
881,"881,5/11/2024,LINESTRING(100.72273032287212 6.973450841823835,,,",4405,4410,4405,20241030RUN01,,,,,,,05/11/2024,2.845026860752556,1.987539123019476,3.833319732315905,3.562807731868531,3.833319732315905,0.9882928715633494,"LINESTRING(100.7227754895306 6.973453140848559,100.72259471274373 6.973444317211329)",3.3391732965342307,3.2494700904085896,9210,0,4409,876
882,"882,5/11/2024,LINESTRING(100.72268513226068 6.973448557301775,,,",4410,4415,4410,20241030RUN01,,,,,,,05/11/2024,2.845026860752556,1.987539123019476,3.833319732315905,3.562807731868531,3.833319732315905,0.9882928715633494,"LINESTRING(100.7227754895306 6.973453140848559,100.72259471274373 6.973444317211329)",3.3391732965342307,3.4947892367598996,9210,0,4414,877
883,"883,5/11/2024,LINESTRING(100.72263993876538 6.9734463306660075,,,",4415,4420,4415,20241030RUN01,,,,,,,05/11/2024,2.845026860752556,1.987539123019476,3.833319732315905,3.562807731868531,3.833319732315905,0.9882928715633494,"LINESTRING(100.7227754895306 6.973453140848559,100.72259471274373 6.973444317211329)",3.3391732965342307,3.6615694109063885,9210,0,4419,878
884,"884,5/11/2024,LINESTRING(100.7225947363301 6.973444292481049,,,",4420,4425,4420,20241030RUN01,,,,,,,05/11/2024,2.5307950538894373,2.060081919398536,2.71715643918426,2.1696202038264687,2.71715643918426,0.1863613852948225,"LINESTRING(100.72259471274373 6.973444317211329,100.72241381557177 6.973438534324956)",2.623975746536849,2.3843089614971533,9210,0,4424,879
885,"885,5/11/2024,LINESTRING(100.72254952357461 6.973442497932093,,,",4425,4430,4425,20241030RUN01,,,,,,,05/11/2024,2.5307950538894373,2.060081919398536,2.71715643918426,2.1696202038264687,2.71715643918426,0.1863613852948225,"LINESTRING(100.72259471274373 6.973444317211329,100.72241381557177 6.973438534324956)",2.623975746536849,2.5760086887300018,9210,0,4429,880
886,"886,5/11/2024,LINESTRING(100.7225043022108 6.973440934952692,,,",4430,4435,4430,20241030RUN01,,,,,,,05/11/2024,2.5307950538894373,2.060081919398536,2.71715643918426,2.1696202038264687,2.71715643918426,0.1863613852948225,"LINESTRING(100.72259471274373 6.973444317211329,100.72241381557177 6.973438534324956)",2.623975746536849,2.5949189377184494,9210,0,4434,881
887,"887,5/11/2024,LINESTRING(100.72245907332261 6.97343960794274,,,",4435,4440,4435,20241030RUN01,,,,,,,05/11/2024,2.5307950538894373,2.060081919398536,2.71715643918426,2.1696202038264687,2.71715643918426,0.1863613852948225,"LINESTRING(100.72259471274373 6.973444317211329,100.72241381557177 6.973438534324956)",2.623975746536849,2.7970316622373357,9210,0,4439,882
888,"888,5/11/2024,LINESTRING(100.72241383837645 6.97343851058626,,,",4440,4445,4440,20241030RUN01,,,,,,,05/11/2024,1.854465299490446,1.4193997794267417,3.770871712061141,2.60595490808837,3.770871712061141,1.9164064125706943,"LINESTRING(100.72241381557177 6.973438534324956,100.7222328340769 6.973436722202717)",2.812668505775793,2.6071186113875027,9210,0,4444,883
889,"889,5/11/2024,LINESTRING(100.7223685975258 6.973437696653682,,,",4445,4450,4445,20241030RUN01,,,,,,,05/11/2024,1.854465299490446,1.4193997794267417,3.770871712061141,2.60595490808837,3.770871712061141,1.9164064125706943,"LINESTRING(100.72241381557177 6.973438534324956,100.7222328340769 6.973436722202717)",2.812668505775793,2.7802327809685323,9210,0,4449,884
890,"890,5/11/2024,LINESTRING(100.72232335262092 6.973437154173399,,,",4450,4455,4450,20241030RUN01,,,,,,,05/11/2024,1.854465299490446,1.4193997794267417,3.770871712061141,2.60595490808837,3.770871712061141,1.9164064125706943,"LINESTRING(100.72241381557177 6.973438534324956,100.7222328340769 6.973436722202717)",2.812668505775793,2.61979558747182,9210,0,4454,885
891,"891,5/11/2024,LINESTRING(100.72227810575411 6.97343681675365,,,",4455,4460,4455,20241030RUN01,,,,,,,05/11/2024,1.854465299490446,1.4193997794267417,3.770871712061141,2.60595490808837,3.770871712061141,1.9164064125706943,"LINESTRING(100.72241381557177 6.973438534324956,100.7222328340769 6.973436722202717)",2.812668505775793,3.052123174571007,9210,0,4459,886
892,"892,5/11/2024,LINESTRING(100.72223285777415 6.973436697732666,,,",4460,4465,4460,20241030RUN01,,,,,,,05/11/2024,2.1695173674953407,1.3406289064206187,2.498322823590996,1.7184305269131257,2.498322823590996,0.328805456095655,"LINESTRING(100.7222328340769 6.973436722202717,100.72205184492395 6.9734378163548545)",2.333920095543168,2.2925995991478256,9210,0,4464,887
893,"893,5/11/2024,LINESTRING(100.7221876096627 6.973436761859275,,,",4465,4470,4465,20241030RUN01,,,,,,,05/11/2024,2.1695173674953407,1.3406289064206187,2.498322823590996,1.7184305269131257,2.498322823590996,0.328805456095655,"LINESTRING(100.7222328340769 6.973436722202717,100.72205184492395 6.9734378163548545)",2.333920095543168,2.289283353614903,9210,0,4469,888
894,"894,5/11/2024,LINESTRING(100.72214236185555 6.973436952090792,,,",4470,4475,4470,20241030RUN01,,,,,,,05/11/2024,2.1695173674953407,1.3406289064206187,2.498322823590996,1.7184305269131257,2.498322823590996,0.328805456095655,"LINESTRING(100.7222328340769 6.973436722202717,100.72205184492395 6.9734378163548545)",2.333920095543168,2.225355578263512,9210,0,4474,889
895,"895,5/11/2024,LINESTRING(100.7220971149679 6.973437291949665,,,",4475,4480,4475,20241030RUN01,,,,,,,05/11/2024,2.1695173674953407,1.3406289064206187,2.498322823590996,1.7184305269131257,2.498322823590996,0.328805456095655,"LINESTRING(100.7222328340769 6.973436722202717,100.72205184492395 6.9734378163548545)",2.333920095543168,2.344680347744145,9210,0,4479,890
896,"896,5/11/2024,LINESTRING(100.72205186960545 6.973437791069453,,,",4480,4485,4480,20241030RUN01,,,,,,,05/11/2024,2.7919141060637624,2.3692963872649693,2.6546207898920846,2.2041734397306247,2.7919141060637624,0.1372933161716778,"LINESTRING(100.72205184492395 6.9734378163548545,100.7218708808193 6.97344105477849)",2.7232674479779235,2.492413701339047,9210,0,4484,891
897,"897,5/11/2024,LINESTRING(100.72200662609299 6.973438436531607,,,",4485,4490,4485,20241030RUN01,,,,,,,05/11/2024,2.7919141060637624,2.3692963872649693,2.6546207898920846,2.2041734397306247,2.7919141060637624,0.1372933161716778,"LINESTRING(100.72205184492395 6.9734378163548545,100.7218708808193 6.97344105477849)",2.7232674479779235,2.993920882282042,9210,0,4489,892
898,"898,5/11/2024,LINESTRING(100.72196138420529 6.973439186984744,,,",4490,4495,4490,20241030RUN01,,,,,,,05/11/2024,2.7919141060637624,2.3692963872649693,2.6546207898920846,2.2041734397306247,2.7919141060637624,0.1372933161716778,"LINESTRING(100.72205184492395 6.9734378163548545,100.7218708808193 6.97344105477849)",2.7232674479779235,2.8304791260105446,9210,0,4494,893
899,"899,5/11/2024,LINESTRING(100.7219161440392 6.973440035175149,,,",4495,4500,4495,20241030RUN01,,,,,,,05/11/2024,2.7919141060637624,2.3692963872649693,2.6546207898920846,2.2041734397306247,2.7919141060637624,0.1372933161716778,"LINESTRING(100.72205184492395 6.9734378163548545,100.7218708808193 6.97344105477849)",2.7232674479779235,2.810702933633192,9210,0,4499,894
900,"900,5/11/2024,LINESTRING(100.721870906856 6.973441028315203,,,",4500,4505,4500,20241030RUN01,,,,,,,05/11/2024,2.510744194215063,2.168387828499597,2.361376360194577,1.9446548259723675,2.510744194215063,0.1493678340204858,"LINESTRING(100.7218708808193 6.97344105477849,100.72168994493202 6.973445622452456)",2.4360602772048203,2.2574038109100103,9210,0,4504,895
901,"901,5/11/2024,LINESTRING(100.72182567215401 6.973442130744976,,,",4505,4510,4505,20241030RUN01,,,,,,,05/11/2024,2.510744194215063,2.168387828499597,2.361376360194577,1.9446548259723675,2.510744194215063,0.1493678340204858,"LINESTRING(100.7218708808193 6.97344105477849,100.72168994493202 6.973445622452456)",2.4360602772048203,2.305549404215014,9210,0,4509,896
902,"902,5/11/2024,LINESTRING(100.72178043909844 6.973443299550993,,,",4510,4515,4510,20241030RUN01,,,,,,,05/11/2024,2.510744194215063,2.168387828499597,2.361376360194577,1.9446548259723675,2.510744194215063,0.1493678340204858,"LINESTRING(100.7218708808193 6.97344105477849,100.72168994493202 6.973445622452456)",2.4360602772048203,2.5403099753832294,9210,0,4514,897
903,"903,5/11/2024,LINESTRING(100.72173520722781 6.973444513760797,,,",4515,4520,4515,20241030RUN01,,,,,,,05/11/2024,2.510744194215063,2.168387828499597,2.361376360194577,1.9446548259723675,2.510744194215063,0.1493678340204858,"LINESTRING(100.7218708808193 6.97344105477849,100.72168994493202 6.973445622452456)",2.4360602772048203,2.5479250615779727,9210,0,4519,898
904,"904,5/11/2024,LINESTRING(100.72168997202857 6.973445595120337,,,",4520,4525,4520,20241030RUN01,,,,,,,05/11/2024,3.44245770257651,2.3765656753475124,4.112038563044315,4.107528020494596,4.112038563044315,0.6695808604678053,"LINESTRING(100.72168994493202 6.973445622452456,100.72150896904319 6.973445672265899)",3.7772481328104126,3.8762316766828846,9210,0,4524,899
905,"905,5/11/2024,LINESTRING(100.72164473072671 6.973446373477425,,,",4525,4530,4525,20241030RUN01,,,,,,,05/11/2024,3.44245770257651,2.3765656753475124,4.112038563044315,4.107528020494596,4.112038563044315,0.6695808604678053,"LINESTRING(100.72168994493202 6.973445622452456,100.72150896904319 6.973445672265899)",3.7772481328104126,3.5485834449868805,9210,0,,
906,"906,5/11/2024,LINESTRING(100.72159948394342 6.9734467060174445,,,",4530,4535,4530,20241030RUN01,,,,,,,05/11/2024,3.44245770257651,2.3765656753475124,4.112038563044315,4.107528020494596,4.112038563044315,0.6695808604678053,"LINESTRING(100.72168994493202 6.973445622452456,100.72150896904319 6.973445672265899)",3.7772481328104126,3.7739694605671317,9210,0,4530,900
907,"907,5/11/2024,LINESTRING(100.72155423643065 6.9734464883363305,,,",4535,4540,4535,20241030RUN01,,,,,,,05/11/2024,3.44245770257651,2.3765656753475124,4.112038563044315,4.107528020494596,4.112038563044315,0.6695808604678053,"LINESTRING(100.72168994493202 6.973445622452456,100.72150896904319 6.973445672265899)",3.7772481328104126,4.025811072739495,9210,0,4535,901
908,"908,5/11/2024,LINESTRING(100.72150899637147 6.973445644901545,,,",4540,4545,4540,20241030RUN01,,,,,,,05/11/2024,3.388820392696773,2.5957946491749047,4.3707516605925445,2.3589588282605995,4.3707516605925445,0.9819312678957716,"LINESTRING(100.72150896904319 6.973445672265899,100.72132833262798 6.973434793897665)",3.8797860266446587,3.518270853161162,9210,0,4540,902
909,"909,5/11/2024,LINESTRING(100.72146377811266 6.973444012852588,,,",4545,4550,4545,20241030RUN01,,,,,,,05/11/2024,3.388820392696773,2.5957946491749047,4.3707516605925445,2.3589588282605995,4.3707516605925445,0.9819312678957716,"LINESTRING(100.72150896904319 6.973445672265899,100.72132833262798 6.973434793897665)",3.8797860266446587,4.239957634641227,9210,0,4545,903
910,"910,5/11/2024,LINESTRING(100.72141859520049 6.973441589511761,,,",4550,4555,4550,20241030RUN01,,,,,,,05/11/2024,3.388820392696773,2.5957946491749047,4.3707516605925445,2.3589588282605995,4.3707516605925445,0.9819312678957716,"LINESTRING(100.72150896904319 6.973445672265899,100.72132833262798 6.973434793897665)",3.8797860266446587,4.0997725558288245,9210,0,4550,904
911,"911,5/11/2024,LINESTRING(100.72137345300862 6.973438500298322,,,",4555,4560,4555,20241030RUN01,,,,,,,05/11/2024,3.388820392696773,2.5957946491749047,4.3707516605925445,2.3589588282605995,4.3707516605925445,0.9819312678957716,"LINESTRING(100.72150896904319 6.973445672265899,100.72132833262798 6.973434793897665)",3.8797860266446587,3.618651645463723,9210,0,4555,905
912,"912,5/11/2024,LINESTRING(100.72132835960583 6.973434767084332,,,",4560,4565,4560,20241030RUN01,,,,,,,05/11/2024,1.8598217678694189,1.2644276855100505,3.788255330476642,2.6683188112721927,3.788255330476642,1.928433562607223,"LINESTRING(100.72132833262798 6.973434793897665,100.721148403758 6.973415288169378)",2.8240385491730304,2.8142595119273217,9210,0,4560,906
913,"913,5/11/2024,LINESTRING(100.72128331456683 6.973430489222034,,,",4565,4570,4565,20241030RUN01,,,,,,,05/11/2024,1.8598217678694189,1.2644276855100505,3.788255330476642,2.6683188112721927,3.788255330476642,1.928433562607223,"LINESTRING(100.72132833262798 6.973434793897665,100.721148403758 6.973415288169378)",2.8240385491730304,2.9087476111736006,9210,0,4565,907
914,"914,5/11/2024,LINESTRING(100.72123831277185 6.973425778510732,,,",4570,4575,4570,20241030RUN01,,,,,,,05/11/2024,1.8598217678694189,1.2644276855100505,3.788255330476642,2.6683188112721927,3.788255330476642,1.928433562607223,"LINESTRING(100.72132833262798 6.973434793897665,100.721148403758 6.973415288169378)",2.8240385491730304,2.7872899128210133,9210,0,4570,908
915,"915,5/11/2024,LINESTRING(100.72119335332296 6.973420679657114,,,",4575,4580,4575,20241030RUN01,,,,,,,05/11/2024,1.8598217678694189,1.2644276855100505,3.788255330476642,2.6683188112721927,3.788255330476642,1.928433562607223,"LINESTRING(100.72132833262798 6.973434793897665,100.721148403758 6.973415288169378)",2.8240385491730304,2.6459122079107797,9210,0,4575,909
916,"916,5/11/2024,LINESTRING(100.72114843128155 6.973415261035005,,,",4580,4585,4580,20241030RUN01,,,,,,,05/11/2024,3.135566326480957,2.2459434383905266,3.1085449593592456,2.637434739548536,3.135566326480957,0.0270213671217116,"LINESTRING(100.721148403758 6.973415288169378,100.7209689133733 6.9733920315168465)",3.122055642920101,3.2216465807628745,9210,0,4580,910
917,"917,5/11/2024,LINESTRING(100.72110354264584 6.973409572522885,,,",4585,4590,4585,20241030RUN01,,,,,,,05/11/2024,3.135566326480957,2.2459434383905266,3.1085449593592456,2.637434739548536,3.135566326480957,0.0270213671217116,"LINESTRING(100.721148403758 6.973415288169378,100.7209689133733 6.9733920315168465)",3.122055642920101,3.0651517832289494,9210,0,4585,911
918,"918,5/11/2024,LINESTRING(100.72105867233783 6.973403740821217,,,",4590,4595,4590,20241030RUN01,,,,,,,05/11/2024,3.135566326480957,2.2459434383905266,3.1085449593592456,2.637434739548536,3.135566326480957,0.0270213671217116,"LINESTRING(100.721148403758 6.973415288169378,100.7209689133733 6.9733920315168465)",3.122055642920101,3.069644908144742,9210,0,4590,912
919,"919,5/11/2024,LINESTRING(100.72101380733045 6.973397869181634,,,",4595,4600,4595,20241030RUN01,,,,,,,05/11/2024,3.135566326480957,2.2459434383905266,3.1085449593592456,2.637434739548536,3.135566326480957,0.0270213671217116,"LINESTRING(100.721148403758 6.973415288169378,100.7209689133733 6.9733920315168465)",3.122055642920101,3.194787373501133,9210,0,4595,913
920,"920,5/11/2024,LINESTRING(100.72096894146438 6.973392004049532,,,",4600,4605,4600,20241030RUN01,,,,,,,05/11/2024,2.710223897881676,1.9891708352790265,3.1269921323137604,2.2895925211432333,3.1269921323137604,0.4167682344320846,"LINESTRING(100.7209689133733 6.9733920315168465,100.72078949629031 6.97336821444028)",2.9186080150977185,2.905119906592065,9210,0,4600,914
921,"921,5/11/2024,LINESTRING(100.72092407612416 6.973386134582704,,,",4605,4610,4605,20241030RUN01,,,,,,,05/11/2024,2.710223897881676,1.9891708352790265,3.1269921323137604,2.2895925211432333,3.1269921323137604,0.4167682344320846,"LINESTRING(100.7209689133733 6.9733920315168465,100.72078949629031 6.97336821444028)",2.9186080150977185,3.2089333158229554,9210,0,4605,915
922,"922,5/11/2024,LINESTRING(100.72087922361499 6.9733801682003085,,,",4610,4615,4610,20241030RUN01,,,,,,,05/11/2024,2.710223897881676,1.9891708352790265,3.1269921323137604,2.2895925211432333,3.1269921323137604,0.4167682344320846,"LINESTRING(100.7209689133733 6.9733920315168465,100.72078949629031 6.97336821444028)",2.9186080150977185,2.9446451575446173,9210,0,4610,916
923,"923,5/11/2024,LINESTRING(100.72083437777503 6.973374152303575,,,",4615,4620,4615,20241030RUN01,,,,,,,05/11/2024,2.710223897881676,1.9891708352790265,3.1269921323137604,2.2895925211432333,3.1269921323137604,0.4167682344320846,"LINESTRING(100.7209689133733 6.9733920315168465,100.72078949629031 6.97336821444028)",2.9186080150977185,2.8238672822454096,9210,0,4615,917
924,"924,5/11/2024,LINESTRING(100.72078952535189 6.973368186260119,,,",4620,4625,4620,20241030RUN01,,,,,,,05/11/2024,2.974270688784898,2.2760536778206166,4.255481348523058,3.297812600576433,4.255481348523058,1.2812106597381594,"LINESTRING(100.72078949629031 6.97336821444028,100.72061019635524 6.973343533589743)",3.614876018653978,3.309316400474132,9210,0,4620,918
925,"925,5/11/2024,LINESTRING(100.72074468017995 6.973362165931043,,,",4625,4630,4625,20241030RUN01,,,,,,,05/11/2024,2.974270688784898,2.2760536778206166,4.255481348523058,3.297812600576433,4.255481348523058,1.2812106597381594,"LINESTRING(100.72078949629031 6.97336821444028,100.72061019635524 6.973343533589743)",3.614876018653978,3.8469412726942176,9210,0,4625,919
926,"926,5/11/2024,LINESTRING(100.72069985847362 6.973355973228513,,,",4630,4635,4630,20241030RUN01,,,,,,,05/11/2024,2.974270688784898,2.2760536778206166,4.255481348523058,3.297812600576433,4.255481348523058,1.2812106597381594,"LINESTRING(100.72078949629031 6.97336821444028,100.72061019635524 6.973343533589743)",3.614876018653978,3.653766364121743,9210,0,4630,920
927,"927,5/11/2024,LINESTRING(100.72065504661232 6.973349709772738,,,",4635,4640,4635,20241030RUN01,,,,,,,05/11/2024,2.974270688784898,2.2760536778206166,4.255481348523058,3.297812600576433,4.255481348523058,1.2812106597381594,"LINESTRING(100.72078949629031 6.97336821444028,100.72061019635524 6.973343533589743)",3.614876018653978,3.928469980889244,9210,0,4635,921
928,"928,5/11/2024,LINESTRING(100.72061022668399 6.973343504427629,,,",4640,4645,4640,20241030RUN01,,,,,,,05/11/2024,3.3571186512714823,2.7601902376692085,4.2944543975566845,3.01896421103853,4.2944543975566845,0.937335746285202,"LINESTRING(100.72061019635524 6.973343533589743,100.72043102332456 6.973317950470908)",3.8257865244140836,3.942069315706734,9210,0,4640,922
929,"929,5/11/2024,LINESTRING(100.72056540769003 6.973337292773051,,,",4645,4650,4645,20241030RUN01,,,,,,,05/11/2024,3.3571186512714823,2.7601902376692085,4.2944543975566845,3.01896421103853,4.2944543975566845,0.937335746285202,"LINESTRING(100.72061019635524 6.973343533589743,100.72043102332456 6.973317950470908)",3.8257865244140836,3.968662882268944,9210,0,4645,923
930,"930,5/11/2024,LINESTRING(100.7205206074103 6.973330947620805,,,",4650,4655,4650,20241030RUN01,,,,,,,05/11/2024,3.3571186512714823,2.7601902376692085,4.2944543975566845,3.01896421103853,4.2944543975566845,0.937335746285202,"LINESTRING(100.72061019635524 6.973343533589743,100.72043102332456 6.973317950470908)",3.8257865244140836,3.5596755559776847,9210,0,4650,924
931,"931,5/11/2024,LINESTRING(100.72047582680388 6.973324465253174,,,",4655,4660,4655,20241030RUN01,,,,,,,05/11/2024,3.3571186512714823,2.7601902376692085,4.2944543975566845,3.01896421103853,4.2944543975566845,0.937335746285202,"LINESTRING(100.72061019635524 6.973343533589743,100.72043102332456 6.973317950470908)",3.8257865244140836,3.621027219869899,9210,0,4655,925
932,"932,5/11/2024,LINESTRING(100.72043105528766 6.973317919997029,,,",4660,4665,4660,20241030RUN01,,,,,,,05/11/2024,3.100351250677887,2.0098348601578864,2.867433148124566,1.8549232909810467,3.100351250677887,0.2329181025533211,"LINESTRING(100.72043102332456 6.973317950470908,100.7202519065947 6.973291975770033)",2.9838921994012266,2.9077920060831697,9210,0,4660,926
933,"933,5/11/2024,LINESTRING(100.7203862863501 6.9733113568228795,,,",4665,4670,4665,20241030RUN01,,,,,,,05/11/2024,3.100351250677887,2.0098348601578864,2.867433148124566,1.8549232909810467,3.100351250677887,0.2329181025533211,"LINESTRING(100.72043102332456 6.973317950470908,100.7202519065947 6.973291975770033)",2.9838921994012266,2.713466645595733,9210,0,4665,927
934,"934,5/11/2024,LINESTRING(100.72034151885039 6.973304784482221,,,",4670,4675,4670,20241030RUN01,,,,,,,05/11/2024,3.100351250677887,2.0098348601578864,2.867433148124566,1.8549232909810467,3.100351250677887,0.2329181025533211,"LINESTRING(100.72043102332456 6.973317950470908,100.7202519065947 6.973291975770033)",2.9838921994012266,3.024012750844581,9210,0,4670,928
935,"935,5/11/2024,LINESTRING(100.72029674052533 6.973298286264557,,,",4675,4680,4675,20241030RUN01,,,,,,,05/11/2024,3.100351250677887,2.0098348601578864,2.867433148124566,1.8549232909810467,3.100351250677887,0.2329181025533211,"LINESTRING(100.72043102332456 6.973317950470908,100.7202519065947 6.973291975770033)",2.9838921994012266,3.0920519323037015,9210,0,4675,929
936,"936,5/11/2024,LINESTRING(100.72025193971568 6.973291944451894,,,",4680,4685,4680,20241030RUN01,,,,,,,05/11/2024,2.300647050951484,1.7766047157451277,2.201551391037493,1.5217250008533725,2.300647050951484,0.0990956599139907,"LINESTRING(100.7202519065947 6.973291975770033,100.72007254413853 6.973267752862445)",2.2510992209944884,2.0972158560397283,9210,0,4680,930
937,"937,5/11/2024,LINESTRING(100.72020711375504 6.973285782437991,,,",4685,4690,4685,20241030RUN01,,,,,,,05/11/2024,2.300647050951484,1.7766047157451277,2.201551391037493,1.5217250008533725,2.300647050951484,0.0990956599139907,"LINESTRING(100.7202519065947 6.973291975770033,100.72007254413853 6.973267752862445)",2.2510992209944884,2.4132391142073484,9210,0,4686,931
938,"938,5/11/2024,LINESTRING(100.72016227457412 6.973279717132727,,,",4690,4695,4690,20241030RUN01,,,,,,,05/11/2024,2.300647050951484,1.7766047157451277,2.201551391037493,1.5217250008533725,2.300647050951484,0.0990956599139907,"LINESTRING(100.7202519065947 6.973291975770033,100.72007254413853 6.973267752862445)",2.2510992209944884,2.3827309118358397,9210,0,4691,932
939,"939,5/11/2024,LINESTRING(100.72011742881062 6.973273700754443,,,",4695,4700,4695,20241030RUN01,,,,,,,05/11/2024,2.300647050951484,1.7766047157451277,2.201551391037493,1.5217250008533725,2.300647050951484,0.0990956599139907,"LINESTRING(100.7202519065947 6.973291975770033,100.72007254413853 6.973267752862445)",2.2510992209944884,2.2199284275812072,9210,0,4696,933
940,"940,5/11/2024,LINESTRING(100.72007257809936 6.973267721007321,,,",4700,4705,4700,20241030RUN01,,,,,,,05/11/2024,3.374584462591212,2.278943826240706,3.8925197312383633,2.925276702767141,3.8925197312383633,0.5179352686471512,"LINESTRING(100.72007254413853 6.973267752862445,100.71989300284069 6.973244914457987)",3.6335520969147876,3.412518107354541,9210,0,4701,934
941,"941,5/11/2024,LINESTRING(100.72002772564679 6.973261753766588,,,",4705,4710,4705,20241030RUN01,,,,,,,05/11/2024,3.374584462591212,2.278943826240706,3.8925197312383633,2.925276702767141,3.8925197312383633,0.5179352686471512,"LINESTRING(100.72007254413853 6.973267752862445,100.71989300284069 6.973244914457987)",3.6335520969147876,3.943790809817051,9210,0,4706,935
942,"942,5/11/2024,LINESTRING(100.71998286184767 6.973255872781677,,,",4710,4715,4710,20241030RUN01,,,,,,,05/11/2024,3.374584462591212,2.278943826240706,3.8925197312383633,2.925276702767141,3.8925197312383633,0.5179352686471512,"LINESTRING(100.72007254413853 6.973267752862445,100.71989300284069 6.973244914457987)",3.6335520969147876,3.409987633974718,9210,0,4711,936
943,"943,5/11/2024,LINESTRING(100.71993796632707 6.973250238027017,,,",4715,4720,4715,20241030RUN01,,,,,,,05/11/2024,3.374584462591212,2.278943826240706,3.8925197312383633,2.925276702767141,3.8925197312383633,0.5179352686471512,"LINESTRING(100.72007254413853 6.973267752862445,100.71989300284069 6.973244914457987)",3.6335520969147876,3.9143106615987984,9210,0,4716,937
944,"944,5/11/2024,LINESTRING(100.71989303651023 6.973244883114627,,,",4720,4725,4720,20241030RUN01,,,,,,,05/11/2024,2.4331591735513127,1.6109742109046434,3.0362007526275594,2.4013915404370683,3.0362007526275594,0.6030415790762467,"LINESTRING(100.71989300284069 6.973244914457987,100.71971303885489 6.9732256839652775)",2.734679963089436,2.9204797540601595,9210,0,4721,938
945,"945,5/11/2024,LINESTRING(100.71984808320053 6.973239729081307,,,",4725,4730,4725,20241030RUN01,,,,,,,05/11/2024,2.4331591735513127,1.6109742109046434,3.0362007526275594,2.4013915404370683,3.0362007526275594,0.6030415790762467,"LINESTRING(100.71989300284069 6.973244914457987,100.71971303885489 6.9732256839652775)",2.734679963089436,2.711802137127475,9210,0,4726,939
946,"946,5/11/2024,LINESTRING(100.719803105643 6.973234791492313,,,",4730,4735,4730,20241030RUN01,,,,,,,05/11/2024,2.4331591735513127,1.6109742109046434,3.0362007526275594,2.4013915404370683,3.0362007526275594,0.6030415790762467,"LINESTRING(100.71989300284069 6.973244914457987,100.71971303885489 6.9732256839652775)",2.734679963089436,2.8485073084086054,9210,0,4731,940
947,"947,5/11/2024,LINESTRING(100.71975810086099 6.973230108935485,,,",4735,4740,4735,20241030RUN01,,,,,,,05/11/2024,2.4331591735513127,1.6109742109046434,3.0362007526275594,2.4013915404370683,3.0362007526275594,0.6030415790762467,"LINESTRING(100.71989300284069 6.973244914457987,100.71971303885489 6.9732256839652775)",2.734679963089436,2.5055461826771963,9210,0,4736,941
948,"948,5/11/2024,LINESTRING(100.71971307307095 6.973225652356419,,,",4740,4745,4740,20241030RUN01,,,,,,,05/11/2024,2.750958742062251,2.107840022178573,2.4817048254982668,2.3015757417560074,2.750958742062251,0.2692539165639842,"LINESTRING(100.71971303885489 6.9732256839652775,100.71953280289885 6.973209161681854)",2.616331783780259,2.4215317320067253,9210,0,4741,942
949,"949,5/11/2024,LINESTRING(100.71966802784071 6.973221374712507,,,",4745,4750,4745,20241030RUN01,,,,,,,05/11/2024,2.750958742062251,2.107840022178573,2.4817048254982668,2.3015757417560074,2.750958742062251,0.2692539165639842,"LINESTRING(100.71971303885489 6.9732256839652775,100.71953280289885 6.973209161681854)",2.616331783780259,2.527064164058803,9210,0,4746,943
950,"950,5/11/2024,LINESTRING(100.7196229697912 6.9732172333560865,,,",4750,4755,4750,20241030RUN01,,,,,,,05/11/2024,2.750958742062251,2.107840022178573,2.4817048254982668,2.3015757417560074,2.750958742062251,0.2692539165639842,"LINESTRING(100.71971303885489 6.9732256839652775,100.71953280289885 6.973209161681854)",2.616331783780259,2.690943187383425,9210,0,4751,944
951,"951,5/11/2024,LINESTRING(100.7195779056907 6.973213158166015,,,",4755,4760,4755,20241030RUN01,,,,,,,05/11/2024,2.750958742062251,2.107840022178573,2.4817048254982668,2.3015757417560074,2.750958742062251,0.2692539165639842,"LINESTRING(100.71971303885489 6.9732256839652775,100.71953280289885 6.973209161681854)",2.616331783780259,2.5834906123213455,9210,0,4756,945
952,"952,5/11/2024,LINESTRING(100.71953283739548 6.9732091300499786,,,",4760,4765,4760,20241030RUN01,,,,,,,05/11/2024,4.499981425358332,3.0230249143206347,3.3887726558726987,3.0831654034266345,4.499981425358332,1.111208769485633,"LINESTRING(100.71953280289885 6.973209161681854,100.71935245665004 6.973193901135997)",3.944377040615515,3.8530340202879203,9210,0,4761,946
953,"953,5/11/2024,LINESTRING(100.71948776491358 6.973205148784181,,,",4765,4770,4765,20241030RUN01,,,,,,,05/11/2024,4.499981425358332,3.0230249143206347,3.3887726558726987,3.0831654034266345,4.499981425358332,1.111208769485633,"LINESTRING(100.71953280289885 6.973209161681854,100.71935245665004 6.973193901135997)",3.944377040615515,4.038008625925512,9210,0,4766,947
954,"954,5/11/2024,LINESTRING(100.71944268952603 6.973201199866166,,,",4770,4775,4770,20241030RUN01,,,,,,,05/11/2024,4.499981425358332,3.0230249143206347,3.3887726558726987,3.0831654034266345,4.499981425358332,1.111208769485633,"LINESTRING(100.71953280289885 6.973209161681854,100.71935245665004 6.973193901135997)",3.944377040615515,3.6343761826500844,9210,0,4771,948
955,"955,5/11/2024,LINESTRING(100.719397600996 6.973197404780561,,,",4775,4780,4775,20241030RUN01,,,,,,,05/11/2024,4.499981425358332,3.0230249143206347,3.3887726558726987,3.0831654034266345,4.499981425358332,1.111208769485633,"LINESTRING(100.71953280289885 6.973209161681854,100.71935245665004 6.973193901135997)",3.944377040615515,4.320759609400638,9210,0,4776,949
956,"956,5/11/2024,LINESTRING(100.71935249143873 6.973193869470202,,,",4780,4785,4780,20241030RUN01,,,,,,,05/11/2024,3.629217907030098,3.1994225632106827,2.907684183158082,2.3293367446115307,3.629217907030098,0.7215337238720152,"LINESTRING(100.71935245665004 6.973193901135997,100.71917192841491 6.973180945563581)",3.26845104509409,3.135285903631945,9210,0,4781,950
957,"957,5/11/2024,LINESTRING(100.71930736597099 6.973190541583849,,,",4785,4790,4785,20241030RUN01,,,,,,,05/11/2024,3.629217907030098,3.1994225632106827,2.907684183158082,2.3293367446115307,3.629217907030098,0.7215337238720152,"LINESTRING(100.71935245665004 6.973193901135997,100.71917192841491 6.973180945563581)",3.26845104509409,2.973407653491924,9210,0,4786,951
958,"958,5/11/2024,LINESTRING(100.71926223263138 6.973187321069536,,,",4790,4795,4790,20241030RUN01,,,,,,,05/11/2024,3.629217907030098,3.1994225632106827,2.907684183158082,2.3293367446115307,3.629217907030098,0.7215337238720152,"LINESTRING(100.71935245665004 6.973193901135997,100.71917192841491 6.973180945563581)",3.26845104509409,3.5633725573321104,9210,0,4791,952
959,"959,5/11/2024,LINESTRING(100.7192170986252 6.973184111021209,,,",4795,4800,4795,20241030RUN01,,,,,,,05/11/2024,3.629217907030098,3.1994225632106827,2.907684183158082,2.3293367446115307,3.629217907030098,0.7215337238720152,"LINESTRING(100.71935245665004 6.973193901135997,100.71917192841491 6.973180945563581)",3.26845104509409,3.4588021824599364,9210,0,4796,953
960,"960,5/11/2024,LINESTRING(100.71917196368774 6.97318091368971,,,",4800,4805,4800,20241030RUN01,,,,,,,05/11/2024,2.376939203236073,1.8730734328420529,2.8447215155851517,2.2387122829820325,2.8447215155851517,0.4677823123490787,"LINESTRING(100.71917192841491 6.973180945563581,100.71899138062597 6.973168265629415)",2.6108303594106124,2.360050281700918,9210,0,4801,954
961,"961,5/11/2024,LINESTRING(100.7191268262403 6.973177751256807,,,",4805,4810,4805,20241030RUN01,,,,,,,05/11/2024,2.376939203236073,1.8730734328420529,2.8447215155851517,2.2387122829820325,2.8447215155851517,0.4677823123490787,"LINESTRING(100.71917192841491 6.973180945563581,100.71899138062597 6.973168265629415)",2.6108303594106124,2.3552607737450884,9210,0,4806,955
962,"962,5/11/2024,LINESTRING(100.71908168986955 6.973174573201647,,,",4810,4815,4810,20241030RUN01,,,,,,,05/11/2024,2.376939203236073,1.8730734328420529,2.8447215155851517,2.2387122829820325,2.8447215155851517,0.4677823123490787,"LINESTRING(100.71917192841491 6.973180945563581,100.71899138062597 6.973168265629415)",2.6108303594106124,2.778251928322189,9210,0,4811,956
963,"963,5/11/2024,LINESTRING(100.71903655455672 6.973171380630222,,,",4815,4820,4815,20241030RUN01,,,,,,,05/11/2024,2.376939203236073,1.8730734328420529,2.8447215155851517,2.2387122829820325,2.8447215155851517,0.4677823123490787,"LINESTRING(100.71917192841491 6.973180945563581,100.71899138062597 6.973168265629415)",2.6108303594106124,2.8382302402843718,9210,0,4816,957
964,"964,5/11/2024,LINESTRING(100.7189914160747 6.97316823382439,,,",4820,4825,4820,20241030RUN01,,,,,,,05/11/2024,2.406543653842636,1.6922398487445878,3.506288013238636,2.7051609881698164,3.506288013238636,1.0997443593959997,"LINESTRING(100.71899138062597 6.973168265629415,100.7188108039487 6.973156000263215)",2.9564158335406363,3.1972270026702985,9210,0,4821,958
965,"965,5/11/2024,LINESTRING(100.71894627300097 6.9731651529160175,,,",4825,4830,4825,20241030RUN01,,,,,,,05/11/2024,2.406543653842636,1.6922398487445878,3.506288013238636,2.7051609881698164,3.506288013238636,1.0997443593959997,"LINESTRING(100.71899138062597 6.973168265629415,100.7188108039487 6.973156000263215)",2.9564158335406363,3.061488252142674,9210,0,4826,959
966,"966,5/11/2024,LINESTRING(100.71890112774683 6.973162104580349,,,",4830,4835,4830,20241030RUN01,,,,,,,05/11/2024,2.406543653842636,1.6922398487445878,3.506288013238636,2.7051609881698164,3.506288013238636,1.0997443593959997,"LINESTRING(100.71899138062597 6.973168265629415,100.7188108039487 6.973156000263215)",2.9564158335406363,3.0090106397501812,9210,0,4831,960
967,"967,5/11/2024,LINESTRING(100.71885598263297 6.973159054256237,,,",4835,4840,4835,20241030RUN01,,,,,,,05/11/2024,2.406543653842636,1.6922398487445878,3.506288013238636,2.7051609881698164,3.506288013238636,1.0997443593959997,"LINESTRING(100.71899138062597 6.973168265629415,100.7188108039487 6.973156000263215)",2.9564158335406363,2.766145829460136,9210,0,4837,961
968,"968,5/11/2024,LINESTRING(100.71881083997094 6.973155968174994,,,",4840,4845,4840,20241030RUN01,,,,,,,05/11/2024,2.235144030488536,1.7827379288092873,2.662617705424165,1.7820664157571386,2.662617705424165,0.4274736749356287,"LINESTRING(100.7188108039487 6.973156000263215,100.71863025093633 6.973143389419038)",2.4488808679563503,2.6375055269421774,9210,0,4842,962
969,"969,5/11/2024,LINESTRING(100.7187656987963 6.973152861460232,,,",4845,4850,4845,20241030RUN01,,,,,,,05/11/2024,2.235144030488536,1.7827379288092873,2.662617705424165,1.7820664157571386,2.662617705424165,0.4274736749356287,"LINESTRING(100.7188108039487 6.973156000263215,100.71863025093633 6.973143389419038)",2.4488808679563503,2.524234365770727,9210,0,4847,963
970,"970,5/11/2024,LINESTRING(100.71872055883917 6.973149737104641,,,",4850,4855,4850,20241030RUN01,,,,,,,05/11/2024,2.235144030488536,1.7827379288092873,2.662617705424165,1.7820664157571386,2.662617705424165,0.4274736749356287,"LINESTRING(100.7188108039487 6.973156000263215,100.71863025093633 6.973143389419038)",2.4488808679563503,2.3161788437591606,9210,0,4852,964
971,"971,5/11/2024,LINESTRING(100.71867542257334 6.97314655939518,,,",4855,4860,4855,20241030RUN01,,,,,,,05/11/2024,2.235144030488536,1.7827379288092873,2.662617705424165,1.7820664157571386,2.662617705424165,0.4274736749356287,"LINESTRING(100.7188108039487 6.973156000263215,100.71863025093633 6.973143389419038)",2.4488808679563503,2.3214592101359157,9210,0,4857,965
972,"972,5/11/2024,LINESTRING(100.71863028807486 6.973143356577397,,,",4860,4865,4860,20241030RUN01,,,,,,,05/11/2024,1.837311354241357,1.3200062476202583,2.75451316868136,1.750251758303378,2.75451316868136,0.9172018144400031,"LINESTRING(100.71863025093633 6.973143389419038,100.71844971650923 6.973130517268068)",2.2959122614613587,2.1351912198781777,9210,0,4862,966
973,"973,5/11/2024,LINESTRING(100.71858515287114 6.973140162860181,,,",4865,4870,4865,20241030RUN01,,,,,,,05/11/2024,1.837311354241357,1.3200062476202583,2.75451316868136,1.750251758303378,2.75451316868136,0.9172018144400031,"LINESTRING(100.71863025093633 6.973143389419038,100.71844971650923 6.973130517268068)",2.2959122614613587,2.303945797776357,9210,0,4867,967
974,"974,5/11/2024,LINESTRING(100.71854001898252 6.973136950703173,,,",4870,4875,4870,20241030RUN01,,,,,,,05/11/2024,1.837311354241357,1.3200062476202583,2.75451316868136,1.750251758303378,2.75451316868136,0.9172018144400031,"LINESTRING(100.71863025093633 6.973143389419038,100.71844971650923 6.973130517268068)",2.2959122614613587,2.460490280544863,9210,0,4872,968
975,"975,5/11/2024,LINESTRING(100.71849488708473 6.973133710699872,,,",4875,4880,4875,20241030RUN01,,,,,,,05/11/2024,1.837311354241357,1.3200062476202583,2.75451316868136,1.750251758303378,2.75451316868136,0.9172018144400031,"LINESTRING(100.71863025093633 6.973143389419038,100.71844971650923 6.973130517268068)",2.2959122614613587,2.5166168244503675,9210,0,4877,969
976,"976,5/11/2024,LINESTRING(100.71844975429298 6.973130484092938,,,",4880,4885,4880,20241030RUN01,,,,,,,05/11/2024,3.7004113305850153,3.266837433644149,3.662213625114412,2.980541340728025,3.7004113305850153,0.038197705470603,"LINESTRING(100.71844971650923 6.973130517268068,100.71826905417787 6.973119658310246)",3.6813124778497137,3.5098887693802574,9210,0,4882,970
977,"977,5/11/2024,LINESTRING(100.71840461333379 6.973127373882302,,,",4885,4890,4885,20241030RUN01,,,,,,,05/11/2024,3.7004113305850153,3.266837433644149,3.662213625114412,2.980541340728025,3.7004113305850153,0.038197705470603,"LINESTRING(100.71844971650923 6.973130517268068,100.71826905417787 6.973119658310246)",3.6813124778497137,3.8177651374035815,9210,0,4887,971
978,"978,5/11/2024,LINESTRING(100.71835945641652 6.973124503568663,,,",4890,4895,4890,20241030RUN01,,,,,,,05/11/2024,3.7004113305850153,3.266837433644149,3.662213625114412,2.980541340728025,3.7004113305850153,0.038197705470603,"LINESTRING(100.71844971650923 6.973130517268068,100.71826905417787 6.973119658310246)",3.6813124778497137,3.8124027026854277,9210,0,4892,972
979,"979,5/11/2024,LINESTRING(100.71831428228437 6.973121916763335,,,",4895,4900,4895,20241030RUN01,,,,,,,05/11/2024,3.7004113305850153,3.266837433644149,3.662213625114412,2.980541340728025,3.7004113305850153,0.038197705470603,"LINESTRING(100.71844971650923 6.973130517268068,100.71826905417787 6.973119658310246)",3.6813124778497137,3.397052272594596,9210,0,4897,973
980,"980,5/11/2024,LINESTRING(100.71826909229692 6.973119625071439,,,",4900,4905,4900,20241030RUN01,,,,,,,05/11/2024,4.046999330698099,3.1855586660483177,3.2975271328376503,2.427389904960056,4.046999330698099,0.7494721978604484,"LINESTRING(100.71826905417787 6.973119658310246,100.7180881609802 6.973114064956646)",3.6722632317678743,3.3748590749110003,9210,0,4902,974
981,"981,5/11/2024,LINESTRING(100.71822388910186 6.973117610321681,,,",4905,4910,4905,20241030RUN01,,,,,,,05/11/2024,4.046999330698099,3.1855586660483177,3.2975271328376503,2.427389904960056,4.046999330698099,0.7494721978604484,"LINESTRING(100.71826905417787 6.973119658310246,100.7180881609802 6.973114064956646)",3.6722632317678743,3.5462694117470024,9210,0,4907,975
982,"982,5/11/2024,LINESTRING(100.7181786739473 6.973115883775675,,,",4910,4915,4910,20241030RUN01,,,,,,,05/11/2024,4.046999330698099,3.1855586660483177,3.2975271328376503,2.427389904960056,4.046999330698099,0.7494721978604484,"LINESTRING(100.71826905417787 6.973119658310246,100.7180881609802 6.973114064956646)",3.6722632317678743,3.7521872055170684,9210,0,4912,976
983,"983,5/11/2024,LINESTRING(100.7181334435834 6.973114626227088,,,",4915,4920,4915,20241030RUN01,,,,,,,05/11/2024,4.046999330698099,3.1855586660483177,3.2975271328376503,2.427389904960056,4.046999330698099,0.7494721978604484,"LINESTRING(100.71826905417787 6.973119658310246,100.7180881609802 6.973114064956646)",3.6722632317678743,4.025036081205955,9210,0,4917,977
984,"984,5/11/2024,LINESTRING(100.7180881999022 6.973114031247447,,,",4920,4925,4920,20241030RUN01,,,,,,,05/11/2024,2.5105383876942837,1.6246433640272129,3.4077137518255047,2.319616634413148,3.4077137518255047,0.8971753641312215,"LINESTRING(100.7180881609802 6.973114064956646,100.71790739777126 6.973121529278663)",2.9591260697598942,3.0023122123821318,9210,0,4922,978
985,"985,5/11/2024,LINESTRING(100.71804295303764 6.973114250114159,,,",4925,4930,4925,20241030RUN01,,,,,,,05/11/2024,2.5105383876942837,1.6246433640272129,3.4077137518255047,2.319616634413148,3.4077137518255047,0.8971753641312215,"LINESTRING(100.7180881609802 6.973114064956646,100.71790739777126 6.973121529278663)",2.9591260697598942,2.6937319776936373,9210,0,4927,979
986,"986,5/11/2024,LINESTRING(100.7179977227974 6.973115484752233,,,",4930,4935,4930,20241030RUN01,,,,,,,05/11/2024,2.5105383876942837,1.6246433640272129,3.4077137518255047,2.319616634413148,3.4077137518255047,0.8971753641312215,"LINESTRING(100.7180881609802 6.973114064956646,100.71790739777126 6.973121529278663)",2.9591260697598942,2.9005741060640653,9210,0,4932,980
987,"987,5/11/2024,LINESTRING(100.71795253974072 6.9731178849518125,,,",4935,4940,4935,20241030RUN01,,,,,,,05/11/2024,2.5105383876942837,1.6246433640272129,3.4077137518255047,2.319616634413148,3.4077137518255047,0.8971753641312215,"LINESTRING(100.7180881609802 6.973114064956646,100.71790739777126 6.973121529278663)",2.9591260697598942,3.070878459586568,9210,0,4937,981
988,"988,5/11/2024,LINESTRING(100.7179074375385 6.9731214950506875,,,",4940,4945,4940,20241030RUN01,,,,,,,05/11/2024,3.555799155636777,3.213082860751709,2.6942346200874336,1.9740066415836024,3.555799155636777,0.8615645355493435,"LINESTRING(100.71790739777126 6.973121529278663,100.71772826976226 6.973147062845179)",3.125016887862105,2.9215985714994033,9210,0,4942,982
989,"989,5/11/2024,LINESTRING(100.71786245469137 6.973126369604849,,,",4945,4950,4945,20241030RUN01,,,,,,,05/11/2024,3.555799155636777,3.213082860751709,2.6942346200874336,1.9740066415836024,3.555799155636777,0.8615645355493435,"LINESTRING(100.71790739777126 6.973121529278663,100.71772826976226 6.973147062845179)",3.125016887862105,2.98551448410233,9210,0,4947,983
990,"990,5/11/2024,LINESTRING(100.7178176151028 6.973132423453539,,,",4950,4955,4950,20241030RUN01,,,,,,,05/11/2024,3.555799155636777,3.213082860751709,2.6942346200874336,1.9740066415836024,3.555799155636777,0.8615645355493435,"LINESTRING(100.71790739777126 6.973121529278663,100.71772826976226 6.973147062845179)",3.125016887862105,3.180253639425136,9210,0,4952,984
991,"991,5/11/2024,LINESTRING(100.71777290846033 6.973139393808783,,,",4955,4960,4955,20241030RUN01,,,,,,,05/11/2024,3.555799155636777,3.213082860751709,2.6942346200874336,1.9740066415836024,3.555799155636777,0.8615645355493435,"LINESTRING(100.71790739777126 6.973121529278663,100.71772826976226 6.973147062845179)",3.125016887862105,3.293969374210961,9210,0,4957,985
992,"992,5/11/2024,LINESTRING(100.717728310239 6.97314702819267,,,",4960,4965,4960,20241030RUN01,,,,,,,05/11/2024,2.989313519244169,2.4181917261775023,3.755157495086116,3.048964346255301,3.755157495086116,0.7658439758419466,"LINESTRING(100.71772826976226 6.973147062845179,100.7175506979896 6.973182014872343)",3.3722355071651426,3.1239935917553874,9210,0,4962,986
993,"993,5/11/2024,LINESTRING(100.71768379943383 6.973155155841023,,,",4965,4970,4965,20241030RUN01,,,,,,,05/11/2024,2.989313519244169,2.4181917261775023,3.755157495086116,3.048964346255301,3.755157495086116,0.7658439758419466,"LINESTRING(100.71772826976226 6.973147062845179,100.7175506979896 6.973182014872343)",3.3722355071651426,3.5387180144836656,9210,0,4967,987
994,"994,5/11/2024,LINESTRING(100.71763937079248 6.97316372058422,,,",4970,4975,4970,20241030RUN01,,,,,,,05/11/2024,2.989313519244169,2.4181917261775023,3.755157495086116,3.048964346255301,3.755157495086116,0.7658439758419466,"LINESTRING(100.71772826976226 6.973147062845179,100.7175506979896 6.973182014872343)",3.3722355071651426,3.5081908479591064,9210,0,4972,988
995,"995,5/11/2024,LINESTRING(100.717595024942 6.973172703638746,,,",4975,4980,4975,20241030RUN01,,,,,,,05/11/2024,2.989313519244169,2.4181917261775023,3.755157495086116,3.048964346255301,3.755157495086116,0.7658439758419466,"LINESTRING(100.71772826976226 6.973147062845179,100.7175506979896 6.973182014872343)",3.3722355071651426,3.3605307859951346,9210,0,4977,989
996,"996,5/11/2024,LINESTRING(100.71755073940966 6.9731819795871575,,,",4980,4985,4980,20241030RUN01,,,,,,,05/11/2024,2.1400418262286727,1.9673789429000068,3.1839345053358064,2.3494033339915177,3.1839345053358064,1.0438926791071337,"LINESTRING(100.7175506979896 6.973182014872343,100.71737362737237 6.973219462274724)",2.6619881657822395,2.5142897210668824,9210,0,4982,990
997,"997,5/11/2024,LINESTRING(100.71750648032456 6.973191381047365,,,",4985,4990,4985,20241030RUN01,,,,,,,05/11/2024,2.1400418262286727,1.9673789429000068,3.1839345053358064,2.3494033339915177,3.1839345053358064,1.0438926791071337,"LINESTRING(100.7175506979896 6.973182014872343,100.71737362737237 6.973219462274724)",2.6619881657822395,2.793852673989058,9210,0,4987,991
998,"998,5/11/2024,LINESTRING(100.71746222229021 6.973200787486322,,,",4990,4995,4990,20241030RUN01,,,,,,,05/11/2024,2.1400418262286727,1.9673789429000068,3.1839345053358064,2.3494033339915177,3.1839345053358064,1.0438926791071337,"LINESTRING(100.7175506979896 6.973182014872343,100.71737362737237 6.973219462274724)",2.6619881657822395,2.5162320376260574,9210,0,4993,992
999,"999,5/11/2024,LINESTRING(100.71741795672841 6.973210158684373,,,",4995,5000,4995,20241030RUN01,,,,,,,05/11/2024,2.1400418262286727,1.9673789429000068,3.1839345053358064,2.3494033339915177,3.1839345053358064,1.0438926791071337,"LINESTRING(100.7175506979896 6.973182014872343,100.71737362737237 6.973219462274724)",2.6619881657822395,2.7875736354343603,9210,0,4998,993
1000,"1000,5/11/2024,LINESTRING(100.71737366946869 6.973219426582028,,,",5000,5005,5000,20241030RUN01,,,,,,,05/11/2024,2.490758966209852,2.033575262518363,2.982522163289994,2.2440977817164853,2.982522163289994,0.4917631970801421,"LINESTRING(100.71737362737237 6.973219462274724,100.71719577715383 6.973252952165803)",2.736640564749923,2.76749033138013,9210,0,5003,994
1001,"1001,5/11/2024,LINESTRING(100.71732933073582 6.97322844507067,,,",5005,5010,5005,20241030RUN01,,,,,,,05/11/2024,2.490758966209852,2.033575262518363,2.982522163289994,2.2440977817164853,2.982522163289994,0.4917631970801421,"LINESTRING(100.71737362737237 6.973219462274724,100.71719577715383 6.973252952165803)",2.736640564749923,2.844299590218196,9210,0,5008,995
1002,"1002,5/11/2024,LINESTRING(100.71728491913238 6.973237097661086,,,",5010,5015,5010,20241030RUN01,,,,,,,05/11/2024,2.490758966209852,2.033575262518363,2.982522163289994,2.2440977817164853,2.982522163289994,0.4917631970801421,"LINESTRING(100.71737362737237 6.973219462274724,100.71719577715383 6.973252952165803)",2.736640564749923,2.5940618572505394,9210,0,5013,996
1003,"1003,5/11/2024,LINESTRING(100.71724041690844 6.973245271148931,,,",5015,5020,5015,20241030RUN01,,,,,,,05/11/2024,2.490758966209852,2.033575262518363,2.982522163289994,2.2440977817164853,2.982522163289994,0.4917631970801421,"LINESTRING(100.71737362737237 6.973219462274724,100.71719577715383 6.973252952165803)",2.736640564749923,2.7109099586827328,9210,0,5018,997
1004,"1004,5/11/2024,LINESTRING(100.71719582058346 6.973252915525907,,,",5020,5025,5020,20241030RUN01,,,,,,,05/11/2024,2.3957424660075963,1.8499487251285684,2.63519385930062,2.142674541275337,2.63519385930062,0.2394513932930237,"LINESTRING(100.71719577715383 6.973252952165803,100.71701627010931 6.973275590131811)",2.515468162654108,2.4573370333802624,9210,0,5023,998
1005,"1005,5/11/2024,LINESTRING(100.71715112994976 6.9732599884297395,,,",5025,5030,5025,20241030RUN01,,,,,,,05/11/2024,2.3957424660075963,1.8499487251285684,2.63519385930062,2.142674541275337,2.63519385930062,0.2394513932930237,"LINESTRING(100.71719577715383 6.973252952165803,100.71701627010931 6.973275590131811)",2.515468162654108,2.53416748428793,9210,0,5028,999
1006,"1006,5/11/2024,LINESTRING(100.71710632186702 6.973266273268457,,,",5030,5035,5030,20241030RUN01,,,,,,,05/11/2024,2.3957424660075963,1.8499487251285684,2.63519385930062,2.142674541275337,2.63519385930062,0.2394513932930237,"LINESTRING(100.71719577715383 6.973252952165803,100.71701627010931 6.973275590131811)",2.515468162654108,2.335619094864089,9210,0,5033,1000
1007,"1007,5/11/2024,LINESTRING(100.71706138017451 6.973271516785082,,,",5035,5040,5035,20241030RUN01,,,,,,,05/11/2024,2.3957424660075963,1.8499487251285684,2.63519385930062,2.142674541275337,2.63519385930062,0.2394513932930237,"LINESTRING(100.71719577715383 6.973252952165803,100.71701627010931 6.973275590131811)",2.515468162654108,2.7541326935328576,9210,0,5038,1001
1008,"1008,5/11/2024,LINESTRING(100.71701631416454 6.9732755531602795,,,",5040,5045,5040,20241030RUN01,,,,,,,05/11/2024,1.6035985275442934,1.1632848542519791,4.124032998770511,3.825627867485642,4.124032998770511,2.520434471226218,"LINESTRING(100.71701627010931 6.973275590131811,100.71683542521536 6.973277090326254)",2.8638157631574024,3.0839449290153214,9210,0,5043,1002
1009,"1009,5/11/2024,LINESTRING(100.71697114757119 6.973278235501977,,,",5045,5050,5045,20241030RUN01,,,,,,,05/11/2024,1.6035985275442934,1.1632848542519791,4.124032998770511,3.825627867485642,4.124032998770511,2.520434471226218,"LINESTRING(100.71701627010931 6.973275590131811,100.71683542521536 6.973277090326254)",2.8638157631574024,2.8109855399253245,9210,0,5048,1003
1010,"1010,5/11/2024,LINESTRING(100.71692591719321 6.973279420466838,,,",5050,5055,5050,20241030RUN01,,,,,,,05/11/2024,1.6035985275442934,1.1632848542519791,4.124032998770511,3.825627867485642,4.124032998770511,2.520434471226218,"LINESTRING(100.71701627010931 6.973275590131811,100.71683542521536 6.973277090326254)",2.8638157631574024,2.804462693047779,9210,0,5053,1004
1011,"1011,5/11/2024,LINESTRING(100.71688067315252 6.973279026974703,,,",5055,5060,5055,20241030RUN01,,,,,,,05/11/2024,1.6035985275442934,1.1632848542519791,4.124032998770511,3.825627867485642,4.124032998770511,2.520434471226218,"LINESTRING(100.71701627010931 6.973275590131811,100.71683542521536 6.973277090326254)",2.8638157631574024,2.6759391409446263,9210,0,5058,1005
1012,"1012,5/11/2024,LINESTRING(100.7168354705057 6.973277052556448,,,",5060,5065,5060,20241030RUN01,,,,,,,05/11/2024,2.781088256979986,1.654505902501923,3.443078119295562,2.3925829714031286,3.443078119295562,0.661989862315576,"LINESTRING(100.71683542521536 6.973277090326254,100.71665600726749 6.973254233001797)",3.112083188137774,2.850269162686594,9210,0,5063,1006
1013,"1013,5/11/2024,LINESTRING(100.71679036149186 6.973273539120854,,,",5065,5070,5065,20241030RUN01,,,,,,,05/11/2024,2.781088256979986,1.654505902501923,3.443078119295562,2.3925829714031286,3.443078119295562,0.661989862315576,"LINESTRING(100.71683542521536 6.973277090326254,100.71665600726749 6.973254233001797)",3.112083188137774,3.055068449546351,9210,0,5068,1007
1014,"1014,5/11/2024,LINESTRING(100.71674539702057 6.973268505550716,,,",5070,5075,5070,20241030RUN01,,,,,,,05/11/2024,2.781088256979986,1.654505902501923,3.443078119295562,2.3925829714031286,3.443078119295562,0.661989862315576,"LINESTRING(100.71683542521536 6.973277090326254,100.71665600726749 6.973254233001797)",3.112083188137774,3.2964423339069526,9210,0,5073,1008
1015,"1015,5/11/2024,LINESTRING(100.716700620445 6.973262008991297,,,",5075,5080,5075,20241030RUN01,,,,,,,05/11/2024,2.781088256979986,1.654505902501923,3.443078119295562,2.3925829714031286,3.443078119295562,0.661989862315576,"LINESTRING(100.71683542521536 6.973277090326254,100.71665600726749 6.973254233001797)",3.112083188137774,3.141530108994411,9210,0,5078,1009
1016,"1016,5/11/2024,LINESTRING(100.71665605511795 6.973254193392129,,,",5080,5085,5080,20241030RUN01,,,,,,,05/11/2024,1.896847112223516,1.3023289657308377,3.5460075146066137,2.8129391853373504,3.5460075146066137,1.6491604023830977,"LINESTRING(100.71665600726749 6.973254233001797,100.71647983288304 6.973212981054479)",2.721427313415065,2.895469475478461,9210,0,5083,1010
1017,"1017,5/11/2024,LINESTRING(100.71661170604175 6.973245230743613,,,",5085,5090,5085,20241030RUN01,,,,,,,05/11/2024,1.896847112223516,1.3023289657308377,3.5460075146066137,2.8129391853373504,3.5460075146066137,1.6491604023830977,"LINESTRING(100.71665600726749 6.973254233001797,100.71647983288304 6.973212981054479)",2.721427313415065,2.5095563358301347,9210,0,5088,1011
1018,"1018,5/11/2024,LINESTRING(100.71656756439775 6.973235296812909,,,",5090,5095,5090,20241030RUN01,,,,,,,05/11/2024,1.896847112223516,1.3023289657308377,3.5460075146066137,2.8129391853373504,3.5460075146066137,1.6491604023830977,"LINESTRING(100.71665600726749 6.973254233001797,100.71647983288304 6.973212981054479)",2.721427313415065,2.704260263617361,9210,0,5093,1012
1019,"1019,5/11/2024,LINESTRING(100.71652363086318 6.97322448048858,,,",5095,5100,5095,20241030RUN01,,,,,,,05/11/2024,1.896847112223516,1.3023289657308377,3.5460075146066137,2.8129391853373504,3.5460075146066137,1.6491604023830977,"LINESTRING(100.71665600726749 6.973254233001797,100.71647983288304 6.973212981054479)",2.721427313415065,2.490739412468741,9210,0,5098,1013
1020,"1020,5/11/2024,LINESTRING(100.71647988148733 6.973212941128931,,,",5100,5105,5100,20241030RUN01,,,,,,,05/11/2024,2.888037607589053,2.6864010168474666,3.2657455852291246,2.9507380571118533,3.2657455852291246,0.3777079776400716,"LINESTRING(100.71647983288304 6.973212981054479,100.71630557059949 6.973164127851765)",3.076891596409089,3.121259991533487,9210,0,5103,1014
1021,"1021,5/11/2024,LINESTRING(100.71643623546407 6.9732010166597815,,,",5105,5110,5105,20241030RUN01,,,,,,,05/11/2024,2.888037607589053,2.6864010168474666,3.2657455852291246,2.9507380571118533,3.2657455852291246,0.3777079776400716,"LINESTRING(100.71647983288304 6.973212981054479,100.71630557059949 6.973164127851765)",3.076891596409089,3.062528179882654,9210,0,5108,1015
1022,"1022,5/11/2024,LINESTRING(100.71639265030052 6.973188871705636,,,",5110,5115,5110,20241030RUN01,,,,,,,05/11/2024,2.888037607589053,2.6864010168474666,3.2657455852291246,2.9507380571118533,3.2657455852291246,0.3777079776400716,"LINESTRING(100.71647983288304 6.973212981054479,100.71630557059949 6.973164127851765)",3.076891596409089,3.2880247779272738,9210,0,5113,1016
1023,"1023,5/11/2024,LINESTRING(100.71634911359183 6.973176554613341,,,",5115,5120,5115,20241030RUN01,,,,,,,05/11/2024,2.888037607589053,2.6864010168474666,3.2657455852291246,2.9507380571118533,3.2657455852291246,0.3777079776400716,"LINESTRING(100.71647983288304 6.973212981054479,100.71630557059949 6.973164127851765)",3.076891596409089,2.948126773535467,9210,0,5118,1017
1024,"1024,5/11/2024,LINESTRING(100.71630561958756 6.9731640879253645,,,",5120,5125,5120,20241030RUN01,,,,,,,05/11/2024,4.158581499618042,2.595199043062541,3.5857229669979764,2.543373056585558,4.158581499618042,0.5728585326200655,"LINESTRING(100.71630557059949 6.973164127851765,100.71613195865795 6.973113012289419)",3.872152233308009,3.7931249713722552,9210,0,5123,1018
1025,"1025,5/11/2024,LINESTRING(100.7162621629242 6.9731514914939785,,,",5125,5130,5125,20241030RUN01,,,,,,,05/11/2024,4.158581499618042,2.595199043062541,3.5857229669979764,2.543373056585558,4.158581499618042,0.5728585326200655,"LINESTRING(100.71630557059949 6.973164127851765,100.71613195865795 6.973113012289419)",3.872152233308009,3.8003415365152025,9210,0,5128,1019
1026,"1026,5/11/2024,LINESTRING(100.71621873489104 6.973138796781392,,,",5130,5135,5130,20241030RUN01,,,,,,,05/11/2024,4.158581499618042,2.595199043062541,3.5857229669979764,2.543373056585558,4.158581499618042,0.5728585326200655,"LINESTRING(100.71630557059949 6.973164127851765,100.71613195865795 6.973113012289419)",3.872152233308009,4.127972203958526,9210,0,5133,1020
1027,"1027,5/11/2024,LINESTRING(100.7161753496236 6.973125956974988,,,",5135,5140,5135,20241030RUN01,,,,,,,05/11/2024,4.158581499618042,2.595199043062541,3.5857229669979764,2.543373056585558,4.158581499618042,0.5728585326200655,"LINESTRING(100.71630557059949 6.973164127851765,100.71613195865795 6.973113012289419)",3.872152233308009,3.6013973658801954,9210,0,5138,1021
1028,"1028,5/11/2024,LINESTRING(100.716132007427 6.973112972849173,,,",5140,5145,5140,20241030RUN01,,,,,,,05/11/2024,4.871536858466328,3.657679353753572,5.328612595845462,3.8821197697616494,5.328612595845462,0.4570757373791343,"LINESTRING(100.71613195865795 6.973113012289419,100.71595858581335 6.973061089065601)",5.100074727155896,5.365154160317027,9210,0,5144,1022
1029,"1029,5/11/2024,LINESTRING(100.71608868339071 6.973099928477223,,,",5145,5150,5145,20241030RUN01,,,,,,,05/11/2024,4.871536858466328,3.657679353753572,5.328612595845462,3.8821197697616494,5.328612595845462,0.4570757373791343,"LINESTRING(100.71613195865795 6.973113012289419,100.71595858581335 6.973061089065601)",5.100074727155896,4.655436172934,9210,0,5149,1023
1030,"1030,5/11/2024,LINESTRING(100.71604536239039 6.9730868743543875,,,",5150,5155,5150,20241030RUN01,,,,,,,05/11/2024,4.871536858466328,3.657679353753572,5.328612595845462,3.8821197697616494,5.328612595845462,0.4570757373791343,"LINESTRING(100.71613195865795 6.973113012289419,100.71595858581335 6.973061089065601)",5.100074727155896,5.537905336286286,9210,0,5154,1024
1031,"1031,5/11/2024,LINESTRING(100.71600201787209 6.97307389830289,,,",5155,5160,5155,20241030RUN01,,,,,,,05/11/2024,4.871536858466328,3.657679353753572,5.328612595845462,3.8821197697616494,5.328612595845462,0.4570757373791343,"LINESTRING(100.71613195865795 6.973113012289419,100.71595858581335 6.973061089065601)",5.100074727155896,5.098896701452914,9210,0,5159,1025
1032,"1032,5/11/2024,LINESTRING(100.71595863539547 6.973061049285215,,,",5160,5165,5160,20241030RUN01,,,,,,,05/11/2024,3.527481382316661,2.853879474916395,3.420170141771933,3.0405864220041297,3.527481382316661,0.1073112405447274,"LINESTRING(100.71595858581335 6.973061089065601,100.71578503227524 6.973009769927585)",3.4738257620442967,3.514971959611258,9210,0,5164,1026
1033,"1033,5/11/2024,LINESTRING(100.71591523585218 6.973048258416244,,,",5165,5170,5165,20241030RUN01,,,,,,,05/11/2024,3.527481382316661,2.853879474916395,3.420170141771933,3.0405864220041297,3.527481382316661,0.1073112405447274,"LINESTRING(100.71595858581335 6.973061089065601,100.71578503227524 6.973009769927585)",3.4738257620442967,3.414513648353526,9210,0,5169,1027
1034,"1034,5/11/2024,LINESTRING(100.71587183690978 6.973035465639447,,,",5170,5175,5170,20241030RUN01,,,,,,,05/11/2024,3.527481382316661,2.853879474916395,3.420170141771933,3.0405864220041297,3.527481382316661,0.1073112405447274,"LINESTRING(100.71595858581335 6.973061089065601,100.71578503227524 6.973009769927585)",3.4738257620442967,3.4439804624044816,9210,0,5174,1028
1035,"1035,5/11/2024,LINESTRING(100.71582845027355 6.973022631229252,,,",5175,5180,5175,20241030RUN01,,,,,,,05/11/2024,3.527481382316661,2.853879474916395,3.420170141771933,3.0405864220041297,3.527481382316661,0.1073112405447274,"LINESTRING(100.71595858581335 6.973061089065601,100.71578503227524 6.973009769927585)",3.4738257620442967,3.7624876047941873,9210,0,5179,1029
1036,"1036,5/11/2024,LINESTRING(100.71578508384562 6.973009728885765,,,",5180,5185,5180,20241030RUN01,,,,,,,05/11/2024,3.3547679228733798,2.3695598853086053,3.686448255446285,2.060191807979702,3.686448255446285,0.3316803325729056,"LINESTRING(100.71578503227524 6.973009769927585,100.71561169517123 6.972957724445831)",3.5206080891598326,3.765227930890167,9210,0,5184,1030
1037,"1037,5/11/2024,LINESTRING(100.71574174411134 6.972996737442858,,,",5185,5190,5185,20241030RUN01,,,,,,,05/11/2024,3.3547679228733798,2.3695598853086053,3.686448255446285,2.060191807979702,3.686448255446285,0.3316803325729056,"LINESTRING(100.71578503227524 6.973009769927585,100.71561169517123 6.972957724445831)",3.5206080891598326,3.711274396490813,9210,0,5189,1031
1038,"1038,5/11/2024,LINESTRING(100.7156984276112 6.972983669226131,,,",5190,5195,5190,20241030RUN01,,,,,,,05/11/2024,3.3547679228733798,2.3695598853086053,3.686448255446285,2.060191807979702,3.686448255446285,0.3316803325729056,"LINESTRING(100.71578503227524 6.973009769927585,100.71561169517123 6.972957724445831)",3.5206080891598326,3.317990597111928,9210,0,5194,1032
1039,"1039,5/11/2024,LINESTRING(100.71565511233906 6.9729705969519316,,,",5195,5200,5195,20241030RUN01,,,,,,,05/11/2024,3.3547679228733798,2.3695598853086053,3.686448255446285,2.060191807979702,3.686448255446285,0.3316803325729056,"LINESTRING(100.71578503227524 6.973009769927585,100.71561169517123 6.972957724445831)",3.5206080891598326,3.3981958177720726,9210,0,5199,1033
1040,"1040,5/11/2024,LINESTRING(100.71561175004906 6.972957681130676,,,",5200,5205,5200,20241030RUN01,,,,,,,05/11/2024,2.119283579331253,1.3702380013796684,3.3871221945548564,2.452869256416975,3.3871221945548564,1.267838615223604,"LINESTRING(100.71561169517123 6.972957724445831,100.71543807277561 6.972906637801314)",2.753202886943055,2.9401249031819088,9210,0,5204,1034
1041,"1041,5/11/2024,LINESTRING(100.71556833555856 6.97294494147926,,,",5205,5210,5205,20241030RUN01,,,,,,,05/11/2024,2.119283579331253,1.3702380013796684,3.3871221945548564,2.452869256416975,3.3871221945548564,1.267838615223604,"LINESTRING(100.71561169517123 6.972957724445831,100.71543807277561 6.972906637801314)",2.753202886943055,2.9485589950700435,9210,0,5209,1035
1042,"1042,5/11/2024,LINESTRING(100.715524917083 6.972932215237814,,,",5210,5215,5210,20241030RUN01,,,,,,,05/11/2024,2.119283579331253,1.3702380013796684,3.3871221945548564,2.452869256416975,3.3871221945548564,1.267838615223604,"LINESTRING(100.71561169517123 6.972957724445831,100.71543807277561 6.972906637801314)",2.753202886943055,2.7329049940699846,9210,0,5214,1036
1043,"1043,5/11/2024,LINESTRING(100.71548151896593 6.972919419608036,,,",5215,5220,5215,20241030RUN01,,,,,,,05/11/2024,2.119283579331253,1.3702380013796684,3.3871221945548564,2.452869256416975,3.3871221945548564,1.267838615223604,"LINESTRING(100.71561169517123 6.972957724445831,100.71543807277561 6.972906637801314)",2.753202886943055,2.5399513205177477,9210,0,5219,1037
1044,"1044,5/11/2024,LINESTRING(100.71543812988051 6.972906593087056,,,",5220,5225,5220,20241030RUN01,,,,,,,05/11/2024,5.693736577439845,7.579873676752951,6.04913179054393,6.201476389870403,6.04913179054393,0.3553952131040852,"LINESTRING(100.71543807277561 6.972906637801314,100.71526430623236 6.97285605273645)",5.871434183991887,5.8258674209287635,9210,0,5224,1038
1045,"1045,5/11/2024,LINESTRING(100.7153947410353 6.972893765853735,,,",5225,5230,5225,20241030RUN01,,,,,,,05/11/2024,5.693736577439845,7.579873676752951,6.04913179054393,6.201476389870403,6.04913179054393,0.3553952131040852,"LINESTRING(100.71543807277561 6.972906637801314,100.71526430623236 6.97285605273645)",5.871434183991887,6.1231807990912435,9210,0,5229,1039
1046,"1046,5/11/2024,LINESTRING(100.71535133890069 6.972880983556192,,,",5230,5235,5230,20241030RUN01,,,,,,,05/11/2024,5.693736577439845,7.579873676752951,6.04913179054393,6.201476389870403,6.04913179054393,0.3553952131040852,"LINESTRING(100.71543807277561 6.972906637801314,100.71526430623236 6.97285605273645)",5.871434183991887,6.124141603550589,9210,0,5234,1040
1047,"1047,5/11/2024,LINESTRING(100.71530789249262 6.972868352333671,,,",5235,5240,5235,20241030RUN01,,,,,,,05/11/2024,5.693736577439845,7.579873676752951,6.04913179054393,6.201476389870403,6.04913179054393,0.3553952131040852,"LINESTRING(100.71543807277561 6.972906637801314,100.71526430623236 6.97285605273645)",5.871434183991887,5.588261382886565,9210,0,5239,1041
1048,"1048,5/11/2024,LINESTRING(100.7152643632692 6.9728560084167714,,,",5240,5245,5240,20241030RUN01,,,,,,,05/11/2024,11.5881190675292,11.533194687970346,13.679891700314808,9.425368028691697,13.679891700314808,2.091772632785609,"LINESTRING(100.71526430623236 6.97285605273645,100.71508883610197 6.972811797445314)",12.634005383922005,12.751144965904537,9210,0,5244,1042
1049,"1049,5/11/2024,LINESTRING(100.71522069800992 6.97284415459489,,,",5245,5250,5245,20241030RUN01,,,,,,,05/11/2024,11.5881190675292,11.533194687970346,13.679891700314808,9.425368028691697,13.679891700314808,2.091772632785609,"LINESTRING(100.71526430623236 6.97285605273645,100.71508883610197 6.972811797445314)",12.634005383922005,11.793371278340295,9210,0,5249,1043
1050,"1050,5/11/2024,LINESTRING(100.71517690124132 6.972832796195737,,,",5250,5255,5250,20241030RUN01,,,,,,,05/11/2024,11.5881190675292,11.533194687970346,13.679891700314808,9.425368028691697,13.679891700314808,2.091772632785609,"LINESTRING(100.71526430623236 6.97285605273645,100.71508883610197 6.972811797445314)",12.634005383922005,12.511150941987124,9210,0,5254,1044
1051,"1051,5/11/2024,LINESTRING(100.71513297412389 6.972821951710857,,,",5255,5260,5255,20241030RUN01,,,,,,,05/11/2024,11.5881190675292,11.533194687970346,13.679891700314808,9.425368028691697,13.679891700314808,2.091772632785609,"LINESTRING(100.71526430623236 6.97285605273645,100.71508883610197 6.972811797445314)",12.634005383922005,13.231366459649776,9210,0,5259,1045
1052,"1052,5/11/2024,LINESTRING(100.7150888921127 6.972811754239582,,,",5260,5265,5260,20241030RUN01,,,,,,,05/11/2024,2.984349341136265,2.334089952477222,3.6715767519992255,3.1649306459786404,3.6715767519992255,0.6872274108629615,"LINESTRING(100.71508883610197 6.972811797445314,100.7149110928614 6.97277787235941)",3.327963046567745,3.2336852218224585,9210,0,5264,1046
1053,"1053,5/11/2024,LINESTRING(100.715044667531 6.97280219218943,,,",5265,5270,5265,20241030RUN01,,,,,,,05/11/2024,2.984349341136265,2.334089952477222,3.6715767519992255,3.1649306459786404,3.6715767519992255,0.6872274108629615,"LINESTRING(100.71508883610197 6.972811797445314,100.7149110928614 6.97277787235941)",3.327963046567745,3.2621411615607294,9210,0,5269,1047
1054,"1054,5/11/2024,LINESTRING(100.71500030563983 6.972793288243248,,,",5270,5275,5270,20241030RUN01,,,,,,,05/11/2024,2.984349341136265,2.334089952477222,3.6715767519992255,3.1649306459786404,3.6715767519992255,0.6872274108629615,"LINESTRING(100.71508883610197 6.972811797445314,100.7149110928614 6.97277787235941)",3.327963046567745,3.55690914794237,9210,0,5274,1048
1055,"1055,5/11/2024,LINESTRING(100.71495580314807 6.97278511603589,,,",5275,5280,5275,20241030RUN01,,,,,,,05/11/2024,2.984349341136265,2.334089952477222,3.6715767519992255,3.1649306459786404,3.6715767519992255,0.6872274108629615,"LINESTRING(100.71508883610197 6.972811797445314,100.7149110928614 6.97277787235941)",3.327963046567745,3.052489106704344,9210,0,5279,1049
1056,"1056,5/11/2024,LINESTRING(100.71491114694805 6.972777830920191,,,",5280,5285,5280,20241030RUN01,,,,,,,05/11/2024,2.5244370565248406,1.9543241487042544,4.1907635689592695,3.089065990056036,4.1907635689592695,1.6663265124344289,"LINESTRING(100.7149110928614 6.97277787235941,100.71473144797221 6.9727560372467385)",3.357600312742055,3.3753497074031706,9210,0,5284,1050
1057,"1057,5/11/2024,LINESTRING(100.71486636103175 6.9727713884529585,,,",5285,5290,5285,20241030RUN01,,,,,,,05/11/2024,2.5244370565248406,1.9543241487042544,4.1907635689592695,3.089065990056036,4.1907635689592695,1.6663265124344289,"LINESTRING(100.7149110928614 6.97277787235941,100.71473144797221 6.9727560372467385)",3.357600312742055,3.3508845769024638,9210,0,5289,1051
1058,"1058,5/11/2024,LINESTRING(100.71482148043741 6.972765640740769,,,",5290,5295,5290,20241030RUN01,,,,,,,05/11/2024,2.5244370565248406,1.9543241487042544,4.1907635689592695,3.089065990056036,4.1907635689592695,1.6663265124344289,"LINESTRING(100.7149110928614 6.97277787235941,100.71473144797221 6.9727560372467385)",3.357600312742055,3.3404198285638906,9210,0,5294,1052
1059,"1059,5/11/2024,LINESTRING(100.7147765214321 6.9727605409465925,,,",5295,5300,5295,20241030RUN01,,,,,,,05/11/2024,2.5244370565248406,1.9543241487042544,4.1907635689592695,3.089065990056036,4.1907635689592695,1.6663265124344289,"LINESTRING(100.7149110928614 6.97277787235941,100.71473144797221 6.9727560372467385)",3.357600312742055,3.4955894750200187,9210,0,,
1060,"1060,5/11/2024,LINESTRING(100.71473150272928 6.972755995572629,,,",5300,5305,5300,20241030RUN01,,,,,,,05/11/2024,1.9793962769631983,1.2920750481969658,1.887699125235896,1.467298039942188,1.9793962769631983,0.0916971517273024,"LINESTRING(100.71473144797221 6.9727560372467385,100.71455093463341 6.972743060603024)",1.9335477010995472,1.8478671383295737,9210,0,5300,1053
1061,"1061,5/11/2024,LINESTRING(100.71468643219535 6.97275199660562,,,",5305,5310,5305,20241030RUN01,,,,,,,05/11/2024,1.9793962769631983,1.2920750481969658,1.887699125235896,1.467298039942188,1.9793962769631983,0.0916971517273024,"LINESTRING(100.71473144797221 6.9727560372467385,100.71455093463341 6.972743060603024)",1.9335477010995472,2.098690357648769,9210,0,5305,1054
1062,"1062,5/11/2024,LINESTRING(100.71464131574345 6.972748553526173,,,",5310,5315,5310,20241030RUN01,,,,,,,05/11/2024,1.9793962769631983,1.2920750481969658,1.887699125235896,1.467298039942188,1.9793962769631983,0.0916971517273024,"LINESTRING(100.71473144797221 6.9727560372467385,100.71455093463341 6.972743060603024)",1.9335477010995472,1.9254078480703076,9210,0,5310,1055
1063,"1063,5/11/2024,LINESTRING(100.71459616395369 6.972745606793962,,,",5315,5320,5315,20241030RUN01,,,,,,,05/11/2024,1.9793962769631983,1.2920750481969658,1.887699125235896,1.467298039942188,1.9793962769631983,0.0916971517273024,"LINESTRING(100.71473144797221 6.9727560372467385,100.71455093463341 6.972743060603024)",1.9335477010995472,1.8873264048783664,9210,0,5315,1056
1064,"1064,5/11/2024,LINESTRING(100.71455099001209 6.972743018719863,,,",5320,5325,5320,20241030RUN01,,,,,,,05/11/2024,1.7995452518924664,1.9808544537032533,2.857824959840648,1.96337509411191,2.857824959840648,1.0582797079481818,"LINESTRING(100.71455093463341 6.972743060603024,100.71437010999611 6.972735366802101)",2.3286851058665574,2.359406923594837,9210,0,5320,1057
1065,"1065,5/11/2024,LINESTRING(100.71450580175446 6.972740692270888,,,",5325,5330,5325,20241030RUN01,,,,,,,05/11/2024,1.7995452518924664,1.9808544537032533,2.857824959840648,1.96337509411191,2.857824959840648,1.0582797079481818,"LINESTRING(100.71455093463341 6.972743060603024,100.71437010999611 6.972735366802101)",2.3286851058665574,2.1948148479912573,9210,0,5325,1058
1066,"1066,5/11/2024,LINESTRING(100.71446060126983 6.972738617107653,,,",5330,5335,5330,20241030RUN01,,,,,,,05/11/2024,1.7995452518924664,1.9808544537032533,2.857824959840648,1.96337509411191,2.857824959840648,1.0582797079481818,"LINESTRING(100.71455093463341 6.972743060603024,100.71437010999611 6.972735366802101)",2.3286851058665574,2.240523744414409,9210,0,5330,1059
1067,"1067,5/11/2024,LINESTRING(100.71441538869513 6.97273682431202,,,",5335,5340,5335,20241030RUN01,,,,,,,05/11/2024,1.7995452518924664,1.9808544537032533,2.857824959840648,1.96337509411191,2.857824959840648,1.0582797079481818,"LINESTRING(100.71455093463341 6.972743060603024,100.71437010999611 6.972735366802101)",2.3286851058665574,2.398135764929085,9210,0,5335,1060
1068,"1068,5/11/2024,LINESTRING(100.71437016542484 6.9727353251301505,,,",5340,5345,5340,20241030RUN01,,,,,,,05/11/2024,1.749870484122345,1.6546047946775038,2.299591151587065,1.649164439690148,2.299591151587065,0.5497206674647201,"LINESTRING(100.71437010999611 6.972735366802101,100.7141891538783 6.972731900910107)",2.0247308178547048,1.9415637315358658,9210,0,5340,1061
1069,"1069,5/11/2024,LINESTRING(100.71432493389898 6.972734097912514,,,",5345,5350,5345,20241030RUN01,,,,,,,05/11/2024,1.749870484122345,1.6546047946775038,2.299591151587065,1.649164439690148,2.299591151587065,0.5497206674647201,"LINESTRING(100.71437010999611 6.972735366802101,100.7141891538783 6.972731900910107)",2.0247308178547048,2.0444127607910056,9210,0,5345,1062
1070,"1070,5/11/2024,LINESTRING(100.71427969651066 6.972733106626124,,,",5350,5355,5350,20241030RUN01,,,,,,,05/11/2024,1.749870484122345,1.6546047946775038,2.299591151587065,1.649164439690148,2.299591151587065,0.5497206674647201,"LINESTRING(100.71437010999611 6.972735366802101,100.7141891538783 6.972731900910107)",2.0247308178547048,1.9906545709580536,9210,0,5350,1063
1071,"1071,5/11/2024,LINESTRING(100.71423445454865 6.972732354859915,,,",5355,5360,5355,20241030RUN01,,,,,,,05/11/2024,1.749870484122345,1.6546047946775038,2.299591151587065,1.649164439690148,2.299591151587065,0.5497206674647201,"LINESTRING(100.71437010999611 6.972735366802101,100.7141891538783 6.972731900910107)",2.0247308178547048,1.916729469428121,9210,0,5355,1064
1072,"1072,5/11/2024,LINESTRING(100.71418920906598 6.972731859655833,,,",5360,5365,5360,20241030RUN01,,,,,,,05/11/2024,5.518037975922053,7.2516110310897,5.741144650877594,7.024329362906371,5.741144650877594,0.2231066749555408,"LINESTRING(100.7141891538783 6.972731900910107,100.71400816333815 6.972732160002358)",5.629591313399823,5.573714906075421,9210,0,5360,1065
1073,"1073,5/11/2024,LINESTRING(100.71414396142063 6.972731619944884,,,",5365,5370,5365,20241030RUN01,,,,,,,05/11/2024,5.518037975922053,7.2516110310897,5.741144650877594,7.024329362906371,5.741144650877594,0.2231066749555408,"LINESTRING(100.7141891538783 6.972731900910107,100.71400816333815 6.972732160002358)",5.629591313399823,5.973473664845276,9210,0,5365,1066
1074,"1074,5/11/2024,LINESTRING(100.7140987131639 6.972731626806932,,,",5370,5375,5370,20241030RUN01,,,,,,,05/11/2024,5.518037975922053,7.2516110310897,5.741144650877594,7.024329362906371,5.741144650877594,0.2231066749555408,"LINESTRING(100.7141891538783 6.972731900910107,100.71400816333815 6.972732160002358)",5.629591313399823,5.622065007029054,9210,0,5370,1067
1075,"1075,5/11/2024,LINESTRING(100.71405346520211 6.972731794121603,,,",5375,5380,5375,20241030RUN01,,,,,,,05/11/2024,5.518037975922053,7.2516110310897,5.741144650877594,7.024329362906371,5.741144650877594,0.2231066749555408,"LINESTRING(100.7141891538783 6.972731900910107,100.71400816333815 6.972732160002358)",5.629591313399823,5.2957162684738135,9210,0,5375,1068
1076,"1076,5/11/2024,LINESTRING(100.71400821809699 6.972732119292816,,,",5380,5385,5380,20241030RUN01,,,,,,,05/11/2024,1.7704006126700986,1.3517312542205406,4.429366311036608,2.786276128015152,4.429366311036608,2.6589656983665093,"LINESTRING(100.71400816333815 6.972732160002358,100.7138272791697 6.972737898620022)",3.099883461853353,2.8650805207186147,9210,0,5380,1069
1077,"1077,5/11/2024,LINESTRING(100.71396297454885 6.972732767239361,,,",5385,5390,5385,20241030RUN01,,,,,,,05/11/2024,1.7704006126700986,1.3517312542205406,4.429366311036608,2.786276128015152,4.429366311036608,2.6589656983665093,"LINESTRING(100.71400816333815 6.972732160002358,100.7138272791697 6.972737898620022)",3.099883461853353,3.381713138000581,9210,0,5385,1070
1078,"1078,5/11/2024,LINESTRING(100.71391774070787 6.972733898022021,,,",5390,5395,5390,20241030RUN01,,,,,,,05/11/2024,1.7704006126700986,1.3517312542205406,4.429366311036608,2.786276128015152,4.429366311036608,2.6589656983665093,"LINESTRING(100.71400816333815 6.972732160002358,100.7138272791697 6.972737898620022)",3.099883461853353,2.869041016702921,9210,0,5390,1071
1079,"1079,5/11/2024,LINESTRING(100.71387252391114 6.972735574788265,,,",5395,5400,5395,20241030RUN01,,,,,,,05/11/2024,1.7704006126700986,1.3517312542205406,4.429366311036608,2.786276128015152,4.429366311036608,2.6589656983665093,"LINESTRING(100.71400816333815 6.972732160002358,100.7138272791697 6.972737898620022)",3.099883461853353,3.159182541339903,9210,0,5395,1072
1080,"1080,5/11/2024,LINESTRING(100.71382733386534 6.972737858171571,,,",5400,5405,5400,20241030RUN01,,,,,,,05/11/2024,1.913935164514041,1.4229731206286544,3.159331100528373,2.7538013885116586,3.159331100528373,1.245395936014332,"LINESTRING(100.7138272791697 6.972737898620022,100.71364720742181 6.972755660764224)",2.536633132521207,2.3152881670517056,9210,0,5400,1073
1081,"1081,5/11/2024,LINESTRING(100.71378219131995 6.972740935054173,,,",5405,5410,5405,20241030RUN01,,,,,,,05/11/2024,1.913935164514041,1.4229731206286544,3.159331100528373,2.7538013885116586,3.159331100528373,1.245395936014332,"LINESTRING(100.7138272791697 6.972737898620022,100.71364720742181 6.972755660764224)",2.536633132521207,2.411039850863805,9210,0,5405,1074
1082,"1082,5/11/2024,LINESTRING(100.71373712397204 6.972744962944122,,,",5410,5415,5410,20241030RUN01,,,,,,,05/11/2024,1.913935164514041,1.4229731206286544,3.159331100528373,2.7538013885116586,3.159331100528373,1.245395936014332,"LINESTRING(100.7138272791697 6.972737898620022,100.71364720742181 6.972755660764224)",2.536633132521207,2.727730854000893,9210,0,5410,1075
1083,"1083,5/11/2024,LINESTRING(100.71369214820595 6.972749909849868,,,",5415,5420,5415,20241030RUN01,,,,,,,05/11/2024,1.913935164514041,1.4229731206286544,3.159331100528373,2.7538013885116586,3.159331100528373,1.245395936014332,"LINESTRING(100.7138272791697 6.972737898620022,100.71364720742181 6.972755660764224)",2.536633132521207,2.427103215600926,9210,0,5415,1076
1084,"1084,5/11/2024,LINESTRING(100.71364726295333 6.9727556198970335,,,",5420,5425,5420,20241030RUN01,,,,,,,05/11/2024,1.738129999982285,1.1078036932129895,2.857225292270868,2.251466781451101,2.857225292270868,1.119095292288583,"LINESTRING(100.71364720742181 6.972755660764224,100.7134689170584 6.972786549426)",2.2976776461265764,2.4187850392155186,9210,0,5420,1077
1085,"1085,5/11/2024,LINESTRING(100.71360247851311 6.972762071947734,,,",5425,5430,5425,20241030RUN01,,,,,,,05/11/2024,1.738129999982285,1.1078036932129895,2.857225292270868,2.251466781451101,2.857225292270868,1.119095292288583,"LINESTRING(100.71364720742181 6.972755660764224,100.7134689170584 6.972786549426)",2.2976776461265764,2.13474703872874,9210,0,5425,1078
1086,"1086,5/11/2024,LINESTRING(100.71355782353089 6.972769363723991,,,",5430,5435,5430,20241030RUN01,,,,,,,05/11/2024,1.738129999982285,1.1078036932129895,2.857225292270868,2.251466781451101,2.857225292270868,1.119095292288583,"LINESTRING(100.71364720742181 6.972755660764224,100.7134689170584 6.972786549426)",2.2976776461265764,2.2927427478179045,9210,0,5430,1079
1087,"1087,5/11/2024,LINESTRING(100.71351332573234 6.972777559407591,,,",5435,5440,5435,20241030RUN01,,,,,,,05/11/2024,1.738129999982285,1.1078036932129895,2.857225292270868,2.251466781451101,2.857225292270868,1.119095292288583,"LINESTRING(100.71364720742181 6.972755660764224,100.7134689170584 6.972786549426)",2.2976776461265764,2.511363627786939,9210,0,5435,1080
1088,"1088,5/11/2024,LINESTRING(100.71346897314355 6.972786508324621,,,",5440,5445,5440,20241030RUN01,,,,,,,05/11/2024,1.8651547725126305,1.33038000804421,2.7411613379663797,2.1872606527239693,2.7411613379663797,0.8760065654537488,"LINESTRING(100.7134689170584 6.972786549426,100.71329234643892 6.972826256464103)",2.3031580552395052,2.3829036333667277,9210,0,5440,1081
1089,"1089,5/11/2024,LINESTRING(100.71342472421418 6.972795956477218,,,",5445,5450,5445,20241030RUN01,,,,,,,05/11/2024,1.8651547725126305,1.33038000804421,2.7411613379663797,2.1872606527239693,2.7411613379663797,0.8760065654537488,"LINESTRING(100.7134689170584 6.972786549426,100.71329234643892 6.972826256464103)",2.3031580552395052,2.3547599801899874,9210,0,5445,1082
1090,"1090,5/11/2024,LINESTRING(100.71338054827189 6.972805740175836,,,",5450,5455,5450,20241030RUN01,,,,,,,05/11/2024,1.8651547725126305,1.33038000804421,2.7411613379663797,2.1872606527239693,2.7411613379663797,0.8760065654537488,"LINESTRING(100.7134689170584 6.972786549426,100.71329234643892 6.972826256464103)",2.3031580552395052,2.262914866981607,9210,0,5451,1083
1091,"1091,5/11/2024,LINESTRING(100.71333644086472 6.97281582749729,,,",5455,5460,5455,20241030RUN01,,,,,,,05/11/2024,1.8651547725126305,1.33038000804421,2.7411613379663797,2.1872606527239693,2.7411613379663797,0.8760065654537488,"LINESTRING(100.7134689170584 6.972786549426,100.71329234643892 6.972826256464103)",2.3031580552395052,2.142462934726371,9210,0,5456,1084
1092,"1092,5/11/2024,LINESTRING(100.71329240324383 6.972826214992521,,,",5460,5465,5460,20241030RUN01,,,,,,,05/11/2024,2.523892818051793,1.62929053072951,2.987068560774396,2.106989869918523,2.987068560774396,0.4631757427226026,"LINESTRING(100.71329234643892 6.972826256464103,100.71311626178829 6.972868070804682)",2.7554806894130945,2.64258270228848,9210,0,5461,1085
1093,"1093,5/11/2024,LINESTRING(100.7132484173558 6.972836819120607,,,",5465,5470,5465,20241030RUN01,,,,,,,05/11/2024,2.523892818051793,1.62929053072951,2.987068560774396,2.106989869918523,2.987068560774396,0.4631757427226026,"LINESTRING(100.71329234643892 6.972826256464103,100.71311626178829 6.972868070804682)",2.7554806894130945,2.7843681513396303,9210,0,5466,1086
1094,"1094,5/11/2024,LINESTRING(100.71320445974686 6.97284753956487,,,",5470,5475,5470,20241030RUN01,,,,,,,05/11/2024,2.523892818051793,1.62929053072951,2.987068560774396,2.106989869918523,2.987068560774396,0.4631757427226026,"LINESTRING(100.71329234643892 6.972826256464103,100.71311626178829 6.972868070804682)",2.7554806894130945,2.8317835796600903,9210,0,5471,1087
1095,"1095,5/11/2024,LINESTRING(100.71316045555159 6.9728580668193905,,,",5475,5480,5475,20241030RUN01,,,,,,,05/11/2024,2.523892818051793,1.62929053072951,2.987068560774396,2.106989869918523,2.987068560774396,0.4631757427226026,"LINESTRING(100.71329234643892 6.972826256464103,100.71311626178829 6.972868070804682)",2.7554806894130945,2.823454503229553,9210,0,5476,1088
1096,"1096,5/11/2024,LINESTRING(100.71311631995694 6.972868028495598,,,",5480,5485,5480,20241030RUN01,,,,,,,05/11/2024,2.19887677011015,1.898949102496247,2.254192226845615,1.6171390197507671,2.254192226845615,0.0553154567354647,"LINESTRING(100.71311626178829 6.972868070804682,100.71293898746042 6.972904537110736)",2.2265344984778825,2.17670846610231,9210,0,5481,1089
1097,"1097,5/11/2024,LINESTRING(100.7130720617583 6.972877432644551,,,",5485,5490,5485,20241030RUN01,,,,,,,05/11/2024,2.19887677011015,1.898949102496247,2.254192226845615,1.6171390197507671,2.254192226845615,0.0553154567354647,"LINESTRING(100.71311626178829 6.972868070804682,100.71293898746042 6.972904537110736)",2.2265344984778825,2.1267703824943838,9210,0,5486,1090
1098,"1098,5/11/2024,LINESTRING(100.7130277363527 6.9728865160975975,,,",5490,5495,5490,20241030RUN01,,,,,,,05/11/2024,2.19887677011015,1.898949102496247,2.254192226845615,1.6171390197507671,2.254192226845615,0.0553154567354647,"LINESTRING(100.71311626178829 6.972868070804682,100.71293898746042 6.972904537110736)",2.2265344984778825,2.323951911045643,9210,0,5491,1091
1099,"1099,5/11/2024,LINESTRING(100.71298338577712 6.972895476611197,,,",5495,5500,5495,20241030RUN01,,,,,,,05/11/2024,2.19887677011015,1.898949102496247,2.254192226845615,1.6171390197507671,2.254192226845615,0.0553154567354647,"LINESTRING(100.71311626178829 6.972868070804682,100.71293898746042 6.972904537110736)",2.2265344984778825,2.084392572767869,9210,0,5496,1092
1100,"1100,5/11/2024,LINESTRING(100.71293904676757 6.97290449414213,,,",5500,5505,5500,20241030RUN01,,,,,,,05/11/2024,4.4846170241098005,3.437641993356673,3.8512468214650153,3.349706884845441,4.4846170241098005,0.6333702026447852,"LINESTRING(100.71293898746042 6.972904537110736,100.71276192846068 6.9729420404442255)",4.167931922787408,4.32368829416898,9210,0,5501,1093
1101,"1101,5/11/2024,LINESTRING(100.71289475139163 6.972913722709717,,,",5505,5510,5505,20241030RUN01,,,,,,,05/11/2024,4.4846170241098005,3.437641993356673,3.8512468214650153,3.349706884845441,4.4846170241098005,0.6333702026447852,"LINESTRING(100.71293898746042 6.972904537110736,100.71276192846068 6.9729420404442255)",4.167931922787408,4.222749060684487,9210,0,5506,1094
1102,"1102,5/11/2024,LINESTRING(100.71285049719779 6.972923146587041,,,",5510,5515,5510,20241030RUN01,,,,,,,05/11/2024,4.4846170241098005,3.437641993356673,3.8512468214650153,3.349706884845441,4.4846170241098005,0.6333702026447852,"LINESTRING(100.71293898746042 6.972904537110736,100.71276192846068 6.9729420404442255)",4.167931922787408,3.8950509701370524,9210,0,5511,1095
1103,"1103,5/11/2024,LINESTRING(100.71280625527092 6.972932627084628,,,",5515,5520,5515,20241030RUN01,,,,,,,05/11/2024,4.4846170241098005,3.437641993356673,3.8512468214650153,3.349706884845441,4.4846170241098005,0.6333702026447852,"LINESTRING(100.71293898746042 6.972904537110736,100.71276192846068 6.9729420404442255)",4.167931922787408,4.28189802334926,9210,0,5516,1096
1104,"1104,5/11/2024,LINESTRING(100.71276198965384 6.972941996282975,,,",5520,5525,5520,20241030RUN01,,,,,,,05/11/2024,-1.0,-1.0,16.41439578119114,20.01438671965609,16.41439578119114,17.41439578119114,"LINESTRING(100.71276192846068 6.9729420404442255,100.7125878753495 6.972929946031213)",7.70719789059557,7.851861447851205,9210,0,5521,1097
1105,"1105,5/11/2024,LINESTRING(100.71271754232836 6.972950444440065,,,",5525,5530,5525,20241030RUN01,,,,,,,05/11/2024,-1.0,-1.0,16.41439578119114,20.01438671965609,16.41439578119114,17.41439578119114,"LINESTRING(100.71276192846068 6.9729420404442255,100.7125878753495 6.972929946031213)",7.70719789059557,7.1579405949108175,9210,0,5526,1098
1106,"1106,5/11/2024,LINESTRING(100.712672538067 6.972954725249302,,,",5530,5535,5530,20241030RUN01,,,,,,,05/11/2024,-1.0,-1.0,16.41439578119114,20.01438671965609,16.41439578119114,17.41439578119114,"LINESTRING(100.71276192846068 6.9729420404442255,100.7125878753495 6.972929946031213)",7.70719789059557,7.317563131738424,9210,0,5531,1099
1107,"1107,5/11/2024,LINESTRING(nan nan,,,",5535,5540,5535,20241030RUN01,,,,,,,05/11/2024,-1.0,-1.0,16.41439578119114,20.01438671965609,16.41439578119114,17.41439578119114,"LINESTRING(100.71276192846068 6.9729420404442255,100.7125878753495 6.972929946031213)",7.70719789059557,8.372666798733526,9210,0,5536,1100
1108,"1108,5/11/2024,LINESTRING(100.71258793596868 6.972929902527558,,,",5540,5545,5540,20241030RUN01,,,,,,,05/11/2024,3.234009512001065,2.510957563327221,6.264460066554264,4.190720690103008,6.264460066554264,3.030450554553199,"LINESTRING(100.7125878753495 6.972929946031213,100.71251035230898 6.972768602320651)",4.749234789277665,4.406131636936791,9210,0,5541,1101
1109,"1109,5/11/2024,LINESTRING(100.71255999100924 6.972894550153484,,,",5545,5550,5545,20241030RUN01,,,,,,,05/11/2024,3.234009512001065,2.510957563327221,6.264460066554264,4.190720690103008,6.264460066554264,3.030450554553199,"LINESTRING(100.7125878753495 6.972929946031213,100.71251035230898 6.972768602320651)",4.749234789277665,4.789339276847237,9210,0,5546,1102
1110,"1110,5/11/2024,LINESTRING(100.71254029993995 6.972853889850491,,,",5550,5555,5550,20241030RUN01,,,,,,,05/11/2024,3.234009512001065,2.510957563327221,6.264460066554264,4.190720690103008,6.264460066554264,3.030450554553199,"LINESTRING(100.7125878753495 6.972929946031213,100.71251035230898 6.972768602320651)",4.749234789277665,4.731552035376629,9210,0,5551,1103
1111,"1111,5/11/2024,LINESTRING(100.71252467165694 6.972811466957381,,,",5555,5560,5555,20241030RUN01,,,,,,,05/11/2024,3.234009512001065,2.510957563327221,6.264460066554264,4.190720690103008,6.264460066554264,3.030450554553199,"LINESTRING(100.7125878753495 6.972929946031213,100.71251035230898 6.972768602320651)",4.749234789277665,4.941827624959643,9210,0,5556,1104
1112,"1112,5/11/2024,LINESTRING(100.71251041350074 6.972768558802011,,,",5560,5565,5560,20241030RUN01,,,,,,,05/11/2024,1.9657439493640407,1.5668508090687958,2.4717734874497115,1.7605769930932555,2.4717734874497115,0.5060295380856707,"LINESTRING(100.71251035230898 6.972768602320651,100.71245459433193 6.9725965509808265)",2.218758718406876,2.376885266292988,9210,0,5561,1105
1113,"1113,5/11/2024,LINESTRING(100.71249637403947 6.972725578390504,,,",5565,5570,5565,20241030RUN01,,,,,,,05/11/2024,1.9657439493640407,1.5668508090687958,2.4717734874497115,1.7605769930932555,2.4717734874497115,0.5060295380856707,"LINESTRING(100.71251035230898 6.972768602320651,100.71245459433193 6.9725965509808265)",2.218758718406876,2.1121174118284514,9210,0,5566,1106
1114,"1114,5/11/2024,LINESTRING(100.71248234665245 6.9726825940643495,,,",5570,5575,5570,20241030RUN01,,,,,,,05/11/2024,1.9657439493640407,1.5668508090687958,2.4717734874497115,1.7605769930932555,2.4717734874497115,0.5060295380856707,"LINESTRING(100.71251035230898 6.972768602320651,100.71245459433193 6.9725965509808265)",2.218758718406876,2.160394228752755,9210,0,5571,1107
1115,"1115,5/11/2024,LINESTRING(100.71246842455557 6.972639575603724,,,",5575,5580,5575,20241030RUN01,,,,,,,05/11/2024,1.9657439493640407,1.5668508090687958,2.4717734874497115,1.7605769930932555,2.4717734874497115,0.5060295380856707,"LINESTRING(100.71251035230898 6.972768602320651,100.71245459433193 6.9725965509808265)",2.218758718406876,2.21306508600948,9210,0,5576,1108
1116,"1116,5/11/2024,LINESTRING(100.71245465516395 6.972596508096784,,,",5580,5585,5580,20241030RUN01,,,,,,,05/11/2024,2.3981054610884103,1.600180744358722,3.0078715999025567,2.013962827928947,3.0078715999025567,0.6097661388141464,"LINESTRING(100.71245459433193 6.9725965509808265,100.71239783742395 6.972424830427487)",2.7029885304954835,2.4796316916739434,9210,0,5581,1109
1117,"1117,5/11/2024,LINESTRING(100.71244087529784 6.972553443916792,,,",5585,5590,5585,20241030RUN01,,,,,,,05/11/2024,2.3981054610884103,1.600180744358722,3.0078715999025567,2.013962827928947,3.0078715999025567,0.6097661388141464,"LINESTRING(100.71245459433193 6.9725965509808265,100.71239783742395 6.972424830427487)",2.7029885304954835,2.9424455431582794,9210,0,5586,1110
1118,"1118,5/11/2024,LINESTRING(100.71242683460137 6.9725104640370414,,,",5590,5595,5590,20241030RUN01,,,,,,,05/11/2024,2.3981054610884103,1.600180744358722,3.0078715999025567,2.013962827928947,3.0078715999025567,0.6097661388141464,"LINESTRING(100.71245459433193 6.9725965509808265,100.71239783742395 6.972424830427487)",2.7029885304954835,2.8681130824671475,9210,0,5591,1111
1119,"1119,5/11/2024,LINESTRING(100.71241247592539 6.972467589141444,,,",5595,5600,5595,20241030RUN01,,,,,,,05/11/2024,2.3981054610884103,1.600180744358722,3.0078715999025567,2.013962827928947,3.0078715999025567,0.6097661388141464,"LINESTRING(100.71245459433193 6.9725965509808265,100.71239783742395 6.972424830427487)",2.7029885304954835,2.4501367000062917,9210,0,5596,1112
1120,"1120,5/11/2024,LINESTRING(100.712397897929 6.972424788150966,,,",5600,5605,5600,20241030RUN01,,,,,,,05/11/2024,2.2644294737885144,1.6717581441579497,2.514487955899319,1.6247740820777636,2.514487955899319,0.2500584821108047,"LINESTRING(100.71239783742395 6.972424830427487,100.71233780561356 6.972254221552717)",2.389458714843917,2.4874646731303343,9210,0,5601,1113
1121,"1121,5/11/2024,LINESTRING(100.71238311556952 6.97238205720975,,,",5605,5610,5605,20241030RUN01,,,,,,,05/11/2024,2.2644294737885144,1.6717581441579497,2.514487955899319,1.6247740820777636,2.514487955899319,0.2500584821108047,"LINESTRING(100.71239783742395 6.972424830427487,100.71233780561356 6.972254221552717)",2.389458714843917,2.264732245486211,9210,0,5607,1114
1122,"1122,5/11/2024,LINESTRING(100.7123681345458 6.972339395388477,,,",5610,5615,5610,20241030RUN01,,,,,,,05/11/2024,2.2644294737885144,1.6717581441579497,2.514487955899319,1.6247740820777636,2.514487955899319,0.2500584821108047,"LINESTRING(100.71239783742395 6.972424830427487,100.71233780561356 6.972254221552717)",2.389458714843917,2.32207157805359,9210,0,5612,1115
1123,"1123,5/11/2024,LINESTRING(100.71235303241407 6.972296776190952,,,",5615,5620,5615,20241030RUN01,,,,,,,05/11/2024,2.2644294737885144,1.6717581441579497,2.514487955899319,1.6247740820777636,2.514487955899319,0.2500584821108047,"LINESTRING(100.71239783742395 6.972424830427487,100.71233780561356 6.972254221552717)",2.389458714843917,2.404576402582366,9210,0,5617,1116
1124,"1124,5/11/2024,LINESTRING(100.71233786582876 6.972254179854249,,,",5620,5625,5620,20241030RUN01,,,,,,,05/11/2024,2.446463431432248,1.8488389356755683,3.19724877164019,2.246620987621257,3.19724877164019,0.7507853402079419,"LINESTRING(100.71233780561356 6.972254221552717,100.71227626973543 6.972084148474477)",2.821856101536219,2.7755298048205406,9210,0,5622,1117
1125,"1125,5/11/2024,LINESTRING(100.7123226292391 6.972211608455197,,,",5625,5630,5625,20241030RUN01,,,,,,,05/11/2024,2.446463431432248,1.8488389356755683,3.19724877164019,2.246620987621257,3.19724877164019,0.7507853402079419,"LINESTRING(100.71233780561356 6.972254221552717,100.71227626973543 6.972084148474477)",2.821856101536219,2.6354803010964822,9210,0,5627,1118
1126,"1126,5/11/2024,LINESTRING(100.7123073438193 6.972169054574021,,,",5630,5635,5630,20241030RUN01,,,,,,,05/11/2024,2.446463431432248,1.8488389356755683,3.19724877164019,2.246620987621257,3.19724877164019,0.7507853402079419,"LINESTRING(100.71233780561356 6.972254221552717,100.71227626973543 6.972084148474477)",2.821856101536219,3.081650096070381,9210,0,5632,1119
1127,"1127,5/11/2024,LINESTRING(100.71229194733662 6.972126540713588,,,",5635,5640,5635,20241030RUN01,,,,,,,05/11/2024,2.446463431432248,1.8488389356755683,3.19724877164019,2.246620987621257,3.19724877164019,0.7507853402079419,"LINESTRING(100.71233780561356 6.972254221552717,100.71227626973543 6.972084148474477)",2.821856101536219,2.953303477212285,9210,0,5637,1120
1128,"1128,5/11/2024,LINESTRING(100.71227632921313 6.972084107654982,,,",5640,5645,5640,20241030RUN01,,,,,,,05/11/2024,2.7244839041040243,1.9314990594133956,4.186591984616037,2.4442719228578413,4.186591984616037,1.4621080805120124,"LINESTRING(100.71227626973543 6.972084148474477,100.71221086257488 6.971915536529647)",3.4555379443600307,3.2802265455667934,9210,0,5642,1121
1129,"1129,5/11/2024,LINESTRING(100.71226050659723 6.972041750262959,,,",5645,5650,5645,20241030RUN01,,,,,,,05/11/2024,2.7244839041040243,1.9314990594133956,4.186591984616037,2.4442719228578413,4.186591984616037,1.4621080805120124,"LINESTRING(100.71227626973543 6.972084148474477,100.71221086257488 6.971915536529647)",3.4555379443600307,3.5836721641493923,9210,0,5647,1122
1130,"1130,5/11/2024,LINESTRING(100.71224446562456 6.97199947501389,,,",5650,5655,5650,20241030RUN01,,,,,,,05/11/2024,2.7244839041040243,1.9314990594133956,4.186591984616037,2.4442719228578413,4.186591984616037,1.4621080805120124,"LINESTRING(100.71227626973543 6.972084148474477,100.71221086257488 6.971915536529647)",3.4555379443600307,3.188409457311494,9210,0,5652,1123
1131,"1131,5/11/2024,LINESTRING(100.7122280085519 6.971957360014007,,,",5655,5660,5655,20241030RUN01,,,,,,,05/11/2024,2.7244839041040243,1.9314990594133956,4.186591984616037,2.4442719228578413,4.186591984616037,1.4621080805120124,"LINESTRING(100.71227626973543 6.972084148474477,100.71221086257488 6.971915536529647)",3.4555379443600307,3.751839139439997,9210,0,5657,1124
1132,"1132,5/11/2024,LINESTRING(100.7122109216916 6.971915496326015,,,",5660,5665,5660,20241030RUN01,,,,,,,05/11/2024,2.702566270067819,1.89827542346602,2.418036106615455,1.7828689643394429,2.702566270067819,0.2845301634523638,"LINESTRING(100.71221086257488 6.971915536529647,100.71213651163681 6.971750681039065)",2.560301188341637,2.7338609816105093,9210,0,5662,1125
1133,"1133,5/11/2024,LINESTRING(100.71219319792694 6.9718738977311645,,,",5665,5670,5665,20241030RUN01,,,,,,,05/11/2024,2.702566270067819,1.89827542346602,2.418036106615455,1.7828689643394429,2.702566270067819,0.2845301634523638,"LINESTRING(100.71221086257488 6.971915536529647,100.71213651163681 6.971750681039065)",2.560301188341637,2.5287904662191485,9210,0,5667,1126
1134,"1134,5/11/2024,LINESTRING(100.7121749331177 6.971832533383628,,,",5670,5675,5670,20241030RUN01,,,,,,,05/11/2024,2.702566270067819,1.89827542346602,2.418036106615455,1.7828689643394429,2.702566270067819,0.2845301634523638,"LINESTRING(100.71221086257488 6.971915536529647,100.71213651163681 6.971750681039065)",2.560301188341637,2.6770499306265174,9210,0,5672,1127
1135,"1135,5/11/2024,LINESTRING(100.7121561003984 6.97179142419446,,,",5675,5680,5675,20241030RUN01,,,,,,,05/11/2024,2.702566270067819,1.89827542346602,2.418036106615455,1.7828689643394429,2.702566270067819,0.2845301634523638,"LINESTRING(100.71221086257488 6.971915536529647,100.71213651163681 6.971750681039065)",2.560301188341637,2.463304238230687,9210,0,5677,1128
1136,"1136,5/11/2024,LINESTRING(100.7121365707058 6.97175064123981,,,",5680,5685,5680,20241030RUN01,,,,,,,05/11/2024,2.5337525380165027,2.1580442302323566,3.1457177077049496,2.677560824194477,3.1457177077049496,0.6119651696884469,"LINESTRING(100.71213651163681 6.971750681039065,100.71204950660837 6.971592180489712)",2.839735122860726,2.777837820392254,9210,0,5682,1129
1137,"1137,5/11/2024,LINESTRING(100.71211623611305 6.971710253104171,,,",5685,5690,5685,20241030RUN01,,,,,,,05/11/2024,2.5337525380165027,2.1580442302323566,3.1457177077049496,2.677560824194477,3.1457177077049496,0.6119651696884469,"LINESTRING(100.71213651163681 6.971750681039065,100.71204950660837 6.971592180489712)",2.839735122860726,2.882946245040237,9210,0,5687,1130
1138,"1138,5/11/2024,LINESTRING(100.71209500311598 6.97167032953146,,,",5690,5695,5690,20241030RUN01,,,,,,,05/11/2024,2.5337525380165027,2.1580442302323566,3.1457177077049496,2.677560824194477,3.1457177077049496,0.6119651696884469,"LINESTRING(100.71213651163681 6.971750681039065,100.71204950660837 6.971592180489712)",2.839735122860726,2.569164901091273,9210,0,5692,1131
1139,"1139,5/11/2024,LINESTRING(100.71207277950802 6.9716309481056635,,,",5695,5700,5695,20241030RUN01,,,,,,,05/11/2024,2.5337525380165027,2.1580442302323566,3.1457177077049496,2.677560824194477,3.1457177077049496,0.6119651696884469,"LINESTRING(100.71213651163681 6.971750681039065,100.71204950660837 6.971592180489712)",2.839735122860726,2.8655384384085503,9210,0,5697,1132
1140,"1140,5/11/2024,LINESTRING(100.71204956563605 6.9715921410922315,,,",5700,5705,5700,20241030RUN01,,,,,,,05/11/2024,2.6741186713801053,1.7711615553572686,2.7641451003271094,2.0742377253498425,2.7641451003271094,0.090026428947004,"LINESTRING(100.71204950660837 6.971592180489712,100.71194761983638 6.971442795980279)",2.7191318858536073,2.786059701744748,9210,0,5702,1133
1141,"1141,5/11/2024,LINESTRING(100.71202544479031 6.97155389016747,,,",5705,5710,5705,20241030RUN01,,,,,,,05/11/2024,2.6741186713801053,1.7711615553572686,2.7641451003271094,2.0742377253498425,2.7641451003271094,0.090026428947004,"LINESTRING(100.71204950660837 6.971592180489712,100.71194761983638 6.971442795980279)",2.7191318858536073,2.6589870691617934,9210,0,5707,1134
1142,"1142,5/11/2024,LINESTRING(100.71200043851603 6.971516211250728,,,",5710,5715,5710,20241030RUN01,,,,,,,05/11/2024,2.6741186713801053,1.7711615553572686,2.7641451003271094,2.0742377253498425,2.7641451003271094,0.090026428947004,"LINESTRING(100.71204950660837 6.971592180489712,100.71194761983638 6.971442795980279)",2.7191318858536073,2.955606488645375,9210,0,5712,1135
1143,"1143,5/11/2024,LINESTRING(100.71197452657505 6.97147914851205,,,",5715,5720,5715,20241030RUN01,,,,,,,05/11/2024,2.6741186713801053,1.7711615553572686,2.7641451003271094,2.0742377253498425,2.7641451003271094,0.090026428947004,"LINESTRING(100.71204950660837 6.971592180489712,100.71194761983638 6.971442795980279)",2.7191318858536073,2.680625404911222,9210,0,5717,1136
1144,"1144,5/11/2024,LINESTRING(100.71194767841186 6.971442757253187,,,",5720,5725,5720,20241030RUN01,,,,,,,05/11/2024,2.855483929975991,2.540039933599545,4.823123963244322,3.406739043991664,4.823123963244322,1.9676400332683317,"LINESTRING(100.71194761983638 6.971442795980279,100.71183054551597 6.9713050203935945)",3.8393039466101566,3.8382760371607083,9210,0,5722,1137
1145,"1145,5/11/2024,LINESTRING(100.71191990305591 6.9714070674372355,,,",5725,5730,5725,20241030RUN01,,,,,,,05/11/2024,2.855483929975991,2.540039933599545,4.823123963244322,3.406739043991664,4.823123963244322,1.9676400332683317,"LINESTRING(100.71194761983638 6.971442795980279,100.71183054551597 6.9713050203935945)",3.8393039466101566,3.811616910228917,9210,0,5727,1138
1146,"1146,5/11/2024,LINESTRING(100.71189120383383 6.971372115254694,,,",5730,5735,5730,20241030RUN01,,,,,,,05/11/2024,2.855483929975991,2.540039933599545,4.823123963244322,3.406739043991664,4.823123963244322,1.9676400332683317,"LINESTRING(100.71194761983638 6.971442795980279,100.71183054551597 6.9713050203935945)",3.8393039466101566,3.482503919390373,9210,0,5732,1139
1147,"1147,5/11/2024,LINESTRING(100.71186147179262 6.971338036675167,,,",5735,5740,5735,20241030RUN01,,,,,,,05/11/2024,2.855483929975991,2.540039933599545,4.823123963244322,3.406739043991664,4.823123963244322,1.9676400332683317,"LINESTRING(100.71194761983638 6.971442795980279,100.71183054551597 6.9713050203935945)",3.8393039466101566,3.970393113929133,9210,0,5737,1140
1148,"1148,5/11/2024,LINESTRING(100.7118306034721 6.971304982434733,,,",5740,5745,5740,20241030RUN01,,,,,,,05/11/2024,2.9750742205414182,1.8958448601363835,3.200107607391326,2.6219614818258328,3.200107607391326,0.2250333868499079,"LINESTRING(100.71183054551597 6.9713050203935945,100.71169672723822 6.971183443888709)",3.0875909139663724,3.0018498306430126,9210,0,5742,1141
1149,"1149,5/11/2024,LINESTRING(100.71179863796267 6.9712729860329805,,,",5745,5750,5745,20241030RUN01,,,,,,,05/11/2024,2.9750742205414182,1.8958448601363835,3.200107607391326,2.6219614818258328,3.200107607391326,0.2250333868499079,"LINESTRING(100.71183054551597 6.9713050203935945,100.71169672723822 6.971183443888709)",3.0875909139663724,2.9956080260298488,9210,0,5747,1142
1150,"1150,5/11/2024,LINESTRING(100.71176566695944 6.971242024798502,,,",5750,5755,5750,20241030RUN01,,,,,,,05/11/2024,2.9750742205414182,1.8958448601363835,3.200107607391326,2.6219614818258328,3.200107607391326,0.2250333868499079,"LINESTRING(100.71183054551597 6.9713050203935945,100.71169672723822 6.971183443888709)",3.0875909139663724,3.3926543037820367,9210,0,5752,1143
1151,"1151,5/11/2024,LINESTRING(100.71173172842461 6.971212125927131,,,",5755,5760,5755,20241030RUN01,,,,,,,05/11/2024,2.9750742205414182,1.8958448601363835,3.200107607391326,2.6219614818258328,3.200107607391326,0.2250333868499079,"LINESTRING(100.71183054551597 6.9713050203935945,100.71169672723822 6.971183443888709)",3.0875909139663724,2.996318254630132,9210,0,5758,1144
1152,"1152,5/11/2024,LINESTRING(100.71169678525497 6.971183406241296,,,",5760,5765,5760,20241030RUN01,,,,,,,05/11/2024,1.9361492400821687,1.7330883584425154,3.497277533157828,2.345466739086141,3.497277533157828,1.561128293075659,"LINESTRING(100.71169672723822 6.971183443888709,100.71154877212716 6.971079421081846)",2.7167133866199986,2.616688873034502,9210,0,5763,1145
1153,"1153,5/11/2024,LINESTRING(100.71166088675022 6.97115588747702,,,",5765,5770,5765,20241030RUN01,,,,,,,05/11/2024,1.9361492400821687,1.7330883584425154,3.497277533157828,2.345466739086141,3.497277533157828,1.561128293075659,"LINESTRING(100.71169672723822 6.971183443888709,100.71154877212716 6.971079421081846)",2.7167133866199986,2.800627097097951,9210,0,5768,1146
1154,"1154,5/11/2024,LINESTRING(100.71162416342281 6.971129476938159,,,",5770,5775,5770,20241030RUN01,,,,,,,05/11/2024,1.9361492400821687,1.7330883584425154,3.497277533157828,2.345466739086141,3.497277533157828,1.561128293075659,"LINESTRING(100.71169672723822 6.971183443888709,100.71154877212716 6.971079421081846)",2.7167133866199986,2.805531366679865,9210,0,5773,1147
1155,"1155,5/11/2024,LINESTRING(100.71158675663666 6.971104041128436,,,",5775,5780,5775,20241030RUN01,,,,,,,05/11/2024,1.9361492400821687,1.7330883584425154,3.497277533157828,2.345466739086141,3.497277533157828,1.561128293075659,"LINESTRING(100.71169672723822 6.971183443888709,100.71154877212716 6.971079421081846)",2.7167133866199986,2.851076663125264,9210,0,5778,1148
1156,"1156,5/11/2024,LINESTRING(100.71154883115702 6.971079383121895,,,",5780,5785,5780,20241030RUN01,,,,,,,05/11/2024,1.845287196401886,1.314412436091491,2.78998071244867,2.206968168525973,2.78998071244867,0.9446935160467846,"LINESTRING(100.71154877212716 6.971079421081846,100.71139512697052 6.970983837841671)",2.317633954425278,2.407904844086749,9210,0,5783,1149
1157,"1157,5/11/2024,LINESTRING(100.711510569627 6.971055248183323,,,",5785,5790,5785,20241030RUN01,,,,,,,05/11/2024,1.845287196401886,1.314412436091491,2.78998071244867,2.206968168525973,2.78998071244867,0.9446935160467846,"LINESTRING(100.71154877212716 6.971079421081846,100.71139512697052 6.970983837841671)",2.317633954425278,2.3311113357767637,9210,0,5788,1150
1158,"1158,5/11/2024,LINESTRING(100.71147215216484 6.971031361488978,,,",5790,5795,5790,20241030RUN01,,,,,,,05/11/2024,1.845287196401886,1.314412436091491,2.78998071244867,2.206968168525973,2.78998071244867,0.9446935160467846,"LINESTRING(100.71154877212716 6.971079421081846,100.71139512697052 6.970983837841671)",2.317633954425278,2.230753493120844,9210,0,5793,1151
1159,"1159,5/11/2024,LINESTRING(100.71143367628729 6.971007568869365,,,",5795,5800,5795,20241030RUN01,,,,,,,05/11/2024,1.845287196401886,1.314412436091491,2.78998071244867,2.206968168525973,2.78998071244867,0.9446935160467846,"LINESTRING(100.71154877212716 6.971079421081846,100.71139512697052 6.970983837841671)",2.317633954425278,2.3738671359941055,9210,0,5798,1152
1160,"1160,5/11/2024,LINESTRING(100.7113951853592 6.970983800615104,,,",5800,5805,5800,20241030RUN01,,,,,,,05/11/2024,3.7959798708247865,2.4133432214321937,3.66973488806973,2.8080148481868834,3.7959798708247865,0.1262449827550567,"LINESTRING(100.71139512697052 6.970983837841671,100.71124129310954 6.970888554887941)",3.732857379447258,3.5668030384726985,9210,0,5803,1153
1161,"1161,5/11/2024,LINESTRING(100.7113567232772 6.970959985738737,,,",5805,5810,5805,20241030RUN01,,,,,,,05/11/2024,3.7959798708247865,2.4133432214321937,3.66973488806973,2.8080148481868834,3.7959798708247865,0.1262449827550567,"LINESTRING(100.71139512697052 6.970983837841671,100.71124129310954 6.970888554887941)",3.732857379447258,3.606857261486305,9210,0,5808,1154
1162,"1162,5/11/2024,LINESTRING(100.71131828103624 6.970936139022106,,,",5810,5815,5810,20241030RUN01,,,,,,,05/11/2024,3.7959798708247865,2.4133432214321937,3.66973488806973,2.8080148481868834,3.7959798708247865,0.1262449827550567,"LINESTRING(100.71139512697052 6.970983837841671,100.71124129310954 6.970888554887941)",3.732857379447258,3.9985774055817607,9210,0,5813,1155
1163,"1163,5/11/2024,LINESTRING(100.71127981988553 6.970912322828823,,,",5815,5820,5815,20241030RUN01,,,,,,,05/11/2024,3.7959798708247865,2.4133432214321937,3.66973488806973,2.8080148481868834,3.7959798708247865,0.1262449827550567,"LINESTRING(100.71139512697052 6.970983837841671,100.71124129310954 6.970888554887941)",3.732857379447258,3.695838300794919,9210,0,5818,1156
1164,"1164,5/11/2024,LINESTRING(100.7112413516775 6.970888517869962,,,",5820,5825,5820,20241030RUN01,,,,,,,05/11/2024,4.18662846770745,2.8392337576499536,3.926183867793656,3.1891279146785623,4.18662846770745,0.2604445999137943,"LINESTRING(100.71124129310954 6.970888554887941,100.7110876484873 6.9707929678139475)",4.056406167750553,4.326964030764491,9210,0,5823,1157
1165,"1165,5/11/2024,LINESTRING(100.71120290508158 6.970864678012566,,,",5825,5830,5825,20241030RUN01,,,,,,,05/11/2024,4.18662846770745,2.8392337576499536,3.926183867793656,3.1891279146785623,4.18662846770745,0.2604445999137943,"LINESTRING(100.71124129310954 6.970888554887941,100.7110876484873 6.9707929678139475)",4.056406167750553,4.302436212327587,9210,0,5828,1158
1166,"1166,5/11/2024,LINESTRING(100.71116450360608 6.970840765667659,,,",5830,5835,5830,20241030RUN01,,,,,,,05/11/2024,4.18662846770745,2.8392337576499536,3.926183867793656,3.1891279146785623,4.18662846770745,0.2604445999137943,"LINESTRING(100.71124129310954 6.970888554887941,100.7110876484873 6.9707929678139475)",4.056406167750553,3.959819659635006,9210,0,5833,1159
1167,"1167,5/11/2024,LINESTRING(100.71112611125443 6.970816838973225,,,",5835,5840,5835,20241030RUN01,,,,,,,05/11/2024,4.18662846770745,2.8392337576499536,3.926183867793656,3.1891279146785623,4.18662846770745,0.2604445999137943,"LINESTRING(100.71124129310954 6.970888554887941,100.7110876484873 6.9707929678139475)",4.056406167750553,3.92796018351308,9210,0,5838,1160
1168,"1168,5/11/2024,LINESTRING(100.71108770723714 6.970792931003134,,,",5840,5845,5840,20241030RUN01,,,,,,,05/11/2024,3.3489872211500438,2.822962023404845,3.597527231983786,2.5784832789314303,3.597527231983786,0.2485400108337425,"LINESTRING(100.7110876484873 6.9707929678139475,100.71093470862951 6.970696260955345)",3.473257226566915,3.7803440408657463,9210,0,5843,1161
1169,"1169,5/11/2024,LINESTRING(100.71104935602024 6.970768938479302,,,",5845,5850,5845,20241030RUN01,,,,,,,05/11/2024,3.3489872211500438,2.822962023404845,3.597527231983786,2.5784832789314303,3.597527231983786,0.2485400108337425,"LINESTRING(100.7110876484873 6.9707929678139475,100.71093470862951 6.970696260955345)",3.473257226566915,3.388911244294156,9210,0,5848,1162
1170,"1170,5/11/2024,LINESTRING(100.71101108542305 6.970744817712664,,,",5850,5855,5850,20241030RUN01,,,,,,,05/11/2024,3.3489872211500438,2.822962023404845,3.597527231983786,2.5784832789314303,3.597527231983786,0.2485400108337425,"LINESTRING(100.7110876484873 6.9707929678139475,100.71093470862951 6.970696260955345)",3.473257226566915,3.40830069086189,9210,0,5853,1163
1171,"1171,5/11/2024,LINESTRING(100.71097288899563 6.970720579897712,,,",5855,5860,5855,20241030RUN01,,,,,,,05/11/2024,3.3489872211500438,2.822962023404845,3.597527231983786,2.5784832789314303,3.597527231983786,0.2485400108337425,"LINESTRING(100.7110876484873 6.9707929678139475,100.71093470862951 6.970696260955345)",3.473257226566915,3.399588688839931,9210,0,5858,1164
1172,"1172,5/11/2024,LINESTRING(100.71093476764587 6.97069622429947,,,",5860,5865,5860,20241030RUN01,,,,,,,05/11/2024,6.027135106311062,6.076283642104648,4.994473583903609,4.727457307984874,6.027135106311062,1.0326615224074525,"LINESTRING(100.71093470862951 6.970696260955345,100.71078257458312 6.970598291588128)",5.510804345107335,5.38102398292746,9210,0,5863,1165
1173,"1173,5/11/2024,LINESTRING(100.71089669478286 6.970671793064986,,,",5865,5870,5865,20241030RUN01,,,,,,,05/11/2024,6.027135106311062,6.076283642104648,4.994473583903609,4.727457307984874,6.027135106311062,1.0326615224074525,"LINESTRING(100.71093470862951 6.970696260955345,100.71078257458312 6.970598291588128)",5.510804345107335,5.316102484635665,9210,0,5868,1166
1174,"1174,5/11/2024,LINESTRING(100.71085867038582 6.970647286498087,,,",5870,5875,5870,20241030RUN01,,,,,,,05/11/2024,6.027135106311062,6.076283642104648,4.994473583903609,4.727457307984874,6.027135106311062,1.0326615224074525,"LINESTRING(100.71093470862951 6.970696260955345,100.71078257458312 6.970598291588128)",5.510804345107335,5.495390365797908,9210,0,5873,1167
1175,"1175,5/11/2024,LINESTRING(100.71082066544896 6.970622749959456,,,",5875,5880,5875,20241030RUN01,,,,,,,05/11/2024,6.027135106311062,6.076283642104648,4.994473583903609,4.727457307984874,6.027135106311062,1.0326615224074525,"LINESTRING(100.71093470862951 6.970696260955345,100.71078257458312 6.970598291588128)",5.510804345107335,5.563960238789059,9210,0,5878,1168
1176,"1176,5/11/2024,LINESTRING(100.71078263337576 6.970598255387773,,,",5880,5885,5880,20241030RUN01,,,,,,,05/11/2024,4.65227991885123,4.053493661414196,3.73557983555048,3.23417650935763,4.65227991885123,0.9167000833007496,"LINESTRING(100.71078257458312 6.970598291588128,100.71063014894905 6.9705007757714155)",4.193929877200855,4.337046869175653,9210,0,5883,1169
1177,"1177,5/11/2024,LINESTRING(100.7107445717012 6.970573806733718,,,",5885,5890,5885,20241030RUN01,,,,,,,05/11/2024,4.65227991885123,4.053493661414196,3.73557983555048,3.23417650935763,4.65227991885123,0.9167000833007496,"LINESTRING(100.71078257458312 6.970598291588128,100.71063014894905 6.9705007757714155)",4.193929877200855,4.366648922279831,9210,0,5888,1170
1178,"1178,5/11/2024,LINESTRING(100.71070648431818 6.970549398168481,,,",5890,5895,5890,20241030RUN01,,,,,,,05/11/2024,4.65227991885123,4.053493661414196,3.73557983555048,3.23417650935763,4.65227991885123,0.9167000833007496,"LINESTRING(100.71078257458312 6.970598291588128,100.71063014894905 6.9705007757714155)",4.193929877200855,4.016334413608663,9210,0,5893,1171
1179,"1179,5/11/2024,LINESTRING(100.7106683592881 6.970525048421538,,,",5895,5900,5895,20241030RUN01,,,,,,,05/11/2024,4.65227991885123,4.053493661414196,3.73557983555048,3.23417650935763,4.65227991885123,0.9167000833007496,"LINESTRING(100.71078257458312 6.970598291588128,100.71063014894905 6.9705007757714155)",4.193929877200855,4.081713038846069,9210,0,5898,1172
1180,"1180,5/11/2024,LINESTRING(100.71063020797966 6.970500739741748,,,",5900,5905,5900,20241030RUN01,,,,,,,05/11/2024,2.658207950423173,2.0617512144163905,2.474908363362095,1.8631707762736625,2.658207950423173,0.1832995870610783,"LINESTRING(100.71063014894905 6.9705007757714155,100.71047793928538 6.97040292399141)",2.566558156892634,2.7533075251917074,9210,0,5903,1173
1181,"1181,5/11/2024,LINESTRING(100.7105920871125 6.970476383407448,,,",5905,5910,5905,20241030RUN01,,,,,,,05/11/2024,2.658207950423173,2.0617512144163905,2.474908363362095,1.8631707762736625,2.658207950423173,0.1832995870610783,"LINESTRING(100.71063014894905 6.9705007757714155,100.71047793928538 6.97040292399141)",2.566558156892634,2.8226022598717653,9210,0,5908,1174
1182,"1182,5/11/2024,LINESTRING(100.7105540254305 6.970451934809706,,,",5910,5915,5910,20241030RUN01,,,,,,,05/11/2024,2.658207950423173,2.0617512144163905,2.474908363362095,1.8631707762736625,2.658207950423173,0.1832995870610783,"LINESTRING(100.71063014894905 6.9705007757714155,100.71047793928538 6.97040292399141)",2.566558156892634,2.429953888868732,9210,0,5914,1175
1183,"1183,5/11/2024,LINESTRING(100.71051600658141 6.970427419810212,,,",5915,5920,5915,20241030RUN01,,,,,,,05/11/2024,2.658207950423173,2.0617512144163905,2.474908363362095,1.8631707762736625,2.658207950423173,0.1832995870610783,"LINESTRING(100.71063014894905 6.9705007757714155,100.71047793928538 6.97040292399141)",2.566558156892634,2.500694004942453,9210,0,5919,1176
1184,"1184,5/11/2024,LINESTRING(100.71047799872879 6.9704028880282705,,,",5920,5925,5920,20241030RUN01,,,,,,,05/11/2024,2.042152421726629,1.6586725486597955,3.3796042289308064,2.4660205193693576,3.3796042289308064,1.3374518072041774,"LINESTRING(100.71047793928538 6.97040292399141,100.71032556731737 6.970305324823713)",2.710878325328718,2.6662273215772236,9210,0,5924,1177
1185,"1185,5/11/2024,LINESTRING(100.71043997997418 6.970378373107376,,,",5925,5930,5925,20241030RUN01,,,,,,,05/11/2024,2.042152421726629,1.6586725486597955,3.3796042289308064,2.4660205193693576,3.3796042289308064,1.3374518072041774,"LINESTRING(100.71047793928538 6.97040292399141,100.71032556731737 6.970305324823713)",2.710878325328718,2.9133814500780915,9210,0,5929,1178
1186,"1186,5/11/2024,LINESTRING(100.71040193298087 6.970353901944804,,,",5930,5935,5930,20241030RUN01,,,,,,,05/11/2024,2.042152421726629,1.6586725486597955,3.3796042289308064,2.4660205193693576,3.3796042289308064,1.3374518072041774,"LINESTRING(100.71047793928538 6.97040292399141,100.71032556731737 6.970305324823713)",2.710878325328718,2.959941985760853,9210,0,5934,1179
1187,"1187,5/11/2024,LINESTRING(100.71036382549214 6.970329524929026,,,",5935,5940,5935,20241030RUN01,,,,,,,05/11/2024,2.042152421726629,1.6586725486597955,3.3796042289308064,2.4660205193693576,3.3796042289308064,1.3374518072041774,"LINESTRING(100.71047793928538 6.97040292399141,100.71032556731737 6.970305324823713)",2.710878325328718,2.554719716326146,9210,0,5939,1180
1188,"1188,5/11/2024,LINESTRING(100.71032562860049 6.970305288079486,,,",5940,5945,5940,20241030RUN01,,,,,,,05/11/2024,2.054976008147962,1.4339469929431503,2.7572628117025424,1.7575657983910906,2.7572628117025424,0.7022868035545802,"LINESTRING(100.71032556731737 6.970305324823713,100.71017246520525 6.9702088712676815)",2.4061194099252523,2.2147689543041618,9210,0,5944,1181
1189,"1189,5/11/2024,LINESTRING(100.71028736094503 6.9702811630449935,,,",5945,5950,5945,20241030RUN01,,,,,,,05/11/2024,2.054976008147962,1.4339469929431503,2.7572628117025424,1.7575657983910906,2.7572628117025424,0.7022868035545802,"LINESTRING(100.71032556731737 6.970305324823713,100.71017246520525 6.9702088712676815)",2.4061194099252523,2.481579954971761,9210,0,5949,1182
1190,"1190,5/11/2024,LINESTRING(100.71024907631504 6.970257064970235,,,",5950,5955,5950,20241030RUN01,,,,,,,05/11/2024,2.054976008147962,1.4339469929431503,2.7572628117025424,1.7575657983910906,2.7572628117025424,0.7022868035545802,"LINESTRING(100.71032556731737 6.970305324823713,100.71017246520525 6.9702088712676815)",2.4061194099252523,2.192313271779969,9210,0,5954,1183
1191,"1191,5/11/2024,LINESTRING(100.71021080883217 6.970232939657433,,,",5955,5960,5955,20241030RUN01,,,,,,,05/11/2024,2.054976008147962,1.4339469929431503,2.7572628117025424,1.7575657983910906,2.7572628117025424,0.7022868035545802,"LINESTRING(100.71032556731737 6.970305324823713,100.71017246520525 6.9702088712676815)",2.4061194099252523,2.485811702416765,9210,0,5959,1184
1192,"1192,5/11/2024,LINESTRING(100.71017252951846 6.970208833056285,,,",5960,5965,5960,20241030RUN01,,,,,,,05/11/2024,3.28514465574853,2.171116618402127,2.910397516146704,2.1381405541371903,3.28514465574853,0.3747471396018258,"LINESTRING(100.71017246520525 6.9702088712676815,100.71001938835688 6.970112379811659)",3.097771085947617,3.0436628332896984,9210,0,5964,1185
1193,"1193,5/11/2024,LINESTRING(100.71013421227214 6.970184786682056,,,",5965,5970,5965,20241030RUN01,,,,,,,05/11/2024,3.28514465574853,2.171116618402127,2.910397516146704,2.1381405541371903,3.28514465574853,0.3747471396018258,"LINESTRING(100.71017246520525 6.9702088712676815,100.71001938835688 6.970112379811659)",3.097771085947617,3.087168503235557,9210,0,5969,1186
1194,"1194,5/11/2024,LINESTRING(100.7100958937947 6.970160741986486,,,",5970,5975,5970,20241030RUN01,,,,,,,05/11/2024,3.28514465574853,2.171116618402127,2.910397516146704,2.1381405541371903,3.28514465574853,0.3747471396018258,"LINESTRING(100.71017246520525 6.9702088712676815,100.71001938835688 6.970112379811659)",3.097771085947617,3.1729270273179186,9210,0,5974,1187
1195,"1195,5/11/2024,LINESTRING(100.71005763635445 6.97013660052853,,,",5975,5980,5975,20241030RUN01,,,,,,,05/11/2024,3.28514465574853,2.171116618402127,2.910397516146704,2.1381405541371903,3.28514465574853,0.3747471396018258,"LINESTRING(100.71017246520525 6.9702088712676815,100.71001938835688 6.970112379811659)",3.097771085947617,3.37526557632357,9210,0,5979,1188
1196,"1196,5/11/2024,LINESTRING(100.71001945354716 6.9701123414200135,,,",5980,5985,5980,20241030RUN01,,,,,,,05/11/2024,2.391038450836404,1.9366517688818357,3.3445778828094337,2.411018527175096,3.3445778828094337,0.95353943197303,"LINESTRING(100.71001938835688 6.970112379811659,100.70986692212905 6.970014926551287)",2.867808166822919,3.1387171111459162,9210,0,5984,1189
1197,"1197,5/11/2024,LINESTRING(100.70998130003639 6.9700880363927595,,,",5985,5990,5985,20241030RUN01,,,,,,,05/11/2024,2.391038450836404,1.9366517688818357,3.3445778828094337,2.411018527175096,3.3445778828094337,0.95353943197303,"LINESTRING(100.71001938835688 6.970112379811659,100.70986692212905 6.970014926551287)",2.867808166822919,2.7317204434359588,9210,0,5989,1190
1198,"1198,5/11/2024,LINESTRING(100.70994316372598 6.970063704601705,,,",5990,5995,5990,20241030RUN01,,,,,,,05/11/2024,2.391038450836404,1.9366517688818357,3.3445778828094337,2.411018527175096,3.3445778828094337,0.95353943197303,"LINESTRING(100.71001938835688 6.970112379811659,100.70986692212905 6.970014926551287)",2.867808166822919,2.6569041553270294,9210,0,5994,1191
1199,"1199,5/11/2024,LINESTRING(100.70990506514842 6.970039313935145,,,",5995,6000,5995,20241030RUN01,,,,,,,05/11/2024,2.391038450836404,1.9366517688818357,3.3445778828094337,2.411018527175096,3.3445778828094337,0.95353943197303,"LINESTRING(100.71001938835688 6.970112379811659,100.70986692212905 6.970014926551287)",2.867808166822919,2.902773047005643,9210,0,5999,1192
1200,"1200,5/11/2024,LINESTRING(100.70986698961701 6.970014887163928,,,",6000,6005,6000,20241030RUN01,,,,,,,05/11/2024,2.724833981722953,2.023000476259986,3.106283115457781,1.995032505291012,3.106283115457781,0.381449133734828,"LINESTRING(100.70986692212905 6.970014926551287,100.70971455038199 6.969917326599831)",2.915558548590367,2.729312425100905,9210,0,6004,1193
1201,"1201,5/11/2024,LINESTRING(100.70982893364305 6.96999043002669,,,",6005,6010,6005,20241030RUN01,,,,,,,05/11/2024,2.724833981722953,2.023000476259986,3.106283115457781,1.995032505291012,3.106283115457781,0.381449133734828,"LINESTRING(100.70986692212905 6.970014926551287,100.70971455038199 6.969917326599831)",2.915558548590367,2.7881363192457145,9210,0,6009,1194
1202,"1202,5/11/2024,LINESTRING(100.70979089596283 6.969965944561232,,,",6010,6015,6010,20241030RUN01,,,,,,,05/11/2024,2.724833981722953,2.023000476259986,3.106283115457781,1.995032505291012,3.106283115457781,0.381449133734828,"LINESTRING(100.70986692212905 6.970014926551287,100.70971455038199 6.969917326599831)",2.915558548590367,2.9547879517756344,9210,0,6014,1195
1203,"1203,5/11/2024,LINESTRING(100.70975279876082 6.96994155173511,,,",6015,6020,6015,20241030RUN01,,,,,,,05/11/2024,2.724833981722953,2.023000476259986,3.106283115457781,1.995032505291012,3.106283115457781,0.381449133734828,"LINESTRING(100.70986692212905 6.970014926551287,100.70971455038199 6.969917326599831)",2.915558548590367,2.962203980083424,9210,0,6019,1196
1204,"1204,5/11/2024,LINESTRING(100.70971462009977 6.969917286276673,,,",6020,6025,6020,20241030RUN01,,,,,,,05/11/2024,3.4101747267169147,2.376704774242451,2.977257969680085,2.223806378340311,3.4101747267169147,0.4329167570368297,"LINESTRING(100.70971455038199 6.969917326599831,100.7095617309846 6.969820427272065)",3.1937163481984996,3.379324544635568,9210,0,6024,1197
1205,"1205,5/11/2024,LINESTRING(100.70967641003557 6.969893070194685,,,",6025,6030,6025,20241030RUN01,,,,,,,05/11/2024,3.4101747267169147,2.376704774242451,2.977257969680085,2.223806378340311,3.4101747267169147,0.4329167570368297,"LINESTRING(100.70971455038199 6.969917326599831,100.7095617309846 6.969820427272065)",3.1937163481984996,3.1999115153823783,9210,0,6029,1198
1206,"1206,5/11/2024,LINESTRING(100.70963819814813 6.969868857105024,,,",6030,6035,6030,20241030RUN01,,,,,,,05/11/2024,3.4101747267169147,2.376704774242451,2.977257969680085,2.223806378340311,3.4101747267169147,0.4329167570368297,"LINESTRING(100.70971455038199 6.969917326599831,100.7095617309846 6.969820427272065)",3.1937163481984996,3.153139944965589,9210,0,6034,1199
1207,"1207,5/11/2024,LINESTRING(100.70959998913392 6.969844639334163,,,",6035,6040,6035,20241030RUN01,,,,,,,05/11/2024,3.4101747267169147,2.376704774242451,2.977257969680085,2.223806378340311,3.4101747267169147,0.4329167570368297,"LINESTRING(100.70971455038199 6.969917326599831,100.7095617309846 6.969820427272065)",3.1937163481984996,2.87717750258456,9210,0,6039,1200
1208,"1208,5/11/2024,LINESTRING(100.70956180241507 6.96982038632541,,,",6040,6045,6040,20241030RUN01,,,,,,,05/11/2024,2.261057243628413,1.772152057385225,1.853211840222788,1.2396055275744975,2.261057243628413,0.4078454034056253,"LINESTRING(100.7095617309846 6.969820427272065,100.7094093100798 6.969722904231742)",2.0571345419256004,2.1601726526722107,9210,0,6044,1201
1209,"1209,5/11/2024,LINESTRING(100.70952365187543 6.969796076518783,,,",6045,6050,6045,20241030RUN01,,,,,,,05/11/2024,2.261057243628413,1.772152057385225,1.853211840222788,1.2396055275744975,2.261057243628413,0.4078454034056253,"LINESTRING(100.7095617309846 6.969820427272065,100.7094093100798 6.969722904231742)",2.0571345419256004,1.8784459451002609,9210,0,6049,1202
1210,"1210,5/11/2024,LINESTRING(100.7094855313851 6.969771719765684,,,",6050,6055,6050,20241030RUN01,,,,,,,05/11/2024,2.261057243628413,1.772152057385225,1.853211840222788,1.2396055275744975,2.261057243628413,0.4078454034056253,"LINESTRING(100.7095617309846 6.969820427272065,100.7094093100798 6.969722904231742)",2.0571345419256004,1.9760500922334603,9210,0,6054,1203
1211,"1211,5/11/2024,LINESTRING(100.7094474455613 6.969747308955323,,,",6055,6060,6055,20241030RUN01,,,,,,,05/11/2024,2.261057243628413,1.772152057385225,1.853211840222788,1.2396055275744975,2.261057243628413,0.4078454034056253,"LINESTRING(100.7095617309846 6.969820427272065,100.7094093100798 6.969722904231742)",2.0571345419256004,2.23333448690826,9210,0,6059,1204
1212,"1212,5/11/2024,LINESTRING(100.70940938227409 6.9697228632124455,,,",6060,6065,6060,20241030RUN01,,,,,,,05/11/2024,2.359518989599656,1.9252593288668576,1.824952687450825,1.5757437038186046,2.359518989599656,0.5345663021488305,"LINESTRING(100.7094093100798 6.969722904231742,100.70925679392688 6.9696255307577655)",2.0922358385252404,1.9876261700546982,9210,0,,
1213,"1213,5/11/2024,LINESTRING(100.7093713255109 6.969698407281441,,,",6065,6070,6065,20241030RUN01,,,,,,,05/11/2024,2.359518989599656,1.9252593288668576,1.824952687450825,1.5757437038186046,2.359518989599656,0.5345663021488305,"LINESTRING(100.7094093100798 6.969722904231742,100.70925679392688 6.9696255307577655)",2.0922358385252404,2.1078014759702977,9210,0,6065,1205
1214,"1214,5/11/2024,LINESTRING(100.70933323693481 6.9696740008306275,,,",6070,6075,6070,20241030RUN01,,,,,,,05/11/2024,2.359518989599656,1.9252593288668576,1.824952687450825,1.5757437038186046,2.359518989599656,0.5345663021488305,"LINESTRING(100.7094093100798 6.969722904231742,100.70925679392688 6.9696255307577655)",2.0922358385252404,2.16747224232222,9210,0,6070,1206
1215,"1215,5/11/2024,LINESTRING(100.70929507643406 6.969649706686662,,,",6075,6080,6075,20241030RUN01,,,,,,,05/11/2024,2.359518989599656,1.9252593288668576,1.824952687450825,1.5757437038186046,2.359518989599656,0.5345663021488305,"LINESTRING(100.7094093100798 6.969722904231742,100.70925679392688 6.9696255307577655)",2.0922358385252404,1.8901548796656038,9210,0,6075,1207
1216,"1216,5/11/2024,LINESTRING(100.70925686676816 6.969625489735024,,,",6080,6085,6080,20241030RUN01,,,,,,,05/11/2024,2.5316899016390857,1.8872627449188624,3.764927891821765,2.3545883176207734,3.764927891821765,1.2332379901826789,"LINESTRING(100.70925679392688 6.9696255307577655,100.70910396209183 6.969528651539858)",3.148308896730425,2.894858831999262,9210,0,6080,1208
1217,"1217,5/11/2024,LINESTRING(100.70921863099119 6.969601314061919,,,",6085,6090,6085,20241030RUN01,,,,,,,05/11/2024,2.5316899016390857,1.8872627449188624,3.764927891821765,2.3545883176207734,3.764927891821765,1.2332379901826789,"LINESTRING(100.70925679392688 6.9696255307577655,100.70910396209183 6.969528651539858)",3.148308896730425,3.374893599142526,9210,0,6085,1209
1218,"1218,5/11/2024,LINESTRING(100.70918040852355 6.969577117449121,,,",6090,6095,6090,20241030RUN01,,,,,,,05/11/2024,2.5316899016390857,1.8872627449188624,3.764927891821765,2.3545883176207734,3.764927891821765,1.2332379901826789,"LINESTRING(100.70925679392688 6.9696255307577655,100.70910396209183 6.969528651539858)",3.148308896730425,3.414843943698262,9210,0,6090,1210
1219,"1219,5/11/2024,LINESTRING(100.70914221595595 6.969552873850168,,,",6095,6100,6095,20241030RUN01,,,,,,,05/11/2024,2.5316899016390857,1.8872627449188624,3.764927891821765,2.3545883176207734,3.764927891821765,1.2332379901826789,"LINESTRING(100.70925679392688 6.9696255307577655,100.70910396209183 6.969528651539858)",3.148308896730425,3.0249898098862613,9210,0,6095,1211
1220,"1220,5/11/2024,LINESTRING(100.7091040361935 6.969528610176647,,,",6100,6105,6100,20241030RUN01,,,,,,,05/11/2024,7.403823232838455,5.473481776311421,9.116922747385075,6.027461253244687,9.116922747385075,1.71309951454662,"LINESTRING(100.70910396209183 6.969528651539858,100.70895661254085 6.969423997685958)",8.260372990111765,8.931456310483213,9210,0,6100,1212
1221,"1221,5/11/2024,LINESTRING(100.70906597338369 6.969504163747522,,,",6105,6110,6105,20241030RUN01,,,,,,,05/11/2024,7.403823232838455,5.473481776311421,9.116922747385075,6.027461253244687,9.116922747385075,1.71309951454662,"LINESTRING(100.70910396209183 6.969528651539858,100.70895661254085 6.969423997685958)",8.260372990111765,8.02757601615087,9210,0,6105,1213
1222,"1222,5/11/2024,LINESTRING(100.70902829341232 6.969479133512154,,,",6110,6115,6110,20241030RUN01,,,,,,,05/11/2024,7.403823232838455,5.473481776311421,9.116922747385075,6.027461253244687,9.116922747385075,1.71309951454662,"LINESTRING(100.70910396209183 6.969528651539858,100.70895661254085 6.969423997685958)",8.260372990111765,7.922053096749469,9210,0,6110,1214
1223,"1223,5/11/2024,LINESTRING(100.7089915519476 6.96945275466657,,,",6115,6120,6115,20241030RUN01,,,,,,,05/11/2024,7.403823232838455,5.473481776311421,9.116922747385075,6.027461253244687,9.116922747385075,1.71309951454662,"LINESTRING(100.70910396209183 6.969528651539858,100.70895661254085 6.969423997685958)",8.260372990111765,8.092359320794237,9210,0,6115,1215
1224,"1224,5/11/2024,LINESTRING(100.70895668600727 6.969423957041712,,,",6120,6125,6120,20241030RUN01,,,,,,,05/11/2024,3.756875322705536,3.040635880723819,6.46196956107789,4.545885692039225,6.46196956107789,2.7050942383723537,"LINESTRING(100.70895661254085 6.969423997685958,100.70887526231049 6.969268673042641)",5.109422441891713,4.968572142961866,9210,0,6120,1216
1225,"1225,5/11/2024,LINESTRING(100.70892493657892 6.969391787828173,,,",6125,6130,6125,20241030RUN01,,,,,,,05/11/2024,3.756875322705536,3.040635880723819,6.46196956107789,4.545885692039225,6.46196956107789,2.7050942383723537,"LINESTRING(100.70895661254085 6.969423997685958,100.70887526231049 6.969268673042641)",5.109422441891713,5.087592868495007,9210,0,6125,1217
1226,"1226,5/11/2024,LINESTRING(100.70889883847863 6.969354941263804,,,",6130,6135,6130,20241030RUN01,,,,,,,05/11/2024,3.756875322705536,3.040635880723819,6.46196956107789,4.545885692039225,6.46196956107789,2.7050942383723537,"LINESTRING(100.70895661254085 6.969423997685958,100.70887526231049 6.969268673042641)",5.109422441891713,5.547301543642419,9210,0,6130,1218
1227,"1227,5/11/2024,LINESTRING(100.7088815249556 6.96931329455001,,,",6135,6140,6135,20241030RUN01,,,,,,,05/11/2024,3.756875322705536,3.040635880723819,6.46196956107789,4.545885692039225,6.46196956107789,2.7050942383723537,"LINESTRING(100.70895661254085 6.969423997685958,100.70887526231049 6.969268673042641)",5.109422441891713,5.059084532108609,9210,0,6135,1219
1228,"1228,5/11/2024,LINESTRING(100.7088753340621 6.969268633725119,,,",6140,6145,6140,20241030RUN01,,,,,,,05/11/2024,10.075571435947978,9.556848763349214,10.27648539010328,9.597305749533716,10.27648539010328,0.2009139541553004,"LINESTRING(100.70887526231049 6.969268673042641,100.70892879414474 6.9690976296525395)",10.17602841302563,9.319970750345686,9210,0,6140,1220
1229,"1229,5/11/2024,LINESTRING(100.7088799385128 6.969223743086523,,,",6145,6150,6145,20241030RUN01,,,,,,,05/11/2024,10.075571435947978,9.556848763349214,10.27648539010328,9.597305749533716,10.27648539010328,0.2009139541553004,"LINESTRING(100.70887526231049 6.969268673042641,100.70892879414474 6.9690976296525395)",10.17602841302563,10.284638687384167,9210,0,6145,1221
1230,"1230,5/11/2024,LINESTRING(100.70889250082976 6.969180348952642,,,",6150,6155,6150,20241030RUN01,,,,,,,05/11/2024,10.075571435947978,9.556848763349214,10.27648539010328,9.597305749533716,10.27648539010328,0.2009139541553004,"LINESTRING(100.70887526231049 6.969268673042641,100.70892879414474 6.9690976296525395)",10.17602841302563,11.100195990012047,9210,0,6150,1222
1231,"1231,5/11/2024,LINESTRING(100.70890961043644 6.969138506112741,,,",6155,6160,6155,20241030RUN01,,,,,,,05/11/2024,10.075571435947978,9.556848763349214,10.27648539010328,9.597305749533716,10.27648539010328,0.2009139541553004,"LINESTRING(100.70887526231049 6.969268673042641,100.70892879414474 6.9690976296525395)",10.17602841302563,9.939369503968937,9210,0,6155,1223
1232,"1232,5/11/2024,LINESTRING(100.70892886187421 6.969097592778864,,,",6160,6165,6160,20241030RUN01,,,,,,,05/11/2024,7.195461499330189,5.688307930264665,6.280389214982142,3.376367460143116,7.195461499330189,0.9150722843480468,"LINESTRING(100.70892879414474 6.9690976296525395,100.7090092704668 6.968935643019819)",6.737925357156165,6.237239019162836,9210,0,6160,1224
1233,"1233,5/11/2024,LINESTRING(100.70894889598395 6.969057054523696,,,",6165,6170,6165,20241030RUN01,,,,,,,05/11/2024,7.195461499330189,5.688307930264665,6.280389214982142,3.376367460143116,7.195461499330189,0.9150722843480468,"LINESTRING(100.70892879414474 6.9690976296525395,100.7090092704668 6.968935643019819)",6.737925357156165,7.223357297448632,9210,0,6165,1225
1234,"1234,5/11/2024,LINESTRING(100.70896913090866 6.969016615751006,,,",6170,6175,6170,20241030RUN01,,,,,,,05/11/2024,7.195461499330189,5.688307930264665,6.280389214982142,3.376367460143116,7.195461499330189,0.9150722843480468,"LINESTRING(100.70892879414474 6.9690976296525395,100.7090092704668 6.968935643019819)",6.737925357156165,6.337712561808062,9210,0,6170,1226
1235,"1235,5/11/2024,LINESTRING(100.70898931643528 6.968976152434031,,,",6175,6180,6175,20241030RUN01,,,,,,,05/11/2024,7.195461499330189,5.688307930264665,6.280389214982142,3.376367460143116,7.195461499330189,0.9150722843480468,"LINESTRING(100.70892879414474 6.9690976296525395,100.7090092704668 6.968935643019819)",6.737925357156165,7.152758021595011,9210,0,6175,1227
1236,"1236,5/11/2024,LINESTRING(100.7090093366765 6.968935607178177,,,",6180,6185,6180,20241030RUN01,,,,,,,05/11/2024,18.27143435294717,19.04402865693853,23.771911145635077,34.556963182284505,23.771911145635077,5.500476792687898,"LINESTRING(100.7090092704668 6.968935643019819,100.70909018025846 6.96877387868416)",21.021672749291124,20.256824507367796,9210,0,6180,1228
1237,"1237,5/11/2024,LINESTRING(100.70902931771083 6.968895042255897,,,",6185,6190,6185,20241030RUN01,,,,,,,05/11/2024,18.27143435294717,19.04402865693853,23.771911145635077,34.556963182284505,23.771911145635077,5.500476792687898,"LINESTRING(100.7090092704668 6.968935643019819,100.70909018025846 6.96877387868416)",21.021672749291124,20.124641098090873,9210,0,6185,1229
1238,"1238,5/11/2024,LINESTRING(100.70904949361406 6.968854573308881,,,",6190,6195,6190,20241030RUN01,,,,,,,05/11/2024,18.27143435294717,19.04402865693853,23.771911145635077,34.556963182284505,23.771911145635077,5.500476792687898,"LINESTRING(100.7090092704668 6.968935643019819,100.70909018025846 6.96877387868416)",21.021672749291124,21.605961891361368,9210,0,6190,1230
1239,"1239,5/11/2024,LINESTRING(100.70906987792492 6.968814208204567,,,",6195,6200,6195,20241030RUN01,,,,,,,05/11/2024,18.27143435294717,19.04402865693853,23.771911145635077,34.556963182284505,23.771911145635077,5.500476792687898,"LINESTRING(100.7090092704668 6.968935643019819,100.70909018025846 6.96877387868416)",21.021672749291124,21.93548252794067,9210,0,6195,1231
1240,"1240,5/11/2024,LINESTRING(100.70909025533977 6.968773838320831,,,",6200,6205,6200,20241030RUN01,,,,,,,05/11/2024,143.83763115206122,231.90687715369927,155.39953644180326,239.802744776897,155.39953644180326,11.561905289742043,"LINESTRING(100.70909018025846 6.96877387868416,100.70916871257415 6.968610965074147)",149.61858379693223,141.965230140153,9210,0,6200,1232
1241,"1241,5/11/2024,LINESTRING(100.70911047169265 6.968733386324782,,,",6205,6210,6205,20241030RUN01,,,,,,,05/11/2024,143.83763115206122,231.90687715369927,155.39953644180326,239.802744776897,155.39953644180326,11.561905289742043,"LINESTRING(100.70909018025846 6.96877387868416,100.70916871257415 6.968610965074147)",149.61858379693223,153.72244710404124,9210,0,6205,1233
1242,"1242,5/11/2024,LINESTRING(100.70913049414811 6.968692837315527,,,",6210,6215,6210,20241030RUN01,,,,,,,05/11/2024,143.83763115206122,231.90687715369927,155.39953644180326,239.802744776897,155.39953644180326,11.561905289742043,"LINESTRING(100.70909018025846 6.96877387868416,100.70916871257415 6.968610965074147)",149.61858379693223,141.2536955999641,9210,0,6210,1234
1243,"1243,5/11/2024,LINESTRING(100.70915018806859 6.968652136776972,,,",6215,6220,6215,20241030RUN01,,,,,,,05/11/2024,143.83763115206122,231.90687715369927,155.39953644180326,239.802744776897,155.39953644180326,11.561905289742043,"LINESTRING(100.70909018025846 6.96877387868416,100.70916871257415 6.968610965074147)",149.61858379693223,161.3449924554373,9210,0,6215,1235
1244,"1244,5/11/2024,LINESTRING(100.70916877195859 6.9686109332806385,,,",6220,6225,6220,20241030RUN01,,,,,,,05/11/2024,120.92897063165722,87.87964937058389,112.99399082789024,84.12360742908892,120.92897063165722,7.934979803766978,"LINESTRING(100.70916871257415 6.968610965074147,100.70919052185226 6.968435346819093)",116.96148072977374,121.12129810998461,9210,0,6221,1236
1245,"1245,5/11/2024,LINESTRING(100.70918430842585 6.968568480917209,,,",6225,6230,6225,20241030RUN01,,,,,,,05/11/2024,120.92897063165722,87.87964937058389,112.99399082789024,84.12360742908892,120.92897063165722,7.934979803766978,"LINESTRING(100.70916871257415 6.968610965074147,100.70919052185226 6.968435346819093)",116.96148072977374,117.81927200182213,9210,0,6226,1237
1246,"1246,5/11/2024,LINESTRING(100.70919559687582 6.968524740687548,,,",6230,6235,6230,20241030RUN01,,,,,,,05/11/2024,120.92897063165722,87.87964937058389,112.99399082789024,84.12360742908892,120.92897063165722,7.934979803766978,"LINESTRING(100.70916871257415 6.968610965074147,100.70919052185226 6.968435346819093)",116.96148072977374,123.12511706896427,9210,0,6231,1238
1247,"1247,5/11/2024,LINESTRING(100.70919846618786 6.968479712093403,,,",6235,6240,6235,20241030RUN01,,,,,,,05/11/2024,120.92897063165722,87.87964937058389,112.99399082789024,84.12360742908892,120.92897063165722,7.934979803766978,"LINESTRING(100.70916871257415 6.968610965074147,100.70919052185226 6.968435346819093)",116.96148072977374,105.48361212296125,9210,0,6236,1239
1248,"1248,5/11/2024,LINESTRING(100.70919059471763 6.968435308199589,,,",6240,6245,6240,20241030RUN01,,,,,,,05/11/2024,14.635806647846476,11.231554150109089,13.802061450274024,9.178512113014532,14.635806647846476,0.833745197572453,"LINESTRING(100.70919052185226 6.968435346819093,100.70907209047975 6.968304306796369)",14.21893404906025,14.93648880957152,9210,0,6241,1240
1249,"1249,5/11/2024,LINESTRING(100.70917194580814 6.96839424432399,,,",6245,6250,6245,20241030RUN01,,,,,,,05/11/2024,14.635806647846476,11.231554150109089,13.802061450274024,9.178512113014532,14.635806647846476,0.833745197572453,"LINESTRING(100.70919052185226 6.968435346819093,100.70907209047975 6.968304306796369)",14.21893404906025,15.188712707946689,9210,0,6246,1241
1250,"1250,5/11/2024,LINESTRING(100.70914407458218 6.968358747283589,,,",6250,6255,6250,20241030RUN01,,,,,,,05/11/2024,14.635806647846476,11.231554150109089,13.802061450274024,9.178512113014532,14.635806647846476,0.833745197572453,"LINESTRING(100.70919052185226 6.968435346819093,100.70907209047975 6.968304306796369)",14.21893404906025,12.948699982259962,9210,0,6251,1242
1251,"1251,5/11/2024,LINESTRING(100.70910988259156 6.968329209006208,,,",6255,6260,6255,20241030RUN01,,,,,,,05/11/2024,14.635806647846476,11.231554150109089,13.802061450274024,9.178512113014532,14.635806647846476,0.833745197572453,"LINESTRING(100.70919052185226 6.968435346819093,100.70907209047975 6.968304306796369)",14.21893404906025,13.726397892685679,9210,0,6256,1243
1252,"1252,5/11/2024,LINESTRING(100.70907216575146 6.968304267303785,,,",6260,6265,6260,20241030RUN01,,,,,,,05/11/2024,2.8911323837206457,2.0746377496028643,4.933959588849616,3.761720864076066,4.933959588849616,2.04282720512897,"LINESTRING(100.70907209047975 6.968304306796369,100.70890825874707 6.9682278549819054)",3.9125459862851306,4.022995638238281,9210,0,6261,1244
1253,"1253,5/11/2024,LINESTRING(100.70903252691085 6.968282482627121,,,",6265,6270,6265,20241030RUN01,,,,,,,05/11/2024,2.8911323837206457,2.0746377496028643,4.933959588849616,3.761720864076066,4.933959588849616,2.04282720512897,"LINESTRING(100.70907209047975 6.968304306796369,100.70890825874707 6.9682278549819054)",3.9125459862851306,3.6973925943904433,9210,0,6266,1245
1254,"1254,5/11/2024,LINESTRING(100.7089916484819 6.968263110223357,,,",6270,6275,6270,20241030RUN01,,,,,,,05/11/2024,2.8911323837206457,2.0746377496028643,4.933959588849616,3.761720864076066,4.933959588849616,2.04282720512897,"LINESTRING(100.70907209047975 6.968304306796369,100.70890825874707 6.9682278549819054)",3.9125459862851306,4.077453155872235,9210,0,6271,1246
1255,"1255,5/11/2024,LINESTRING(100.70895005646469 6.968245309581277,,,",6275,6280,6275,20241030RUN01,,,,,,,05/11/2024,2.8911323837206457,2.0746377496028643,4.933959588849616,3.761720864076066,4.933959588849616,2.04282720512897,"LINESTRING(100.70907209047975 6.968304306796369,100.70890825874707 6.9682278549819054)",3.9125459862851306,3.5831489145583095,9210,0,6276,1247
1256,"1256,5/11/2024,LINESTRING(100.70890833299647 6.968227816343437,,,",6280,6285,6280,20241030RUN01,,,,,,,05/11/2024,2.47211280260418,1.9538952081751044,2.31868990175972,1.7510070444526424,2.47211280260418,0.1534229008444603,"LINESTRING(100.70890825874707 6.9682278549819054,100.7087489976929 6.968142437224788)",2.39540135218195,2.307561858422177,9210,0,6281,1248
1257,"1257,5/11/2024,LINESTRING(100.70886708627985 6.96820923557338,,,",6285,6290,6285,20241030RUN01,,,,,,,05/11/2024,2.47211280260418,1.9538952081751044,2.31868990175972,1.7510070444526424,2.47211280260418,0.1534229008444603,"LINESTRING(100.70890825874707 6.9682278549819054,100.7087489976929 6.968142437224788)",2.39540135218195,2.327648712148624,9210,0,6286,1249
1258,"1258,5/11/2024,LINESTRING(100.70882676937387 6.9681887226615125,,,",6290,6295,6290,20241030RUN01,,,,,,,05/11/2024,2.47211280260418,1.9538952081751044,2.31868990175972,1.7510070444526424,2.47211280260418,0.1534229008444603,"LINESTRING(100.70890825874707 6.9682278549819054,100.7087489976929 6.968142437224788)",2.39540135218195,2.603475739542084,9210,0,6291,1250
1259,"1259,5/11/2024,LINESTRING(100.70878752325115 6.968166229838773,,,",6295,6300,6295,20241030RUN01,,,,,,,05/11/2024,2.47211280260418,1.9538952081751044,2.31868990175972,1.7510070444526424,2.47211280260418,0.1534229008444603,"LINESTRING(100.70890825874707 6.9682278549819054,100.7087489976929 6.968142437224788)",2.39540135218195,2.260975705658524,9210,0,6296,1251
1260,"1260,5/11/2024,LINESTRING(100.70874907289435 6.968142398431193,,,",6300,6305,6300,20241030RUN01,,,,,,,05/11/2024,3.114020123055221,3.0757359980789976,1.9420348593640009,1.584863820876096,3.114020123055221,1.1719852636912202,"LINESTRING(100.7087489976929 6.968142437224788,100.70859318974146 6.968050531163551)",2.528027491209611,2.463135805323783,9210,0,6301,1252
1261,"1261,5/11/2024,LINESTRING(100.70871081693713 6.968118255262321,,,",6305,6310,6305,20241030RUN01,,,,,,,05/11/2024,3.114020123055221,3.0757359980789976,1.9420348593640009,1.584863820876096,3.114020123055221,1.1719852636912202,"LINESTRING(100.7087489976929 6.968142437224788,100.70859318974146 6.968050531163551)",2.528027491209611,2.3245626942595603,9210,0,6306,1253
1262,"1262,5/11/2024,LINESTRING(100.70867220739218 6.968094682250039,,,",6310,6315,6310,20241030RUN01,,,,,,,05/11/2024,3.114020123055221,3.0757359980789976,1.9420348593640009,1.584863820876096,3.114020123055221,1.1719852636912202,"LINESTRING(100.7087489976929 6.968142437224788,100.70859318974146 6.968050531163551)",2.528027491209611,2.686502269511142,9210,0,6311,1254
1263,"1263,5/11/2024,LINESTRING(100.70863301990413 6.968072082061839,,,",6315,6320,6315,20241030RUN01,,,,,,,05/11/2024,3.114020123055221,3.0757359980789976,1.9420348593640009,1.584863820876096,3.114020123055221,1.1719852636912202,"LINESTRING(100.7087489976929 6.968142437224788,100.70859318974146 6.968050531163551)",2.528027491209611,2.43857774196873,9210,0,6316,1255
1264,"1264,5/11/2024,LINESTRING(100.70859326553335 6.968050492415181,,,",6320,6325,6320,20241030RUN01,,,,,,,05/11/2024,2.5664435448875818,1.9157379234699212,2.9163166799051137,2.076461204413683,2.9163166799051137,0.3498731350175319,"LINESTRING(100.70859318974146 6.968050531163551,100.70843193501074 6.96796841504261)",2.7413801123963477,2.5476359217330176,9210,0,6321,1256
1265,"1265,5/11/2024,LINESTRING(100.70855311068165 6.968029654121091,,,",6325,6330,6325,20241030RUN01,,,,,,,05/11/2024,2.5664435448875818,1.9157379234699212,2.9163166799051137,2.076461204413683,2.9163166799051137,0.3498731350175319,"LINESTRING(100.70859318974146 6.968050531163551,100.70843193501074 6.96796841504261)",2.7413801123963477,2.8052503213511897,9210,0,6326,1257
1266,"1266,5/11/2024,LINESTRING(100.70851277291155 6.968009170686823,,,",6330,6335,6330,20241030RUN01,,,,,,,05/11/2024,2.5664435448875818,1.9157379234699212,2.9163166799051137,2.076461204413683,2.9163166799051137,0.3498731350175319,"LINESTRING(100.70859318974146 6.968050531163551,100.70843193501074 6.96796841504261)",2.7413801123963477,2.9173850512614115,9210,0,6331,1258
1267,"1267,5/11/2024,LINESTRING(100.70847240007815 6.9679887564572764,,,",6335,6340,6335,20241030RUN01,,,,,,,05/11/2024,2.5664435448875818,1.9157379234699212,2.9163166799051137,2.076461204413683,2.9163166799051137,0.3498731350175319,"LINESTRING(100.70859318974146 6.968050531163551,100.70843193501074 6.96796841504261)",2.7413801123963477,2.7052508434228284,9210,0,6336,1259
1268,"1268,5/11/2024,LINESTRING(100.70843200965689 6.967968377199183,,,",6340,6345,6340,20241030RUN01,,,,,,,05/11/2024,1.9548617853386825,1.6457733143718276,2.8480002506700792,2.022037839504052,2.8480002506700792,0.893138465331397,"LINESTRING(100.70843193501074 6.96796841504261,100.70826986058879 6.967887921556523)",2.4014310180043807,2.275521007704116,9210,0,6341,1260
1269,"1269,5/11/2024,LINESTRING(100.70839155800046 6.967948119706502,,,",6345,6350,6345,20241030RUN01,,,,,,,05/11/2024,1.9548617853386825,1.6457733143718276,2.8480002506700792,2.022037839504052,2.8480002506700792,0.893138465331397,"LINESTRING(100.70843193501074 6.96796841504261,100.70826986058879 6.967887921556523)",2.4014310180043807,2.195585385113551,9210,0,6346,1261
1270,"1270,5/11/2024,LINESTRING(100.70835101899097 6.967928037350894,,,",6350,6355,6350,20241030RUN01,,,,,,,05/11/2024,1.9548617853386825,1.6457733143718276,2.8480002506700792,2.022037839504052,2.8480002506700792,0.893138465331397,"LINESTRING(100.70843193501074 6.96796841504261,100.70826986058879 6.967887921556523)",2.4014310180043807,2.464378968174867,9210,0,6351,1262
1271,"1271,5/11/2024,LINESTRING(100.70831044027426 6.967908035189958,,,",6355,6360,6355,20241030RUN01,,,,,,,05/11/2024,1.9548617853386825,1.6457733143718276,2.8480002506700792,2.022037839504052,2.8480002506700792,0.893138465331397,"LINESTRING(100.70843193501074 6.96796841504261,100.70826986058879 6.967887921556523)",2.4014310180043807,2.4778019372674023,9210,0,6356,1263
1272,"1272,5/11/2024,LINESTRING(100.70826993547622 6.967887883911593,,,",6360,6365,6360,20241030RUN01,,,,,,,05/11/2024,2.560005633505029,1.9407775084480543,2.8984264089885303,2.191758702923624,2.8984264089885303,0.3384207754835011,"LINESTRING(100.70826986058879 6.967887921556523,100.7081085101361 6.967805989346802)",2.7292160212467795,2.6044907533603427,9210,0,6361,1264
1273,"1273,5/11/2024,LINESTRING(100.70822952637475 6.967867541708764,,,",6365,6370,6365,20241030RUN01,,,,,,,05/11/2024,2.560005633505029,1.9407775084480543,2.8984264089885303,2.191758702923624,2.8984264089885303,0.3384207754835011,"LINESTRING(100.70826986058879 6.967887921556523,100.7081085101361 6.967805989346802)",2.7292160212467795,2.908582694482667,9210,0,6366,1265
1274,"1274,5/11/2024,LINESTRING(100.70818917094034 6.967847093386667,,,",6370,6375,6370,20241030RUN01,,,,,,,05/11/2024,2.560005633505029,1.9407775084480543,2.8984264089885303,2.191758702923624,2.8984264089885303,0.3384207754835011,"LINESTRING(100.70826986058879 6.967887921556523,100.7081085101361 6.967805989346802)",2.7292160212467795,2.689378308733112,9210,0,6372,1266
1275,"1275,5/11/2024,LINESTRING(100.7081488592063 6.967826559083411,,,",6375,6380,6375,20241030RUN01,,,,,,,05/11/2024,2.560005633505029,1.9407775084480543,2.8984264089885303,2.191758702923624,2.8984264089885303,0.3384207754835011,"LINESTRING(100.70826986058879 6.967887921556523,100.7081085101361 6.967805989346802)",2.7292160212467795,2.5234402497254718,9210,0,6377,1267
1276,"1276,5/11/2024,LINESTRING(100.70810858453612 6.96780595226205,,,",6380,6385,6380,20241030RUN01,,,,,,,05/11/2024,1.880963910194584,1.3124701181906455,2.179332687994324,1.454840441734143,2.179332687994324,0.2983687777997397,"LINESTRING(100.7081085101361 6.967805989346802,100.70794737772837 6.9677236300047065)",2.0301482990944537,2.1008337154549794,9210,0,6382,1268
1277,"1277,5/11/2024,LINESTRING(100.70806833962061 6.967785287418965,,,",6385,6390,6385,20241030RUN01,,,,,,,05/11/2024,1.880963910194584,1.3124701181906455,2.179332687994324,1.454840441734143,2.179332687994324,0.2983687777997397,"LINESTRING(100.7081085101361 6.967805989346802,100.70794737772837 6.9677236300047065)",2.0301482990944537,2.0451160662831303,9210,0,6387,1269
1278,"1278,5/11/2024,LINESTRING(100.70802810169742 6.96776460907624,,,",6390,6395,6390,20241030RUN01,,,,,,,05/11/2024,1.880963910194584,1.3124701181906455,2.179332687994324,1.454840441734143,2.179332687994324,0.2983687777997397,"LINESTRING(100.7081085101361 6.967805989346802,100.70794737772837 6.9677236300047065)",2.0301482990944537,1.8953506119919623,9210,0,6392,1270
1279,"1279,5/11/2024,LINESTRING(100.70798782566534 6.967744005183895,,,",6395,6400,6395,20241030RUN01,,,,,,,05/11/2024,1.880963910194584,1.3124701181906455,2.179332687994324,1.454840441734143,2.179332687994324,0.2983687777997397,"LINESTRING(100.7081085101361 6.967805989346802,100.70794737772837 6.9677236300047065)",2.0301482990944537,1.8599698760313876,9210,0,6397,1271
1280,"1280,5/11/2024,LINESTRING(100.70794745182963 6.9677235933814154,,,",6400,6405,6400,20241030RUN01,,,,,,,05/11/2024,3.699768019433345,3.4135394602223745,2.4505306838400567,1.8547757145367956,3.699768019433345,1.2492373355932886,"LINESTRING(100.70794737772837 6.9677236300047065,100.70778537537375 6.967642991135932)",3.075149351636701,2.8598487691944654,9210,0,6402,1272
1281,"1281,5/11/2024,LINESTRING(100.70790699235674 6.967703351537245,,,",6405,6410,6405,20241030RUN01,,,,,,,05/11/2024,3.699768019433345,3.4135394602223745,2.4505306838400567,1.8547757145367956,3.699768019433345,1.2492373355932886,"LINESTRING(100.70794737772837 6.9677236300047065,100.70778537537375 6.967642991135932)",3.075149351636701,3.3717153536243054,9210,0,6407,1273
1282,"1282,5/11/2024,LINESTRING(100.70786651382618 6.967683147659771,,,",6410,6415,6410,20241030RUN01,,,,,,,05/11/2024,3.699768019433345,3.4135394602223745,2.4505306838400567,1.8547757145367956,3.699768019433345,1.2492373355932886,"LINESTRING(100.70794737772837 6.9677236300047065,100.70778537537375 6.967642991135932)",3.075149351636701,2.8639693290323183,9210,0,6412,1274
1283,"1283,5/11/2024,LINESTRING(100.70782600903078 6.967662996542828,,,",6415,6420,6415,20241030RUN01,,,,,,,05/11/2024,3.699768019433345,3.4135394602223745,2.4505306838400567,1.8547757145367956,3.699768019433345,1.2492373355932886,"LINESTRING(100.70794737772837 6.9677236300047065,100.70778537537375 6.967642991135932)",3.075149351636701,2.9288846946160967,9210,0,6417,1275
1284,"1284,5/11/2024,LINESTRING(100.70778545016049 6.967642954488596,,,",6420,6425,6420,20241030RUN01,,,,,,,05/11/2024,4.975909419161965,4.174288401235982,4.99419773151047,4.432694701846248,4.99419773151047,0.0182883123485044,"LINESTRING(100.70778537537375 6.967642991135932,100.70762307925101 6.967562944946024)",4.9850535753362175,5.285919330250217,9210,0,6422,1276
1285,"1285,5/11/2024,LINESTRING(100.70774482959459 6.967623037331854,,,",6425,6430,6425,20241030RUN01,,,,,,,05/11/2024,4.975909419161965,4.174288401235982,4.99419773151047,4.432694701846248,4.99419773151047,0.0182883123485044,"LINESTRING(100.70778537537375 6.967642991135932,100.70762307925101 6.967562944946024)",4.9850535753362175,4.675164635685376,9210,0,6427,1277
1286,"1286,5/11/2024,LINESTRING(100.70770420649019 6.967603125282458,,,",6430,6435,6430,20241030RUN01,,,,,,,05/11/2024,4.975909419161965,4.174288401235982,4.99419773151047,4.432694701846248,4.99419773151047,0.0182883123485044,"LINESTRING(100.70778537537375 6.967642991135932,100.70762307925101 6.967562944946024)",4.9850535753362175,4.833996592594549,9210,0,6432,1278
1287,"1287,5/11/2024,LINESTRING(100.70766365997531 6.967583058013908,,,",6435,6440,6435,20241030RUN01,,,,,,,05/11/2024,4.975909419161965,4.174288401235982,4.99419773151047,4.432694701846248,4.99419773151047,0.0182883123485044,"LINESTRING(100.70778537537375 6.967642991135932,100.70762307925101 6.967562944946024)",4.9850535753362175,5.150603650836926,9210,0,6437,1279
1288,"1288,5/11/2024,LINESTRING(100.70762315451884 6.967562908374835,,,",6440,6445,6440,20241030RUN01,,,,,,,05/11/2024,3.938420041226598,2.764418914442396,2.823728551506411,2.1587226877785715,3.938420041226598,1.1146914897201867,"LINESTRING(100.70762307925101 6.967562944946024,100.70746081225373 6.967482838254242)",3.3810742963665046,3.670298831545021,9210,0,6442,1280
1289,"1289,5/11/2024,LINESTRING(100.70758259475923 6.96754286804031,,,",6445,6450,6445,20241030RUN01,,,,,,,05/11/2024,3.938420041226598,2.764418914442396,2.823728551506411,2.1587226877785715,3.938420041226598,1.1146914897201867,"LINESTRING(100.70762307925101 6.967562944946024,100.70746081225373 6.967482838254242)",3.3810742963665046,3.3861343376875923,9210,0,6447,1281
1290,"1290,5/11/2024,LINESTRING(100.70754199389863 6.967522910888221,,,",6450,6455,6450,20241030RUN01,,,,,,,05/11/2024,3.938420041226598,2.764418914442396,2.823728551506411,2.1587226877785715,3.938420041226598,1.1146914897201867,"LINESTRING(100.70762307925101 6.967562944946024,100.70746081225373 6.967482838254242)",3.3810742963665046,3.2005024724669155,9210,0,6452,1282
1291,"1291,5/11/2024,LINESTRING(100.70750143438066 6.967502870034885,,,",6455,6460,6455,20241030RUN01,,,,,,,05/11/2024,3.938420041226598,2.764418914442396,2.823728551506411,2.1587226877785715,3.938420041226598,1.1146914897201867,"LINESTRING(100.70762307925101 6.967562944946024,100.70746081225373 6.967482838254242)",3.3810742963665046,3.3780719100572667,9210,0,6457,1283
1292,"1292,5/11/2024,LINESTRING(100.70746088870271 6.967482801426063,,,",6460,6465,6460,20241030RUN01,,,,,,,05/11/2024,3.4610416123720054,2.372446250449161,2.370240252679352,1.9933367704938632,3.4610416123720054,1.0908013596926531,"LINESTRING(100.70746081225373 6.967482838254242,100.70730131169456 6.967397625745275)",2.9156409325256787,2.9850405133809996,9210,0,6462,1284
1293,"1293,5/11/2024,LINESTRING(100.70742028015812 6.9674628602806425,,,",6465,6470,6465,20241030RUN01,,,,,,,05/11/2024,3.4610416123720054,2.372446250449161,2.370240252679352,1.9933367704938632,3.4610416123720054,1.0908013596926531,"LINESTRING(100.70746081225373 6.967482838254242,100.70730131169456 6.967397625745275)",2.9156409325256787,2.811363861042887,9210,0,6467,1285
1294,"1294,5/11/2024,LINESTRING(100.7073798208433 6.96744261995974,,,",6470,6475,6470,20241030RUN01,,,,,,,05/11/2024,3.4610416123720054,2.372446250449161,2.370240252679352,1.9933367704938632,3.4610416123720054,1.0908013596926531,"LINESTRING(100.70746081225373 6.967482838254242,100.70730131169456 6.967397625745275)",2.9156409325256787,3.125191864094985,9210,0,6472,1286
1295,"1295,5/11/2024,LINESTRING(100.70734003957519 6.967421085276577,,,",6475,6480,6475,20241030RUN01,,,,,,,05/11/2024,3.4610416123720054,2.372446250449161,2.370240252679352,1.9933367704938632,3.4610416123720054,1.0908013596926531,"LINESTRING(100.70746081225373 6.967482838254242,100.70730131169456 6.967397625745275)",2.9156409325256787,2.868702929822568,9210,0,6477,1287
1296,"1296,5/11/2024,LINESTRING(100.70730138838069 6.967397589122315,,,",6480,6485,6480,20241030RUN01,,,,,,,05/11/2024,22.86827803897358,25.20587411132929,24.05988412031578,20.424912919389136,24.05988412031578,1.1916060813422007,"LINESTRING(100.70730131169456 6.967397625745275,100.70714891480327 6.967303176907548)",23.46408107964468,23.542718177558672,9210,0,6482,1288
1297,"1297,5/11/2024,LINESTRING(100.70726403694832 6.96737207920706,,,",6485,6490,6485,20241030RUN01,,,,,,,05/11/2024,22.86827803897358,25.20587411132929,24.05988412031578,20.424912919389136,24.05988412031578,1.1916060813422007,"LINESTRING(100.70730131169456 6.967397625745275,100.70714891480327 6.967303176907548)",23.46408107964468,21.268319145285414,9210,0,6487,1289
1298,"1298,5/11/2024,LINESTRING(100.70722787481317 6.96734490924215,,,",6490,6495,6490,20241030RUN01,,,,,,,05/11/2024,22.86827803897358,25.20587411132929,24.05988412031578,20.424912919389136,24.05988412031578,1.1916060813422007,"LINESTRING(100.70730131169456 6.967397625745275,100.70714891480327 6.967303176907548)",23.46408107964468,23.4311943998241,9210,0,6492,1290
1299,"1299,5/11/2024,LINESTRING(100.70719157291744 6.967317965387604,,,",6495,6500,6495,20241030RUN01,,,,,,,05/11/2024,22.86827803897358,25.20587411132929,24.05988412031578,20.424912919389136,24.05988412031578,1.1916060813422007,"LINESTRING(100.70730131169456 6.967397625745275,100.70714891480327 6.967303176907548)",23.46408107964468,25.55051849925068,9210,0,6497,1291
1300,"1300,5/11/2024,LINESTRING(100.70714899892704 6.967303137123496,,,",6500,6505,6500,20241030RUN01,,,,,,,05/11/2024,23.070406183588474,34.02302490902462,18.65559608965706,27.80491695389253,23.070406183588474,4.414810093931415,"LINESTRING(100.70714891480327 6.967303176907548,100.7069809294788 6.967238832590304)",20.863001136622767,19.609463158835396,9210,0,6502,1292
1301,"1301,5/11/2024,LINESTRING(100.70710479997425 6.967293489770818,,,",6505,6510,6505,20241030RUN01,,,,,,,05/11/2024,23.070406183588474,34.02302490902462,18.65559608965706,27.80491695389253,23.070406183588474,4.414810093931415,"LINESTRING(100.70714891480327 6.967303176907548,100.7069809294788 6.967238832590304)",20.863001136622767,21.2702704544632,9210,0,6507,1293
1302,"1302,5/11/2024,LINESTRING(100.70706196063827 6.967278990538481,,,",6510,6515,6510,20241030RUN01,,,,,,,05/11/2024,23.070406183588474,34.02302490902462,18.65559608965706,27.80491695389253,23.070406183588474,4.414810093931415,"LINESTRING(100.70714891480327 6.967303176907548,100.7069809294788 6.967238832590304)",20.863001136622767,20.42931712434922,9210,0,6512,1294
1303,"1303,5/11/2024,LINESTRING(100.70702068755652 6.967260511372028,,,",6515,6520,6515,20241030RUN01,,,,,,,05/11/2024,23.070406183588474,34.02302490902462,18.65559608965706,27.80491695389253,23.070406183588474,4.414810093931415,"LINESTRING(100.70714891480327 6.967303176907548,100.7069809294788 6.967238832590304)",20.863001136622767,22.357072196697555,9210,0,6517,1295
1304,"1304,5/11/2024,LINESTRING(100.70698101512168 6.967238792404541,,,",6520,6525,6520,20241030RUN01,,,,,,,05/11/2024,14.093876294166328,13.081118075265788,14.399194124260188,13.749333884479135,14.399194124260188,0.305317830093859,"LINESTRING(100.7069809294788 6.967238832590304,100.7068401821677 6.967125874240719)",14.246535209213258,14.638847139756063,9210,0,6522,1296
1305,"1305,5/11/2024,LINESTRING(100.70694316190443 6.967214043177183,,,",6525,6530,6525,20241030RUN01,,,,,,,05/11/2024,14.093876294166328,13.081118075265788,14.399194124260188,13.749333884479135,14.399194124260188,0.305317830093859,"LINESTRING(100.7069809294788 6.967238832590304,100.7068401821677 6.967125874240719)",14.246535209213258,13.023632892015113,9210,0,6528,1297
1306,"1306,5/11/2024,LINESTRING(100.70690721293498 6.967186600953376,,,",6530,6535,6530,20241030RUN01,,,,,,,05/11/2024,14.093876294166328,13.081118075265788,14.399194124260188,13.749333884479135,14.399194124260188,0.305317830093859,"LINESTRING(100.7069809294788 6.967238832590304,100.7068401821677 6.967125874240719)",14.246535209213258,14.284901468415539,9210,0,6533,1298
1307,"1307,5/11/2024,LINESTRING(100.70687285407067 6.967157191815057,,,",6535,6540,6535,20241030RUN01,,,,,,,05/11/2024,14.093876294166328,13.081118075265788,14.399194124260188,13.749333884479135,14.399194124260188,0.305317830093859,"LINESTRING(100.7069809294788 6.967238832590304,100.7068401821677 6.967125874240719)",14.246535209213258,15.316914341445091,9210,0,6538,1299
1308,"1308,5/11/2024,LINESTRING(100.70684026977392 6.96712583353839,,,",6540,6545,6540,20241030RUN01,,,,,,,05/11/2024,6.189348603542999,4.44174422994511,3.815017570687025,2.2915286475926373,6.189348603542999,2.3743310328559746,"LINESTRING(100.7068401821677 6.967125874240719,100.70673279874028 6.9669807827791095)",5.002183087115013,4.81862026323939,9210,0,6543,1300
1309,"1309,5/11/2024,LINESTRING(100.70681006451544 6.967092185313873,,,",6545,6550,6545,20241030RUN01,,,,,,,05/11/2024,6.189348603542999,4.44174422994511,3.815017570687025,2.2915286475926373,6.189348603542999,2.3743310328559746,"LINESTRING(100.7068401821677 6.967125874240719,100.70673279874028 6.9669807827791095)",5.002183087115013,5.001952317074199,9210,0,6548,1301
1310,"1310,5/11/2024,LINESTRING(100.70678250030946 6.967056343616192,,,",6550,6555,6550,20241030RUN01,,,,,,,05/11/2024,6.189348603542999,4.44174422994511,3.815017570687025,2.2915286475926373,6.189348603542999,2.3743310328559746,"LINESTRING(100.7068401821677 6.967125874240719,100.70673279874028 6.9669807827791095)",5.002183087115013,4.981073088113793,9210,0,6553,1302
1311,"1311,5/11/2024,LINESTRING(100.70675704849532 6.967018967622039,,,",6555,6560,6555,20241030RUN01,,,,,,,05/11/2024,6.189348603542999,4.44174422994511,3.815017570687025,2.2915286475926373,6.189348603542999,2.3743310328559746,"LINESTRING(100.7068401821677 6.967125874240719,100.70673279874028 6.9669807827791095)",5.002183087115013,4.95846778171609,9210,0,6558,1303
1312,"1312,5/11/2024,LINESTRING(100.70673288984356 6.966980740917485,,,",6560,6565,6560,20241030RUN01,,,,,,,05/11/2024,-1.0,-1.0,10.448588924407222,15.018165352912533,10.448588924407222,11.448588924407222,"LINESTRING(100.70673279874028 6.9669807827791095,100.70663760393023 6.96682698499188)",4.724294462203611,5.1480245194603516,9210,0,6563,1304
1313,"1313,5/11/2024,LINESTRING(100.7067093407578 6.966942135197296,,,",6565,6570,6565,20241030RUN01,,,,,,,05/11/2024,-1.0,-1.0,10.448588924407222,15.018165352912533,10.448588924407222,11.448588924407222,"LINESTRING(100.70673279874028 6.9669807827791095,100.70663760393023 6.96682698499188)",4.724294462203611,4.294521868483066,9210,0,6568,1305
1314,"1314,5/11/2024,LINESTRING(100.706685911482 6.966903456659661,,,",6570,6575,6570,20241030RUN01,,,,,,,05/11/2024,-1.0,-1.0,10.448588924407222,15.018165352912533,10.448588924407222,11.448588924407222,"LINESTRING(100.70673279874028 6.9669807827791095,100.70663760393023 6.96682698499188)",4.724294462203611,4.754405277894473,9210,0,6573,1306
1315,"1315,5/11/2024,LINESTRING(100.70666218478 6.966864959761742,,,",6575,6580,6575,20241030RUN01,,,,,,,05/11/2024,-1.0,-1.0,10.448588924407222,15.018165352912533,10.448588924407222,11.448588924407222,"LINESTRING(100.70673279874028 6.9669807827791095,100.70663760393023 6.96682698499188)",4.724294462203611,4.530703872746977,9210,0,6578,1307
1316,"1316,5/11/2024,LINESTRING(nan nan,,,",6580,6585,6580,20241030RUN01,,,,,,,05/11/2024,-1.0,-1.0,-1.0,-1.0,-1.0,0.0,"LINESTRING(100.70663760393023 6.96682698499188,100.70651825024288 6.966692207852875)",-1.0,-0.9303919100862619,9210,0,6583,1308
1317,"1317,5/11/2024,LINESTRING(nan nan,,,",6585,6590,6585,20241030RUN01,,,,,,,05/11/2024,-1.0,-1.0,-1.0,-1.0,-1.0,0.0,"LINESTRING(100.70663760393023 6.96682698499188,100.70651825024288 6.966692207852875)",-1.0,-0.9627079475316853,9210,0,6588,1309
1318,"1318,5/11/2024,LINESTRING(nan nan,,,",6590,6595,6590,20241030RUN01,,,,,,,05/11/2024,-1.0,-1.0,-1.0,-1.0,-1.0,0.0,"LINESTRING(100.70663760393023 6.96682698499188,100.70651825024288 6.966692207852875)",-1.0,-1.0011552132277455,9210,0,6593,1310
1319,"1319,5/11/2024,LINESTRING(nan nan,,,",6595,6600,6595,20241030RUN01,,,,,,,05/11/2024,-1.0,-1.0,-1.0,-1.0,-1.0,0.0,"LINESTRING(100.70663760393023 6.96682698499188,100.70651825024288 6.966692207852875)",-1.0,-1.03885106066915,9210,0,6598,1311
1320,"1320,5/11/2024,LINESTRING(100.70651827911777 6.9666921946444935,,,",6600,6605,6600,20241030RUN01,,,,,,,05/11/2024,-1.0,-1.0,-1.0,-1.0,-1.0,0.0,"LINESTRING(100.70651825024288 6.966692207852875,100.70635488445 6.9666177450074205)",-1.0,-0.9489977202803578,9210,0,6603,1312
1321,"1321,5/11/2024,LINESTRING(nan nan,,,",6605,6610,6605,20241030RUN01,,,,,,,05/11/2024,-1.0,-1.0,-1.0,-1.0,-1.0,0.0,"LINESTRING(100.70651825024288 6.966692207852875,100.70635488445 6.9666177450074205)",-1.0,-1.0197901336866015,9210,0,6608,1313
1322,"1322,5/11/2024,LINESTRING(nan nan,,,",6610,6615,6610,20241030RUN01,,,,,,,05/11/2024,-1.0,-1.0,-1.0,-1.0,-1.0,0.0,"LINESTRING(100.70651825024288 6.966692207852875,100.70635488445 6.9666177450074205)",-1.0,-0.9864365241419383,9210,0,6613,1314
1323,"1323,5/11/2024,LINESTRING(nan nan,,,",6615,6620,6615,20241030RUN01,,,,,,,05/11/2024,-1.0,-1.0,-1.0,-1.0,-1.0,0.0,"LINESTRING(100.70651825024288 6.966692207852875,100.70635488445 6.9666177450074205)",-1.0,-1.0753544489893947,9210,0,6618,1315
1324,"1324,5/11/2024,LINESTRING(100.70635493171328 6.966617723774107,,,",6620,6625,6620,20241030RUN01,,,,,,,05/11/2024,-1.0,-1.0,-1.0,-1.0,-1.0,0.0,"LINESTRING(100.70635488445 6.9666177450074205,100.70617711776643 6.96658430743435)",-1.0,-1.0595555420546698,9210,0,6623,1316
1325,"1325,5/11/2024,LINESTRING(nan nan,,,",6625,6630,6625,20241030RUN01,,,,,,,05/11/2024,-1.0,-1.0,-1.0,-1.0,-1.0,0.0,"LINESTRING(100.70635488445 6.9666177450074205,100.70617711776643 6.96658430743435)",-1.0,-1.0761136250760786,9210,0,6628,1317
1326,"1326,5/11/2024,LINESTRING(nan nan,,,",6630,6635,6630,20241030RUN01,,,,,,,05/11/2024,-1.0,-1.0,-1.0,-1.0,-1.0,0.0,"LINESTRING(100.70635488445 6.9666177450074205,100.70617711776643 6.96658430743435)",-1.0,-0.9393173542447679,9210,0,6633,1318
1327,"1327,5/11/2024,LINESTRING(nan nan,,,",6635,6640,6635,20241030RUN01,,,,,,,05/11/2024,-1.0,-1.0,-1.0,-1.0,-1.0,0.0,"LINESTRING(100.70635488445 6.9666177450074205,100.70617711776643 6.96658430743435)",-1.0,-0.9150908012851722,9210,0,6638,1319
1328,"1328,5/11/2024,LINESTRING(nan nan,,,",6640,6645,6640,20241030RUN01,,,,,,,05/11/2024,-1.0,-1.0,-1.0,-1.0,-1.0,0.0,"LINESTRING(100.70617711776643 6.96658430743435,100.70600024341165 6.966546156304802)",-1.0,-1.086216384588904,9210,0,6643,1320
1329,"1329,5/11/2024,LINESTRING(nan nan,,,",6645,6650,6645,20241030RUN01,,,,,,,05/11/2024,-1.0,-1.0,-1.0,-1.0,-1.0,0.0,"LINESTRING(100.70617711776643 6.96658430743435,100.70600024341165 6.966546156304802)",-1.0,-1.0210564594618576,9210,0,6648,1321
1330,"1330,5/11/2024,LINESTRING(nan nan,,,",6650,6655,6650,20241030RUN01,,,,,,,05/11/2024,-1.0,-1.0,-1.0,-1.0,-1.0,0.0,"LINESTRING(100.70617711776643 6.96658430743435,100.70600024341165 6.966546156304802)",-1.0,-0.9606712592200781,9210,0,6653,1322
1331,"1331,5/11/2024,LINESTRING(nan nan,,,",6655,6660,6655,20241030RUN01,,,,,,,05/11/2024,-1.0,-1.0,-1.0,-1.0,-1.0,0.0,"LINESTRING(100.70617711776643 6.96658430743435,100.70600024341165 6.966546156304802)",-1.0,-1.0336778546331344,9210,0,6658,1323
1332,"1332,5/11/2024,LINESTRING(nan nan,,,",6660,6665,6660,20241030RUN01,,,,,,,05/11/2024,-1.0,-1.0,-1.0,-1.0,-1.0,0.0,"LINESTRING(100.70600024341165 6.966546156304802,100.70582896913884 6.96648820940689)",-1.0,-0.9018381726589878,9210,0,6663,1324
1333,"1333,5/11/2024,LINESTRING(nan nan,,,",6665,6670,6665,20241030RUN01,,,,,,,05/11/2024,-1.0,-1.0,-1.0,-1.0,-1.0,0.0,"LINESTRING(100.70600024341165 6.966546156304802,100.70582896913884 6.96648820940689)",-1.0,-0.9666289418223667,9210,0,6668,1325
1334,"1334,5/11/2024,LINESTRING(nan nan,,,",6670,6675,6670,20241030RUN01,,,,,,,05/11/2024,-1.0,-1.0,-1.0,-1.0,-1.0,0.0,"LINESTRING(100.70600024341165 6.966546156304802,100.70582896913884 6.96648820940689)",-1.0,-1.092439912334041,9210,0,6673,1326
1335,"1335,5/11/2024,LINESTRING(nan nan,,,",6675,6680,6675,20241030RUN01,,,,,,,05/11/2024,-1.0,-1.0,-1.0,-1.0,-1.0,0.0,"LINESTRING(100.70600024341165 6.966546156304802,100.70582896913884 6.96648820940689)",-1.0,-1.099481571494729,9210,0,6679,1327
1336,"1336,5/11/2024,LINESTRING(nan nan,,,",6680,6685,6680,20241030RUN01,,,,,,,05/11/2024,-1.0,-1.0,-1.0,-1.0,-1.0,0.0,"LINESTRING(100.70582896913884 6.96648820940689,100.7056676058858 6.966406562046946)",-1.0,-0.9079321154083886,9210,0,6684,1328
1337,"1337,5/11/2024,LINESTRING(nan nan,,,",6685,6690,6685,20241030RUN01,,,,,,,05/11/2024,-1.0,-1.0,-1.0,-1.0,-1.0,0.0,"LINESTRING(100.70582896913884 6.96648820940689,100.7056676058858 6.966406562046946)",-1.0,-0.9555246265918147,9210,0,6689,1329
1338,"1338,5/11/2024,LINESTRING(nan nan,,,",6690,6695,6690,20241030RUN01,,,,,,,05/11/2024,-1.0,-1.0,-1.0,-1.0,-1.0,0.0,"LINESTRING(100.70582896913884 6.96648820940689,100.7056676058858 6.966406562046946)",-1.0,-0.950193424732499,9210,0,6694,1330
1339,"1339,5/11/2024,LINESTRING(nan nan,,,",6695,6700,6695,20241030RUN01,,,,,,,05/11/2024,-1.0,-1.0,-1.0,-1.0,-1.0,0.0,"LINESTRING(100.70582896913884 6.96648820940689,100.7056676058858 6.966406562046946)",-1.0,-1.041703116562205,9210,0,6699,1331
1340,"1340,5/11/2024,LINESTRING(nan nan,,,",6700,6705,6700,20241030RUN01,,,,,,,05/11/2024,-1.0,-1.0,-1.0,-1.0,-1.0,0.0,"LINESTRING(100.7056676058858 6.966406562046946,100.7055111557694 6.96631563566161)",-1.0,-0.9589828075494645,9210,0,6704,1332
1341,"1341,5/11/2024,LINESTRING(nan nan,,,",6705,6710,6705,20241030RUN01,,,,,,,05/11/2024,-1.0,-1.0,-1.0,-1.0,-1.0,0.0,"LINESTRING(100.7056676058858 6.966406562046946,100.7055111557694 6.96631563566161)",-1.0,-1.007673114686083,9210,0,6709,1333
1342,"1342,5/11/2024,LINESTRING(nan nan,,,",6710,6715,6710,20241030RUN01,,,,,,,05/11/2024,-1.0,-1.0,-1.0,-1.0,-1.0,0.0,"LINESTRING(100.7056676058858 6.966406562046946,100.7055111557694 6.96631563566161)",-1.0,-0.9420391747404918,9210,0,6714,1334
1343,"1343,5/11/2024,LINESTRING(nan nan,,,",6715,6720,6715,20241030RUN01,,,,,,,05/11/2024,-1.0,-1.0,-1.0,-1.0,-1.0,0.0,"LINESTRING(100.7056676058858 6.966406562046946,100.7055111557694 6.96631563566161)",-1.0,-1.025308067129524,9210,0,6719,1335
1344,"1344,5/11/2024,LINESTRING(nan nan,,,",6720,6725,6720,20241030RUN01,,,,,,,05/11/2024,-1.0,-1.0,-1.0,-1.0,-1.0,0.0,"LINESTRING(100.7055111557694 6.96631563566161,100.70535395925937 6.966226005135386)",-1.0,-1.0096575716365679,9210,0,6724,1336
1345,"1345,5/11/2024,LINESTRING(nan nan,,,",6725,6730,6725,20241030RUN01,,,,,,,05/11/2024,-1.0,-1.0,-1.0,-1.0,-1.0,0.0,"LINESTRING(100.7055111557694 6.96631563566161,100.70535395925937 6.966226005135386)",-1.0,-0.9331357199140398,9210,0,6729,1337
1346,"1346,5/11/2024,LINESTRING(nan nan,,,",6730,6735,6730,20241030RUN01,,,,,,,05/11/2024,-1.0,-1.0,-1.0,-1.0,-1.0,0.0,"LINESTRING(100.7055111557694 6.96631563566161,100.70535395925937 6.966226005135386)",-1.0,-0.990888407123953,9210,0,6734,1338
1347,"1347,5/11/2024,LINESTRING(nan nan,,,",6735,6740,6735,20241030RUN01,,,,,,,05/11/2024,-1.0,-1.0,-1.0,-1.0,-1.0,0.0,"LINESTRING(100.7055111557694 6.96631563566161,100.70535395925937 6.966226005135386)",-1.0,-0.9402757117120119,9210,0,6739,1339
1348,"1348,5/11/2024,LINESTRING(nan nan,,,",6740,6745,6740,20241030RUN01,,,,,,,05/11/2024,-1.0,-1.0,-1.0,-1.0,-1.0,0.0,"LINESTRING(100.70535395925937 6.966226005135386,100.70519738705423 6.966135293998305)",-1.0,-0.9941730748901108,9210,0,6744,1340
1349,"1349,5/11/2024,LINESTRING(nan nan,,,",6745,6750,6745,20241030RUN01,,,,,,,05/11/2024,-1.0,-1.0,-1.0,-1.0,-1.0,0.0,"LINESTRING(100.70535395925937 6.966226005135386,100.70519738705423 6.966135293998305)",-1.0,-0.995851501362517,9210,0,6749,1341
1350,"1350,5/11/2024,LINESTRING(nan nan,,,",6750,6755,6750,20241030RUN01,,,,,,,05/11/2024,-1.0,-1.0,-1.0,-1.0,-1.0,0.0,"LINESTRING(100.70535395925937 6.966226005135386,100.70519738705423 6.966135293998305)",-1.0,-0.9901850513246,9210,0,6754,1342
1351,"1351,5/11/2024,LINESTRING(nan nan,,,",6755,6760,6755,20241030RUN01,,,,,,,05/11/2024,-1.0,-1.0,-1.0,-1.0,-1.0,0.0,"LINESTRING(100.70535395925937 6.966226005135386,100.70519738705423 6.966135293998305)",-1.0,-1.0470077082916778,9210,0,6759,1343
1352,"1352,5/11/2024,LINESTRING(nan nan,,,",6760,6765,6760,20241030RUN01,,,,,,,05/11/2024,-1.0,-1.0,-1.0,-1.0,-1.0,0.0,"LINESTRING(100.70519738705423 6.966135293998305,100.70504124113221 6.966043720480733)",-1.0,-0.9227124804016227,9210,0,6764,1344
1353,"1353,5/11/2024,LINESTRING(nan nan,,,",6765,6770,6765,20241030RUN01,,,,,,,05/11/2024,-1.0,-1.0,-1.0,-1.0,-1.0,0.0,"LINESTRING(100.70519738705423 6.966135293998305,100.70504124113221 6.966043720480733)",-1.0,-1.005153952325317,9210,0,6769,1345
1354,"1354,5/11/2024,LINESTRING(100.70511951137634 6.966089201611501,,,",6770,6775,6770,20241030RUN01,,,,,,,05/11/2024,-1.0,-1.0,-1.0,-1.0,-1.0,0.0,"LINESTRING(100.70519738705423 6.966135293998305,100.70504124113221 6.966043720480733)",-1.0,-0.9906344320651214,9210,0,6774,1346
1355,"1355,5/11/2024,LINESTRING(100.70508044749626 6.966066384350149,,,",6775,6780,6775,20241030RUN01,,,,,,,05/11/2024,-1.0,-1.0,-1.0,-1.0,-1.0,0.0,"LINESTRING(100.70519738705423 6.966135293998305,100.70504124113221 6.966043720480733)",-1.0,-1.0542948723848906,9210,0,6779,1347
1356,"1356,5/11/2024,LINESTRING(100.70504130968462 6.9660436917385775,,,",6780,6785,6780,20241030RUN01,,,,,,,05/11/2024,305.01399860569103,250.05057100531812,279.854947355894,349.53363772120434,305.01399860569103,25.159051249797077,"LINESTRING(100.70504124113221 6.966043720480733,100.70488306409545 6.9659558658302485)",292.4344729807925,296.2303747794168,9210,0,6784,1348
1357,"1357,5/11/2024,LINESTRING(100.7050020767612 6.96602116697012,,,",6785,6790,6785,20241030RUN01,,,,,,,05/11/2024,305.01399860569103,250.05057100531812,279.854947355894,349.53363772120434,305.01399860569103,25.159051249797077,"LINESTRING(100.70504124113221 6.966043720480733,100.70488306409545 6.9659558658302485)",292.4344729807925,300.17248645828175,9210,0,6789,1349
1358,"1358,5/11/2024,LINESTRING(100.70496268224966 6.965998925244517,,,",6790,6795,6790,20241030RUN01,,,,,,,05/11/2024,305.01399860569103,250.05057100531812,279.854947355894,349.53363772120434,305.01399860569103,25.159051249797077,"LINESTRING(100.70504124113221 6.966043720480733,100.70488306409545 6.9659558658302485)",292.4344729807925,288.0284150308032,9210,0,6794,1350
1359,"1359,5/11/2024,LINESTRING(100.70492305005003 6.965977106835042,,,",6795,6800,6795,20241030RUN01,,,,,,,05/11/2024,305.01399860569103,250.05057100531812,279.854947355894,349.53363772120434,305.01399860569103,25.159051249797077,"LINESTRING(100.70504124113221 6.966043720480733,100.70488306409545 6.9659558658302485)",292.4344729807925,285.5265979064836,9210,0,6799,1351
1360,"1360,5/11/2024,LINESTRING(100.70488311866963 6.9659558430912005,,,",6800,6805,6800,20241030RUN01,,,,,,,05/11/2024,304.43732490592333,298.7194292122029,290.2670298822789,261.01341216411095,304.43732490592333,14.170295023644428,"LINESTRING(100.70488306409545 6.9659558658302485,100.70471908323756 6.965879435832561)",297.3521773941011,298.5404459195826,9210,0,6804,1352
1361,"1361,5/11/2024,LINESTRING(100.70484276350466 6.965935412445993,,,",6805,6810,6805,20241030RUN01,,,,,,,05/11/2024,304.43732490592333,298.7194292122029,290.2670298822789,261.01341216411095,304.43732490592333,14.170295023644428,"LINESTRING(100.70488306409545 6.9659558658302485,100.70471908323756 6.965879435832561)",297.3521773941011,297.7923524324333,9210,0,6809,1353
1362,"1362,5/11/2024,LINESTRING(100.70480191411308 6.965915965087567,,,",6810,6815,6810,20241030RUN01,,,,,,,05/11/2024,304.43732490592333,298.7194292122029,290.2670298822789,261.01341216411095,304.43732490592333,14.170295023644428,"LINESTRING(100.70488306409545 6.9659558658302485,100.70471908323756 6.965879435832561)",297.3521773941011,317.06908141900834,9210,0,6814,1354
1363,"1363,5/11/2024,LINESTRING(100.70476068576467 6.9658973321247215,,,",6815,6820,6815,20241030RUN01,,,,,,,05/11/2024,304.43732490592333,298.7194292122029,290.2670298822789,261.01341216411095,304.43732490592333,14.170295023644428,"LINESTRING(100.70488306409545 6.9659558658302485,100.70471908323756 6.965879435832561)",297.3521773941011,276.0953884356377,9210,0,6819,1355
1364,"1364,5/11/2024,LINESTRING(100.70471914843458 6.965879408960711,,,",6820,6825,6820,20241030RUN01,,,,,,,05/11/2024,258.9968404537084,238.3118958656453,231.8834257381997,205.00078940032225,258.9968404537084,27.113414715508725,"LINESTRING(100.70471908323756 6.965879435832561,100.7045516201579 6.965810796609281)",245.44013309595402,247.57066953178378,9210,0,6824,1356
1365,"1365,5/11/2024,LINESTRING(100.70467735761866 6.965862079077216,,,",6825,6830,6825,20241030RUN01,,,,,,,05/11/2024,258.9968404537084,238.3118958656453,231.8834257381997,205.00078940032225,258.9968404537084,27.113414715508725,"LINESTRING(100.70471908323756 6.965879435832561,100.7045516201579 6.965810796609281)",245.44013309595402,239.03293072351485,9210,0,6829,1357
1366,"1366,5/11/2024,LINESTRING(100.70463541992784 6.965845120253127,,,",6830,6835,6830,20241030RUN01,,,,,,,05/11/2024,258.9968404537084,238.3118958656453,231.8834257381997,205.00078940032225,258.9968404537084,27.113414715508725,"LINESTRING(100.70471908323756 6.965879435832561,100.7045516201579 6.965810796609281)",245.44013309595402,263.0102744776721,9210,0,,
1367,"1367,5/11/2024,LINESTRING(100.70459345733076 6.965828240250447,,,",6835,6840,6835,20241030RUN01,,,,,,,05/11/2024,258.9968404537084,238.3118958656453,231.8834257381997,205.00078940032225,258.9968404537084,27.113414715508725,"LINESTRING(100.70471908323756 6.965879435832561,100.7045516201579 6.965810796609281)",245.44013309595402,232.1513153602994,9210,0,6835,1358
1368,"1368,5/11/2024,LINESTRING(100.7045517376085 6.965810748837831,,,",6840,6845,6840,20241030RUN01,,,,,,,05/11/2024,-1.0,-1.0,-1.0,-1.0,-1.0,0.0,"LINESTRING(100.7045516201579 6.965810796609281,100.70440154047185 6.965712422860242)",-1.0,-0.9240026901193256,9210,0,6840,1359
1369,"1369,5/11/2024,LINESTRING(100.70451073780104 6.965791637836687,,,",6845,6850,6845,20241030RUN01,,,,,,,05/11/2024,-1.0,-1.0,-1.0,-1.0,-1.0,0.0,"LINESTRING(100.7045516201579 6.965810796609281,100.70440154047185 6.965712422860242)",-1.0,-0.9317265350448094,9210,0,6845,1360
1370,"1370,5/11/2024,LINESTRING(100.70447121430574 6.965769630105271,,,",6850,6855,6850,20241030RUN01,,,,,,,05/11/2024,-1.0,-1.0,-1.0,-1.0,-1.0,0.0,"LINESTRING(100.7045516201579 6.965810796609281,100.70440154047185 6.965712422860242)",-1.0,-1.0798589883677305,9210,0,6850,1361
1371,"1371,5/11/2024,LINESTRING(100.70443432842329 6.9657434958587885,,,",6855,6860,6855,20241030RUN01,,,,,,,05/11/2024,-1.0,-1.0,-1.0,-1.0,-1.0,0.0,"LINESTRING(100.7045516201579 6.965810796609281,100.70440154047185 6.965712422860242)",-1.0,-0.961647425470292,9210,0,6855,1362
1372,"1372,5/11/2024,LINESTRING(nan nan,,,",6860,6865,6860,20241030RUN01,,,,,,,05/11/2024,-1.0,-1.0,-1.0,-1.0,-1.0,0.0,"LINESTRING(100.70440154047185 6.965712422860242,100.7043561222583 6.965547684197517)",-1.0,-1.054211128608722,9210,0,6860,1363
1373,"1373,5/11/2024,LINESTRING(nan nan,,,",6865,6870,6865,20241030RUN01,,,,,,,05/11/2024,-1.0,-1.0,-1.0,-1.0,-1.0,0.0,"LINESTRING(100.70440154047185 6.965712422860242,100.7043561222583 6.965547684197517)",-1.0,-1.0132824340471447,9210,0,6865,1364
1374,"1374,5/11/2024,LINESTRING(nan nan,,,",6870,6875,6870,20241030RUN01,,,,,,,05/11/2024,-1.0,-1.0,-1.0,-1.0,-1.0,0.0,"LINESTRING(100.70440154047185 6.965712422860242,100.7043561222583 6.965547684197517)",-1.0,-1.0452784753697917,9210,0,6870,1365
1375,"1375,5/11/2024,LINESTRING(100.70434851977835 6.965592132581559,,,",6875,6880,6875,20241030RUN01,,,,,,,05/11/2024,-1.0,-1.0,-1.0,-1.0,-1.0,0.0,"LINESTRING(100.70440154047185 6.965712422860242,100.7043561222583 6.965547684197517)",-1.0,-1.0805960890738713,9210,0,6875,1366
1376,"1376,5/11/2024,LINESTRING(100.70435625517293 6.965547631238649,,,",6880,6885,6880,20241030RUN01,,,,,,,05/11/2024,-1.0,-1.0,288.6668759199077,296.5047237837021,288.6668759199077,289.6668759199077,"LINESTRING(100.7043561222583 6.965547684197517,100.70431345492305 6.965375263337825)",143.83343795995384,133.2883040182648,9210,0,6880,1367
1377,"1377,5/11/2024,LINESTRING(100.70435005314464 6.965505127921494,,,",6885,6890,6885,20241030RUN01,,,,,,,05/11/2024,-1.0,-1.0,288.6668759199077,296.5047237837021,288.6668759199077,289.6668759199077,"LINESTRING(100.7043561222583 6.965547684197517,100.70431345492305 6.965375263337825)",143.83343795995384,145.2590760650711,9210,0,6885,1368
1378,"1378,5/11/2024,LINESTRING(100.70433263749446 6.965463419764411,,,",6890,6895,6890,20241030RUN01,,,,,,,05/11/2024,-1.0,-1.0,288.6668759199077,296.5047237837021,288.6668759199077,289.6668759199077,"LINESTRING(100.7043561222583 6.965547684197517,100.70431345492305 6.965375263337825)",143.83343795995384,153.17700914605592,9210,0,6890,1369
1379,"1379,5/11/2024,LINESTRING(100.70432065821531 6.965419872217573,,,",6895,6900,6895,20241030RUN01,,,,,,,05/11/2024,-1.0,-1.0,288.6668759199077,296.5047237837021,288.6668759199077,289.6668759199077,"LINESTRING(100.7043561222583 6.965547684197517,100.70431345492305 6.965375263337825)",143.83343795995384,143.6706409916185,9210,0,6895,1370
1380,"1380,5/11/2024,LINESTRING(100.70431353798857 6.9653752305077825,,,",6900,6905,6900,20241030RUN01,,,,,,,05/11/2024,38.26924656092999,25.16242059284976,58.09682156666711,52.25255064234248,58.09682156666711,19.827575005737124,"LINESTRING(100.70431345492305 6.965375263337825,100.70428752502261 6.965196298090429)",48.18303406379855,46.2167141171476,9210,0,6900,1371
1381,"1381,5/11/2024,LINESTRING(100.70430763396807 6.965330406030102,,,",6905,6910,6905,20241030RUN01,,,,,,,05/11/2024,38.26924656092999,25.16242059284976,58.09682156666711,52.25255064234248,58.09682156666711,19.827575005737124,"LINESTRING(100.70431345492305 6.965375263337825,100.70428752502261 6.965196298090429)",48.18303406379855,48.88102178612455,9210,0,6905,1372
1382,"1382,5/11/2024,LINESTRING(100.70430159308803 6.965285599350178,,,",6910,6915,6910,20241030RUN01,,,,,,,05/11/2024,38.26924656092999,25.16242059284976,58.09682156666711,52.25255064234248,58.09682156666711,19.827575005737124,"LINESTRING(100.70431345492305 6.965375263337825,100.70428752502261 6.965196298090429)",48.18303406379855,48.901142827467645,9210,0,6910,1373
1383,"1383,5/11/2024,LINESTRING(100.70429502923956 6.965240866310908,,,",6915,6920,6915,20241030RUN01,,,,,,,05/11/2024,38.26924656092999,25.16242059284976,58.09682156666711,52.25255064234248,58.09682156666711,19.827575005737124,"LINESTRING(100.70431345492305 6.965375263337825,100.70428752502261 6.965196298090429)",48.18303406379855,48.55051895866148,9210,0,6915,1374
1384,"1384,5/11/2024,LINESTRING(100.70428759726279 6.965196269831614,,,",6920,6925,6920,20241030RUN01,,,,,,,05/11/2024,14.19374689379074,12.97794227724284,17.861724410405415,16.315216923353784,17.861724410405415,3.667977516614675,"LINESTRING(100.70428752502261 6.965196298090429,100.70424805420409 6.965019859674239)",16.027735652098077,14.803070542996466,9210,0,6920,1375
1385,"1385,5/11/2024,LINESTRING(100.70427908504884 6.9651518672747486,,,",6925,6930,6925,20241030RUN01,,,,,,,05/11/2024,14.19374689379074,12.97794227724284,17.861724410405415,16.315216923353784,17.861724410405415,3.667977516614675,"LINESTRING(100.70428752502261 6.965196298090429,100.70424805420409 6.965019859674239)",16.027735652098077,17.583640482072887,9210,0,6925,1376
1386,"1386,5/11/2024,LINESTRING(100.70426964910821 6.965107649910303,,,",6930,6935,6930,20241030RUN01,,,,,,,05/11/2024,14.19374689379074,12.97794227724284,17.861724410405415,16.315216923353784,17.861724410405415,3.667977516614675,"LINESTRING(100.70428752502261 6.965196298090429,100.70424805420409 6.965019859674239)",16.027735652098077,15.92768906943196,9210,0,6930,1377
1387,"1387,5/11/2024,LINESTRING(100.70425948727295 6.9650635942191395,,,",6935,6940,6935,20241030RUN01,,,,,,,05/11/2024,14.19374689379074,12.97794227724284,17.861724410405415,16.315216923353784,17.861724410405415,3.667977516614675,"LINESTRING(100.70428752502261 6.965196298090429,100.70424805420409 6.965019859674239)",16.027735652098077,16.037420015061993,9210,0,6935,1378
1388,"1388,5/11/2024,LINESTRING(100.70424812047577 6.965019834030016,,,",6940,6945,6940,20241030RUN01,,,,,,,05/11/2024,20.22585759836696,15.285534437570318,23.908689755841397,18.2094995979996,23.908689755841397,3.682832157474437,"LINESTRING(100.70424805420409 6.965019859674239,100.70420349049644 6.964844608622693)",22.06727367710418,22.717071974818012,9210,0,6940,1379
1389,"1389,5/11/2024,LINESTRING(100.70423624482284 6.9649762079896815,,,",6945,6950,6945,20241030RUN01,,,,,,,05/11/2024,20.22585759836696,15.285534437570318,23.908689755841397,18.2094995979996,23.908689755841397,3.682832157474437,"LINESTRING(100.70424805420409 6.965019859674239,100.70420349049644 6.964844608622693)",22.06727367710418,23.660668971567368,9210,0,6945,1380
1390,"1390,5/11/2024,LINESTRING(100.7042256647339 6.9649322515609615,,,",6950,6955,6950,20241030RUN01,,,,,,,05/11/2024,20.22585759836696,15.285534437570318,23.908689755841397,18.2094995979996,23.908689755841397,3.682832157474437,"LINESTRING(100.70424805420409 6.965019859674239,100.70420349049644 6.964844608622693)",22.06727367710418,21.58317705502329,9210,0,6950,1381
1391,"1391,5/11/2024,LINESTRING(100.70421528150159 6.964888248715136,,,",6955,6960,6955,20241030RUN01,,,,,,,05/11/2024,20.22585759836696,15.285534437570318,23.908689755841397,18.2094995979996,23.908689755841397,3.682832157474437,"LINESTRING(100.70424805420409 6.965019859674239,100.70420349049644 6.964844608622693)",22.06727367710418,20.425781082069786,9210,0,6955,1382
1392,"1392,5/11/2024,LINESTRING(100.70420354978374 6.964844585920471,,,",6960,6965,6960,20241030RUN01,,,,,,,05/11/2024,24.086401745514227,17.578046747811854,30.16170809825896,19.479959053738582,30.16170809825896,6.075306352744729,"LINESTRING(100.70420349049644 6.964844608622693,100.70415185008716 6.964671297338904)",27.124054921886593,25.603774361304822,9210,0,6960,1383
1393,"1393,5/11/2024,LINESTRING(100.7041902369377 6.964801385201159,,,",6965,6970,6965,20241030RUN01,,,,,,,05/11/2024,24.086401745514227,17.578046747811854,30.16170809825896,19.479959053738582,30.16170809825896,6.075306352744729,"LINESTRING(100.70420349049644 6.964844608622693,100.70415185008716 6.964671297338904)",27.124054921886593,25.992006200418402,9210,0,6965,1384
1394,"1394,5/11/2024,LINESTRING(100.70417710760805 6.9647581196833155,,,",6970,6975,6970,20241030RUN01,,,,,,,05/11/2024,24.086401745514227,17.578046747811854,30.16170809825896,19.479959053738582,30.16170809825896,6.075306352744729,"LINESTRING(100.70420349049644 6.964844608622693,100.70415185008716 6.964671297338904)",27.124054921886593,29.11019796004979,9210,0,6970,1385
1395,"1395,5/11/2024,LINESTRING(100.70416437893465 6.964714735655669,,,",6975,6980,6975,20241030RUN01,,,,,,,05/11/2024,24.086401745514227,17.578046747811854,30.16170809825896,19.479959053738582,30.16170809825896,6.075306352744729,"LINESTRING(100.70420349049644 6.964844608622693,100.70415185008716 6.964671297338904)",27.124054921886593,27.526734057724894,9210,0,6975,1386
1396,"1396,5/11/2024,LINESTRING(100.70415190259202 6.964671277440092,,,",6980,6985,6980,20241030RUN01,,,,,,,05/11/2024,27.258138766511887,24.809568231238,32.13952873250705,26.59718289490466,32.13952873250705,4.881389965995165,"LINESTRING(100.70415185008716 6.964671297338904,100.70410132695017 6.9644976806797185)",29.69883374950947,31.36506500568782,9210,0,6980,1387
1397,"1397,5/11/2024,LINESTRING(100.70413981624532 6.964627712717581,,,",6985,6990,6985,20241030RUN01,,,,,,,05/11/2024,27.258138766511887,24.809568231238,32.13952873250705,26.59718289490466,32.13952873250705,4.881389965995165,"LINESTRING(100.70415185008716 6.964671297338904,100.70410132695017 6.9644976806797185)",29.69883374950947,29.09491211857027,9210,0,6986,1388
1398,"1398,5/11/2024,LINESTRING(100.70412779557978 6.964584129829868,,,",6990,6995,6990,20241030RUN01,,,,,,,05/11/2024,27.258138766511887,24.809568231238,32.13952873250705,26.59718289490466,32.13952873250705,4.881389965995165,"LINESTRING(100.70415185008716 6.964671297338904,100.70410132695017 6.9644976806797185)",29.69883374950947,27.594573424176232,9210,0,6991,1389
1399,"1399,5/11/2024,LINESTRING(100.70411523420957 6.964540700771489,,,",6995,7000,6995,20241030RUN01,,,,,,,05/11/2024,27.258138766511887,24.809568231238,32.13952873250705,26.59718289490466,32.13952873250705,4.881389965995165,"LINESTRING(100.70415185008716 6.964671297338904,100.70410132695017 6.9644976806797185)",29.69883374950947,30.453995813654167,9210,0,6996,1390
1400,"1400,5/11/2024,LINESTRING(100.70410137353794 6.964497663203401,,,",7000,7005,7000,20241030RUN01,,,,,,,05/11/2024,33.73947251570556,22.848638933256357,32.60533310650733,25.34092773979003,33.73947251570556,1.1341394091982266,"LINESTRING(100.70410132695017 6.9644976806797185,100.70404549314759 6.964325700620059)",33.172402811106444,31.250008490275594,9210,0,7001,1391
1401,"1401,5/11/2024,LINESTRING(100.70408692847793 6.964454818427056,,,",7005,7010,7005,20241030RUN01,,,,,,,05/11/2024,33.73947251570556,22.848638933256357,32.60533310650733,25.34092773979003,33.73947251570556,1.1341394091982266,"LINESTRING(100.70410132695017 6.9644976806797185,100.70404549314759 6.964325700620059)",33.172402811106444,35.12093119087888,9210,0,7006,1392
1402,"1402,5/11/2024,LINESTRING(100.7040720805939 6.964412111864486,,,",7010,7015,7010,20241030RUN01,,,,,,,05/11/2024,33.73947251570556,22.848638933256357,32.60533310650733,25.34092773979003,33.73947251570556,1.1341394091982266,"LINESTRING(100.70410132695017 6.9644976806797185,100.70404549314759 6.964325700620059)",33.172402811106444,30.285088277294378,9210,0,7011,1393
1403,"1403,5/11/2024,LINESTRING(100.7040580270536 6.964369137894732,,,",7015,7020,7015,20241030RUN01,,,,,,,05/11/2024,33.73947251570556,22.848638933256357,32.60533310650733,25.34092773979003,33.73947251570556,1.1341394091982266,"LINESTRING(100.70410132695017 6.9644976806797185,100.70404549314759 6.964325700620059)",33.172402811106444,35.98232251822573,9210,0,7016,1394
1404,"1404,5/11/2024,LINESTRING(100.70404553158596 6.964325686322586,,,",7020,7025,7020,20241030RUN01,,,,,,,05/11/2024,48.44283708195836,34.32332079606102,46.82034183094076,35.377542797773415,48.44283708195836,1.6224952510175967,"LINESTRING(100.70404549314759 6.964325700620059,100.70399209558796 6.964152931224845)",47.63158945644956,48.012208306579154,9210,0,7021,1395
1405,"1405,5/11/2024,LINESTRING(100.70403327125449 6.964282167169876,,,",7025,7030,7025,20241030RUN01,,,,,,,05/11/2024,48.44283708195836,34.32332079606102,46.82034183094076,35.377542797773415,48.44283708195836,1.6224952510175967,"LINESTRING(100.70404549314759 6.964325700620059,100.70399209558796 6.964152931224845)",47.63158945644956,44.045238366669736,9210,0,7026,1396
1406,"1406,5/11/2024,LINESTRING(100.70401975800347 6.964239023505014,,,",7030,7035,7030,20241030RUN01,,,,,,,05/11/2024,48.44283708195836,34.32332079606102,46.82034183094076,35.377542797773415,48.44283708195836,1.6224952510175967,"LINESTRING(100.70404549314759 6.964325700620059,100.70399209558796 6.964152931224845)",47.63158945644956,47.712342349868244,9210,0,7031,1397
1407,"1407,5/11/2024,LINESTRING(100.70400595548053 6.964195967789651,,,",7035,7040,7035,20241030RUN01,,,,,,,05/11/2024,48.44283708195836,34.32332079606102,46.82034183094076,35.377542797773415,48.44283708195836,1.6224952510175967,"LINESTRING(100.70404549314759 6.964325700620059,100.70399209558796 6.964152931224845)",47.63158945644956,50.99717852197873,9210,0,7036,1398
1408,"1408,5/11/2024,LINESTRING(100.70399212989562 6.964152918588377,,,",7040,7045,7040,20241030RUN01,,,,,,,05/11/2024,85.21573271008833,52.04624495481362,75.4953731567333,48.307877831451954,85.21573271008833,9.720359553355038,"LINESTRING(100.70399209558796 6.964152931224845,100.70393870908906 6.963980142909313)",80.35555293341082,86.29936148232932,9210,0,7041,1399
1409,"1409,5/11/2024,LINESTRING(100.70397812455006 6.964109927817907,,,",7045,7050,7045,20241030RUN01,,,,,,,05/11/2024,85.21573271008833,52.04624495481362,75.4953731567333,48.307877831451954,85.21573271008833,9.720359553355038,"LINESTRING(100.70399209558796 6.964152931224845,100.70393870908906 6.963980142909313)",80.35555293341082,83.84605791160767,9210,0,7046,1400
1410,"1410,5/11/2024,LINESTRING(100.70396481604945 6.964066716361132,,,",7050,7055,7050,20241030RUN01,,,,,,,05/11/2024,85.21573271008833,52.04624495481362,75.4953731567333,48.307877831451954,85.21573271008833,9.720359553355038,"LINESTRING(100.70399209558796 6.964152931224845,100.70393870908906 6.963980142909313)",80.35555293341082,72.7728422573881,9210,0,7051,1401
1411,"1411,5/11/2024,LINESTRING(100.70395156203561 6.964023488182437,,,",7055,7060,7055,20241030RUN01,,,,,,,05/11/2024,85.21573271008833,52.04624495481362,75.4953731567333,48.307877831451954,85.21573271008833,9.720359553355038,"LINESTRING(100.70399209558796 6.964152931224845,100.70393870908906 6.963980142909313)",80.35555293341082,78.56880173939514,9210,0,7056,1402
1412,"1412,5/11/2024,LINESTRING(100.70393873846815 6.963980132179024,,,",7060,7065,7060,20241030RUN01,,,,,,,05/11/2024,138.66892414292994,153.40875740071604,154.57303934530765,176.534540760502,154.57303934530765,15.90411520237771,"LINESTRING(100.70393870908906 6.963980142909313,100.70389646081071 6.963804296881875)",146.6209817441188,149.23126052959475,9210,0,7061,1403
1413,"1413,5/11/2024,LINESTRING(100.70392784041917 6.963936252652472,,,",7065,7070,7065,20241030RUN01,,,,,,,05/11/2024,138.66892414292994,153.40875740071604,154.57303934530765,176.534540760502,154.57303934530765,15.90411520237771,"LINESTRING(100.70393870908906 6.963980142909313,100.70389646081071 6.963804296881875)",146.6209817441188,146.17241898581202,9210,0,7066,1404
1414,"1414,5/11/2024,LINESTRING(100.70391752258237 6.963892232743532,,,",7070,7075,7070,20241030RUN01,,,,,,,05/11/2024,138.66892414292994,153.40875740071604,154.57303934530765,176.534540760502,154.57303934530765,15.90411520237771,"LINESTRING(100.70393870908906 6.963980142909313,100.70389646081071 6.963804296881875)",146.6209817441188,156.31492812053995,9210,0,7071,1405
1415,"1415,5/11/2024,LINESTRING(100.70390673327593 6.963848326271215,,,",7075,7080,7075,20241030RUN01,,,,,,,05/11/2024,138.66892414292994,153.40875740071604,154.57303934530765,176.534540760502,154.57303934530765,15.90411520237771,"LINESTRING(100.70393870908906 6.963980142909313,100.70389646081071 6.963804296881875)",146.6209817441188,135.00315045963555,9210,0,7076,1406
1416,"1416,5/11/2024,LINESTRING(100.7038964702784 6.963804293263096,,,",7080,7085,7080,20241030RUN01,,,,,,,05/11/2024,18.91184757379432,16.927211521996036,21.68752150824029,15.660162507942134,21.68752150824029,2.7756739344459724,"LINESTRING(100.70389646081071 6.963804296881875,100.70387076827231 6.963625431899016)",20.299684541017307,18.59768888512903,9210,0,7081,1407
1417,"1417,5/11/2024,LINESTRING(100.70388763130825 6.963759955779001,,,",7085,7090,7085,20241030RUN01,,,,,,,05/11/2024,18.91184757379432,16.927211521996036,21.68752150824029,15.660162507942134,21.68752150824029,2.7756739344459724,"LINESTRING(100.70389646081071 6.963804296881875,100.70387076827231 6.963625431899016)",20.299684541017307,22.001054761281065,9210,0,7086,1408
1418,"1418,5/11/2024,LINESTRING(100.70388049273257 6.963715312605858,,,",7090,7095,7090,20241030RUN01,,,,,,,05/11/2024,18.91184757379432,16.927211521996036,21.68752150824029,15.660162507942134,21.68752150824029,2.7756739344459724,"LINESTRING(100.70389646081071 6.963804296881875,100.70387076827231 6.963625431899016)",20.299684541017307,20.65189870360911,9210,0,7091,1409
1419,"1419,5/11/2024,LINESTRING(100.70387489020672 6.9636704507958775,,,",7095,7100,7095,20241030RUN01,,,,,,,05/11/2024,18.91184757379432,16.927211521996036,21.68752150824029,15.660162507942134,21.68752150824029,2.7756739344459724,"LINESTRING(100.70389646081071 6.963804296881875,100.70387076827231 6.963625431899016)",20.299684541017307,20.181964730930744,9210,0,7096,1410
1420,"1420,5/11/2024,LINESTRING(100.70387077879215 6.963625427954878,,,",7100,7105,7100,20241030RUN01,,,,,,,05/11/2024,15.127114458528196,11.178629192762957,13.895808494006893,11.646393837032925,15.127114458528196,1.2313059645213045,"LINESTRING(100.70387076827231 6.963625431899016,100.70386788072032 6.963444709819768)",14.511461476267545,15.843642302701946,9210,0,7101,1411
1421,"1421,5/11/2024,LINESTRING(100.70386808449373 6.963580297784324,,,",7105,7110,7105,20241030RUN01,,,,,,,05/11/2024,15.127114458528196,11.178629192762957,13.895808494006893,11.646393837032925,15.127114458528196,1.2313059645213045,"LINESTRING(100.70387076827231 6.963625431899016,100.70386788072032 6.963444709819768)",14.511461476267545,14.455987337612733,9210,0,7106,1412
1422,"1422,5/11/2024,LINESTRING(100.70386671964356 6.963535107915429,,,",7110,7115,7110,20241030RUN01,,,,,,,05/11/2024,15.127114458528196,11.178629192762957,13.895808494006893,11.646393837032925,15.127114458528196,1.2313059645213045,"LINESTRING(100.70387076827231 6.963625431899016,100.70386788072032 6.963444709819768)",14.511461476267545,13.368973000926399,9210,0,7111,1413
1423,"1423,5/11/2024,LINESTRING(100.7038666542685 6.963489897418845,,,",7115,7120,7115,20241030RUN01,,,,,,,05/11/2024,15.127114458528196,11.178629192762957,13.895808494006893,11.646393837032925,15.127114458528196,1.2313059645213045,"LINESTRING(100.70387076827231 6.963625431899016,100.70386788072032 6.963444709819768)",14.511461476267545,14.544121995215322,9210,0,7116,1414
1424,"1424,5/11/2024,LINESTRING(100.70386789694051 6.963444703973777,,,",7120,7125,7120,20241030RUN01,,,,,,,05/11/2024,32.626675552759664,18.875617706718074,21.257041919394883,12.979635237720489,32.626675552759664,11.36963363336478,"LINESTRING(100.70386788072032 6.963444709819768,100.70388304437128 6.963264532219693)",26.941858736077272,27.031073496831446,9210,0,7121,1415
1425,"1425,5/11/2024,LINESTRING(100.70387043252384 6.963399564589353,,,",7125,7130,7125,20241030RUN01,,,,,,,05/11/2024,32.626675552759664,18.875617706718074,21.257041919394883,12.979635237720489,32.626675552759664,11.36963363336478,"LINESTRING(100.70386788072032 6.963444709819768,100.70388304437128 6.963264532219693)",26.941858736077272,24.595039272406407,9210,0,7126,1416
1426,"1426,5/11/2024,LINESTRING(100.70387402471658 6.963354495777978,,,",7130,7135,7130,20241030RUN01,,,,,,,05/11/2024,32.626675552759664,18.875617706718074,21.257041919394883,12.979635237720489,32.626675552759664,11.36963363336478,"LINESTRING(100.70386788072032 6.963444709819768,100.70388304437128 6.963264532219693)",26.941858736077272,28.65519939855033,9210,0,7131,1417
1427,"1427,5/11/2024,LINESTRING(100.70387837486558 6.963309493847193,,,",7135,7140,7135,20241030RUN01,,,,,,,05/11/2024,32.626675552759664,18.875617706718074,21.257041919394883,12.979635237720489,32.626675552759664,11.36963363336478,"LINESTRING(100.70386788072032 6.963444709819768,100.70388304437128 6.963264532219693)",26.941858736077272,27.767902318726748,9210,0,7136,1418
1428,"1428,5/11/2024,LINESTRING(100.70388306467922 6.9632645250592216,,,",7140,7145,7140,20241030RUN01,,,,,,,05/11/2024,24.63553756750032,17.055999307879297,19.1036212145463,14.791534076909365,24.63553756750032,5.5319163529540205,"LINESTRING(100.70388304437128 6.963264532219693,100.70389171939739 6.963084027397813)",21.86957939102331,22.232527104762774,9210,0,7142,1419
1429,"1429,5/11/2024,LINESTRING(100.70388732657615 6.963219514860806,,,",7145,7150,7145,20241030RUN01,,,,,,,05/11/2024,24.63553756750032,17.055999307879297,19.1036212145463,14.791534076909365,24.63553756750032,5.5319163529540205,"LINESTRING(100.70388304437128 6.963264532219693,100.70389171939739 6.963084027397813)",21.86957939102331,22.542820133622037,9210,0,7147,1420
1430,"1430,5/11/2024,LINESTRING(100.70389044030405 6.963174412007889,,,",7150,7155,7150,20241030RUN01,,,,,,,05/11/2024,24.63553756750032,17.055999307879297,19.1036212145463,14.791534076909365,24.63553756750032,5.5319163529540205,"LINESTRING(100.70388304437128 6.963264532219693,100.70389171939739 6.963084027397813)",21.86957939102331,22.070791328395313,9210,0,7152,1421
1431,"1431,5/11/2024,LINESTRING(100.7038919659469 6.963129228665266,,,",7155,7160,7155,20241030RUN01,,,,,,,05/11/2024,24.63553756750032,17.055999307879297,19.1036212145463,14.791534076909365,24.63553756750032,5.5319163529540205,"LINESTRING(100.70388304437128 6.963264532219693,100.70389171939739 6.963084027397813)",21.86957939102331,20.742592539624898,9210,0,7157,1422
1432,"1432,5/11/2024,LINESTRING(100.70389174002518 6.96308402021724,,,",7160,7165,7160,20241030RUN01,,,,,,,05/11/2024,29.479372981674395,20.75814530821559,35.01393137391872,20.41511916225918,35.01393137391872,5.534558392244321,"LINESTRING(100.70389171939739 6.963084027397813,100.70387493331427 6.962904083833262)",32.24665217779656,31.44575029321424,9210,0,7162,1423
1433,"1433,5/11/2024,LINESTRING(100.70388977624758 6.963038853351342,,,",7165,7170,7165,20241030RUN01,,,,,,,05/11/2024,29.479372981674395,20.75814530821559,35.01393137391872,20.41511916225918,35.01393137391872,5.534558392244321,"LINESTRING(100.70389171939739 6.963084027397813,100.70387493331427 6.962904083833262)",32.24665217779656,29.92791028908203,9210,0,7167,1424
1434,"1434,5/11/2024,LINESTRING(100.70388621970446 6.962993783650114,,,",7170,7175,7170,20241030RUN01,,,,,,,05/11/2024,29.479372981674395,20.75814530821559,35.01393137391872,20.41511916225918,35.01393137391872,5.534558392244321,"LINESTRING(100.70389171939739 6.963084027397813,100.70387493331427 6.962904083833262)",32.24665217779656,32.160037822812626,9210,0,7172,1425
1435,"1435,5/11/2024,LINESTRING(100.7038812425772 6.96294884755181,,,",7175,7180,7175,20241030RUN01,,,,,,,05/11/2024,29.479372981674395,20.75814530821559,35.01393137391872,20.41511916225918,35.01393137391872,5.534558392244321,"LINESTRING(100.70389171939739 6.963084027397813,100.70387493331427 6.962904083833262)",32.24665217779656,35.299590900550555,9210,0,7177,1426
1436,"1436,5/11/2024,LINESTRING(100.70387495842202 6.962904075270648,,,",7180,7185,7180,20241030RUN01,,,,,,,05/11/2024,18.48110514412272,13.230757087482912,28.306115243580106,17.41165215001595,28.306115243580106,9.825010099457383,"LINESTRING(100.70387493331427 6.962904083833262,100.70384095347907 6.962726477994827)",23.393610193851412,22.37560714360909,9210,0,7182,1427
1437,"1437,5/11/2024,LINESTRING(100.7038675274544 6.962859478232567,,,",7185,7190,7185,20241030RUN01,,,,,,,05/11/2024,18.48110514412272,13.230757087482912,28.306115243580106,17.41165215001595,28.306115243580106,9.825010099457383,"LINESTRING(100.70387493331427 6.962904083833262,100.70384095347907 6.962726477994827)",23.393610193851412,24.49202662621928,9210,0,7187,1428
1438,"1438,5/11/2024,LINESTRING(100.70385920943335 6.962815037445095,,,",7190,7195,7190,20241030RUN01,,,,,,,05/11/2024,18.48110514412272,13.230757087482912,28.306115243580106,17.41165215001595,28.306115243580106,9.825010099457383,"LINESTRING(100.70387493331427 6.962904083833262,100.70384095347907 6.962726477994827)",23.393610193851412,21.700715020138862,9210,0,7192,1429
1439,"1439,5/11/2024,LINESTRING(100.70385030881198 6.962770709115435,,,",7195,7200,7195,20241030RUN01,,,,,,,05/11/2024,18.48110514412272,13.230757087482912,28.306115243580106,17.41165215001595,28.306115243580106,9.825010099457383,"LINESTRING(100.70387493331427 6.962904083833262,100.70384095347907 6.962726477994827)",23.393610193851412,24.978604359191703,9210,0,7197,1430
1440,"1440,5/11/2024,LINESTRING(100.70384098342991 6.962726467970959,,,",7200,7205,7200,20241030RUN01,,,,,,,05/11/2024,40.72668817651317,29.08912198656096,49.91245053111936,37.43122103011655,49.91245053111936,9.18576235460619,"LINESTRING(100.70384095347907 6.962726477994827,100.70380353239413 6.962549540513904)",45.31956935381626,49.56181212377001,9210,0,7202,1431
1441,"1441,5/11/2024,LINESTRING(100.70383139530652 6.962682282829454,,,",7205,7210,7205,20241030RUN01,,,,,,,05/11/2024,40.72668817651317,29.08912198656096,49.91245053111936,37.43122103011655,49.91245053111936,9.18576235460619,"LINESTRING(100.70384095347907 6.962726477994827,100.70380353239413 6.962549540513904)",45.31956935381626,41.71795232694407,9210,0,7207,1432
1442,"1442,5/11/2024,LINESTRING(100.70382191272132 6.962638075076097,,,",7210,7215,7210,20241030RUN01,,,,,,,05/11/2024,40.72668817651317,29.08912198656096,49.91245053111936,37.43122103011655,49.91245053111936,9.18576235460619,"LINESTRING(100.70384095347907 6.962726477994827,100.70380353239413 6.962549540513904)",45.31956935381626,41.71897108170303,9210,0,7212,1433
1443,"1443,5/11/2024,LINESTRING(100.70381268827767 6.962593812588522,,,",7215,7220,7215,20241030RUN01,,,,,,,05/11/2024,40.72668817651317,29.08912198656096,49.91245053111936,37.43122103011655,49.91245053111936,9.18576235460619,"LINESTRING(100.70384095347907 6.962726477994827,100.70380353239413 6.962549540513904)",45.31956935381626,48.49898758114298,9210,0,7217,1434
1444,"1444,5/11/2024,LINESTRING(100.70380356903422 6.962549528482875,,,",7220,7225,7220,20241030RUN01,,,,,,,05/11/2024,22.49743573147392,14.107914978717744,28.576738604455308,20.30186771600105,28.576738604455308,6.079302872981387,"LINESTRING(100.70380353239413 6.962549540513904,100.70377035282678 6.962371765426818)",25.537087167964614,25.961073207896206,9210,0,7222,1435
1445,"1445,5/11/2024,LINESTRING(100.70379471724284 6.962505190223953,,,",7225,7230,7225,20241030RUN01,,,,,,,05/11/2024,22.49743573147392,14.107914978717744,28.576738604455308,20.30186771600105,28.576738604455308,6.079302872981387,"LINESTRING(100.70380353239413 6.962549540513904,100.70377035282678 6.962371765426818)",25.537087167964614,26.80235280792597,9210,0,7227,1436
1446,"1446,5/11/2024,LINESTRING(100.70378631402586 6.962460765151856,,,",7230,7235,7230,20241030RUN01,,,,,,,05/11/2024,22.49743573147392,14.107914978717744,28.576738604455308,20.30186771600105,28.576738604455308,6.079302872981387,"LINESTRING(100.70380353239413 6.962549540513904,100.70377035282678 6.962371765426818)",25.537087167964614,25.615588000272922,9210,0,7232,1437
1447,"1447,5/11/2024,LINESTRING(100.7037782261712 6.9624162814592125,,,",7235,7240,7235,20241030RUN01,,,,,,,05/11/2024,22.49743573147392,14.107914978717744,28.576738604455308,20.30186771600105,28.576738604455308,6.079302872981387,"LINESTRING(100.70380353239413 6.962549540513904,100.70377035282678 6.962371765426818)",25.537087167964614,23.476170331023365,9210,0,7237,1438
1448,"1448,5/11/2024,LINESTRING(100.70377039413654 6.962371752087448,,,",7240,7245,7240,20241030RUN01,,,,,,,05/11/2024,30.8237522856189,23.6108130199492,26.293517716113985,17.799895545326176,30.8237522856189,4.530234569504916,"LINESTRING(100.70377035282678 6.962371765426818,100.70373836559952 6.9621937720485345)",28.558635000866445,26.503357780583105,9210,0,7242,1439
1449,"1449,5/11/2024,LINESTRING(100.70376275127065 6.962327189879816,,,",7245,7250,7245,20241030RUN01,,,,,,,05/11/2024,30.8237522856189,23.6108130199492,26.293517716113985,17.799895545326176,30.8237522856189,4.530234569504916,"LINESTRING(100.70377035282678 6.962371765426818,100.70373836559952 6.9621937720485345)",28.558635000866445,28.079435634536242,9210,0,7247,1440
1450,"1450,5/11/2024,LINESTRING(100.70375502872197 6.962282641505053,,,",7250,7255,7250,20241030RUN01,,,,,,,05/11/2024,30.8237522856189,23.6108130199492,26.293517716113985,17.799895545326176,30.8237522856189,4.530234569504916,"LINESTRING(100.70377035282678 6.962371765426818,100.70373836559952 6.9621937720485345)",28.558635000866445,30.313619466308136,9210,0,7252,1441
1451,"1451,5/11/2024,LINESTRING(100.70374699269863 6.962238148540878,,,",7255,7260,7255,20241030RUN01,,,,,,,05/11/2024,30.8237522856189,23.6108130199492,26.293517716113985,17.799895545326176,30.8237522856189,4.530234569504916,"LINESTRING(100.70377035282678 6.962371765426818,100.70373836559952 6.9621937720485345)",28.558635000866445,29.588647844970815,9210,0,7257,1442
1452,"1452,5/11/2024,LINESTRING(100.70373840862372 6.962193758355444,,,",7260,7265,7260,20241030RUN01,,,,,,,05/11/2024,40.0432655408516,24.12143876883045,49.93144340382203,34.01505824579622,49.93144340382203,9.88817786297043,"LINESTRING(100.70373836559952 6.9621937720485345,100.70369361537489 6.962018659931441)",44.98735447233682,45.13635728603743,9210,0,7262,1443
1453,"1453,5/11/2024,LINESTRING(100.70372897131031 6.9621495416429635,,,",7265,7270,7265,20241030RUN01,,,,,,,05/11/2024,40.0432655408516,24.12143876883045,49.93144340382203,34.01505824579622,49.93144340382203,9.88817786297043,"LINESTRING(100.70373836559952 6.9621937720485345,100.70369361537489 6.962018659931441)",44.98735447233682,48.57041715813297,9210,0,7267,1444
1454,"1454,5/11/2024,LINESTRING(100.70371861781197 6.962105530229307,,,",7270,7275,7270,20241030RUN01,,,,,,,05/11/2024,40.0432655408516,24.12143876883045,49.93144340382203,34.01505824579622,49.93144340382203,9.88817786297043,"LINESTRING(100.70373836559952 6.9621937720485345,100.70369361537489 6.962018659931441)",44.98735447233682,43.9578330619396,9210,0,7272,1445
1455,"1455,5/11/2024,LINESTRING(100.70370710715588 6.96206180802288,,,",7275,7280,7275,20241030RUN01,,,,,,,05/11/2024,40.0432655408516,24.12143876883045,49.93144340382203,34.01505824579622,49.93144340382203,9.88817786297043,"LINESTRING(100.70373836559952 6.9621937720485345,100.70369361537489 6.962018659931441)",44.98735447233682,42.56091969008488,9210,0,7277,1446
1456,"1456,5/11/2024,LINESTRING(100.70369365640857 6.962018647043239,,,",7280,7285,7280,20241030RUN01,,,,,,,05/11/2024,50.39573495682589,53.25008491243118,93.22770803210824,109.57052172311592,93.22770803210824,42.831973075282335,"LINESTRING(100.70369361537489 6.962018659931441,100.70359303714284 6.961871856764924)",71.81172149446706,74.71511402972662,9210,0,7282,1447
1457,"1457,5/11/2024,LINESTRING(100.70367678458544 6.961976716569559,,,",7285,7290,7285,20241030RUN01,,,,,,,05/11/2024,50.39573495682589,53.25008491243118,93.22770803210824,109.57052172311592,93.22770803210824,42.831973075282335,"LINESTRING(100.70369361537489 6.962018659931441,100.70359303714284 6.961871856764924)",71.81172149446706,75.30017651829473,9210,0,7287,1448
1458,"1458,5/11/2024,LINESTRING(100.70365491702961 6.961937180453964,,,",7290,7295,7290,20241030RUN01,,,,,,,05/11/2024,50.39573495682589,53.25008491243118,93.22770803210824,109.57052172311592,93.22770803210824,42.831973075282335,"LINESTRING(100.70369361537489 6.962018659931441,100.70359303714284 6.961871856764924)",71.81172149446706,68.41400280071228,9210,0,7293,1449
1459,"1459,5/11/2024,LINESTRING(100.70362697361823 6.961901695296647,,,",7295,7300,7295,20241030RUN01,,,,,,,05/11/2024,50.39573495682589,53.25008491243118,93.22770803210824,109.57052172311592,93.22770803210824,42.831973075282335,"LINESTRING(100.70369361537489 6.962018659931441,100.70359303714284 6.961871856764924)",71.81172149446706,68.64352804668003,9210,0,7298,1450
1460,"1460,5/11/2024,LINESTRING(100.70359307457885 6.961871845141219,,,",7300,7305,7300,20241030RUN01,,,,,,,05/11/2024,63.52934154009573,49.08458858753522,48.45847055722098,48.07132096002263,63.52934154009573,15.070870982874744,"LINESTRING(100.70359303714284 6.961871856764924,100.70342750021801 6.961801192245806)",55.99390604865835,52.01460387669374,9210,0,7303,1451
1461,"1461,5/11/2024,LINESTRING(100.70355463822415 6.9618480695144696,,,",7305,7310,7305,20241030RUN01,,,,,,,05/11/2024,63.52934154009573,49.08458858753522,48.45847055722098,48.07132096002263,63.52934154009573,15.070870982874744,"LINESTRING(100.70359303714284 6.961871856764924,100.70342750021801 6.961801192245806)",55.99390604865835,57.384481868040105,9210,0,7308,1452
1462,"1462,5/11/2024,LINESTRING(100.7035135285793 6.961829230697774,,,",7310,7315,7310,20241030RUN01,,,,,,,05/11/2024,63.52934154009573,49.08458858753522,48.45847055722098,48.07132096002263,63.52934154009573,15.070870982874744,"LINESTRING(100.70359303714284 6.961871856764924,100.70342750021801 6.961801192245806)",55.99390604865835,59.20707532095188,9210,0,7313,1453
1463,"1463,5/11/2024,LINESTRING(100.70347090463454 6.961814091811121,,,",7315,7320,7315,20241030RUN01,,,,,,,05/11/2024,63.52934154009573,49.08458858753522,48.45847055722098,48.07132096002263,63.52934154009573,15.070870982874744,"LINESTRING(100.70359303714284 6.961871856764924,100.70342750021801 6.961801192245806)",55.99390604865835,55.361808070513824,9210,0,7318,1454
1464,"1464,5/11/2024,LINESTRING(100.70342754448505 6.961801178684369,,,",7320,7325,7320,20241030RUN01,,,,,,,05/11/2024,70.86368423220753,58.32842116749235,64.03488236670128,66.91779876500463,70.86368423220753,6.82880186550625,"LINESTRING(100.70342750021801 6.961801192245806,100.70325141338127 6.961759674348724)",67.44928329945441,63.76157701358569,9210,0,7323,1455
1465,"1465,5/11/2024,LINESTRING(100.70338386702232 6.961789378301654,,,",7325,7330,7325,20241030RUN01,,,,,,,05/11/2024,70.86368423220753,58.32842116749235,64.03488236670128,66.91779876500463,70.86368423220753,6.82880186550625,"LINESTRING(100.70342750021801 6.961801192245806,100.70325141338127 6.961759674348724)",67.44928329945441,64.67944533609902,9210,0,7328,1456
1466,"1466,5/11/2024,LINESTRING(100.70333999265775 6.961778331414454,,,",7330,7335,7330,20241030RUN01,,,,,,,05/11/2024,70.86368423220753,58.32842116749235,64.03488236670128,66.91779876500463,70.86368423220753,6.82880186550625,"LINESTRING(100.70342750021801 6.961801192245806,100.70325141338127 6.961759674348724)",67.44928329945441,69.99532550442663,9210,0,7333,1457
1467,"1467,5/11/2024,LINESTRING(100.7032958621323 6.961768355267946,,,",7335,7340,7335,20241030RUN01,,,,,,,05/11/2024,70.86368423220753,58.32842116749235,64.03488236670128,66.91779876500463,70.86368423220753,6.82880186550625,"LINESTRING(100.70342750021801 6.961801192245806,100.70325141338127 6.961759674348724)",67.44928329945441,71.40345823397601,9210,0,7338,1458
1468,"1468,5/11/2024,LINESTRING(100.70325146241022 6.9617596594694655,,,",7340,7345,7340,20241030RUN01,,,,,,,05/11/2024,318.0408969310777,326.8492026282695,308.8133456087037,252.5052519198587,318.0408969310777,9.22755132237404,"LINESTRING(100.70325141338127 6.961759674348724,100.70307275752803 6.961730728686494)",313.4271212698907,331.0855408178994,9210,0,7343,1459
1469,"1469,5/11/2024,LINESTRING(100.70320689268104 6.961751926479256,,,",7345,7350,7345,20241030RUN01,,,,,,,05/11/2024,318.0408969310777,326.8492026282695,308.8133456087037,252.5052519198587,318.0408969310777,9.22755132237404,"LINESTRING(100.70325141338127 6.961759674348724,100.70307275752803 6.961730728686494)",313.4271212698907,295.76865830238046,9210,0,7348,1460
1470,"1470,5/11/2024,LINESTRING(100.70316222914522 6.961744603262431,,,",7350,7355,7350,20241030RUN01,,,,,,,05/11/2024,318.0408969310777,326.8492026282695,308.8133456087037,252.5052519198587,318.0408969310777,9.22755132237404,"LINESTRING(100.70325141338127 6.961759674348724,100.70307275752803 6.961730728686494)",313.4271212698907,311.2437269945377,9210,0,7353,1461
1471,"1471,5/11/2024,LINESTRING(100.70311755227641 6.9617374604373845,,,",7355,7360,7355,20241030RUN01,,,,,,,05/11/2024,318.0408969310777,326.8492026282695,308.8133456087037,252.5052519198587,318.0408969310777,9.22755132237404,"LINESTRING(100.70325141338127 6.961759674348724,100.70307275752803 6.961730728686494)",313.4271212698907,315.45428905443237,9210,0,7358,1462
1472,"1472,5/11/2024,LINESTRING(100.70307282044627 6.961730709793391,,,",7360,7365,7360,20241030RUN01,,,,,,,05/11/2024,61.27202934902858,51.685673346148526,61.17126438611424,53.44707593280136,61.27202934902858,0.1007649629143401,"LINESTRING(100.70307275752803 6.961730728686494,100.70289336170569 6.9617067355246025)",61.22164686757141,56.88133335858151,9210,0,7363,1463
1473,"1473,5/11/2024,LINESTRING(100.70302802449532 6.961724385766066,,,",7365,7370,7365,20241030RUN01,,,,,,,05/11/2024,61.27202934902858,51.685673346148526,61.17126438611424,53.44707593280136,61.27202934902858,0.1007649629143401,"LINESTRING(100.70307275752803 6.961730728686494,100.70289336170569 6.9617067355246025)",61.22164686757141,62.42230150165404,9210,0,7368,1464
1474,"1474,5/11/2024,LINESTRING(100.70298320185746 6.961718227160533,,,",7370,7375,7370,20241030RUN01,,,,,,,05/11/2024,61.27202934902858,51.685673346148526,61.17126438611424,53.44707593280136,61.27202934902858,0.1007649629143401,"LINESTRING(100.70307275752803 6.961730728686494,100.70289336170569 6.9617067355246025)",61.22164686757141,59.488034820304534,9210,0,7373,1465
1475,"1475,5/11/2024,LINESTRING(100.70293835604238 6.9617122281959425,,,",7375,7380,7375,20241030RUN01,,,,,,,05/11/2024,61.27202934902858,51.685673346148526,61.17126438611424,53.44707593280136,61.27202934902858,0.1007649629143401,"LINESTRING(100.70307275752803 6.961730728686494,100.70289336170569 6.9617067355246025)",61.22164686757141,66.17478270209898,9210,0,7378,1466
1476,"1476,5/11/2024,LINESTRING(100.70289344803432 6.961706709862913,,,",7380,7385,7380,20241030RUN01,,,,,,,05/11/2024,9.291627276324611,6.020281135464673,7.859877413125673,5.659017639117738,9.291627276324611,1.4317498631989398,"LINESTRING(100.70289336170569 6.9617067355246025,100.7027132137981 6.96168936656063)",8.575752344725142,9.358073639153165,9210,0,7383,1467
1477,"1477,5/11/2024,LINESTRING(100.70284845925045 6.96170188939324,,,",7385,7390,7385,20241030RUN01,,,,,,,05/11/2024,9.291627276324611,6.020281135464673,7.859877413125673,5.659017639117738,9.291627276324611,1.4317498631989398,"LINESTRING(100.70289336170569 6.9617067355246025,100.7027132137981 6.96168936656063)",8.575752344725142,8.63967055637516,9210,0,7388,1468
1478,"1478,5/11/2024,LINESTRING(100.70280342068817 6.961697553799632,,,",7390,7395,7390,20241030RUN01,,,,,,,05/11/2024,9.291627276324611,6.020281135464673,7.859877413125673,5.659017639117738,9.291627276324611,1.4317498631989398,"LINESTRING(100.70289336170569 6.9617067355246025,100.7027132137981 6.96168936656063)",8.575752344725142,7.962185989341841,9210,0,7393,1469
1479,"1479,5/11/2024,LINESTRING(100.70275836960865 6.961693349637303,,,",7395,7400,7395,20241030RUN01,,,,,,,05/11/2024,9.291627276324611,6.020281135464673,7.859877413125673,5.659017639117738,9.291627276324611,1.4317498631989398,"LINESTRING(100.70289336170569 6.9617067355246025,100.7027132137981 6.96168936656063)",8.575752344725142,8.15595544031092,9210,0,7398,1470
1480,"1480,5/11/2024,LINESTRING(100.70271330078859 6.961689340844184,,,",7400,7405,7400,20241030RUN01,,,,,,,05/11/2024,5.062647696148607,4.177303075805507,10.571033978747954,6.548916845332709,10.571033978747954,5.508386282599346,"LINESTRING(100.7027132137981 6.96168936656063,100.70253280215827 6.961674939045299)",7.8168408374482805,7.077537121852374,9210,0,7403,1471
1481,"1481,5/11/2024,LINESTRING(100.70266820113301 6.961685691895934,,,",7405,7410,7405,20241030RUN01,,,,,,,05/11/2024,5.062647696148607,4.177303075805507,10.571033978747954,6.548916845332709,10.571033978747954,5.508386282599346,"LINESTRING(100.7027132137981 6.96168936656063,100.70253280215827 6.961674939045299)",7.8168408374482805,7.253028551698983,9210,0,7408,1472
1482,"1482,5/11/2024,LINESTRING(100.70262308824117 6.961682212859724,,,",7410,7415,7410,20241030RUN01,,,,,,,05/11/2024,5.062647696148607,4.177303075805507,10.571033978747954,6.548916845332709,10.571033978747954,5.508386282599346,"LINESTRING(100.7027132137981 6.96168936656063,100.70253280215827 6.961674939045299)",7.8168408374482805,8.57035543769694,9210,0,7413,1473
1483,"1483,5/11/2024,LINESTRING(100.7025779845125 6.961678617361484,,,",7415,7420,7415,20241030RUN01,,,,,,,05/11/2024,5.062647696148607,4.177303075805507,10.571033978747954,6.548916845332709,10.571033978747954,5.508386282599346,"LINESTRING(100.7027132137981 6.96168936656063,100.70253280215827 6.961674939045299)",7.8168408374482805,8.388955542310722,9210,0,7418,1474
1484,"1484,5/11/2024,LINESTRING(100.70253288959752 6.961674913332339,,,",7420,7425,7420,20241030RUN01,,,,,,,05/11/2024,5.092985990100912,4.508381304165085,6.3098004134448775,6.02290568117387,6.3098004134448775,1.2168144233439655,"LINESTRING(100.70253280215827 6.961674939045299,100.70235228525812 6.961661937110204)",5.701393201772895,5.5847746515446826,9210,0,7423,1475
1485,"1485,5/11/2024,LINESTRING(100.70248778759296 6.961671298279333,,,",7425,7430,7425,20241030RUN01,,,,,,,05/11/2024,5.092985990100912,4.508381304165085,6.3098004134448775,6.02290568117387,6.3098004134448775,1.2168144233439655,"LINESTRING(100.70253280215827 6.961674939045299,100.70235228525812 6.961661937110204)",5.701393201772895,6.239630334491979,9210,0,7428,1476
1486,"1486,5/11/2024,LINESTRING(100.70244266941359 6.961667890878147,,,",7430,7435,7430,20241030RUN01,,,,,,,05/11/2024,5.092985990100912,4.508381304165085,6.3098004134448775,6.02290568117387,6.3098004134448775,1.2168144233439655,"LINESTRING(100.70253280215827 6.961674939045299,100.70235228525812 6.961661937110204)",5.701393201772895,5.372125498722044,9210,0,7433,1477
1487,"1487,5/11/2024,LINESTRING(100.7023975330636 6.961664730851327,,,",7435,7440,7435,20241030RUN01,,,,,,,05/11/2024,5.092985990100912,4.508381304165085,6.3098004134448775,6.02290568117387,6.3098004134448775,1.2168144233439655,"LINESTRING(100.70253280215827 6.961674939045299,100.70235228525812 6.961661937110204)",5.701393201772895,5.611679152211586,9210,0,7438,1478
1488,"1488,5/11/2024,LINESTRING(100.70235237422696 6.961661911085805,,,",7440,7445,7440,20241030RUN01,,,,,,,05/11/2024,4.345126035387089,3.319375031703472,3.9023708495770255,3.361464528018797,4.345126035387089,0.4427551858100638,"LINESTRING(100.70235228525812 6.961661937110204,100.70217149931402 6.961653427124129)",4.123748442482057,4.5126075595847865,9210,0,7443,1479
1489,"1489,5/11/2024,LINESTRING(100.70230719357218 6.961659462969965,,,",7445,7450,7445,20241030RUN01,,,,,,,05/11/2024,4.345126035387089,3.319375031703472,3.9023708495770255,3.361464528018797,4.345126035387089,0.4427551858100638,"LINESTRING(100.70235228525812 6.961661937110204,100.70217149931402 6.961653427124129)",4.123748442482057,4.437622915551448,9210,0,7449,1480
1490,"1490,5/11/2024,LINESTRING(100.70226199941351 6.961657276992138,,,",7450,7455,7450,20241030RUN01,,,,,,,05/11/2024,4.345126035387089,3.319375031703472,3.9023708495770255,3.361464528018797,4.345126035387089,0.4427551858100638,"LINESTRING(100.70235228525812 6.961661937110204,100.70217149931402 6.961653427124129)",4.123748442482057,3.856801173191032,9210,0,7454,1481
1491,"1491,5/11/2024,LINESTRING(100.70221679753648 6.9616552549780755,,,",7455,7460,7455,20241030RUN01,,,,,,,05/11/2024,4.345126035387089,3.319375031703472,3.9023708495770255,3.361464528018797,4.345126035387089,0.4427551858100638,"LINESTRING(100.70235228525812 6.961661937110204,100.70217149931402 6.961653427124129)",4.123748442482057,3.7956400836309174,9210,0,7459,1482
1492,"1492,5/11/2024,LINESTRING(100.70217158843671 6.961653401178669,,,",7460,7465,7460,20241030RUN01,,,,,,,05/11/2024,8.36772811012364,9.51120259819797,7.651718395391724,9.315432018666122,8.36772811012364,0.716009714731916,"LINESTRING(100.70217149931402 6.961653427124129,100.70199060917821 6.961647463369148)",8.00972325275768,7.263087103219046,9210,0,7464,1483
1493,"1493,5/11/2024,LINESTRING(100.7021263725461 6.961651719772653,,,",7465,7470,7465,20241030RUN01,,,,,,,05/11/2024,8.36772811012364,9.51120259819797,7.651718395391724,9.315432018666122,8.36772811012364,0.716009714731916,"LINESTRING(100.70217149931402 6.961653427124129,100.70199060917821 6.961647463369148)",8.00972325275768,8.54203938778626,9210,0,7469,1484
1494,"1494,5/11/2024,LINESTRING(100.70208115195203 6.9616501668794655,,,",7470,7475,7470,20241030RUN01,,,,,,,05/11/2024,8.36772811012364,9.51120259819797,7.651718395391724,9.315432018666122,8.36772811012364,0.716009714731916,"LINESTRING(100.70217149931402 6.961653427124129,100.70199060917821 6.961647463369148)",8.00972325275768,8.76190829706929,9210,0,7474,1485
1495,"1495,5/11/2024,LINESTRING(100.70203592790894 6.961648741128442,,,",7475,7480,7475,20241030RUN01,,,,,,,05/11/2024,8.36772811012364,9.51120259819797,7.651718395391724,9.315432018666122,8.36772811012364,0.716009714731916,"LINESTRING(100.70217149931402 6.961653427124129,100.70199060917821 6.961647463369148)",8.00972325275768,7.691702180779348,9210,0,7479,1486
1496,"1496,5/11/2024,LINESTRING(100.7019906998676 6.961647437091875,,,",7480,7485,7480,20241030RUN01,,,,,,,05/11/2024,5.6846409250471455,4.788743375608755,4.39010190017245,3.7768684821612064,5.6846409250471455,1.2945390248746955,"LINESTRING(100.70199060917821 6.961647463369148,100.70180967521351 6.961643000828264)",5.037371412609797,5.362977134295855,9210,0,7484,1487
1497,"1497,5/11/2024,LINESTRING(100.70194546969712 6.9616462106155,,,",7485,7490,7485,20241030RUN01,,,,,,,05/11/2024,5.6846409250471455,4.788743375608755,4.39010190017245,3.7768684821612064,5.6846409250471455,1.2945390248746955,"LINESTRING(100.70199060917821 6.961647463369148,100.70180967521351 6.961643000828264)",5.037371412609797,5.457303056231378,9210,0,7489,1488
1498,"1498,5/11/2024,LINESTRING(100.70190023755191 6.961645061206613,,,",7490,7495,7490,20241030RUN01,,,,,,,05/11/2024,5.6846409250471455,4.788743375608755,4.39010190017245,3.7768684821612064,5.6846409250471455,1.2945390248746955,"LINESTRING(100.70199060917821 6.961647463369148,100.70180967521351 6.961643000828264)",5.037371412609797,4.616363967643185,9210,0,7494,1489
1499,"1499,5/11/2024,LINESTRING(100.70185500349608 6.961643981654493,,,",7495,7500,7495,20241030RUN01,,,,,,,05/11/2024,5.6846409250471455,4.788743375608755,4.39010190017245,3.7768684821612064,5.6846409250471455,1.2945390248746955,"LINESTRING(100.70199060917821 6.961647463369148,100.70180967521351 6.961643000828264)",5.037371412609797,4.923586172375185,9210,0,7499,1490
1500,"1500,5/11/2024,LINESTRING(100.70180976757493 6.961642974190361,,,",7500,7505,7500,20241030RUN01,,,,,,,05/11/2024,12.540058707132376,12.845860852449343,13.13318321081614,13.777833386821754,13.13318321081614,0.5931245036837645,"LINESTRING(100.70180967521351 6.961643000828264,100.70162873213448 6.9616389538989045)",12.836620958974258,12.984204179060724,9210,0,7504,1491
1501,"1501,5/11/2024,LINESTRING(100.70176453159102 6.961641980618202,,,",7505,7510,7505,20241030RUN01,,,,,,,05/11/2024,12.540058707132376,12.845860852449343,13.13318321081614,13.777833386821754,13.13318321081614,0.5931245036837645,"LINESTRING(100.70180967521351 6.961643000828264,100.70162873213448 6.9616389538989045)",12.836620958974258,13.227104278147348,9210,0,7509,1492
1502,"1502,5/11/2024,LINESTRING(100.70171929660249 6.96164092597486,,,",7510,7515,7510,20241030RUN01,,,,,,,05/11/2024,12.540058707132376,12.845860852449343,13.13318321081614,13.777833386821754,13.13318321081614,0.5931245036837645,"LINESTRING(100.70180967521351 6.961643000828264,100.70162873213448 6.9616389538989045)",12.836620958974258,13.29161911809034,9210,0,7514,1493
1503,"1503,5/11/2024,LINESTRING(100.70167406246325 6.961639835596319,,,",7515,7520,7515,20241030RUN01,,,,,,,05/11/2024,12.540058707132376,12.845860852449343,13.13318321081614,13.777833386821754,13.13318321081614,0.5931245036837645,"LINESTRING(100.70180967521351 6.961643000828264,100.70162873213448 6.9616389538989045)",12.836620958974258,11.824267096588223,9210,0,7519,1494
1504,"1504,5/11/2024,LINESTRING(100.70162882457583 6.961638927354225,,,",7520,7525,7520,20241030RUN01,,,,,,,05/11/2024,5.5889132464465145,4.915447415819346,7.392705232783876,6.563696946949689,7.392705232783876,1.8037919863373613,"LINESTRING(100.70162873213448 6.9616389538989045,100.70144775160327 6.961638554657542)",6.490809239615196,6.435805972258374,9210,0,7524,1495
1505,"1505,5/11/2024,LINESTRING(100.70158358134634 6.96163832402215,,,",7525,7530,7525,20241030RUN01,,,,,,,05/11/2024,5.5889132464465145,4.915447415819346,7.392705232783876,6.563696946949689,7.392705232783876,1.8037919863373613,"LINESTRING(100.70162873213448 6.9616389538989045,100.70144775160327 6.961638554657542)",6.490809239615196,6.684629341766182,9210,0,7529,1496
1506,"1506,5/11/2024,LINESTRING(100.70153833551765 6.961638013382222,,,",7530,7535,7530,20241030RUN01,,,,,,,05/11/2024,5.5889132464465145,4.915447415819346,7.392705232783876,6.563696946949689,7.392705232783876,1.8037919863373613,"LINESTRING(100.70162873213448 6.9616389538989045,100.70144775160327 6.961638554657542)",6.490809239615196,6.318368344932615,9210,0,7534,1497
1507,"1507,5/11/2024,LINESTRING(100.70149308839237 6.961638056253435,,,",7535,7540,7535,20241030RUN01,,,,,,,05/11/2024,5.5889132464465145,4.915447415819346,7.392705232783876,6.563696946949689,7.392705232783876,1.8037919863373613,"LINESTRING(100.70162873213448 6.9616389538989045,100.70144775160327 6.961638554657542)",6.490809239615196,6.721545134939686,9210,0,7539,1498
1508,"1508,5/11/2024,LINESTRING(100.70144784364054 6.961638528333482,,,",7540,7545,7540,20241030RUN01,,,,,,,05/11/2024,-1.0,-1.0,17.821129454587012,14.098695662960065,17.821129454587012,18.82112945458701,"LINESTRING(100.70144775160327 6.961638554657542,100.70126690467404 6.961645386118498)",8.410564727293506,8.008129116724463,9210,0,7544,1499
1509,"1509,5/11/2024,LINESTRING(100.70140260783607 6.961639547353067,,,",7545,7550,7545,20241030RUN01,,,,,,,05/11/2024,-1.0,-1.0,17.821129454587012,14.098695662960065,17.821129454587012,18.82112945458701,"LINESTRING(100.70144775160327 6.961638554657542,100.70126690467404 6.961645386118498)",8.410564727293506,8.528934920205861,9210,0,7549,1500
1510,"1510,5/11/2024,LINESTRING(100.70135739505014 6.961641293984247,,,",7550,7555,7550,20241030RUN01,,,,,,,05/11/2024,-1.0,-1.0,17.821129454587012,14.098695662960065,17.821129454587012,18.82112945458701,"LINESTRING(100.70144775160327 6.961638554657542,100.70126690467404 6.961645386118498)",8.410564727293506,9.02160763440426,9210,0,7554,1501
1511,"1511,5/11/2024,LINESTRING(100.70131219790127 6.961643424480464,,,",7555,7560,7555,20241030RUN01,,,,,,,05/11/2024,-1.0,-1.0,17.821129454587012,14.098695662960065,17.821129454587012,18.82112945458701,"LINESTRING(100.70144775160327 6.961638554657542,100.70126690467404 6.961645386118498)",8.410564727293506,8.143729747826162,9210,0,7559,1502
1512,"1512,5/11/2024,LINESTRING(100.70126699496753 6.961645360378263,,,",7560,7565,7560,20241030RUN01,,,,,,,05/11/2024,-1.0,-1.0,-1.0,-1.0,-1.0,0.0,"LINESTRING(100.70126690467404 6.961645386118498,100.70108643175774 6.96163442970614)",-1.0,-0.9350262795242,9210,0,7564,1503
1513,"1513,5/11/2024,LINESTRING(nan nan,,,",7565,7570,7565,20241030RUN01,,,,,,,05/11/2024,-1.0,-1.0,-1.0,-1.0,-1.0,0.0,"LINESTRING(100.70126690467404 6.961645386118498,100.70108643175774 6.96163442970614)",-1.0,-0.948294423969404,9210,0,7569,1504
1514,"1514,5/11/2024,LINESTRING(nan nan,,,",7570,7575,7570,20241030RUN01,,,,,,,05/11/2024,-1.0,-1.0,-1.0,-1.0,-1.0,0.0,"LINESTRING(100.70126690467404 6.961645386118498,100.70108643175774 6.96163442970614)",-1.0,-0.9173353412004721,9210,0,7574,1505
1515,"1515,5/11/2024,LINESTRING(100.7011315398965 6.961638855957792,,,",7575,7580,7575,20241030RUN01,,,,,,,05/11/2024,-1.0,-1.0,-1.0,-1.0,-1.0,0.0,"LINESTRING(100.70126690467404 6.961645386118498,100.70108643175774 6.96163442970614)",-1.0,-0.9532381267868041,9210,0,7579,1506
1516,"1516,5/11/2024,LINESTRING(100.70108651960625 6.961634404774458,,,",7580,7585,7580,20241030RUN01,,,,,,,05/11/2024,-1.0,-1.0,-1.0,-1.0,-1.0,0.0,"LINESTRING(100.70108643175774 6.96163442970614,100.70090594035784 6.961640965341164)",-1.0,-1.0132572275672622,9210,0,7584,1507
1517,"1517,5/11/2024,LINESTRING(100.70104131954075 6.9616327887962735,,,",7585,7590,7585,20241030RUN01,,,,,,,05/11/2024,-1.0,-1.0,-1.0,-1.0,-1.0,0.0,"LINESTRING(100.70108643175774 6.96163442970614,100.70090594035784 6.961640965341164)",-1.0,-0.9559698845255917,9210,0,7589,1508
1518,"1518,5/11/2024,LINESTRING(100.70099608098982 6.9616336092691755,,,",7590,7595,7590,20241030RUN01,,,,,,,05/11/2024,-1.0,-1.0,-1.0,-1.0,-1.0,0.0,"LINESTRING(100.70108643175774 6.96163442970614,100.70090594035784 6.961640965341164)",-1.0,-0.9614661369044797,9210,0,7594,1509
1519,"1519,5/11/2024,LINESTRING(100.70095092266628 6.961636339035012,,,",7595,7600,7595,20241030RUN01,,,,,,,05/11/2024,-1.0,-1.0,-1.0,-1.0,-1.0,0.0,"LINESTRING(100.70108643175774 6.96163442970614,100.70090594035784 6.961640965341164)",-1.0,-1.0050703891655373,9210,0,,
1520,"1520,5/11/2024,LINESTRING(nan nan,,,",7600,7605,7600,20241030RUN01,,,,,,,05/11/2024,-1.0,-1.0,-1.0,-1.0,-1.0,0.0,"LINESTRING(100.70090594035784 6.961640965341164,100.7007255560494 6.961652506473055)",-1.0,-1.0295029907850648,9210,0,7600,1510
1521,"1521,5/11/2024,LINESTRING(100.7008610028382 6.961646473373891,,,",7605,7610,7605,20241030RUN01,,,,,,,05/11/2024,-1.0,-1.0,-1.0,-1.0,-1.0,0.0,"LINESTRING(100.70090594035784 6.961640965341164,100.7007255560494 6.961652506473055)",-1.0,-1.0473996624380337,9210,0,7605,1511
1522,"1522,5/11/2024,LINESTRING(100.70081606720201 6.961651769440968,,,",7610,7615,7610,20241030RUN01,,,,,,,05/11/2024,-1.0,-1.0,-1.0,-1.0,-1.0,0.0,"LINESTRING(100.70090594035784 6.961640965341164,100.7007255560494 6.961652506473055)",-1.0,-1.055237115995803,9210,0,7610,1512
1523,"1523,5/11/2024,LINESTRING(100.70077087206386 6.961653491462466,,,",7615,7620,7615,20241030RUN01,,,,,,,05/11/2024,-1.0,-1.0,-1.0,-1.0,-1.0,0.0,"LINESTRING(100.70090594035784 6.961640965341164,100.7007255560494 6.961652506473055)",-1.0,-0.9497869929824446,9210,0,7615,1513
1524,"1524,5/11/2024,LINESTRING(100.70072564090366 6.96165248253734,,,",7620,7625,7620,20241030RUN01,,,,,,,05/11/2024,11.732813286010725,9.867941548601268,17.868016741520336,12.825530112330306,17.868016741520336,6.135203455509611,"LINESTRING(100.7007255560494 6.961652506473055,100.70054461073718 6.961649606534454)",14.80041501376553,14.80043334531153,9210,0,7620,1514
1525,"1525,5/11/2024,LINESTRING(100.70068040787864 6.961651780121023,,,",7625,7630,7625,20241030RUN01,,,,,,,05/11/2024,11.732813286010725,9.867941548601268,17.868016741520336,12.825530112330306,17.868016741520336,6.135203455509611,"LINESTRING(100.7007255560494 6.961652506473055,100.70054461073718 6.961649606534454)",14.80041501376553,15.226566080337653,9210,0,7625,1515
1526,"1526,5/11/2024,LINESTRING(100.70063516175301 6.961651535332,,,",7630,7635,7630,20241030RUN01,,,,,,,05/11/2024,11.732813286010725,9.867941548601268,17.868016741520336,12.825530112330306,17.868016741520336,6.135203455509611,"LINESTRING(100.7007255560494 6.961652506473055,100.70054461073718 6.961649606534454)",14.80041501376553,14.054928112941178,9210,0,7630,1516
1527,"1527,5/11/2024,LINESTRING(100.7005899179352 6.96165101883165,,,",7635,7640,7635,20241030RUN01,,,,,,,05/11/2024,11.732813286010725,9.867941548601268,17.868016741520336,12.825530112330306,17.868016741520336,6.135203455509611,"LINESTRING(100.7007255560494 6.961652506473055,100.70054461073718 6.961649606534454)",14.80041501376553,14.90809268725302,9210,0,7635,1517
1528,"1528,5/11/2024,LINESTRING(100.70054469490918 6.961649582887355,,,",7640,7645,7640,20241030RUN01,,,,,,,05/11/2024,18.457201630377668,18.830092982472724,15.883657423169158,19.28078239938051,18.457201630377668,2.57354420720851,"LINESTRING(100.70054461073718 6.961649606534454,100.70036435257667 6.961634463606688)",17.17042952677341,18.872000318469567,9210,0,7640,1518
1529,"1529,5/11/2024,LINESTRING(100.70049949731585 6.961647472236663,,,",7645,7650,7645,20241030RUN01,,,,,,,05/11/2024,18.457201630377668,18.830092982472724,15.883657423169158,19.28078239938051,18.457201630377668,2.57354420720851,"LINESTRING(100.70054461073718 6.961649606534454,100.70036435257667 6.961634463606688)",17.17042952677341,15.740643308848682,9210,0,7645,1519
1530,"1530,5/11/2024,LINESTRING(100.70045434396496 6.961644584083049,,,",7650,7655,7650,20241030RUN01,,,,,,,05/11/2024,18.457201630377668,18.830092982472724,15.883657423169158,19.28078239938051,18.457201630377668,2.57354420720851,"LINESTRING(100.70054461073718 6.961649606534454,100.70036435257667 6.961634463606688)",17.17042952677341,16.929584278691237,9210,0,7650,1520
1531,"1531,5/11/2024,LINESTRING(100.700409316874 6.961640165113242,,,",7655,7660,7655,20241030RUN01,,,,,,,05/11/2024,18.457201630377668,18.830092982472724,15.883657423169158,19.28078239938051,18.457201630377668,2.57354420720851,"LINESTRING(100.70054461073718 6.961649606534454,100.70036435257667 6.961634463606688)",17.17042952677341,17.39143674241548,9210,0,7655,1521
1532,"1532,5/11/2024,LINESTRING(100.70036443571199 6.9616344403662485,,,",7660,7665,7660,20241030RUN01,,,,,,,05/11/2024,23.546814472142174,24.980504363748157,24.528218296578864,24.52798826024688,24.528218296578864,0.9814038244366898,"LINESTRING(100.70036435257667 6.961634463606688,100.70018402724733 6.961619217554515)",24.03751638436052,25.486550438242162,9210,0,7660,1522
1533,"1533,5/11/2024,LINESTRING(100.70031942586341 6.961629823219048,,,",7665,7670,7665,20241030RUN01,,,,,,,05/11/2024,23.546814472142174,24.980504363748157,24.528218296578864,24.52798826024688,24.528218296578864,0.9814038244366898,"LINESTRING(100.70036435257667 6.961634463606688,100.70018402724733 6.961619217554515)",24.03751638436052,23.493221617786954,9210,0,7665,1523
1534,"1534,5/11/2024,LINESTRING(100.70027433303082 6.9616261155945445,,,",7670,7675,7670,20241030RUN01,,,,,,,05/11/2024,23.546814472142174,24.980504363748157,24.528218296578864,24.52798826024688,24.528218296578864,0.9814038244366898,"LINESTRING(100.70036435257667 6.961634463606688,100.70018402724733 6.961619217554515)",24.03751638436052,24.291279154711773,9210,0,7670,1524
1535,"1535,5/11/2024,LINESTRING(100.70022919045927 6.96162306930412,,,",7675,7680,7675,20241030RUN01,,,,,,,05/11/2024,23.546814472142174,24.980504363748157,24.528218296578864,24.52798826024688,24.528218296578864,0.9814038244366898,"LINESTRING(100.70036435257667 6.961634463606688,100.70018402724733 6.961619217554515)",24.03751638436052,22.609893092583487,9210,0,7675,1525
1536,"1536,5/11/2024,LINESTRING(100.70018411003105 6.96161919452867,,,",7680,7685,7680,20241030RUN01,,,,,,,05/11/2024,39.13827824700724,47.9225734879669,60.47164358437273,58.474655857424175,60.47164358437273,21.333365337365493,"LINESTRING(100.70018402724733 6.961619217554515,100.70000582044952 6.9615890907098)",49.80496091568999,52.70981302994274,9210,0,7680,1526
1537,"1537,5/11/2024,LINESTRING(100.7001390610876 6.961615012704029,,,",7685,7690,7685,20241030RUN01,,,,,,,05/11/2024,39.13827824700724,47.9225734879669,60.47164358437273,58.474655857424175,60.47164358437273,21.333365337365493,"LINESTRING(100.70018402724733 6.961619217554515,100.70000582044952 6.9615890907098)",49.80496091568999,45.96563053848174,9210,0,7685,1527
1538,"1538,5/11/2024,LINESTRING(100.70009431159293 6.961608347181954,,,",7690,7695,7690,20241030RUN01,,,,,,,05/11/2024,39.13827824700724,47.9225734879669,60.47164358437273,58.474655857424175,60.47164358437273,21.333365337365493,"LINESTRING(100.70018402724733 6.961619217554515,100.70000582044952 6.9615890907098)",49.80496091568999,52.101258077493945,9210,0,7690,1528
1539,"1539,5/11/2024,LINESTRING(100.70005004102521 6.961599011875588,,,",7695,7700,7695,20241030RUN01,,,,,,,05/11/2024,39.13827824700724,47.9225734879669,60.47164358437273,58.474655857424175,60.47164358437273,21.333365337365493,"LINESTRING(100.70018402724733 6.961619217554515,100.70000582044952 6.9615890907098)",49.80496091568999,48.38219739936272,9210,0,7695,1529
1540,"1540,5/11/2024,LINESTRING(100.70000590519271 6.961589067292319,,,",7700,7705,7700,20241030RUN01,,,,,,,05/11/2024,121.81296899248215,137.03426058522743,138.18615768739534,161.02383705581357,138.18615768739534,16.373188694913182,"LINESTRING(100.70000582044952 6.9615890907098,100.69983011504782 6.961545754226219)",129.99956333993873,119.04607632961714,9210,0,7700,1530
1541,"1541,5/11/2024,LINESTRING(100.6999618974596 6.961578557133724,,,",7705,7710,7705,20241030RUN01,,,,,,,05/11/2024,121.81296899248215,137.03426058522743,138.18615768739534,161.02383705581357,138.18615768739534,16.373188694913182,"LINESTRING(100.70000582044952 6.9615890907098,100.69983011504782 6.961545754226219)",129.99956333993873,140.70919976372647,9210,0,7705,1531
1542,"1542,5/11/2024,LINESTRING(100.69991796267422 6.961567745667182,,,",7710,7715,7710,20241030RUN01,,,,,,,05/11/2024,121.81296899248215,137.03426058522743,138.18615768739534,161.02383705581357,138.18615768739534,16.373188694913182,"LINESTRING(100.70000582044952 6.9615890907098,100.69983011504782 6.961545754226219)",129.99956333993873,122.25673893819896,9210,0,7710,1532
1543,"1543,5/11/2024,LINESTRING(100.6998739729822 6.961557161381778,,,",7715,7720,7715,20241030RUN01,,,,,,,05/11/2024,121.81296899248215,137.03426058522743,138.18615768739534,161.02383705581357,138.18615768739534,16.373188694913182,"LINESTRING(100.70000582044952 6.9615890907098,100.69983011504782 6.961545754226219)",129.99956333993873,137.7979763554036,9210,0,7715,1533
1544,"1544,5/11/2024,LINESTRING(100.69983019726924 6.961545731658063,,,",7720,7725,7720,20241030RUN01,,,,,,,05/11/2024,66.9318584601414,52.9677599453536,80.96307632743338,61.94284042192572,80.96307632743338,14.031217867291986,"LINESTRING(100.69983011504782 6.961545754226219,100.6996547708071 6.961500966172592)",73.94746739378739,73.77895180490744,9210,0,7720,1534
1545,"1545,5/11/2024,LINESTRING(100.69978648827164 6.961534041155914,,,",7725,7730,7725,20241030RUN01,,,,,,,05/11/2024,66.9318584601414,52.9677599453536,80.96307632743338,61.94284042192572,80.96307632743338,14.031217867291986,"LINESTRING(100.69983011504782 6.961545754226219,100.6996547708071 6.961500966172592)",73.94746739378739,69.74226345440694,9210,0,7725,1535
1546,"1546,5/11/2024,LINESTRING(100.69974263232287 6.961522915025471,,,",7730,7735,7730,20241030RUN01,,,,,,,05/11/2024,66.9318584601414,52.9677599453536,80.96307632743338,61.94284042192572,80.96307632743338,14.031217867291986,"LINESTRING(100.69983011504782 6.961545754226219,100.6996547708071 6.961500966172592)",73.94746739378739,75.88060655651867,9210,0,7730,1536
1547,"1547,5/11/2024,LINESTRING(100.69969874531625 6.961511916735664,,,",7735,7740,7735,20241030RUN01,,,,,,,05/11/2024,66.9318584601414,52.9677599453536,80.96307632743338,61.94284042192572,80.96307632743338,14.031217867291986,"LINESTRING(100.69983011504782 6.961545754226219,100.6996547708071 6.961500966172592)",73.94746739378739,76.61500145938452,9210,0,7735,1537
1548,"1548,5/11/2024,LINESTRING(100.69965485099023 6.961500944315736,,,",7740,7745,7740,20241030RUN01,,,,,,,05/11/2024,180.7947471142108,208.30191768728287,155.0991331273794,144.98667627987336,180.7947471142108,25.695613986831432,"LINESTRING(100.6996547708071 6.961500966172592,100.69947771739814 6.961463731589253)",167.9469401207951,153.94139537365345,9210,0,7740,1538
1549,"1549,5/11/2024,LINESTRING(100.69961087820252 6.961490285368841,,,",7745,7750,7745,20241030RUN01,,,,,,,05/11/2024,180.7947471142108,208.30191768728287,155.0991331273794,144.98667627987336,180.7947471142108,25.695613986831432,"LINESTRING(100.6996547708071 6.961500966172592,100.69947771739814 6.961463731589253)",167.9469401207951,180.03155029657023,9210,0,7745,1539
1550,"1550,5/11/2024,LINESTRING(100.69956673326323 6.961480377655737,,,",7750,7755,7750,20241030RUN01,,,,,,,05/11/2024,180.7947471142108,208.30191768728287,155.0991331273794,144.98667627987336,180.7947471142108,25.695613986831432,"LINESTRING(100.6996547708071 6.961500966172592,100.69947771739814 6.961463731589253)",167.9469401207951,175.99450393047067,9210,0,7750,1540
1551,"1551,5/11/2024,LINESTRING(100.6995223364151 6.961471637801257,,,",7755,7760,7755,20241030RUN01,,,,,,,05/11/2024,180.7947471142108,208.30191768728287,155.0991331273794,144.98667627987336,180.7947471142108,25.695613986831432,"LINESTRING(100.6996547708071 6.961500966172592,100.69947771739814 6.961463731589253)",167.9469401207951,162.06974721070742,9210,0,7756,1541
1552,"1552,5/11/2024,LINESTRING(100.69947779368415 6.961463710918934,,,",7760,7765,7760,20241030RUN01,,,,,,,05/11/2024,254.14879205550565,236.31923822785157,325.0747948645952,374.94899600026247,325.0747948645952,70.92600280908957,"LINESTRING(100.69947771739814 6.961463731589253,100.69929836658385 6.96143979075213)",289.6117934600504,264.88156622113377,9210,0,7761,1542
1553,"1553,5/11/2024,LINESTRING(100.69943310213631 6.961456617894636,,,",7765,7770,7765,20241030RUN01,,,,,,,05/11/2024,254.14879205550565,236.31923822785157,325.0747948645952,374.94899600026247,325.0747948645952,70.92600280908957,"LINESTRING(100.69947771739814 6.961463731589253,100.69929836658385 6.96143979075213)",289.6117934600504,310.8157505959041,9210,0,7766,1543
1554,"1554,5/11/2024,LINESTRING(100.69938828697906 6.9614504270358,,,",7770,7775,7770,20241030RUN01,,,,,,,05/11/2024,254.14879205550565,236.31923822785157,325.0747948645952,374.94899600026247,325.0747948645952,70.92600280908957,"LINESTRING(100.69947771739814 6.961463731589253,100.69929836658385 6.96143979075213)",289.6117934600504,294.5651374183605,9210,0,7771,1544
1555,"1555,5/11/2024,LINESTRING(100.69934341975517 6.961444526937246,,,",7775,7780,7775,20241030RUN01,,,,,,,05/11/2024,254.14879205550565,236.31923822785157,325.0747948645952,374.94899600026247,325.0747948645952,70.92600280908957,"LINESTRING(100.69947771739814 6.961463731589253,100.69929836658385 6.96143979075213)",289.6117934600504,288.4725469140898,9210,0,7776,1545
1556,"1556,5/11/2024,LINESTRING(100.69929842539952 6.961439774840944,,,",7780,7785,7780,20241030RUN01,,,,,,,05/11/2024,234.30318780928104,196.56244933763787,157.42965099659455,135.43860173953007,234.30318780928104,76.87353681268647,"LINESTRING(100.69929836658385 6.96143979075213,100.69911786997787 6.961426411304466)",195.8664194029378,205.43989242952674,9210,0,7781,1546
1557,"1557,5/11/2024,LINESTRING(100.69925331694192 6.961436346287146,,,",7785,7790,7785,20241030RUN01,,,,,,,05/11/2024,234.30318780928104,196.56244933763787,157.42965099659455,135.43860173953007,234.30318780928104,76.87353681268647,"LINESTRING(100.69929836658385 6.96143979075213,100.69911786997787 6.961426411304466)",195.8664194029378,176.51051110009934,9210,0,7786,1547
1558,"1558,5/11/2024,LINESTRING(100.69920819711906 6.961432968516504,,,",7790,7795,7790,20241030RUN01,,,,,,,05/11/2024,234.30318780928104,196.56244933763787,157.42965099659455,135.43860173953007,234.30318780928104,76.87353681268647,"LINESTRING(100.69929836658385 6.96143979075213,100.69911786997787 6.961426411304466)",195.8664194029378,187.3393580089872,9210,0,7791,1548
1559,"1559,5/11/2024,LINESTRING(100.69916306898388 6.9614296331922185,,,",7795,7800,7795,20241030RUN01,,,,,,,05/11/2024,234.30318780928104,196.56244933763787,157.42965099659455,135.43860173953007,234.30318780928104,76.87353681268647,"LINESTRING(100.69929836658385 6.96143979075213,100.69911786997787 6.961426411304466)",195.8664194029378,213.99677457360212,9210,0,7796,1549
1560,"1560,5/11/2024,LINESTRING(100.6991179382601 6.961426392966401,,,",7800,7805,7800,20241030RUN01,,,,,,,05/11/2024,234.2774551615576,133.79252822962505,-1.0,-1.0,234.2774551615576,235.2774551615576,"LINESTRING(100.69911786997787 6.961426411304466,100.69893721784894 6.961415210263271)",116.6387275807788,122.30773120660209,9210,0,7801,1550
1561,"1561,5/11/2024,LINESTRING(100.69907279390947 6.961423441606832,,,",7805,7810,7805,20241030RUN01,,,,,,,05/11/2024,234.2774551615576,133.79252822962505,-1.0,-1.0,234.2774551615576,235.2774551615576,"LINESTRING(100.69911786997787 6.961426411304466,100.69893721784894 6.961415210263271)",116.6387275807788,107.14594418671614,9210,0,7806,1551
1562,"1562,5/11/2024,LINESTRING(100.69902762753186 6.961420720019519,,,",7810,7815,7810,20241030RUN01,,,,,,,05/11/2024,234.2774551615576,133.79252822962505,-1.0,-1.0,234.2774551615576,235.2774551615576,"LINESTRING(100.69911786997787 6.961426411304466,100.69893721784894 6.961415210263271)",116.6387275807788,120.69969221737837,9210,0,7811,1552
1563,"1563,5/11/2024,LINESTRING(100.69898246217649 6.961418001641441,,,",7815,7820,7815,20241030RUN01,,,,,,,05/11/2024,234.2774551615576,133.79252822962505,-1.0,-1.0,234.2774551615576,235.2774551615576,"LINESTRING(100.69911786997787 6.961426411304466,100.69893721784894 6.961415210263271)",116.6387275807788,116.47007549707745,9210,0,7816,1553
1564,"1564,5/11/2024,LINESTRING(100.69893731235763 6.961415185119545,,,",7820,7825,7820,20241030RUN01,,,,,,,05/11/2024,80.6535184211325,49.38975447028641,-1.0,-1.0,80.6535184211325,81.6535184211325,"LINESTRING(100.69893721784894 6.961415210263271,100.69875666693117 6.961402574307957)",39.82675921056625,36.389940906495006,9210,0,7821,1554
1565,"1565,5/11/2024,LINESTRING(100.69889216418477 6.96141218827071,,,",7825,7830,7825,20241030RUN01,,,,,,,05/11/2024,80.6535184211325,49.38975447028641,-1.0,-1.0,80.6535184211325,81.6535184211325,"LINESTRING(100.69893721784894 6.961415210263271,100.69875666693117 6.961402574307957)",39.82675921056625,37.09986901392115,9210,0,7826,1555
1566,"1566,5/11/2024,LINESTRING(100.69884702769664 6.9614090247402896,,,",7830,7835,7830,20241030RUN01,,,,,,,05/11/2024,80.6535184211325,49.38975447028641,-1.0,-1.0,80.6535184211325,81.6535184211325,"LINESTRING(100.69893721784894 6.961415210263271,100.69875666693117 6.961402574307957)",39.82675921056625,43.575332709589695,9210,0,7831,1556
1567,"1567,5/11/2024,LINESTRING(100.69880189426648 6.961405841138369,,,",7835,7840,7835,20241030RUN01,,,,,,,05/11/2024,80.6535184211325,49.38975447028641,-1.0,-1.0,80.6535184211325,81.6535184211325,"LINESTRING(100.69893721784894 6.961415210263271,100.69875666693117 6.961402574307957)",39.82675921056625,42.44754897172465,9210,0,7836,1557
1568,"1568,5/11/2024,LINESTRING(100.69875676962299 6.961402547133633,,,",7840,7845,7840,20241030RUN01,,,,,,,05/11/2024,-1.0,-1.0,-1.0,-1.0,-1.0,0.0,"LINESTRING(100.69875666693117 6.961402574307957,100.69857626406758 6.961389710735985)",-1.0,-0.9816700931634996,9210,0,7841,1558
1569,"1569,5/11/2024,LINESTRING(100.69871165357232 6.961399101069141,,,",7845,7850,7845,20241030RUN01,,,,,,,05/11/2024,-1.0,-1.0,-1.0,-1.0,-1.0,0.0,"LINESTRING(100.69875666693117 6.961402574307957,100.69857626406758 6.961389710735985)",-1.0,-0.9256971709741536,9210,0,7846,1559
1570,"1570,5/11/2024,LINESTRING(100.69866653420696 6.961395709476588,,,",7850,7855,7850,20241030RUN01,,,,,,,05/11/2024,-1.0,-1.0,-1.0,-1.0,-1.0,0.0,"LINESTRING(100.69875666693117 6.961402574307957,100.69857626406758 6.961389710735985)",-1.0,-0.9459345842785557,9210,0,7851,1560
1571,"1571,5/11/2024,LINESTRING(nan nan,,,",7855,7860,7855,20241030RUN01,,,,,,,05/11/2024,-1.0,-1.0,-1.0,-1.0,-1.0,0.0,"LINESTRING(100.69875666693117 6.961402574307957,100.69857626406758 6.961389710735985)",-1.0,-1.0351403830356807,9210,0,7856,1561
1572,"1572,5/11/2024,LINESTRING(nan nan,,,",7860,7865,7860,20241030RUN01,,,,,,,05/11/2024,-1.0,-1.0,-1.0,-1.0,-1.0,0.0,"LINESTRING(100.69857626406758 6.961389710735985,100.69839539823306 6.961389636806185)",-1.0,-1.0157214426597252,9210,0,7861,1562
1573,"1573,5/11/2024,LINESTRING(nan nan,,,",7865,7870,7865,20241030RUN01,,,,,,,05/11/2024,-1.0,-1.0,-1.0,-1.0,-1.0,0.0,"LINESTRING(100.69857626406758 6.961389710735985,100.69839539823306 6.961389636806185)",-1.0,-1.071386151653867,9210,0,7866,1563
1574,"1574,5/11/2024,LINESTRING(nan nan,,,",7870,7875,7870,20241030RUN01,,,,,,,05/11/2024,-1.0,-1.0,-1.0,-1.0,-1.0,0.0,"LINESTRING(100.69857626406758 6.961389710735985,100.69839539823306 6.961389636806185)",-1.0,-0.9016266262411966,9210,0,7871,1564
1575,"1575,5/11/2024,LINESTRING(nan nan,,,",7875,7880,7875,20241030RUN01,,,,,,,05/11/2024,-1.0,-1.0,-1.0,-1.0,-1.0,0.0,"LINESTRING(100.69857626406758 6.961389710735985,100.69839539823306 6.961389636806185)",-1.0,-0.9372328022911122,9210,0,7876,1565
1576,"1576,5/11/2024,LINESTRING(nan nan,,,",7880,7885,7880,20241030RUN01,,,,,,,05/11/2024,152.11333798071004,132.17687427459666,-1.0,-1.0,152.11333798071004,153.11333798071004,"LINESTRING(100.69839539823306 6.961389636806185,100.6982167987896 6.96141769207089)",75.55666899035502,77.62746493564717,9210,0,7881,1566
1577,"1577,5/11/2024,LINESTRING(100.69835024101528 6.961393527576855,,,",7885,7890,7885,20241030RUN01,,,,,,,05/11/2024,152.11333798071004,132.17687427459666,-1.0,-1.0,152.11333798071004,153.11333798071004,"LINESTRING(100.69839539823306 6.961389636806185,100.6982167987896 6.96141769207089)",75.55666899035502,80.69343231461863,9210,0,7886,1567
1578,"1578,5/11/2024,LINESTRING(100.69830538233388 6.961399438736823,,,",7890,7895,7890,20241030RUN01,,,,,,,05/11/2024,152.11333798071004,132.17687427459666,-1.0,-1.0,152.11333798071004,153.11333798071004,"LINESTRING(100.69839539823306 6.961389636806185,100.6982167987896 6.96141769207089)",75.55666899035502,73.71048307366698,9210,0,7891,1568
1579,"1579,5/11/2024,LINESTRING(100.69826088365586 6.961407614736963,,,",7895,7900,7895,20241030RUN01,,,,,,,05/11/2024,152.11333798071004,132.17687427459666,-1.0,-1.0,152.11333798071004,153.11333798071004,"LINESTRING(100.69839539823306 6.961389636806185,100.6982167987896 6.96141769207089)",75.55666899035502,69.97276616154912,9210,0,7896,1569
1580,"1580,5/11/2024,LINESTRING(100.6982167922788 6.961417693517618,,,",7900,7905,7900,20241030RUN01,,,,,,,05/11/2024,-1.0,-1.0,-1.0,-1.0,-1.0,0.0,"LINESTRING(100.6982167987896 6.96141769207089,100.6980432374777 6.961468591735001)",-1.0,-1.072148475947384,9210,0,7901,1570
1581,"1581,5/11/2024,LINESTRING(100.69817304292268 6.961429178154875,,,",7905,7910,7905,20241030RUN01,,,,,,,05/11/2024,-1.0,-1.0,-1.0,-1.0,-1.0,0.0,"LINESTRING(100.6982167987896 6.96141769207089,100.6980432374777 6.961468591735001)",-1.0,-1.0511544159095891,9210,0,7907,1571
1582,"1582,5/11/2024,LINESTRING(100.69812953450717 6.961441647280309,,,",7910,7915,7910,20241030RUN01,,,,,,,05/11/2024,-1.0,-1.0,-1.0,-1.0,-1.0,0.0,"LINESTRING(100.6982167987896 6.96141769207089,100.6980432374777 6.961468591735001)",-1.0,-0.9142859908785665,9210,0,7912,1572
1583,"1583,5/11/2024,LINESTRING(nan nan,,,",7915,7920,7915,20241030RUN01,,,,,,,05/11/2024,-1.0,-1.0,-1.0,-1.0,-1.0,0.0,"LINESTRING(100.6982167987896 6.96141769207089,100.6980432374777 6.961468591735001)",-1.0,-0.9970762786898661,9210,0,7917,1573
1584,"1584,5/11/2024,LINESTRING(nan nan,,,",7920,7925,7920,20241030RUN01,,,,,,,05/11/2024,-1.0,-1.0,-1.0,-1.0,-1.0,0.0,"LINESTRING(100.6980432374777 6.961468591735001,100.6978723126776 6.961528028772083)",-1.0,-1.0306344462862569,9210,0,7922,1574
1585,"1585,5/11/2024,LINESTRING(nan nan,,,",7925,7930,7925,20241030RUN01,,,,,,,05/11/2024,-1.0,-1.0,-1.0,-1.0,-1.0,0.0,"LINESTRING(100.6980432374777 6.961468591735001,100.6978723126776 6.961528028772083)",-1.0,-0.9984621422528019,9210,0,7927,1575
1586,"1586,5/11/2024,LINESTRING(nan nan,,,",7930,7935,7930,20241030RUN01,,,,,,,05/11/2024,-1.0,-1.0,-1.0,-1.0,-1.0,0.0,"LINESTRING(100.6980432374777 6.961468591735001,100.6978723126776 6.961528028772083)",-1.0,-1.0618500116166867,9210,0,7932,1576
1587,"1587,5/11/2024,LINESTRING(nan nan,,,",7935,7940,7935,20241030RUN01,,,,,,,05/11/2024,-1.0,-1.0,-1.0,-1.0,-1.0,0.0,"LINESTRING(100.6980432374777 6.961468591735001,100.6978723126776 6.961528028772083)",-1.0,-1.0697993510769543,9210,0,7937,1577
1588,"1588,5/11/2024,LINESTRING(nan nan,,,",7940,7945,7940,20241030RUN01,,,,,,,05/11/2024,-1.0,-1.0,-1.0,-1.0,-1.0,0.0,"LINESTRING(100.6978723126776 6.961528028772083,100.69770266200503 6.961591030148923)",-1.0,-0.9710234917879563,9210,0,7942,1578
1589,"1589,5/11/2024,LINESTRING(nan nan,,,",7945,7950,7945,20241030RUN01,,,,,,,05/11/2024,-1.0,-1.0,-1.0,-1.0,-1.0,0.0,"LINESTRING(100.6978723126776 6.961528028772083,100.69770266200503 6.961591030148923)",-1.0,-0.9374319376653208,9210,0,7947,1579
1590,"1590,5/11/2024,LINESTRING(nan nan,,,",7950,7955,7950,20241030RUN01,,,,,,,05/11/2024,-1.0,-1.0,-1.0,-1.0,-1.0,0.0,"LINESTRING(100.6978723126776 6.961528028772083,100.69770266200503 6.961591030148923)",-1.0,-1.0359662811934562,9210,0,7952,1580
1591,"1591,5/11/2024,LINESTRING(nan nan,,,",7955,7960,7955,20241030RUN01,,,,,,,05/11/2024,-1.0,-1.0,-1.0,-1.0,-1.0,0.0,"LINESTRING(100.6978723126776 6.961528028772083,100.69770266200503 6.961591030148923)",-1.0,-0.9382882174304621,9210,0,7957,1581
1592,"1592,5/11/2024,LINESTRING(nan nan,,,",7960,7965,7960,20241030RUN01,,,,,,,05/11/2024,-1.0,-1.0,-1.0,-1.0,-1.0,0.0,"LINESTRING(100.69770266200503 6.961591030148923,100.69753299080641 6.961654207556096)",-1.0,-0.9468775517984508,9210,0,7962,1582
1593,"1593,5/11/2024,LINESTRING(nan nan,,,",7965,7970,7965,20241030RUN01,,,,,,,05/11/2024,-1.0,-1.0,-1.0,-1.0,-1.0,0.0,"LINESTRING(100.69770266200503 6.961591030148923,100.69753299080641 6.961654207556096)",-1.0,-0.9499725630003887,9210,0,7967,1583
1594,"1594,5/11/2024,LINESTRING(nan nan,,,",7970,7975,7970,20241030RUN01,,,,,,,05/11/2024,-1.0,-1.0,-1.0,-1.0,-1.0,0.0,"LINESTRING(100.69770266200503 6.961591030148923,100.69753299080641 6.961654207556096)",-1.0,-0.9669362013546903,9210,0,7972,1584
1595,"1595,5/11/2024,LINESTRING(100.69757545142534 6.961638554470062,,,",7975,7980,7975,20241030RUN01,,,,,,,05/11/2024,-1.0,-1.0,-1.0,-1.0,-1.0,0.0,"LINESTRING(100.69770266200503 6.961591030148923,100.69753299080641 6.961654207556096)",-1.0,-1.0704540174145007,9210,0,7977,1585
1596,"1596,5/11/2024,LINESTRING(100.69753299018255 6.961654207425087,,,",7980,7985,7980,20241030RUN01,,,,,,,05/11/2024,-1.0,-1.0,-1.0,-1.0,-1.0,0.0,"LINESTRING(100.69753299080641 6.961654207556096,100.69736279373654 6.961715866543456)",-1.0,-1.0818865018759796,9210,0,7982,1586
1597,"1597,5/11/2024,LINESTRING(nan nan,,,",7985,7990,7985,20241030RUN01,,,,,,,05/11/2024,-1.0,-1.0,-1.0,-1.0,-1.0,0.0,"LINESTRING(100.69753299080641 6.961654207556096,100.69736279373654 6.961715866543456)",-1.0,-0.9504837270180263,9210,0,7987,1587
1598,"1598,5/11/2024,LINESTRING(nan nan,,,",7990,7995,7990,20241030RUN01,,,,,,,05/11/2024,-1.0,-1.0,-1.0,-1.0,-1.0,0.0,"LINESTRING(100.69753299080641 6.961654207556096,100.69736279373654 6.961715866543456)",-1.0,-1.0843965555978694,9210,0,7992,1588
1599,"1599,5/11/2024,LINESTRING(100.6974054541974 6.961700521630468,,,",7995,8000,7995,20241030RUN01,,,,,,,05/11/2024,-1.0,-1.0,-1.0,-1.0,-1.0,0.0,"LINESTRING(100.69753299080641 6.961654207556096,100.69736279373654 6.961715866543456)",-1.0,-1.0168694033063868,9210,0,7997,1589
1600,"1600,5/11/2024,LINESTRING(100.69736289009961 6.961715841118067,,,",8000,8005,8000,20241030RUN01,,,,,,,05/11/2024,118.97731492324668,107.68672780183638,45.5458592885373,49.94609412206015,118.97731492324668,73.43145563470937,"LINESTRING(100.69736279373654 6.961715866543456,100.69719259512993 6.9617773737419695)",82.26158710589199,80.2041307924954,9210,0,8002,1590
1601,"1601,5/11/2024,LINESTRING(100.69732036504367 6.961731283067181,,,",8005,8010,8005,20241030RUN01,,,,,,,05/11/2024,118.97731492324668,107.68672780183638,45.5458592885373,49.94609412206015,118.97731492324668,73.43145563470937,"LINESTRING(100.69736279373654 6.961715866543456,100.69719259512993 6.9617773737419695)",82.26158710589199,78.73013631262263,9210,0,8007,1591
1602,"1602,5/11/2024,LINESTRING(100.69727785087669 6.961746754880761,,,",8010,8015,8010,20241030RUN01,,,,,,,05/11/2024,118.97731492324668,107.68672780183638,45.5458592885373,49.94609412206015,118.97731492324668,73.43145563470937,"LINESTRING(100.69736279373654 6.961715866543456,100.69719259512993 6.9617773737419695)",82.26158710589199,89.51275713508316,9210,0,8012,1592
1603,"1603,5/11/2024,LINESTRING(100.69723527534332 6.961762060559818,,,",8015,8020,8015,20241030RUN01,,,,,,,05/11/2024,118.97731492324668,107.68672780183638,45.5458592885373,49.94609412206015,118.97731492324668,73.43145563470937,"LINESTRING(100.69736279373654 6.961715866543456,100.69719259512993 6.9617773737419695)",82.26158710589199,80.58059170322424,9210,0,8017,1593
1604,"1604,5/11/2024,LINESTRING(100.69719269304213 6.9617773478857226,,,",8020,8025,8020,20241030RUN01,,,,,,,05/11/2024,14.833417782394193,11.519978868255498,13.211399016547489,8.546882256670033,14.833417782394193,1.6220187658467022,"LINESTRING(100.69719259512993 6.9617773737419695,100.69702183408448 6.961837296383292)",14.02240839947084,14.517833338302264,9210,0,8022,1594
1605,"1605,5/11/2024,LINESTRING(100.69715012425152 6.961792671776285,,,",8025,8030,8025,20241030RUN01,,,,,,,05/11/2024,14.833417782394193,11.519978868255498,13.211399016547489,8.546882256670033,14.833417782394193,1.6220187658467022,"LINESTRING(100.69719259512993 6.9617773737419695,100.69702183408448 6.961837296383292)",14.02240839947084,14.900173069101172,9210,0,8027,1595
1606,"1606,5/11/2024,LINESTRING(100.69710752056831 6.9618078995210215,,,",8030,8035,8030,20241030RUN01,,,,,,,05/11/2024,14.833417782394193,11.519978868255498,13.211399016547489,8.546882256670033,14.833417782394193,1.6220187658467022,"LINESTRING(100.69719259512993 6.9617773737419695,100.69702183408448 6.961837296383292)",14.02240839947084,13.313991139813647,9210,0,8032,1596
1607,"1607,5/11/2024,LINESTRING(100.6970648181225 6.961822846951222,,,",8035,8040,8035,20241030RUN01,,,,,,,05/11/2024,14.833417782394193,11.519978868255498,13.211399016547489,8.546882256670033,14.833417782394193,1.6220187658467022,"LINESTRING(100.69719259512993 6.9617773737419695,100.69702183408448 6.961837296383292)",14.02240839947084,13.597221409076601,9210,0,8037,1597
1608,"1608,5/11/2024,LINESTRING(100.69702193578668 6.961837269497953,,,",8040,8045,8040,20241030RUN01,,,,,,,05/11/2024,-1.0,-1.0,-1.0,-1.0,-1.0,0.0,"LINESTRING(100.69702183408448 6.961837296383292,100.69684837710965 6.961888307577831)",-1.0,-0.9388136417875793,9210,0,8042,1598
1609,"1609,5/11/2024,LINESTRING(100.69697886055884 6.9618511047481935,,,",8045,8050,8045,20241030RUN01,,,,,,,05/11/2024,-1.0,-1.0,-1.0,-1.0,-1.0,0.0,"LINESTRING(100.69702183408448 6.961837296383292,100.69684837710965 6.961888307577831)",-1.0,-0.9565898988084924,9210,0,8047,1599
1610,"1610,5/11/2024,LINESTRING(100.69693560429286 6.9618643484669755,,,",8050,8055,8050,20241030RUN01,,,,,,,05/11/2024,-1.0,-1.0,-1.0,-1.0,-1.0,0.0,"LINESTRING(100.69702183408448 6.961837296383292,100.69684837710965 6.961888307577831)",-1.0,-1.004486501164686,9210,0,8052,1600
1611,"1611,5/11/2024,LINESTRING(nan nan,,,",8055,8060,8055,20241030RUN01,,,,,,,05/11/2024,-1.0,-1.0,-1.0,-1.0,-1.0,0.0,"LINESTRING(100.69702183408448 6.961837296383292,100.69684837710965 6.961888307577831)",-1.0,-0.9791513366149699,9210,0,8057,1601
1612,"1612,5/11/2024,LINESTRING(nan nan,,,",8060,8065,8060,20241030RUN01,,,,,,,05/11/2024,-1.0,-1.0,-1.0,-1.0,-1.0,0.0,"LINESTRING(100.69684837710965 6.961888307577831,100.69667096801535 6.961923753779948)",-1.0,-0.9152830899166076,9210,0,8063,1602
1613,"1613,5/11/2024,LINESTRING(100.69680429612205 6.96189877495311,,,",8065,8070,8065,20241030RUN01,,,,,,,05/11/2024,-1.0,-1.0,-1.0,-1.0,-1.0,0.0,"LINESTRING(100.69684837710965 6.961888307577831,100.69667096801535 6.961923753779948)",-1.0,-1.0320063742874854,9210,0,8068,1603
1614,"1614,5/11/2024,LINESTRING(100.69676003009101 6.96190816813437,,,",8070,8075,8070,20241030RUN01,,,,,,,05/11/2024,-1.0,-1.0,-1.0,-1.0,-1.0,0.0,"LINESTRING(100.69684837710965 6.961888307577831,100.69667096801535 6.961923753779948)",-1.0,-1.0406557483978058,9210,0,8073,1604
1615,"1615,5/11/2024,LINESTRING(100.69671554230983 6.961916446022124,,,",8075,8080,8075,20241030RUN01,,,,,,,05/11/2024,-1.0,-1.0,-1.0,-1.0,-1.0,0.0,"LINESTRING(100.69684837710965 6.961888307577831,100.69667096801535 6.961923753779948)",-1.0,-1.0500589084553196,9210,0,8078,1605
1616,"1616,5/11/2024,LINESTRING(nan nan,,,",8080,8085,8080,20241030RUN01,,,,,,,05/11/2024,-1.0,-1.0,-1.0,-1.0,-1.0,0.0,"LINESTRING(100.69667096801535 6.961923753779948,100.69650020742381 6.961898408817249)",-1.0,-1.0314763399817706,9210,0,8083,1606
1617,"1617,5/11/2024,LINESTRING(nan nan,,,",8085,8090,8085,20241030RUN01,,,,,,,05/11/2024,-1.0,-1.0,-1.0,-1.0,-1.0,0.0,"LINESTRING(100.69667096801535 6.961923753779948,100.69650020742381 6.961898408817249)",-1.0,-1.0135576266348936,9210,0,8088,1607
1618,"1618,5/11/2024,LINESTRING(nan nan,,,",8090,8095,8090,20241030RUN01,,,,,,,05/11/2024,-1.0,-1.0,-1.0,-1.0,-1.0,0.0,"LINESTRING(100.69667096801535 6.961923753779948,100.69650020742381 6.961898408817249)",-1.0,-1.0676104891402343,9210,0,8093,1608
1619,"1619,5/11/2024,LINESTRING(100.69653685567857 6.96192409637417,,,",8095,8100,8095,20241030RUN01,,,,,,,05/11/2024,-1.0,-1.0,-1.0,-1.0,-1.0,0.0,"LINESTRING(100.69667096801535 6.961923753779948,100.69650020742381 6.961898408817249)",-1.0,-0.9143991452346971,9210,0,8098,1609
1620,"1620,5/11/2024,LINESTRING(nan nan,,,",8100,8105,8100,20241030RUN01,,,,,,,05/11/2024,107.77782759105516,106.69162972484811,-1.0,-1.0,107.77782759105516,108.77782759105516,"LINESTRING(100.69650020742381 6.961898408817249,100.6964534985288 6.961725320386165)",53.38891379552758,48.624342923691046,9210,0,8103,1610
1621,"1621,5/11/2024,LINESTRING(100.6964801811483 6.961858208749261,,,",8105,8110,8105,20241030RUN01,,,,,,,05/11/2024,107.77782759105516,106.69162972484811,-1.0,-1.0,107.77782759105516,108.77782759105516,"LINESTRING(100.69650020742381 6.961898408817249,100.6964534985288 6.961725320386165)",53.38891379552758,56.820314903179494,9210,0,8108,1611
1622,"1622,5/11/2024,LINESTRING(100.69646927677773 6.961814346798123,,,",8110,8115,8110,20241030RUN01,,,,,,,05/11/2024,107.77782759105516,106.69162972484811,-1.0,-1.0,107.77782759105516,108.77782759105516,"LINESTRING(100.69650020742381 6.961898408817249,100.6964534985288 6.961725320386165)",53.38891379552758,58.10605452107291,9210,0,8113,1612
1623,"1623,5/11/2024,LINESTRING(100.69646100935651 6.961769898453968,,,",8115,8120,8115,20241030RUN01,,,,,,,05/11/2024,107.77782759105516,106.69162972484811,-1.0,-1.0,107.77782759105516,108.77782759105516,"LINESTRING(100.69650020742381 6.961898408817249,100.6964534985288 6.961725320386165)",53.38891379552758,49.98933178648541,9210,0,8118,1613
1624,"1624,5/11/2024,LINESTRING(100.6964535665891 6.961725302683637,,,",8120,8125,8120,20241030RUN01,,,,,,,05/11/2024,-1.0,-1.0,141.83850189297516,109.15616712017372,141.83850189297516,142.83850189297516,"LINESTRING(100.6964534985288 6.961725320386165,100.69642452534595 6.961546795055656)",70.41925094648758,73.61081854526498,9210,0,8123,1614
1625,"1625,5/11/2024,LINESTRING(100.69644623639942 6.961680686975968,,,",8125,8130,8125,20241030RUN01,,,,,,,05/11/2024,-1.0,-1.0,141.83850189297516,109.15616712017372,141.83850189297516,142.83850189297516,"LINESTRING(100.6964534985288 6.961725320386165,100.69642452534595 6.961546795055656)",70.41925094648758,66.65468536098268,9210,0,8128,1615
1626,"1626,5/11/2024,LINESTRING(100.6964389462123 6.961636065063605,,,",8130,8135,8130,20241030RUN01,,,,,,,05/11/2024,-1.0,-1.0,141.83850189297516,109.15616712017372,141.83850189297516,142.83850189297516,"LINESTRING(100.6964534985288 6.961725320386165,100.69642452534595 6.961546795055656)",70.41925094648758,75.94857803776762,9210,0,8133,1616
1627,"1627,5/11/2024,LINESTRING(nan nan,,,",8135,8140,8135,20241030RUN01,,,,,,,05/11/2024,-1.0,-1.0,141.83850189297516,109.15616712017372,141.83850189297516,142.83850189297516,"LINESTRING(100.6964534985288 6.961725320386165,100.69642452534595 6.961546795055656)",70.41925094648758,65.5922270333345,9210,0,8138,1617
1628,"1628,5/11/2024,LINESTRING(nan nan,,,",8140,8145,8140,20241030RUN01,,,,,,,05/11/2024,-1.0,-1.0,177.38281978287262,195.41261468953775,177.38281978287262,178.38281978287262,"LINESTRING(100.69642452534595 6.961546795055656,100.69639798046319 6.961367923532104)",88.19140989143631,88.0530038345897,9210,0,8143,1618
1629,"1629,5/11/2024,LINESTRING(100.6964174899486 6.96150213443845,,,",8145,8150,8145,20241030RUN01,,,,,,,05/11/2024,-1.0,-1.0,177.38281978287262,195.41261468953775,177.38281978287262,178.38281978287262,"LINESTRING(100.69642452534595 6.961546795055656,100.69639798046319 6.961367923532104)",88.19140989143631,91.14192736793535,9210,0,8148,1619
1630,"1630,5/11/2024,LINESTRING(100.6964107493203 6.961457427015008,,,",8150,8155,8150,20241030RUN01,,,,,,,05/11/2024,-1.0,-1.0,177.38281978287262,195.41261468953775,177.38281978287262,178.38281978287262,"LINESTRING(100.69642452534595 6.961546795055656,100.69639798046319 6.961367923532104)",88.19140989143631,91.2508600091878,9210,0,8153,1620
1631,"1631,5/11/2024,LINESTRING(100.6964043502749 6.961412669640414,,,",8155,8160,8155,20241030RUN01,,,,,,,05/11/2024,-1.0,-1.0,177.38281978287262,195.41261468953775,177.38281978287262,178.38281978287262,"LINESTRING(100.69642452534595 6.961546795055656,100.69639798046319 6.961367923532104)",88.19140989143631,82.0438688717778,9210,0,8158,1621
1632,"1632,5/11/2024,LINESTRING(100.6963981211603 6.961367888264569,,,",8160,8165,8160,20241030RUN01,,,,,,,05/11/2024,-1.0,-1.0,-1.0,-1.0,-1.0,0.0,"LINESTRING(100.69639798046319 6.961367923532104,100.69637273885209 6.961188840247925)",-1.0,-0.9589463014800956,9210,0,8163,1622
1633,"1633,5/11/2024,LINESTRING(nan nan,,,",8165,8170,8165,20241030RUN01,,,,,,,05/11/2024,-1.0,-1.0,-1.0,-1.0,-1.0,0.0,"LINESTRING(100.69639798046319 6.961367923532104,100.69637273885209 6.961188840247925)",-1.0,-0.9543816812127975,9210,0,8168,1623
1634,"1634,5/11/2024,LINESTRING(nan nan,,,",8170,8175,8170,20241030RUN01,,,,,,,05/11/2024,-1.0,-1.0,-1.0,-1.0,-1.0,0.0,"LINESTRING(100.69639798046319 6.961367923532104,100.69637273885209 6.961188840247925)",-1.0,-1.0599742707954343,9210,0,8173,1624
1635,"1635,5/11/2024,LINESTRING(100.69637910137922 6.9612335947633275,,,",8175,8180,8175,20241030RUN01,,,,,,,05/11/2024,-1.0,-1.0,-1.0,-1.0,-1.0,0.0,"LINESTRING(100.69639798046319 6.961367923532104,100.69637273885209 6.961188840247925)",-1.0,-0.9290464484617038,9210,0,8178,1625
1636,"1636,5/11/2024,LINESTRING(100.69637282306853 6.961188819351647,,,",8180,8185,8180,20241030RUN01,,,,,,,05/11/2024,-1.0,-1.0,-1.0,-1.0,-1.0,0.0,"LINESTRING(100.69637273885209 6.961188840247925,100.69634775795265 6.961009711412843)",-1.0,-0.9584534912254145,9210,0,8183,1626
1637,"1637,5/11/2024,LINESTRING(100.69636655674378 6.961144042683645,,,",8185,8190,8185,20241030RUN01,,,,,,,05/11/2024,-1.0,-1.0,-1.0,-1.0,-1.0,0.0,"LINESTRING(100.69637273885209 6.961188840247925,100.69634775795265 6.961009711412843)",-1.0,-0.9763923725583897,9210,0,8188,1627
1638,"1638,5/11/2024,LINESTRING(100.69636024310869 6.961099272633435,,,",8190,8195,8190,20241030RUN01,,,,,,,05/11/2024,-1.0,-1.0,-1.0,-1.0,-1.0,0.0,"LINESTRING(100.69637273885209 6.961188840247925,100.69634775795265 6.961009711412843)",-1.0,-1.0821133617073582,9210,0,8193,1628
1639,"1639,5/11/2024,LINESTRING(nan nan,,,",8195,8200,8195,20241030RUN01,,,,,,,05/11/2024,-1.0,-1.0,-1.0,-1.0,-1.0,0.0,"LINESTRING(100.69637273885209 6.961188840247925,100.69634775795265 6.961009711412843)",-1.0,-1.0603240114634607,9210,0,8198,1629
1640,"1640,5/11/2024,LINESTRING(nan nan,,,",8200,8205,8200,20241030RUN01,,,,,,,05/11/2024,-1.0,-1.0,-1.0,-1.0,-1.0,0.0,"LINESTRING(100.69634775795265 6.961009711412843,100.69632384938271 6.9608304501646545)",-1.0,-1.0626970698448919,9210,0,8203,1630
1641,"1641,5/11/2024,LINESTRING(nan nan,,,",8205,8210,8205,20241030RUN01,,,,,,,05/11/2024,-1.0,-1.0,-1.0,-1.0,-1.0,0.0,"LINESTRING(100.69634775795265 6.961009711412843,100.69632384938271 6.9608304501646545)",-1.0,-0.9530389630529482,9210,0,8208,1631
1642,"1642,5/11/2024,LINESTRING(nan nan,,,",8210,8215,8210,20241030RUN01,,,,,,,05/11/2024,-1.0,-1.0,-1.0,-1.0,-1.0,0.0,"LINESTRING(100.69634775795265 6.961009711412843,100.69632384938271 6.9608304501646545)",-1.0,-0.9666554252121018,9210,0,8214,1632
1643,"1643,5/11/2024,LINESTRING(nan nan,,,",8215,8220,8215,20241030RUN01,,,,,,,05/11/2024,-1.0,-1.0,-1.0,-1.0,-1.0,0.0,"LINESTRING(100.69634775795265 6.961009711412843,100.69632384938271 6.9608304501646545)",-1.0,-0.9543764041648034,9210,0,8219,1633
1644,"1644,5/11/2024,LINESTRING(nan nan,,,",8220,8225,8220,20241030RUN01,,,,,,,05/11/2024,-1.0,-1.0,-1.0,-1.0,-1.0,0.0,"LINESTRING(100.69632384938271 6.9608304501646545,100.69630228207512 6.960650908078154)",-1.0,-0.9568547693602684,9210,0,8224,1634
1645,"1645,5/11/2024,LINESTRING(nan nan,,,",8225,8230,8225,20241030RUN01,,,,,,,05/11/2024,-1.0,-1.0,-1.0,-1.0,-1.0,0.0,"LINESTRING(100.69632384938271 6.9608304501646545,100.69630228207512 6.960650908078154)",-1.0,-1.0152428281379,9210,0,8229,1635
1646,"1646,5/11/2024,LINESTRING(nan nan,,,",8230,8235,8230,20241030RUN01,,,,,,,05/11/2024,-1.0,-1.0,-1.0,-1.0,-1.0,0.0,"LINESTRING(100.69632384938271 6.9608304501646545,100.69630228207512 6.960650908078154)",-1.0,-0.9984285156148851,9210,0,8234,1636
1647,"1647,5/11/2024,LINESTRING(nan nan,,,",8235,8240,8235,20241030RUN01,,,,,,,05/11/2024,-1.0,-1.0,-1.0,-1.0,-1.0,0.0,"LINESTRING(100.69632384938271 6.9608304501646545,100.69630228207512 6.960650908078154)",-1.0,-0.9909545058208802,9210,0,8239,1637
1648,"1648,5/11/2024,LINESTRING(nan nan,,,",8240,8245,8240,20241030RUN01,,,,,,,05/11/2024,102.45702535849134,133.6029613545013,103.63503602193838,77.48543530406768,103.63503602193838,1.17801066344704,"LINESTRING(100.69630228207512 6.960650908078154,100.69628323253151 6.960471066694444)",103.04603069021485,109.43109956067204,9210,0,8244,1638
1649,"1649,5/11/2024,LINESTRING(100.696297454949 6.960605940805277,,,",8245,8250,8245,20241030RUN01,,,,,,,05/11/2024,102.45702535849134,133.6029613545013,103.63503602193838,77.48543530406768,103.63503602193838,1.17801066344704,"LINESTRING(100.69630228207512 6.960650908078154,100.69628323253151 6.960471066694444)",103.04603069021485,99.4303464654429,9210,0,8249,1639
1650,"1650,5/11/2024,LINESTRING(100.6962926493598 6.960560984526017,,,",8250,8255,8250,20241030RUN01,,,,,,,05/11/2024,102.45702535849134,133.6029613545013,103.63503602193838,77.48543530406768,103.63503602193838,1.17801066344704,"LINESTRING(100.69630228207512 6.960650908078154,100.69628323253151 6.960471066694444)",103.04603069021485,94.09332667269229,9210,0,8254,1640
1651,"1651,5/11/2024,LINESTRING(100.69628791024687 6.960516021132838,,,",8255,8260,8255,20241030RUN01,,,,,,,05/11/2024,102.45702535849134,133.6029613545013,103.63503602193838,77.48543530406768,103.63503602193838,1.17801066344704,"LINESTRING(100.69630228207512 6.960650908078154,100.69628323253151 6.960471066694444)",103.04603069021485,109.10700081796001,9210,0,8259,1641
1652,"1652,5/11/2024,LINESTRING(100.69628334695602 6.960471040101296,,,",8260,8265,8260,20241030RUN01,,,,,,,05/11/2024,8.760016493208333,8.057153165928664,18.44683133715406,18.571574456790444,18.44683133715406,9.686814843945726,"LINESTRING(100.69628323253151 6.960471066694444,100.69626682520958 6.960290965619654)",13.603423915181196,13.901361171974482,9210,0,8264,1642
1653,"1653,5/11/2024,LINESTRING(100.69627897126611 6.960426040526477,,,",8265,8270,8265,20241030RUN01,,,,,,,05/11/2024,8.760016493208333,8.057153165928664,18.44683133715406,18.571574456790444,18.44683133715406,9.686814843945726,"LINESTRING(100.69628323253151 6.960471066694444,100.69626682520958 6.960290965619654)",13.603423915181196,13.54212557021756,9210,0,8269,1643
1654,"1654,5/11/2024,LINESTRING(100.69627476064706 6.9603810251379725,,,",8270,8275,8270,20241030RUN01,,,,,,,05/11/2024,8.760016493208333,8.057153165928664,18.44683133715406,18.571574456790444,18.44683133715406,9.686814843945726,"LINESTRING(100.69628323253151 6.960471066694444,100.69626682520958 6.960290965619654)",13.603423915181196,12.8295251727729,9210,0,8274,1644
1655,"1655,5/11/2024,LINESTRING(100.69627074570872 6.9603359918668195,,,",8275,8280,8275,20241030RUN01,,,,,,,05/11/2024,8.760016493208333,8.057153165928664,18.44683133715406,18.571574456790444,18.44683133715406,9.686814843945726,"LINESTRING(100.69628323253151 6.960471066694444,100.69626682520958 6.960290965619654)",13.603423915181196,13.91606880848372,9210,0,8279,1645
1656,"1656,5/11/2024,LINESTRING(100.6962669323052 6.96029094109722,,,",8280,8285,8280,20241030RUN01,,,,,,,05/11/2024,5.95339914864948,5.089124547796188,6.660729171837613,5.340316666804353,6.660729171837613,0.7073300231881339,"LINESTRING(100.69626682520958 6.960290965619654,100.69625168083307 6.960110752325531)",6.307064160243547,5.908223607009745,9210,0,8284,1646
1657,"1657,5/11/2024,LINESTRING(100.696263226124 6.9602458813216925,,,",8285,8290,8285,20241030RUN01,,,,,,,05/11/2024,5.95339914864948,5.089124547796188,6.660729171837613,5.340316666804353,6.660729171837613,0.7073300231881339,"LINESTRING(100.69626682520958 6.960290965619654,100.69625168083307 6.960110752325531)",6.307064160243547,5.787313115501994,9210,0,8289,1647
1658,"1658,5/11/2024,LINESTRING(100.69625943565858 6.960200828519647,,,",8290,8295,8290,20241030RUN01,,,,,,,05/11/2024,5.95339914864948,5.089124547796188,6.660729171837613,5.340316666804353,6.660729171837613,0.7073300231881339,"LINESTRING(100.69626682520958 6.960290965619654,100.69625168083307 6.960110752325531)",6.307064160243547,6.516262575410861,9210,0,8294,1648
1659,"1659,5/11/2024,LINESTRING(100.69625558991726 6.96015578038992,,,",8295,8300,8295,20241030RUN01,,,,,,,05/11/2024,5.95339914864948,5.089124547796188,6.660729171837613,5.340316666804353,6.660729171837613,0.7073300231881339,"LINESTRING(100.69626682520958 6.960290965619654,100.69625168083307 6.960110752325531)",6.307064160243547,6.865136621844858,9210,0,8299,1649
1660,"1660,5/11/2024,LINESTRING(100.69625178548246 6.9601107287385835,,,",8300,8305,8300,20241030RUN01,,,,,,,05/11/2024,12.129018157673933,9.502178644003989,9.35890628800486,7.973070239464466,12.129018157673933,2.770111869669071,"LINESTRING(100.69625168083307 6.960110752325531,100.69623561386304 6.959930620165185)",10.743962222839397,10.878040871708832,9210,0,8304,1650
1661,"1661,5/11/2024,LINESTRING(100.69624795713776 6.960065679123663,,,",8305,8310,8305,20241030RUN01,,,,,,,05/11/2024,12.129018157673933,9.502178644003989,9.35890628800486,7.973070239464466,12.129018157673933,2.770111869669071,"LINESTRING(100.69625168083307 6.960110752325531,100.69623561386304 6.959930620165185)",10.743962222839397,10.077901281621148,9210,0,8309,1651
1662,"1662,5/11/2024,LINESTRING(100.69624405800727 6.960020635661444,,,",8310,8315,8310,20241030RUN01,,,,,,,05/11/2024,12.129018157673933,9.502178644003989,9.35890628800486,7.973070239464466,12.129018157673933,2.770111869669071,"LINESTRING(100.69625168083307 6.960110752325531,100.69623561386304 6.959930620165185)",10.743962222839397,11.576146014075148,9210,0,8314,1652
1663,"1663,5/11/2024,LINESTRING(100.69624000556169 6.959975605619187,,,",8315,8320,8315,20241030RUN01,,,,,,,05/11/2024,12.129018157673933,9.502178644003989,9.35890628800486,7.973070239464466,12.129018157673933,2.770111869669071,"LINESTRING(100.69625168083307 6.960110752325531,100.69623561386304 6.959930620165185)",10.743962222839397,10.204160290810847,9210,0,8319,1653
1664,"1664,5/11/2024,LINESTRING(100.69623571604707 6.959930597501613,,,",8320,8325,8320,20241030RUN01,,,,,,,05/11/2024,8.565744578572575,5.358611668120308,6.720266037427011,6.024260167530239,8.565744578572575,1.845478541145564,"LINESTRING(100.69623561386304 6.959930620165185,100.69621189292954 6.959751427353803)",7.643005307999793,7.583871029241384,9210,0,8324,1654
1665,"1665,5/11/2024,LINESTRING(100.69623115619618 6.959885616000217,,,",8325,8330,8325,20241030RUN01,,,,,,,05/11/2024,8.565744578572575,5.358611668120308,6.720266037427011,6.024260167530239,8.565744578572575,1.845478541145564,"LINESTRING(100.69623561386304 6.959930620165185,100.69621189292954 6.959751427353803)",7.643005307999793,7.390376283491483,9210,0,8329,1655
1666,"1666,5/11/2024,LINESTRING(100.69622615220881 6.959840681954143,,,",8330,8335,8330,20241030RUN01,,,,,,,05/11/2024,8.565744578572575,5.358611668120308,6.720266037427011,6.024260167530239,8.565744578572575,1.845478541145564,"LINESTRING(100.69623561386304 6.959930620165185,100.69621189292954 6.959751427353803)",7.643005307999793,8.008613470016225,9210,0,8334,1656
1667,"1667,5/11/2024,LINESTRING(100.69622009708782 6.95979587888162,,,",8335,8340,8335,20241030RUN01,,,,,,,05/11/2024,8.565744578572575,5.358611668120308,6.720266037427011,6.024260167530239,8.565744578572575,1.845478541145564,"LINESTRING(100.69623561386304 6.959930620165185,100.69621189292954 6.959751427353803)",7.643005307999793,7.779456413183702,9210,0,8339,1657
1668,"1668,5/11/2024,LINESTRING(100.69621199349903 6.959751405414675,,,",8340,8345,8340,20241030RUN01,,,,,,,05/11/2024,7.567281988445487,6.097399652092466,9.53431729517455,8.355960726853587,9.53431729517455,1.967035306729063,"LINESTRING(100.69621189292954 6.959751427353803,100.69613690155113 6.959589023010726)",8.550799641810018,8.841159418281254,9210,0,8344,1658
1669,"1669,5/11/2024,LINESTRING(100.69620056762554 6.959707673800035,,,",8345,8350,8345,20241030RUN01,,,,,,,05/11/2024,7.567281988445487,6.097399652092466,9.53431729517455,8.355960726853587,9.53431729517455,1.967035306729063,"LINESTRING(100.69621189292954 6.959751427353803,100.69613690155113 6.959589023010726)",8.550799641810018,9.351155031248965,9210,0,8349,1659
1670,"1670,5/11/2024,LINESTRING(100.69618486803056 6.9596652959384855,,,",8350,8355,8350,20241030RUN01,,,,,,,05/11/2024,7.567281988445487,6.097399652092466,9.53431729517455,8.355960726853587,9.53431729517455,1.967035306729063,"LINESTRING(100.69621189292954 6.959751427353803,100.69613690155113 6.959589023010726)",8.550799641810018,7.870774795470561,9210,0,8354,1660
1671,"1671,5/11/2024,LINESTRING(100.69616395462565 6.959625246980112,,,",8355,8360,8355,20241030RUN01,,,,,,,05/11/2024,7.567281988445487,6.097399652092466,9.53431729517455,8.355960726853587,9.53431729517455,1.967035306729063,"LINESTRING(100.69621189292954 6.959751427353803,100.69613690155113 6.959589023010726)",8.550799641810018,7.906822922718719,9210,0,8359,1661
1672,"1672,5/11/2024,LINESTRING(100.69613700511917 6.959589000794912,,,",8360,8365,8360,20241030RUN01,,,,,,,05/11/2024,5.229568426916962,4.301683152630268,4.823000770892064,3.435139744841658,5.229568426916962,0.4065676560248983,"LINESTRING(100.69613690155113 6.959589023010726,100.6959768602964 6.959516641454068)",5.026284598904513,4.543794295046022,9210,0,8364,1662
1673,"1673,5/11/2024,LINESTRING(100.69610371216889 6.959558499925465,,,",8365,8370,8365,20241030RUN01,,,,,,,05/11/2024,5.229568426916962,4.301683152630268,4.823000770892064,3.435139744841658,5.229568426916962,0.4065676560248983,"LINESTRING(100.69613690155113 6.959589023010726,100.6959768602964 6.959516641454068)",5.026284598904513,5.432293647773687,9210,0,,
1674,"1674,5/11/2024,LINESTRING(100.69606475742954 6.9595356677474465,,,",8370,8375,8370,20241030RUN01,,,,,,,05/11/2024,5.229568426916962,4.301683152630268,4.823000770892064,3.435139744841658,5.229568426916962,0.4065676560248983,"LINESTRING(100.69613690155113 6.959589023010726,100.6959768602964 6.959516641454068)",5.026284598904513,5.384645278219596,9210,0,8370,1663
1675,"1675,5/11/2024,LINESTRING(100.69602187328228 6.959521521496577,,,",8375,8380,8375,20241030RUN01,,,,,,,05/11/2024,5.229568426916962,4.301683152630268,4.823000770892064,3.435139744841658,5.229568426916962,0.4065676560248983,"LINESTRING(100.69613690155113 6.959589023010726,100.6959768602964 6.959516641454068)",5.026284598904513,4.554680113649325,9210,0,8375,1664
1676,"1676,5/11/2024,LINESTRING(100.69597696274955 6.959516619692755,,,",8380,8385,8380,20241030RUN01,,,,,,,05/11/2024,5.141291202208308,4.067177149725461,5.048472791374837,4.528455847603891,5.141291202208308,0.0928184108334706,"LINESTRING(100.6959768602964 6.959516641454068,100.69579828336367 6.959543327692247)",5.094881996791573,5.4547460070127,9210,0,8380,1665
1677,"1677,5/11/2024,LINESTRING(100.69593179165517 6.959518705724894,,,",8385,8390,8385,20241030RUN01,,,,,,,05/11/2024,5.141291202208308,4.067177149725461,5.048472791374837,4.528455847603891,5.141291202208308,0.0928184108334706,"LINESTRING(100.6959768602964 6.959516641454068,100.69579828336367 6.959543327692247)",5.094881996791573,4.828398195138471,9210,0,8385,1666
1678,"1678,5/11/2024,LINESTRING(100.69588699548723 6.95952500701034,,,",8390,8395,8390,20241030RUN01,,,,,,,05/11/2024,5.141291202208308,4.067177149725461,5.048472791374837,4.528455847603891,5.141291202208308,0.0928184108334706,"LINESTRING(100.6959768602964 6.959516641454068,100.69579828336367 6.959543327692247)",5.094881996791573,4.82839160396854,9210,0,8390,1667
1679,"1679,5/11/2024,LINESTRING(100.69584256308356 6.959533533458018,,,",8395,8400,8395,20241030RUN01,,,,,,,05/11/2024,5.141291202208308,4.067177149725461,5.048472791374837,4.528455847603891,5.141291202208308,0.0928184108334706,"LINESTRING(100.6959768602964 6.959516641454068,100.69579828336367 6.959543327692247)",5.094881996791573,5.39581266624573,9210,0,8395,1668
1680,"1680,5/11/2024,LINESTRING(100.69579838714118 6.959543305677164,,,",8400,8405,8400,20241030RUN01,,,,,,,05/11/2024,4.370101807571591,3.2579852224793657,3.146679301879863,2.2199579814448915,4.370101807571591,1.2234225056917278,"LINESTRING(100.69579828336367 6.959543327692247,100.69562355446962 6.959590403534748)",3.758390554725727,3.6354729284847975,9210,0,8400,1669
1681,"1681,5/11/2024,LINESTRING(100.695754452698 6.959554112784445,,,",8405,8410,8405,20241030RUN01,,,,,,,05/11/2024,4.370101807571591,3.2579852224793657,3.146679301879863,2.2199579814448915,4.370101807571591,1.2234225056917278,"LINESTRING(100.69579828336367 6.959543327692247,100.69562355446962 6.959590403534748)",3.758390554725727,3.7865252519145125,9210,0,8405,1670
1682,"1682,5/11/2024,LINESTRING(100.69571074635795 6.959565807674112,,,",8410,8415,8410,20241030RUN01,,,,,,,05/11/2024,4.370101807571591,3.2579852224793657,3.146679301879863,2.2199579814448915,4.370101807571591,1.2234225056917278,"LINESTRING(100.69579828336367 6.959543327692247,100.69562355446962 6.959590403534748)",3.758390554725727,3.9817662370989213,9210,0,8410,1671
1683,"1683,5/11/2024,LINESTRING(100.69566718829158 6.959578043954833,,,",8415,8420,8415,20241030RUN01,,,,,,,05/11/2024,4.370101807571591,3.2579852224793657,3.146679301879863,2.2199579814448915,4.370101807571591,1.2234225056917278,"LINESTRING(100.69579828336367 6.959543327692247,100.69562355446962 6.959590403534748)",3.758390554725727,3.818997854810936,9210,0,8415,1672
1684,"1684,5/11/2024,LINESTRING(100.69562365868697 6.959590381406334,,,",8420,8425,8420,20241030RUN01,,,,,,,05/11/2024,4.651976465920098,4.180070434387815,5.66654497065488,5.519865243099996,5.66654497065488,1.0145685047347817,"LINESTRING(100.69562355446962 6.959590403534748,100.69545033947307 6.959642819107029)",5.15926071828749,5.6202134821967915,9210,0,8420,1673
1685,"1685,5/11/2024,LINESTRING(100.69558021643358 6.959603021171228,,,",8425,8430,8425,20241030RUN01,,,,,,,05/11/2024,4.651976465920098,4.180070434387815,5.66654497065488,5.519865243099996,5.66654497065488,1.0145685047347817,"LINESTRING(100.69562355446962 6.959590403534748,100.69545033947307 6.959642819107029)",5.15926071828749,5.110639223642674,9210,0,8425,1674
1686,"1686,5/11/2024,LINESTRING(100.69553692101039 6.959616154256929,,,",8430,8435,8430,20241030RUN01,,,,,,,05/11/2024,4.651976465920098,4.180070434387815,5.66654497065488,5.519865243099996,5.66654497065488,1.0145685047347817,"LINESTRING(100.69562355446962 6.959590403534748,100.69545033947307 6.959642819107029)",5.15926071828749,4.917825620255108,9210,0,8430,1675
1687,"1687,5/11/2024,LINESTRING(100.69549371769108 6.959629587182301,,,",8435,8440,8435,20241030RUN01,,,,,,,05/11/2024,4.651976465920098,4.180070434387815,5.66654497065488,5.519865243099996,5.66654497065488,1.0145685047347817,"LINESTRING(100.69562355446962 6.959590403534748,100.69545033947307 6.959642819107029)",5.15926071828749,5.010235922413709,9210,0,8435,1676
1688,"1688,5/11/2024,LINESTRING(100.69545044534867 6.959642796597517,,,",8440,8445,8440,20241030RUN01,,,,,,,05/11/2024,4.0513337068181166,4.135214549357841,3.795568722599348,3.763184768073791,4.0513337068181166,0.2557649842187688,"LINESTRING(100.69545033947307 6.959642819107029,100.69527668365168 6.959693766341855)",3.9234512147087326,3.9152957758569205,9210,0,8440,1677
1689,"1689,5/11/2024,LINESTRING(100.69540706461554 6.959655646727922,,,",8445,8450,8445,20241030RUN01,,,,,,,05/11/2024,4.0513337068181166,4.135214549357841,3.795568722599348,3.763184768073791,4.0513337068181166,0.2557649842187688,"LINESTRING(100.69545033947307 6.959642819107029,100.69527668365168 6.959693766341855)",3.9234512147087326,3.7657147534526154,9210,0,8445,1678
1690,"1690,5/11/2024,LINESTRING(100.6953636955163 6.9596685358707955,,,",8450,8455,8450,20241030RUN01,,,,,,,05/11/2024,4.0513337068181166,4.135214549357841,3.795568722599348,3.763184768073791,4.0513337068181166,0.2557649842187688,"LINESTRING(100.69545033947307 6.959642819107029,100.69527668365168 6.959693766341855)",3.9234512147087326,4.130232380354196,9210,0,8450,1679
1691,"1691,5/11/2024,LINESTRING(100.69532025198824 6.959681173444876,,,",8455,8460,8455,20241030RUN01,,,,,,,05/11/2024,4.0513337068181166,4.135214549357841,3.795568722599348,3.763184768073791,4.0513337068181166,0.2557649842187688,"LINESTRING(100.69545033947307 6.959642819107029,100.69527668365168 6.959693766341855)",3.9234512147087326,3.6393157022704368,9210,0,8455,1680
1692,"1692,5/11/2024,LINESTRING(100.69527678895875 6.959693743922086,,,",8460,8465,8460,20241030RUN01,,,,,,,05/11/2024,10.9820407018485,11.899132530851666,10.477119663661544,11.63169866446729,10.9820407018485,0.5049210381869553,"LINESTRING(100.69527668365168 6.959693766341855,100.6951004470083 6.959733528315604)",10.729580182755022,11.56271735277803,9210,0,8460,1681
1693,"1693,5/11/2024,LINESTRING(100.69523326229674 6.959706090916955,,,",8465,8470,8465,20241030RUN01,,,,,,,05/11/2024,10.9820407018485,11.899132530851666,10.477119663661544,11.63169866446729,10.9820407018485,0.5049210381869553,"LINESTRING(100.69527668365168 6.959693766341855,100.6951004470083 6.959733528315604)",10.729580182755022,10.693388276845521,9210,0,8465,1682
1694,"1694,5/11/2024,LINESTRING(100.69518951254511 6.959717619194154,,,",8470,8475,8470,20241030RUN01,,,,,,,05/11/2024,10.9820407018485,11.899132530851666,10.477119663661544,11.63169866446729,10.9820407018485,0.5049210381869553,"LINESTRING(100.69527668365168 6.959693766341855,100.6951004470083 6.959733528315604)",10.729580182755022,10.401192266364191,9210,0,8470,1683
1695,"1695,5/11/2024,LINESTRING(100.69514539495182 6.959727627893137,,,",8475,8480,8475,20241030RUN01,,,,,,,05/11/2024,10.9820407018485,11.899132530851666,10.477119663661544,11.63169866446729,10.9820407018485,0.5049210381869553,"LINESTRING(100.69527668365168 6.959693766341855,100.6951004470083 6.959733528315604)",10.729580182755022,10.48039119251371,9210,0,8475,1684
1696,"1696,5/11/2024,LINESTRING(100.69510055287441 6.959733505772671,,,",8480,8485,8480,20241030RUN01,,,,,,,05/11/2024,47.53034257457219,37.84711156918173,45.558847468969134,36.30277641787209,47.53034257457219,1.9714951056030543,"LINESTRING(100.6951004470083 6.959733528315604,100.69492181471475 6.959714523698857)",46.54459502177066,48.54960678031071,9210,0,8480,1685
1697,"1697,5/11/2024,LINESTRING(100.6950553489414 6.9597351119809066,,,",8485,8490,8485,20241030RUN01,,,,,,,05/11/2024,47.53034257457219,37.84711156918173,45.558847468969134,36.30277641787209,47.53034257457219,1.9714951056030543,"LINESTRING(100.6951004470083 6.959733528315604,100.69492181471475 6.959714523698857)",46.54459502177066,43.77864563153588,9210,0,8485,1686
1698,"1698,5/11/2024,LINESTRING(100.69501014766902 6.959733374022322,,,",8490,8495,8490,20241030RUN01,,,,,,,05/11/2024,47.53034257457219,37.84711156918173,45.558847468969134,36.30277641787209,47.53034257457219,1.9714951056030543,"LINESTRING(100.6951004470083 6.959733528315604,100.69492181471475 6.959714523698857)",46.54459502177066,46.63123263867739,9210,0,8490,1687
1699,"1699,5/11/2024,LINESTRING(100.69496539719248 6.959726894907842,,,",8495,8500,8495,20241030RUN01,,,,,,,05/11/2024,47.53034257457219,37.84711156918173,45.558847468969134,36.30277641787209,47.53034257457219,1.9714951056030543,"LINESTRING(100.6951004470083 6.959733528315604,100.69492181471475 6.959714523698857)",46.54459502177066,47.41770763364281,9210,0,8495,1688
1700,"1700,5/11/2024,LINESTRING(100.69492191872254 6.959714501661614,,,",8500,8505,8500,20241030RUN01,,,,,,,05/11/2024,163.5817310965116,128.90484031663092,158.03766291253015,121.85259213258314,163.5817310965116,5.544068183981437,"LINESTRING(100.69492181471475 6.959714523698857,100.69476098994794 6.959632110198863)",160.80969700452087,147.05640327409944,9210,0,8500,1689
1701,"1701,5/11/2024,LINESTRING(100.69488020568815 6.959697027432012,,,",8505,8510,8505,20241030RUN01,,,,,,,05/11/2024,163.5817310965116,128.90484031663092,158.03766291253015,121.85259213258314,163.5817310965116,5.544068183981437,"LINESTRING(100.69492181471475 6.959714523698857,100.69476098994794 6.959632110198863)",160.80969700452087,161.7938794687058,9210,0,8505,1690
1702,"1702,5/11/2024,LINESTRING(100.6948398107308 6.959676662283074,,,",8510,8515,8510,20241030RUN01,,,,,,,05/11/2024,163.5817310965116,128.90484031663092,158.03766291253015,121.85259213258314,163.5817310965116,5.544068183981437,"LINESTRING(100.69492181471475 6.959714523698857,100.69476098994794 6.959632110198863)",160.80969700452087,175.04620774551563,9210,0,8510,1691
1703,"1703,5/11/2024,LINESTRING(100.6948001311076 6.959654938028432,,,",8515,8520,8515,20241030RUN01,,,,,,,05/11/2024,163.5817310965116,128.90484031663092,158.03766291253015,121.85259213258314,163.5817310965116,5.544068183981437,"LINESTRING(100.69492181471475 6.959714523698857,100.69476098994794 6.959632110198863)",160.80969700452087,159.27745778979644,9210,0,8515,1692
1704,"1704,5/11/2024,LINESTRING(100.69476109144647 6.959632088915585,,,",8520,8525,8520,20241030RUN01,,,,,,,05/11/2024,88.5975542575294,88.34010251764462,101.16491067860238,101.21474810479764,101.16491067860238,12.567356421072986,"LINESTRING(100.69476098994794 6.959632110198863,100.69460483472709 6.95954082673438)",94.88123246806589,85.83385754852542,9210,0,8521,1693
1705,"1705,5/11/2024,LINESTRING(100.6947223120564 6.959608795505909,,,",8525,8530,8525,20241030RUN01,,,,,,,05/11/2024,88.5975542575294,88.34010251764462,101.16491067860238,101.21474810479764,101.16491067860238,12.567356421072986,"LINESTRING(100.69476098994794 6.959632110198863,100.69460483472709 6.95954082673438)",94.88123246806589,100.96912044981318,9210,0,8526,1694
1706,"1706,5/11/2024,LINESTRING(100.69468360845731 6.959585377403644,,,",8530,8535,8530,20241030RUN01,,,,,,,05/11/2024,88.5975542575294,88.34010251764462,101.16491067860238,101.21474810479764,101.16491067860238,12.567356421072986,"LINESTRING(100.69476098994794 6.959632110198863,100.69460483472709 6.95954082673438)",94.88123246806589,90.72270365019668,9210,0,8531,1695
1707,"1707,5/11/2024,LINESTRING(100.69464488737098 6.959561989032446,,,",8535,8540,8535,20241030RUN01,,,,,,,05/11/2024,88.5975542575294,88.34010251764462,101.16491067860238,101.21474810479764,101.16491067860238,12.567356421072986,"LINESTRING(100.69476098994794 6.959632110198863,100.69460483472709 6.95954082673438)",94.88123246806589,101.99750146702489,9210,0,8536,1696
1708,"1708,5/11/2024,LINESTRING(100.69460493586543 6.959540805770003,,,",8540,8545,8540,20241030RUN01,,,,,,,05/11/2024,14.478793800323244,10.357043442253373,13.192314133330196,9.385147896118172,14.478793800323244,1.2864796669930492,"LINESTRING(100.69460483472709 6.95954082673438,100.69444782206932 6.95945191129971)",13.83555396682672,12.686629048290717,9210,0,8541,1697
1709,"1709,5/11/2024,LINESTRING(100.69456382209168 6.9595219574839575,,,",8545,8550,8545,20241030RUN01,,,,,,,05/11/2024,14.478793800323244,10.357043442253373,13.192314133330196,9.385147896118172,14.478793800323244,1.2864796669930492,"LINESTRING(100.69460483472709 6.95954082673438,100.69444782206932 6.95945191129971)",13.83555396682672,14.536539776809416,9210,0,8546,1698
1710,"1710,5/11/2024,LINESTRING(100.6945234935039 6.959501495395719,,,",8550,8555,8550,20241030RUN01,,,,,,,05/11/2024,14.478793800323244,10.357043442253373,13.192314133330196,9.385147896118172,14.478793800323244,1.2864796669930492,"LINESTRING(100.69460483472709 6.95954082673438,100.69444782206932 6.95945191129971)",13.83555396682672,14.524073849692218,9210,0,8551,1699
1711,"1711,5/11/2024,LINESTRING(100.69448480598513 6.959478064471043,,,",8555,8560,8555,20241030RUN01,,,,,,,05/11/2024,14.478793800323244,10.357043442253373,13.192314133330196,9.385147896118172,14.478793800323244,1.2864796669930492,"LINESTRING(100.69460483472709 6.95954082673438,100.69444782206932 6.95945191129971)",13.83555396682672,13.75786797958728,9210,0,8556,1700
1712,"1712,5/11/2024,LINESTRING(100.69444792655275 6.959451889897698,,,",8560,8565,8560,20241030RUN01,,,,,,,05/11/2024,177.2190735761061,167.5671194414798,130.10011301195556,128.75336230398787,177.2190735761061,47.11896056415054,"LINESTRING(100.69444782206932 6.95945191129971,100.69434121134167 6.959328702095009)",153.65959329403083,144.8012325353612,9210,0,8561,1701
1713,"1713,5/11/2024,LINESTRING(100.6944128390058 6.9594233594860695,,,",8565,8570,8565,20241030RUN01,,,,,,,05/11/2024,177.2190735761061,167.5671194414798,130.10011301195556,128.75336230398787,177.2190735761061,47.11896056415054,"LINESTRING(100.69444782206932 6.95945191129971,100.69434121134167 6.959328702095009)",153.65959329403083,164.63222980590473,9210,0,8566,1702
1714,"1714,5/11/2024,LINESTRING(100.69437905558331 6.959393288998811,,,",8570,8575,8570,20241030RUN01,,,,,,,05/11/2024,177.2190735761061,167.5671194414798,130.10011301195556,128.75336230398787,177.2190735761061,47.11896056415054,"LINESTRING(100.69444782206932 6.95945191129971,100.69434121134167 6.959328702095009)",153.65959329403083,165.94770547035057,9210,0,8571,1703
1715,"1715,5/11/2024,LINESTRING(100.6943499896143 6.959358818292624,,,",8575,8580,8575,20241030RUN01,,,,,,,05/11/2024,177.2190735761061,167.5671194414798,130.10011301195556,128.75336230398787,177.2190735761061,47.11896056415054,"LINESTRING(100.69444782206932 6.95945191129971,100.69434121134167 6.959328702095009)",153.65959329403083,138.99464354034401,9210,0,8576,1704
1716,"1716,5/11/2024,LINESTRING(100.69434130675712 6.959328682793995,,,",8580,8585,8580,20241030RUN01,,,,,,,05/11/2024,124.0947882177709,140.03183357920668,140.3833975574663,170.42517380724374,140.3833975574663,16.288609339695412,"LINESTRING(100.69434121134167 6.959328702095009,100.69425905774467 6.959168527360631)",132.2390928876186,143.04838382948674,9210,0,8581,1705
1717,"1717,5/11/2024,LINESTRING(100.69432599010493 6.959286185362989,,,",8585,8590,8585,20241030RUN01,,,,,,,05/11/2024,124.0947882177709,140.03183357920668,140.3833975574663,170.42517380724374,140.3833975574663,16.288609339695412,"LINESTRING(100.69434121134167 6.959328702095009,100.69425905774467 6.959168527360631)",132.2390928876186,129.4829727813032,9210,0,8586,1706
1718,"1718,5/11/2024,LINESTRING(100.69430547480592 6.959246144471046,,,",8590,8595,8590,20241030RUN01,,,,,,,05/11/2024,124.0947882177709,140.03183357920668,140.3833975574663,170.42517380724374,140.3833975574663,16.288609339695412,"LINESTRING(100.69434121134167 6.959328702095009,100.69425905774467 6.959168527360631)",132.2390928876186,122.92489409905868,9210,0,8591,1707
1719,"1719,5/11/2024,LINESTRING(100.69428238189396 6.9592072888894085,,,",8595,8600,8595,20241030RUN01,,,,,,,05/11/2024,124.0947882177709,140.03183357920668,140.3833975574663,170.42517380724374,140.3833975574663,16.288609339695412,"LINESTRING(100.69434121134167 6.959328702095009,100.69425905774467 6.959168527360631)",132.2390928876186,133.3685376086643,9210,0,8596,1708
1720,"1720,5/11/2024,LINESTRING(100.69425913919717 6.959168511122872,,,",8600,8605,8600,20241030RUN01,,,,,,,05/11/2024,72.28441963666724,54.06740929853153,74.36259560248467,52.13274388184117,74.36259560248467,2.078175965817437,"LINESTRING(100.69425905774467 6.959168527360631,100.69419071603944 6.959001535732062)",73.32350761957596,66.90478775008333,9210,0,8601,1709
1721,"1721,5/11/2024,LINESTRING(100.69423823111676 6.959128425267522,,,",8605,8610,8605,20241030RUN01,,,,,,,05/11/2024,72.28441963666724,54.06740929853153,74.36259560248467,52.13274388184117,74.36259560248467,2.078175965817437,"LINESTRING(100.69425905774467 6.959168527360631,100.69419071603944 6.959001535732062)",73.32350761957596,76.989612124383,9210,0,8606,1710
1722,"1722,5/11/2024,LINESTRING(100.69421983679139 6.959087133826558,,,",8610,8615,8610,20241030RUN01,,,,,,,05/11/2024,72.28441963666724,54.06740929853153,74.36259560248467,52.13274388184117,74.36259560248467,2.078175965817437,"LINESTRING(100.69425905774467 6.959168527360631,100.69419071603944 6.959001535732062)",73.32350761957596,72.24591185679861,9210,0,8611,1711
1723,"1723,5/11/2024,LINESTRING(100.6942043911164 6.959044644133546,,,",8615,8620,8615,20241030RUN01,,,,,,,05/11/2024,72.28441963666724,54.06740929853153,74.36259560248467,52.13274388184117,74.36259560248467,2.078175965817437,"LINESTRING(100.69425905774467 6.959168527360631,100.69419071603944 6.959001535732062)",73.32350761957596,77.35641892955087,9210,0,8616,1712
1724,"1724,5/11/2024,LINESTRING(100.69419082237071 6.95900151498728,,,",8620,8625,8620,20241030RUN01,,,,,,,05/11/2024,183.60032837115688,297.014272501674,174.83325717923574,254.87502636757003,183.60032837115688,8.767071191921133,"LINESTRING(100.69419071603944 6.959001535732062,100.69409121812564 6.958853705584021)",179.21679277519632,167.660444525341,9210,0,8621,1713
1725,"1725,5/11/2024,LINESTRING(100.69417587096359 6.958958847942153,,,",8625,8630,8625,20241030RUN01,,,,,,,05/11/2024,183.60032837115688,297.014272501674,174.83325717923574,254.87502636757003,183.60032837115688,8.767071191921133,"LINESTRING(100.69419071603944 6.959001535732062,100.69409121812564 6.958853705584021)",179.21679277519632,186.54808548668092,9210,0,8626,1714
1726,"1726,5/11/2024,LINESTRING(100.69415181779227 6.958920885910288,,,",8630,8635,8630,20241030RUN01,,,,,,,05/11/2024,183.60032837115688,297.014272501674,174.83325717923574,254.87502636757003,183.60032837115688,8.767071191921133,"LINESTRING(100.69419071603944 6.959001535732062,100.69409121812564 6.958853705584021)",179.21679277519632,185.5637351811716,9210,0,8631,1715
1727,"1727,5/11/2024,LINESTRING(100.69412174197434 6.958887115540912,,,",8635,8640,8635,20241030RUN01,,,,,,,05/11/2024,183.60032837115688,297.014272501674,174.83325717923574,254.87502636757003,183.60032837115688,8.767071191921133,"LINESTRING(100.69419071603944 6.959001535732062,100.69409121812564 6.958853705584021)",179.21679277519632,177.0571640612876,9210,0,8636,1716
1728,"1728,5/11/2024,LINESTRING(100.69409132434743 6.958853685199733,,,",8640,8645,8640,20241030RUN01,,,,,,,05/11/2024,21.642553309936496,16.692337583308404,20.29824349027478,16.79800293196906,21.642553309936496,1.3443098196617171,"LINESTRING(100.69409121812564 6.958853705584021,100.6939762041527 6.958714175064622)",20.970398400105637,22.25293157192908,9210,0,8641,1717
1729,"1729,5/11/2024,LINESTRING(100.69406354088825 6.958818002707036,,,",8645,8650,8645,20241030RUN01,,,,,,,05/11/2024,21.642553309936496,16.692337583308404,20.29824349027478,16.79800293196906,21.642553309936496,1.3443098196617171,"LINESTRING(100.69409121812564 6.958853705584021,100.6939762041527 6.958714175064622)",20.970398400105637,20.79201419108522,9210,0,8646,1718
1730,"1730,5/11/2024,LINESTRING(100.69403561464627 6.958782431095866,,,",8650,8655,8650,20241030RUN01,,,,,,,05/11/2024,21.642553309936496,16.692337583308404,20.29824349027478,16.79800293196906,21.642553309936496,1.3443098196617171,"LINESTRING(100.69409121812564 6.958853705584021,100.6939762041527 6.958714175064622)",20.970398400105637,21.349853336695272,9210,0,8651,1719
1731,"1731,5/11/2024,LINESTRING(100.69400653886781 6.958747791734562,,,",8655,8660,8655,20241030RUN01,,,,,,,05/11/2024,21.642553309936496,16.692337583308404,20.29824349027478,16.79800293196906,21.642553309936496,1.3443098196617171,"LINESTRING(100.69409121812564 6.958853705584021,100.6939762041527 6.958714175064622)",20.970398400105637,19.187725607369213,9210,0,8656,1720
1732,"1732,5/11/2024,LINESTRING(100.69397630765691 6.95871415551581,,,",8660,8665,8660,20241030RUN01,,,,,,,05/11/2024,10.048809440881207,9.16685785208514,10.161263346413808,9.667851887852205,10.161263346413808,0.1124539055326003,"LINESTRING(100.6939762041527 6.958714175064622,100.69384618497689 6.9585885280093)",10.105036393647508,10.824857289225749,9210,0,8661,1721
1733,"1733,5/11/2024,LINESTRING(100.69394495149643 6.958681564385736,,,",8665,8670,8665,20241030RUN01,,,,,,,05/11/2024,10.048809440881207,9.16685785208514,10.161263346413808,9.667851887852205,10.161263346413808,0.1124539055326003,"LINESTRING(100.6939762041527 6.958714175064622,100.69384618497689 6.9585885280093)",10.105036393647508,10.43373730278502,9210,0,8666,1722
1734,"1734,5/11/2024,LINESTRING(100.69391286624034 6.958649685735455,,,",8670,8675,8670,20241030RUN01,,,,,,,05/11/2024,10.048809440881207,9.16685785208514,10.161263346413808,9.667851887852205,10.161263346413808,0.1124539055326003,"LINESTRING(100.6939762041527 6.958714175064622,100.69384618497689 6.9585885280093)",10.105036393647508,9.907856280823575,9210,0,8671,1723
1735,"1735,5/11/2024,LINESTRING(100.69388035988523 6.958618237578665,,,",8675,8680,8675,20241030RUN01,,,,,,,05/11/2024,10.048809440881207,9.16685785208514,10.161263346413808,9.667851887852205,10.161263346413808,0.1124539055326003,"LINESTRING(100.6939762041527 6.958714175064622,100.69384618497689 6.9585885280093)",10.105036393647508,9.154087668691876,9210,0,8677,1724
1736,"1736,5/11/2024,LINESTRING(100.6938462855308 6.958588509299066,,,",8680,8685,8680,20241030RUN01,,,,,,,05/11/2024,8.363387166052004,7.682525083178755,8.847440971681628,7.249305555936419,8.847440971681628,0.4840538056296246,"LINESTRING(100.69384618497689 6.9585885280093,100.69368876479481 6.958500568611519)",8.605414068866816,9.000401162292716,9210,0,8682,1725
1737,"1737,5/11/2024,LINESTRING(100.69380966617089 6.958561982764977,,,",8685,8690,8685,20241030RUN01,,,,,,,05/11/2024,8.363387166052004,7.682525083178755,8.847440971681628,7.249305555936419,8.847440971681628,0.4840538056296246,"LINESTRING(100.69384618497689 6.9585885280093,100.69368876479481 6.958500568611519)",8.605414068866816,8.348886673143065,9210,0,8687,1726
1738,"1738,5/11/2024,LINESTRING(100.69377077743707 6.9585388970466475,,,",8690,8695,8690,20241030RUN01,,,,,,,05/11/2024,8.363387166052004,7.682525083178755,8.847440971681628,7.249305555936419,8.847440971681628,0.4840538056296246,"LINESTRING(100.69384618497689 6.9585885280093,100.69368876479481 6.958500568611519)",8.605414068866816,9.000328359850617,9210,0,8692,1727
1739,"1739,5/11/2024,LINESTRING(100.69373028164819 6.958518744303472,,,",8695,8700,8695,20241030RUN01,,,,,,,05/11/2024,8.363387166052004,7.682525083178755,8.847440971681628,7.249305555936419,8.847440971681628,0.4840538056296246,"LINESTRING(100.69384618497689 6.9585885280093,100.69368876479481 6.958500568611519)",8.605414068866816,7.970907867514601,9210,0,8697,1728
1740,"1740,5/11/2024,LINESTRING(100.69368886258687 6.9585005506267885,,,",8700,8705,8700,20241030RUN01,,,,,,,05/11/2024,82.71553901493337,88.4834958491724,82.68823219035988,90.30188183052192,82.71553901493337,0.0273068245734862,"LINESTRING(100.69368876479481 6.958500568611519,100.69352648168713 6.958420882670778)",82.70188560264663,82.64088998435967,9210,0,8702,1729
1741,"1741,5/11/2024,LINESTRING(100.69364774178632 6.958481723031344,,,",8705,8710,8705,20241030RUN01,,,,,,,05/11/2024,82.71553901493337,88.4834958491724,82.68823219035988,90.30188183052192,82.71553901493337,0.0273068245734862,"LINESTRING(100.69368876479481 6.958500568611519,100.69352648168713 6.958420882670778)",82.70188560264663,78.61029665590831,9210,0,8707,1730
1742,"1742,5/11/2024,LINESTRING(100.69360804990671 6.958460034633684,,,",8710,8715,8710,20241030RUN01,,,,,,,05/11/2024,82.71553901493337,88.4834958491724,82.68823219035988,90.30188183052192,82.71553901493337,0.0273068245734862,"LINESTRING(100.69368876479481 6.958500568611519,100.69352648168713 6.958420882670778)",82.70188560264663,82.04937841261133,9210,0,8712,1731
1743,"1743,5/11/2024,LINESTRING(100.69356810065621 6.95843884229571,,,",8715,8720,8715,20241030RUN01,,,,,,,05/11/2024,82.71553901493337,88.4834958491724,82.68823219035988,90.30188183052192,82.71553901493337,0.0273068245734862,"LINESTRING(100.69368876479481 6.958500568611519,100.69352648168713 6.958420882670778)",82.70188560264663,87.27739318419296,9210,0,8717,1732
1744,"1744,5/11/2024,LINESTRING(100.69352659225353 6.958420862602574,,,",8720,8725,8720,20241030RUN01,,,,,,,05/11/2024,8.518952942651486,6.92525355162045,8.530842504484676,7.436577535473152,8.530842504484676,0.0118895618331897,"LINESTRING(100.69352648168713 6.958420882670778,100.69335722355672 6.958356852973802)",8.524897723568081,9.246292564194974,9210,0,8722,1733
1745,"1745,5/11/2024,LINESTRING(100.69348440438445 6.958404524978026,,,",8725,8730,8725,20241030RUN01,,,,,,,05/11/2024,8.518952942651486,6.92525355162045,8.530842504484676,7.436577535473152,8.530842504484676,0.0118895618331897,"LINESTRING(100.69352648168713 6.958420882670778,100.69335722355672 6.958356852973802)",8.524897723568081,7.930548781185246,9210,0,8727,1734
1746,"1746,5/11/2024,LINESTRING(100.69344196920008 6.958388836883031,,,",8730,8735,8730,20241030RUN01,,,,,,,05/11/2024,8.518952942651486,6.92525355162045,8.530842504484676,7.436577535473152,8.530842504484676,0.0118895618331897,"LINESTRING(100.69352648168713 6.958420882670778,100.69335722355672 6.958356852973802)",8.524897723568081,8.633024076135642,9210,0,8732,1735
1747,"1747,5/11/2024,LINESTRING(100.69339955176339 6.958373100903815,,,",8735,8740,8735,20241030RUN01,,,,,,,05/11/2024,8.518952942651486,6.92525355162045,8.530842504484676,7.436577535473152,8.530842504484676,0.0118895618331897,"LINESTRING(100.69352648168713 6.958420882670778,100.69335722355672 6.958356852973802)",8.524897723568081,8.432260254183285,9210,0,8737,1736
1748,"1748,5/11/2024,LINESTRING(100.69335733617874 6.958356832739871,,,",8740,8745,8740,20241030RUN01,,,,,,,05/11/2024,2.450323447624208,1.52405702483202,2.7981850758683287,2.104091959840225,2.7981850758683287,0.3478616282441207,"LINESTRING(100.69335722355672 6.958356852973802,100.6931885714018 6.958291259986176)",2.6242542617462683,2.6267522446022515,9210,0,8742,1737
1749,"1749,5/11/2024,LINESTRING(100.69331534773208 6.958339987175586,,,",8745,8750,8745,20241030RUN01,,,,,,,05/11/2024,2.450323447624208,1.52405702483202,2.7981850758683287,2.104091959840225,2.7981850758683287,0.3478616282441207,"LINESTRING(100.69335722355672 6.958356852973802,100.6931885714018 6.958291259986176)",2.6242542617462683,2.730344878563256,9210,0,8747,1738
1750,"1750,5/11/2024,LINESTRING(100.69327334064964 6.958323188104039,,,",8750,8755,8750,20241030RUN01,,,,,,,05/11/2024,2.450323447624208,1.52405702483202,2.7981850758683287,2.104091959840225,2.7981850758683287,0.3478616282441207,"LINESTRING(100.69335722355672 6.958356852973802,100.6931885714018 6.958291259986176)",2.6242542617462683,2.792823371598703,9210,0,8752,1739
1751,"1751,5/11/2024,LINESTRING(100.69323109444437 6.958306999989881,,,",8755,8760,8755,20241030RUN01,,,,,,,05/11/2024,2.450323447624208,1.52405702483202,2.7981850758683287,2.104091959840225,2.7981850758683287,0.3478616282441207,"LINESTRING(100.69335722355672 6.958356852973802,100.6931885714018 6.958291259986176)",2.6242542617462683,2.4751250500853765,9210,0,8757,1740
1752,"1752,5/11/2024,LINESTRING(100.69318868592899 6.958291239622256,,,",8760,8765,8760,20241030RUN01,,,,,,,05/11/2024,3.852462033592445,3.3754699318775674,6.431531027467875,4.36305445347316,6.431531027467875,2.579068993875429,"LINESTRING(100.6931885714018 6.958291259986176,100.6930185852307 6.958229356642255)",5.14199653053016,4.785749387883464,9210,0,8762,1741
1753,"1753,5/11/2024,LINESTRING(100.6931462775316 6.958275478798231,,,",8765,8770,8765,20241030RUN01,,,,,,,05/11/2024,3.852462033592445,3.3754699318775674,6.431531027467875,4.36305445347316,6.431531027467875,2.579068993875429,"LINESTRING(100.6931885714018 6.958291259986176,100.6930185852307 6.958229356642255)",5.14199653053016,5.332056079998807,9210,0,8767,1742
1754,"1754,5/11/2024,LINESTRING(100.693104016872 6.9582593275912865,,,",8770,8775,8770,20241030RUN01,,,,,,,05/11/2024,3.852462033592445,3.3754699318775674,6.431531027467875,4.36305445347316,6.431531027467875,2.579068993875429,"LINESTRING(100.6931885714018 6.958291259986176,100.6930185852307 6.958229356642255)",5.14199653053016,5.372897147501482,9210,0,8772,1743
1755,"1755,5/11/2024,LINESTRING(100.69306181515371 6.958243032142231,,,",8775,8780,8775,20241030RUN01,,,,,,,05/11/2024,3.852462033592445,3.3754699318775674,6.431531027467875,4.36305445347316,6.431531027467875,2.579068993875429,"LINESTRING(100.6931885714018 6.958291259986176,100.6930185852307 6.958229356642255)",5.14199653053016,5.210814698607953,9210,0,8777,1744
1756,"1756,5/11/2024,LINESTRING(100.69301870055047 6.958229336339489,,,",8780,8785,8780,20241030RUN01,,,,,,,05/11/2024,4.998203520730263,4.385000043174834,6.320382907224167,4.802033952977608,6.320382907224167,1.3221793864939049,"LINESTRING(100.6930185852307 6.958229356642255,100.69284636166343 6.958174016369542)",5.6592932139772145,5.789502100254526,9210,0,8782,1745
1757,"1757,5/11/2024,LINESTRING(100.69297505985611 6.95821740300974,,,",8785,8790,8785,20241030RUN01,,,,,,,05/11/2024,4.998203520730263,4.385000043174834,6.320382907224167,4.802033952977608,6.320382907224167,1.3221793864939049,"LINESTRING(100.6930185852307 6.958229356642255,100.69284636166343 6.958174016369542)",5.6592932139772145,5.915062715967252,9210,0,8787,1746
1758,"1758,5/11/2024,LINESTRING(100.69293191383278 6.958203797290971,,,",8790,8795,8790,20241030RUN01,,,,,,,05/11/2024,4.998203520730263,4.385000043174834,6.320382907224167,4.802033952977608,6.320382907224167,1.3221793864939049,"LINESTRING(100.6930185852307 6.958229356642255,100.69284636166343 6.958174016369542)",5.6592932139772145,5.584966257116249,9210,0,8792,1747
1759,"1759,5/11/2024,LINESTRING(100.6928891394627 6.958189058724874,,,",8795,8800,8795,20241030RUN01,,,,,,,05/11/2024,4.998203520730263,4.385000043174834,6.320382907224167,4.802033952977608,6.320382907224167,1.3221793864939049,"LINESTRING(100.6930185852307 6.958229356642255,100.69284636166343 6.958174016369542)",5.6592932139772145,5.478662582975698,9210,0,8797,1748
1760,"1760,5/11/2024,LINESTRING(100.69284647776668 6.9581739961169085,,,",8800,8805,8800,20241030RUN01,,,,,,,05/11/2024,8.339355020898369,7.688858741194799,8.690356896791602,8.391676452327843,8.690356896791602,0.3510018758932336,"LINESTRING(100.69284636166343 6.958174016369542,100.69267569735452 6.958113820661792)",8.514855958844986,7.852006927193828,9210,0,8802,1749
1761,"1761,5/11/2024,LINESTRING(100.69280387888419 6.958158757695545,,,",8805,8810,8805,20241030RUN01,,,,,,,05/11/2024,8.339355020898369,7.688858741194799,8.690356896791602,8.391676452327843,8.690356896791602,0.3510018758932336,"LINESTRING(100.69284636166343 6.958174016369542,100.69267569735452 6.958113820661792)",8.514855958844986,8.169078095375088,9210,0,8807,1750
1762,"1762,5/11/2024,LINESTRING(100.6927612588093 6.958143576932612,,,",8810,8815,8810,20241030RUN01,,,,,,,05/11/2024,8.339355020898369,7.688858741194799,8.690356896791602,8.391676452327843,8.690356896791602,0.3510018758932336,"LINESTRING(100.69284636166343 6.958174016369542,100.69267569735452 6.958113820661792)",8.514855958844986,9.074171541671557,9210,0,8812,1751
1763,"1763,5/11/2024,LINESTRING(100.69271853683072 6.95812868547136,,,",8815,8820,8815,20241030RUN01,,,,,,,05/11/2024,8.339355020898369,7.688858741194799,8.690356896791602,8.391676452327843,8.690356896791602,0.3510018758932336,"LINESTRING(100.69284636166343 6.958174016369542,100.69267569735452 6.958113820661792)",8.514855958844986,8.927363937969718,9210,0,8817,1752
1764,"1764,5/11/2024,LINESTRING(100.69267581248793 6.958113800770074,,,",8820,8825,8820,20241030RUN01,,,,,,,05/11/2024,12.501142317515038,12.182041083457785,10.504144207111873,9.268033188922598,12.501142317515038,1.996998110403165,"LINESTRING(100.69267569735452 6.958113820661792,100.69250378850633 6.9580572875975495)",11.502643262313455,10.930792372545493,9210,0,8822,1753
1765,"1765,5/11/2024,LINESTRING(100.69263303575634 6.958099069876703,,,",8825,8830,8825,20241030RUN01,,,,,,,05/11/2024,12.501142317515038,12.182041083457785,10.504144207111873,9.268033188922598,12.501142317515038,1.996998110403165,"LINESTRING(100.69267569735452 6.958113820661792,100.69250378850633 6.9580572875975495)",11.502643262313455,12.439173913167949,9210,0,8828,1754
1766,"1766,5/11/2024,LINESTRING(100.69259001152645 6.9580850745326455,,,",8830,8835,8830,20241030RUN01,,,,,,,05/11/2024,12.501142317515038,12.182041083457785,10.504144207111873,9.268033188922598,12.501142317515038,1.996998110403165,"LINESTRING(100.69267569735452 6.958113820661792,100.69250378850633 6.9580572875975495)",11.502643262313455,11.010353676751961,9210,0,8833,1755
1767,"1767,5/11/2024,LINESTRING(100.6925469225232 6.958071281034046,,,",8835,8840,8835,20241030RUN01,,,,,,,05/11/2024,12.501142317515038,12.182041083457785,10.504144207111873,9.268033188922598,12.501142317515038,1.996998110403165,"LINESTRING(100.69267569735452 6.958113820661792,100.69250378850633 6.9580572875975495)",11.502643262313455,11.854719732885071,9210,0,8838,1756
1768,"1768,5/11/2024,LINESTRING(100.69250390440888 6.95805726776099,,,",8840,8845,8840,20241030RUN01,,,,,,,05/11/2024,14.581743274116548,11.096644639016974,14.332736194040637,9.757801849284617,14.581743274116548,0.249007080075911,"LINESTRING(100.69250378850633 6.9580572875975495,100.69233092612859 6.958003722358762)",14.457239734078591,15.820828961280474,9210,0,8843,1757
1769,"1769,5/11/2024,LINESTRING(100.69246072808797 6.958043749822713,,,",8845,8850,8845,20241030RUN01,,,,,,,05/11/2024,14.581743274116548,11.096644639016974,14.332736194040637,9.757801849284617,14.581743274116548,0.249007080075911,"LINESTRING(100.69250378850633 6.9580572875975495,100.69233092612859 6.958003722358762)",14.457239734078591,13.90687622387249,9210,0,8848,1758
1770,"1770,5/11/2024,LINESTRING(100.6924175426433 6.958030260163165,,,",8850,8855,8850,20241030RUN01,,,,,,,05/11/2024,14.581743274116548,11.096644639016974,14.332736194040637,9.757801849284617,14.581743274116548,0.249007080075911,"LINESTRING(100.69250378850633 6.9580572875975495,100.69233092612859 6.958003722358762)",14.457239734078591,13.025692246224656,9210,0,8853,1759
1771,"1771,5/11/2024,LINESTRING(100.69237434977543 6.958016796608793,,,",8855,8860,8855,20241030RUN01,,,,,,,05/11/2024,14.581743274116548,11.096644639016974,14.332736194040637,9.757801849284617,14.581743274116548,0.249007080075911,"LINESTRING(100.69250378850633 6.9580572875975495,100.69233092612859 6.958003722358762)",14.457239734078591,14.79832988396456,9210,0,8858,1760
1772,"1772,5/11/2024,LINESTRING(100.69233104290645 6.958003702555074,,,",8860,8865,8860,20241030RUN01,,,,,,,05/11/2024,17.160682014888287,14.96473035250536,15.467537886439,12.396531828859835,17.160682014888287,1.6931441284492887,"LINESTRING(100.69233092612859 6.958003722358762,100.692157554248 6.957951851382036)",16.314109950663642,17.449830305821642,9210,0,8863,1761
1773,"1773,5/11/2024,LINESTRING(100.69228784229117 6.957990259373454,,,",8865,8870,8865,20241030RUN01,,,,,,,05/11/2024,17.160682014888287,14.96473035250536,15.467537886439,12.396531828859835,17.160682014888287,1.6931441284492887,"LINESTRING(100.69233092612859 6.958003722358762,100.692157554248 6.957951851382036)",16.314109950663642,15.220287246441572,9210,0,8868,1762
1774,"1774,5/11/2024,LINESTRING(100.69224461605164 6.957976904309599,,,",8870,8875,8870,20241030RUN01,,,,,,,05/11/2024,17.160682014888287,14.96473035250536,15.467537886439,12.396531828859835,17.160682014888287,1.6931441284492887,"LINESTRING(100.69233092612859 6.958003722358762,100.692157554248 6.957951851382036)",16.314109950663642,15.64010494057973,9210,0,8873,1763
1775,"1775,5/11/2024,LINESTRING(100.69220116469691 6.9579642961497665,,,",8875,8880,8875,20241030RUN01,,,,,,,05/11/2024,17.160682014888287,14.96473035250536,15.467537886439,12.396531828859835,17.160682014888287,1.6931441284492887,"LINESTRING(100.69233092612859 6.958003722358762,100.692157554248 6.957951851382036)",16.314109950663642,16.742743122579682,9210,0,8878,1764
1776,"1776,5/11/2024,LINESTRING(100.6921576719106 6.957951831607185,,,",8880,8885,8880,20241030RUN01,,,,,,,05/11/2024,46.628702883088906,32.66608032640407,42.02962031563596,25.67509237219245,46.628702883088906,4.599082567452946,"LINESTRING(100.692157554248 6.957951851382036,100.69198375646062 6.957901399346486)",44.329161599362436,44.24390646243258,9210,0,8883,1765
1777,"1777,5/11/2024,LINESTRING(100.69211423186685 6.957939186320479,,,",8885,8890,8885,20241030RUN01,,,,,,,05/11/2024,46.628702883088906,32.66608032640407,42.02962031563596,25.67509237219245,46.628702883088906,4.599082567452946,"LINESTRING(100.692157554248 6.957951851382036,100.69198375646062 6.957901399346486)",44.329161599362436,41.70220375257905,9210,0,8888,1766
1778,"1778,5/11/2024,LINESTRING(100.69207086603605 6.957926289958212,,,",8890,8895,8890,20241030RUN01,,,,,,,05/11/2024,46.628702883088906,32.66608032640407,42.02962031563596,25.67509237219245,46.628702883088906,4.599082567452946,"LINESTRING(100.692157554248 6.957951851382036,100.69198375646062 6.957901399346486)",44.329161599362436,43.14547994971682,9210,0,8893,1767
1779,"1779,5/11/2024,LINESTRING(100.69202741651904 6.957913677646364,,,",8895,8900,8895,20241030RUN01,,,,,,,05/11/2024,46.628702883088906,32.66608032640407,42.02962031563596,25.67509237219245,46.628702883088906,4.599082567452946,"LINESTRING(100.692157554248 6.957951851382036,100.69198375646062 6.957901399346486)",44.329161599362436,48.257947052130085,9210,0,8898,1768
1780,"1780,5/11/2024,LINESTRING(100.69198387622944 6.957901379400226,,,",8900,8905,8900,20241030RUN01,,,,,,,05/11/2024,28.57706517740404,24.454685059364667,22.873564972312888,17.286293377646917,28.57706517740404,5.703500205091149,"LINESTRING(100.69198375646062 6.957901399346486,100.69180953566863 6.957852424720579)",25.725315074858464,26.792578061742116,9210,0,8903,1769
1781,"1781,5/11/2024,LINESTRING(100.69194032803627 6.957889113734715,,,",8905,8910,8905,20241030RUN01,,,,,,,05/11/2024,28.57706517740404,24.454685059364667,22.873564972312888,17.286293377646917,28.57706517740404,5.703500205091149,"LINESTRING(100.69198375646062 6.957901399346486,100.69180953566863 6.957852424720579)",25.725315074858464,24.60953214886025,9210,0,8908,1770
1782,"1782,5/11/2024,LINESTRING(100.69189668522503 6.957877182836759,,,",8910,8915,8910,20241030RUN01,,,,,,,05/11/2024,28.57706517740404,24.454685059364667,22.873564972312888,17.286293377646917,28.57706517740404,5.703500205091149,"LINESTRING(100.69198375646062 6.957901399346486,100.69180953566863 6.957852424720579)",25.725315074858464,27.976201335886685,9210,0,8913,1771
1783,"1783,5/11/2024,LINESTRING(100.6918531195716 6.957864971590345,,,",8915,8920,8915,20241030RUN01,,,,,,,05/11/2024,28.57706517740404,24.454685059364667,22.873564972312888,17.286293377646917,28.57706517740404,5.703500205091149,"LINESTRING(100.69198375646062 6.957901399346486,100.69180953566863 6.957852424720579)",25.725315074858464,23.576212804296524,9210,0,8918,1772
1784,"1784,5/11/2024,LINESTRING(100.69180965633753 6.957852404799606,,,",8920,8925,8920,20241030RUN01,,,,,,,05/11/2024,60.43989916485456,42.75338824364415,46.8246815171499,30.63875672575252,60.43989916485456,13.61521764770466,"LINESTRING(100.69180953566863 6.957852424720579,100.69163637499558 6.957799872999361)",53.63229034100223,52.21456814019377,9210,0,8923,1773
1785,"1785,5/11/2024,LINESTRING(100.69176618609364 6.957839868045114,,,",8925,8930,8925,20241030RUN01,,,,,,,05/11/2024,60.43989916485456,42.75338824364415,46.8246815171499,30.63875672575252,60.43989916485456,13.61521764770466,"LINESTRING(100.69180953566863 6.957852424720579,100.69163637499558 6.957799872999361)",53.63229034100223,57.260673582737326,9210,0,8928,1774
1786,"1786,5/11/2024,LINESTRING(100.69172280469827 6.957827023523767,,,",8930,8935,8930,20241030RUN01,,,,,,,05/11/2024,60.43989916485456,42.75338824364415,46.8246815171499,30.63875672575252,60.43989916485456,13.61521764770466,"LINESTRING(100.69180953566863 6.957852424720579,100.69163637499558 6.957799872999361)",53.63229034100223,53.113728133314495,9210,0,8933,1775
1787,"1787,5/11/2024,LINESTRING(100.6916796339718 6.957813485387274,,,",8935,8940,8935,20241030RUN01,,,,,,,05/11/2024,60.43989916485456,42.75338824364415,46.8246815171499,30.63875672575252,60.43989916485456,13.61521764770466,"LINESTRING(100.69180953566863 6.957852424720579,100.69163637499558 6.957799872999361)",53.63229034100223,52.06872016933306,9210,0,8938,1776
1788,"1788,5/11/2024,LINESTRING(100.69163649675401 6.9577998530826966,,,",8940,8945,8940,20241030RUN01,,,,,,,05/11/2024,109.34458598096076,95.45482415748307,81.19702857794985,66.04539541742736,109.34458598096076,28.14755740301092,"LINESTRING(100.69163637499558 6.957799872999361,100.69146339282167 6.957746790443496)",95.27080727945531,94.07390502328735,9210,0,8943,1777
1789,"1789,5/11/2024,LINESTRING(100.69159305963939 6.957787217818448,,,",8945,8950,8945,20241030RUN01,,,,,,,05/11/2024,109.34458598096076,95.45482415748307,81.19702857794985,66.04539541742736,109.34458598096076,28.14755740301092,"LINESTRING(100.69163637499558 6.957799872999361,100.69146339282167 6.957746790443496)",95.27080727945531,86.06795526417804,9210,0,8948,1778
1790,"1790,5/11/2024,LINESTRING(100.69154975501787 6.957774118871732,,,",8950,8955,8950,20241030RUN01,,,,,,,05/11/2024,109.34458598096076,95.45482415748307,81.19702857794985,66.04539541742736,109.34458598096076,28.14755740301092,"LINESTRING(100.69163637499558 6.957799872999361,100.69146339282167 6.957746790443496)",95.27080727945531,100.50327442189605,9210,0,8953,1779
1791,"1791,5/11/2024,LINESTRING(100.69150665859247 6.957760387666916,,,",8955,8960,8955,20241030RUN01,,,,,,,05/11/2024,109.34458598096076,95.45482415748307,81.19702857794985,66.04539541742736,109.34458598096076,28.14755740301092,"LINESTRING(100.69163637499558 6.957799872999361,100.69146339282167 6.957746790443496)",95.27080727945531,100.20512673186738,9210,0,8958,1780
1792,"1792,5/11/2024,LINESTRING(100.69146351582236 6.957746770512313,,,",8960,8965,8960,20241030RUN01,,,,,,,05/11/2024,185.1658853851047,219.68054820113167,137.15586737248097,111.1774185913334,185.1658853851047,48.01001801262373,"LINESTRING(100.69146339282167 6.957746790443496,100.69129060759985 6.957693133967113)",161.16087637879284,157.9412069562481,9210,0,8963,1781
1793,"1793,5/11/2024,LINESTRING(100.69142063519332 6.95773234744643,,,",8965,8970,8965,20241030RUN01,,,,,,,05/11/2024,185.1658853851047,219.68054820113167,137.15586737248097,111.1774185913334,185.1658853851047,48.01001801262373,"LINESTRING(100.69146339282167 6.957746790443496,100.69129060759985 6.957693133967113)",161.16087637879284,176.2112085095614,9210,0,8968,1782
1794,"1794,5/11/2024,LINESTRING(100.69137764001464 6.9577182761807945,,,",8970,8975,8970,20241030RUN01,,,,,,,05/11/2024,185.1658853851047,219.68054820113167,137.15586737248097,111.1774185913334,185.1658853851047,48.01001801262373,"LINESTRING(100.69146339282167 6.957746790443496,100.69129060759985 6.957693133967113)",161.16087637879284,157.4633254342475,9210,0,8973,1783
1795,"1795,5/11/2024,LINESTRING(100.69133418850387 6.9577056889690985,,,",8975,8980,8975,20241030RUN01,,,,,,,05/11/2024,185.1658853851047,219.68054820113167,137.15586737248097,111.1774185913334,185.1658853851047,48.01001801262373,"LINESTRING(100.69146339282167 6.957746790443496,100.69129060759985 6.957693133967113)",161.16087637879284,153.14031721075207,9210,0,8978,1784
1796,"1796,5/11/2024,LINESTRING(100.69129073086754 6.95769311417204,,,",8980,8985,8980,20241030RUN01,,,,,,,05/11/2024,82.64269909864636,52.13752568378258,97.683397994782,70.75654703162333,97.683397994782,15.040698896135652,"LINESTRING(100.69129060759985 6.957693133967113,100.69111951695851 6.957634212689249)",90.16304854671418,97.84464658817396,9210,0,8984,1785
1797,"1797,5/11/2024,LINESTRING(100.69124784674148 6.957678704454173,,,",8985,8990,8985,20241030RUN01,,,,,,,05/11/2024,82.64269909864636,52.13752568378258,97.683397994782,70.75654703162333,97.683397994782,15.040698896135652,"LINESTRING(100.69129060759985 6.957693133967113,100.69111951695851 6.957634212689249)",90.16304854671418,97.79224013431642,9210,0,8989,1786
1798,"1798,5/11/2024,LINESTRING(100.69120501214304 6.9576641599093225,,,",8990,8995,8990,20241030RUN01,,,,,,,05/11/2024,82.64269909864636,52.13752568378258,97.683397994782,70.75654703162333,97.683397994782,15.040698896135652,"LINESTRING(100.69129060759985 6.957693133967113,100.69111951695851 6.957634212689249)",90.16304854671418,81.52577995356155,9210,0,8994,1787
1799,"1799,5/11/2024,LINESTRING(100.69116233069437 6.957649153810093,,,",8995,9000,8995,20241030RUN01,,,,,,,05/11/2024,82.64269909864636,52.13752568378258,97.683397994782,70.75654703162333,97.683397994782,15.040698896135652,"LINESTRING(100.69129060759985 6.957693133967113,100.69111951695851 6.957634212689249)",90.16304854671418,83.41204364793671,9210,0,8999,1788
1800,"1800,5/11/2024,LINESTRING(100.6911196386057 6.957634193343301,,,",9000,9005,9000,20241030RUN01,,,,,,,05/11/2024,100.88772028534684,65.76799979654766,111.43958962645262,74.1571839597819,111.43958962645262,10.551869341105784,"LINESTRING(100.69111951695851 6.957634212689249,100.69094702504447 6.957579515982773)",106.16365495589973,115.08255256710828,9210,0,9004,1789
1801,"1801,5/11/2024,LINESTRING(100.69107650384069 6.957620548157521,,,",9005,9010,9005,20241030RUN01,,,,,,,05/11/2024,100.88772028534684,65.76799979654766,111.43958962645262,74.1571839597819,111.43958962645262,10.551869341105784,"LINESTRING(100.69111951695851 6.957634212689249,100.69094702504447 6.957579515982773)",106.16365495589973,102.0218521242279,9210,0,9009,1790
1802,"1802,5/11/2024,LINESTRING(100.69103353803415 6.957606374902523,,,",9010,9015,9010,20241030RUN01,,,,,,,05/11/2024,100.88772028534684,65.76799979654766,111.43958962645262,74.1571839597819,111.43958962645262,10.551869341105784,"LINESTRING(100.69111951695851 6.957634212689249,100.69094702504447 6.957579515982773)",106.16365495589973,96.51128491636398,9210,0,9014,1791
1803,"1803,5/11/2024,LINESTRING(100.6909904970934 6.957592453882636,,,",9015,9020,9015,20241030RUN01,,,,,,,05/11/2024,100.88772028534684,65.76799979654766,111.43958962645262,74.1571839597819,111.43958962645262,10.551869341105784,"LINESTRING(100.69111951695851 6.957634212689249,100.69094702504447 6.957579515982773)",106.16365495589973,111.18892137700149,9210,0,9019,1792
1804,"1804,5/11/2024,LINESTRING(100.69094714769739 6.957579496661931,,,",9020,9025,9020,20241030RUN01,,,,,,,05/11/2024,134.24335237478513,98.83767397230751,176.12574381203373,124.15291754786796,176.12574381203373,41.8823914372486,"LINESTRING(100.69094702504447 6.957579515982773,100.69077378849131 6.9575271820597955)",155.18454809340943,160.4274287284673,9210,0,9024,1793
1805,"1805,5/11/2024,LINESTRING(100.69090385864789 6.957566354856702,,,",9025,9030,9025,20241030RUN01,,,,,,,05/11/2024,134.24335237478513,98.83767397230751,176.12574381203373,124.15291754786796,176.12574381203373,41.8823914372486,"LINESTRING(100.69094702504447 6.957579515982773,100.69077378849131 6.9575271820597955)",155.18454809340943,153.37436780465978,9210,0,9029,1794
1806,"1806,5/11/2024,LINESTRING(100.69086057858422 6.957553177103555,,,",9030,9035,9030,20241030RUN01,,,,,,,05/11/2024,134.24335237478513,98.83767397230751,176.12574381203373,124.15291754786796,176.12574381203373,41.8823914372486,"LINESTRING(100.69094702504447 6.957579515982773,100.69077378849131 6.9575271820597955)",155.18454809340943,161.5759464090811,9210,0,9034,1795
1807,"1807,5/11/2024,LINESTRING(100.69081721748861 6.9575402571185325,,,",9035,9040,9035,20241030RUN01,,,,,,,05/11/2024,134.24335237478513,98.83767397230751,176.12574381203373,124.15291754786796,176.12574381203373,41.8823914372486,"LINESTRING(100.69094702504447 6.957579515982773,100.69077378849131 6.9575271820597955)",155.18454809340943,145.61684769018333,9210,0,9039,1796
1808,"1808,5/11/2024,LINESTRING(100.69077391542984 6.9575271622532195,,,",9040,9045,9040,20241030RUN01,,,,,,,05/11/2024,135.85880153420837,112.39128080491336,124.40531542493228,81.88527849152901,135.85880153420837,11.453486109276083,"LINESTRING(100.69077378849131 6.9575271820597955,100.69060093314575 6.957473602576616)",130.13205847957033,126.84331329529076,9210,0,9044,1797
1809,"1809,5/11/2024,LINESTRING(100.69073068459848 6.957513824086548,,,",9045,9050,9045,20241030RUN01,,,,,,,05/11/2024,135.85880153420837,112.39128080491336,124.40531542493228,81.88527849152901,135.85880153420837,11.453486109276083,"LINESTRING(100.69077378849131 6.9575271820597955,100.69060093314575 6.957473602576616)",130.13205847957033,125.76445500626227,9210,0,9049,1798
1810,"1810,5/11/2024,LINESTRING(100.69068751917995 6.957500263080916,,,",9050,9055,9050,20241030RUN01,,,,,,,05/11/2024,135.85880153420837,112.39128080491336,124.40531542493228,81.88527849152901,135.85880153420837,11.453486109276083,"LINESTRING(100.69077378849131 6.9575271820597955,100.69060093314575 6.957473602576616)",130.13205847957033,136.81458418616896,9210,0,9054,1799
1811,"1811,5/11/2024,LINESTRING(100.69064437197316 6.957486651686749,,,",9055,9060,9055,20241030RUN01,,,,,,,05/11/2024,135.85880153420837,112.39128080491336,124.40531542493228,81.88527849152901,135.85880153420837,11.453486109276083,"LINESTRING(100.69077378849131 6.9575271820597955,100.69060093314575 6.957473602576616)",130.13205847957033,130.87003149546163,9210,0,9059,1800
1812,"1812,5/11/2024,LINESTRING(100.69060105877502 6.95747358315592,,,",9060,9065,9060,20241030RUN01,,,,,,,05/11/2024,128.30027975993255,101.61164697557145,123.21682159081476,85.65790930999347,128.30027975993255,5.08345816911779,"LINESTRING(100.69060093314575 6.957473602576616,100.69042762740877 6.957421538025716)",125.75855067537366,131.10977230809567,9210,0,9064,1801
1813,"1813,5/11/2024,LINESTRING(100.6905575500244 6.9574611784329345,,,",9065,9070,9065,20241030RUN01,,,,,,,05/11/2024,128.30027975993255,101.61164697557145,123.21682159081476,85.65790930999347,128.30027975993255,5.08345816911779,"LINESTRING(100.69060093314575 6.957473602576616,100.69042762740877 6.957421538025716)",125.75855067537366,133.8599159725471,9210,0,9069,1802
1814,"1814,5/11/2024,LINESTRING(100.6905140697584 6.957448675031283,,,",9070,9075,9070,20241030RUN01,,,,,,,05/11/2024,128.30027975993255,101.61164697557145,123.21682159081476,85.65790930999347,128.30027975993255,5.08345816911779,"LINESTRING(100.69060093314575 6.957473602576616,100.69042762740877 6.957421538025716)",125.75855067537366,121.93964111921936,9210,0,9074,1803
1815,"1815,5/11/2024,LINESTRING(100.69047084551781 6.9574353011816,,,",9075,9080,9075,20241030RUN01,,,,,,,05/11/2024,128.30027975993255,101.61164697557145,123.21682159081476,85.65790930999347,128.30027975993255,5.08345816911779,"LINESTRING(100.69060093314575 6.957473602576616,100.69042762740877 6.957421538025716)",125.75855067537366,115.91547446354542,9210,0,9079,1804
1816,"1816,5/11/2024,LINESTRING(100.6904277536425 6.957421518689985,,,",9080,9085,9080,20241030RUN01,,,,,,,05/11/2024,125.90521488735878,105.44225519846194,129.97390190884815,109.05402927274488,129.97390190884815,4.068687021489367,"LINESTRING(100.69042762740877 6.957421538025716,100.69025457982585 6.957368566251519)",127.93955839810346,120.54493154719361,9210,0,9084,1805
1817,"1817,5/11/2024,LINESTRING(100.69038455594992 6.95740808059394,,,",9085,9090,9085,20241030RUN01,,,,,,,05/11/2024,125.90521488735878,105.44225519846194,129.97390190884815,109.05402927274488,129.97390190884815,4.068687021489367,"LINESTRING(100.69042762740877 6.957421538025716,100.69025457982585 6.957368566251519)",127.93955839810346,123.6884861484104,9210,0,9089,1806
1818,"1818,5/11/2024,LINESTRING(100.69034121604298 6.957395091248293,,,",9090,9095,9090,20241030RUN01,,,,,,,05/11/2024,125.90521488735878,105.44225519846194,129.97390190884815,109.05402927274488,129.97390190884815,4.068687021489367,"LINESTRING(100.69042762740877 6.957421538025716,100.69025457982585 6.957368566251519)",127.93955839810346,130.481614490272,9210,0,9094,1807
1819,"1819,5/11/2024,LINESTRING(100.69029792400619 6.957381945572367,,,",9095,9100,9095,20241030RUN01,,,,,,,05/11/2024,125.90521488735878,105.44225519846194,129.97390190884815,109.05402927274488,129.97390190884815,4.068687021489367,"LINESTRING(100.69042762740877 6.957421538025716,100.69025457982585 6.957368566251519)",127.93955839810346,137.26978115142654,9210,0,9099,1808
1820,"1820,5/11/2024,LINESTRING(100.69025471073891 6.957368546393607,,,",9100,9105,9100,20241030RUN01,,,,,,,05/11/2024,-1.0,-1.0,273.61786062833403,399.3522365744825,273.61786062833403,274.61786062833403,"LINESTRING(100.69025457982585 6.957368566251519,100.6900761869079 6.957347712585692)",136.30893031416701,124.99017511203537,9210,0,9104,1809
1821,"1821,5/11/2024,LINESTRING(100.69021135781021 6.957355645531906,,,",9105,9110,9105,20241030RUN01,,,,,,,05/11/2024,-1.0,-1.0,273.61786062833403,399.3522365744825,273.61786062833403,274.61786062833403,"LINESTRING(100.69025457982585 6.957368566251519,100.6900761869079 6.957347712585692)",136.30893031416701,133.59666586326395,9210,0,9109,1810
1822,"1822,5/11/2024,LINESTRING(nan nan,,,",9110,9115,9110,20241030RUN01,,,,,,,05/11/2024,-1.0,-1.0,273.61786062833403,399.3522365744825,273.61786062833403,274.61786062833403,"LINESTRING(100.69025457982585 6.957368566251519,100.6900761869079 6.957347712585692)",136.30893031416701,147.25672514854085,9210,0,9114,1811
1823,"1823,5/11/2024,LINESTRING(100.69012121485773 6.957352603615017,,,",9115,9120,9115,20241030RUN01,,,,,,,05/11/2024,-1.0,-1.0,273.61786062833403,399.3522365744825,273.61786062833403,274.61786062833403,"LINESTRING(100.69025457982585 6.957368566251519,100.6900761869079 6.957347712585692)",136.30893031416701,139.5432421665702,9210,0,9119,1812
1824,"1824,5/11/2024,LINESTRING(100.69007629210657 6.957347696672158,,,",9120,9125,9120,20241030RUN01,,,,,,,05/11/2024,41.84384604974724,28.754369679102894,41.03979189462383,26.808745984198065,41.84384604974724,0.8040541551234099,"LINESTRING(100.6900761869079 6.957347712585692,100.6899010824025 6.957302215056139)",41.44181897218554,44.056666270461,9210,0,9124,1813
1825,"1825,5/11/2024,LINESTRING(100.69003209665362 6.9573380370306115,,,",9125,9130,9125,20241030RUN01,,,,,,,05/11/2024,41.84384604974724,28.754369679102894,41.03979189462383,26.808745984198065,41.84384604974724,0.8040541551234099,"LINESTRING(100.6900761869079 6.957347712585692,100.6899010824025 6.957302215056139)",41.44181897218554,40.592422472321594,9210,0,9129,1814
1826,"1826,5/11/2024,LINESTRING(100.68998833198252 6.957326564297426,,,",9130,9135,9130,20241030RUN01,,,,,,,05/11/2024,41.84384604974724,28.754369679102894,41.03979189462383,26.808745984198065,41.84384604974724,0.8040541551234099,"LINESTRING(100.6900761869079 6.957347712585692,100.6899010824025 6.957302215056139)",41.44181897218554,37.777651347451666,9210,0,,
1827,"1827,5/11/2024,LINESTRING(100.68994474421996 6.957314431749499,,,",9135,9140,9135,20241030RUN01,,,,,,,05/11/2024,41.84384604974724,28.754369679102894,41.03979189462383,26.808745984198065,41.84384604974724,0.8040541551234099,"LINESTRING(100.6900761869079 6.957347712585692,100.6899010824025 6.957302215056139)",41.44181897218554,43.053479816863415,9210,0,9135,1815
1828,"1828,5/11/2024,LINESTRING(100.68990118469581 6.957302199705376,,,",9140,9145,9140,20241030RUN01,,,,,,,05/11/2024,60.29765590606856,61.92408116284699,52.48807979094937,51.43800941739235,60.29765590606856,7.809576115119192,"LINESTRING(100.6899010824025 6.957302215056139,100.68972831107168 6.95724900863762)",56.39286784850897,54.47257675850821,9210,0,9140,1816
1829,"1829,5/11/2024,LINESTRING(100.68985763078683 6.957289946132619,,,",9145,9150,9145,20241030RUN01,,,,,,,05/11/2024,60.29765590606856,61.92408116284699,52.48807979094937,51.43800941739235,60.29765590606856,7.809576115119192,"LINESTRING(100.6899010824025 6.957302215056139,100.68972831107168 6.95724900863762)",56.39286784850897,53.27774329208338,9210,0,9145,1817
1830,"1830,5/11/2024,LINESTRING(100.68981408700878 6.95727765713023,,,",9150,9155,9150,20241030RUN01,,,,,,,05/11/2024,60.29765590606856,61.92408116284699,52.48807979094937,51.43800941739235,60.29765590606856,7.809576115119192,"LINESTRING(100.6899010824025 6.957302215056139,100.68972831107168 6.95724900863762)",56.39286784850897,55.668179964307605,9210,0,9150,1818
1831,"1831,5/11/2024,LINESTRING(100.68977060807048 6.957265141751881,,,",9155,9160,9155,20241030RUN01,,,,,,,05/11/2024,60.29765590606856,61.92408116284699,52.48807979094937,51.43800941739235,60.29765590606856,7.809576115119192,"LINESTRING(100.6899010824025 6.957302215056139,100.68972831107168 6.95724900863762)",56.39286784850897,61.867936494088504,9210,0,9155,1819
1832,"1832,5/11/2024,LINESTRING(100.6897284145852 6.957248993250409,,,",9160,9165,9160,20241030RUN01,,,,,,,05/11/2024,310.7851182414514,325.8215238162055,-1.0,-1.0,310.7851182414514,311.7851182414514,"LINESTRING(100.68972831107168 6.95724900863762,100.68961712405631 6.957109277062542)",154.8925591207257,156.10826796130553,9210,0,9160,1820
1833,"1833,5/11/2024,LINESTRING(100.68969255835461 6.957221778976762,,,",9165,9170,9165,20241030RUN01,,,,,,,05/11/2024,310.7851182414514,325.8215238162055,-1.0,-1.0,310.7851182414514,311.7851182414514,"LINESTRING(100.68972831107168 6.95724900863762,100.68961712405631 6.957109277062542)",154.8925591207257,159.33822717551357,9210,0,9165,1821
1834,"1834,5/11/2024,LINESTRING(100.68966721833245 6.9571844903217315,,,",9170,9175,9170,20241030RUN01,,,,,,,05/11/2024,310.7851182414514,325.8215238162055,-1.0,-1.0,310.7851182414514,311.7851182414514,"LINESTRING(100.68972831107168 6.95724900863762,100.68961712405631 6.957109277062542)",154.8925591207257,148.9647971650868,9210,0,9170,1822
1835,"1835,5/11/2024,LINESTRING(100.68964437552854 6.957145480301918,,,",9175,9180,9175,20241030RUN01,,,,,,,05/11/2024,310.7851182414514,325.8215238162055,-1.0,-1.0,310.7851182414514,311.7851182414514,"LINESTRING(100.68972831107168 6.95724900863762,100.68961712405631 6.957109277062542)",154.8925591207257,155.19657768801633,9210,0,9175,1823
1836,"1836,5/11/2024,LINESTRING(100.6896174175723 6.957109234689651,,,",9180,9185,9180,20241030RUN01,,,,,,,05/11/2024,24.67938546509719,19.297548033447463,88.49211213739946,87.29028146877877,88.49211213739946,63.81272667230227,"LINESTRING(100.68961712405631 6.957109277062542,100.6895301660365 6.956956191159093)",56.58574880124833,58.27180576991015,9210,0,9180,1824
1837,"1837,5/11/2024,LINESTRING(100.68958780767963 6.9570750617175925,,,",9185,9190,9185,20241030RUN01,,,,,,,05/11/2024,24.67938546509719,19.297548033447463,88.49211213739946,87.29028146877877,88.49211213739946,63.81272667230227,"LINESTRING(100.68961712405631 6.957109277062542,100.6895301660365 6.956956191159093)",56.58574880124833,50.96149668652028,9210,0,9185,1825
1838,"1838,5/11/2024,LINESTRING(100.689558984493 6.95704023661446,,,",9190,9195,9190,20241030RUN01,,,,,,,05/11/2024,24.67938546509719,19.297548033447463,88.49211213739946,87.29028146877877,88.49211213739946,63.81272667230227,"LINESTRING(100.68961712405631 6.957109277062542,100.6895301660365 6.956956191159093)",56.58574880124833,56.90993102489068,9210,0,9190,1826
1839,"1839,5/11/2024,LINESTRING(100.68953758844661 6.957000596603398,,,",9195,9200,9195,20241030RUN01,,,,,,,05/11/2024,24.67938546509719,19.297548033447463,88.49211213739946,87.29028146877877,88.49211213739946,63.81272667230227,"LINESTRING(100.68961712405631 6.957109277062542,100.6895301660365 6.956956191159093)",56.58574880124833,60.46312218651757,9210,0,9195,1827
1840,"1840,5/11/2024,LINESTRING(100.68953051615624 6.9569561416875265,,,",9200,9205,9200,20241030RUN01,,,,,,,,,,,,,,,,,9210,0,9200,1828
1841,"1841,5/11/2024,LINESTRING(100.68953750929371 6.956911630359387,,,",9205,9210,9205,20241030RUN01,,,,,,,,,,,,,,,,,9210,0,9205,1829
1842,"1842,5/11/2024,LINESTRING(100.6895528751489 6.956869124742294,,,",9210,9215,9210,20241030RUN01,,,,,,,,,,,,,,,,,9210,0,9210,1830
1843,,0,5,0,20241030RUN02,05/11/2024,5.01,1.82,3.42,6.974469713542505,100.72864476455986,05/11/2024,3.0835755078872,2.5739941922242693,2.85508635431101,2.646574588948544,3.0835755078872,0.2284891535761897,"LINESTRING(100.72864476456354 6.97446971354223,100.72881951957501 6.974516752260027)",2.9693309310991047,2.9514074828880403,4590,0,,
1844,,5,10,5,20241030RUN02,05/11/2024,2.85,1.39,2.12,6.974480868520849,100.72868861347045,05/11/2024,3.0835755078872,2.5739941922242693,2.85508635431101,2.646574588948544,3.0835755078872,0.2284891535761897,"LINESTRING(100.72864476456354 6.97446971354223,100.72881951957501 6.974516752260027)",2.9693309310991047,3.0451999063320465,4590,0,5,1
1845,,10,15,10,20241030RUN02,05/11/2024,1.1,2.63,1.86,6.974492827750026,100.72873224988456,05/11/2024,3.0835755078872,2.5739941922242693,2.85508635431101,2.646574588948544,3.0835755078872,0.2284891535761897,"LINESTRING(100.72864476456354 6.97446971354223,100.72881951957501 6.974516752260027)",2.9693309310991047,2.878044135071628,4590,0,10,2
1846,,15,20,15,20241030RUN02,05/11/2024,0.63,1.8,1.22,6.974505029713761,100.72877581923134,05/11/2024,3.0835755078872,2.5739941922242693,2.85508635431101,2.646574588948544,3.0835755078872,0.2284891535761897,"LINESTRING(100.72864476456354 6.97446971354223,100.72881951957501 6.974516752260027)",2.9693309310991047,3.0822781011484985,4590,0,15,3
1847,,20,25,20,20241030RUN02,05/11/2024,0.95,0.63,0.79,6.974516752229149,100.72881951945648,05/11/2024,4.31525259364388,2.946392420893437,4.527007816808235,3.7093081773669327,4.527007816808235,0.2117552231643547,"LINESTRING(100.72881951957501 6.974516752260027,100.72899755188465 6.9745483066615455)",4.421130205226057,4.14132699758156,4590,0,20,4
1848,,25,30,25,20241030RUN02,05/11/2024,2.35,0.61,1.48,6.974527217226238,100.72886353654435,05/11/2024,4.31525259364388,2.946392420893437,4.527007816808235,3.7093081773669327,4.527007816808235,0.2117552231643547,"LINESTRING(100.72881951957501 6.974516752260027,100.72899755188465 6.9745483066615455)",4.421130205226057,4.527660082154299,4590,0,25,5
1849,,30,35,30,20241030RUN02,05/11/2024,2.27,0.87,1.57,6.9745360206248375,100.72890791592613,05/11/2024,4.31525259364388,2.946392420893437,4.527007816808235,3.7093081773669327,4.527007816808235,0.2117552231643547,"LINESTRING(100.72881951957501 6.974516752260027,100.72899755188465 6.9745483066615455)",4.421130205226057,4.002210116044453,4590,0,30,6
1850,,35,40,35,20241030RUN02,05/11/2024,1.48,0.44,0.96,6.974543012320989,100.7289526167924,05/11/2024,4.31525259364388,2.946392420893437,4.527007816808235,3.7093081773669327,4.527007816808235,0.2117552231643547,"LINESTRING(100.72881951957501 6.974516752260027,100.72899755188465 6.9745483066615455)",4.421130205226057,4.772824713944963,4590,0,35,7
1851,,40,45,40,20241030RUN02,05/11/2024,0.57,0.6,0.58,6.974548306612444,100.72899755166115,05/11/2024,4.281842132330073,2.8051986723916245,4.940326648603721,3.154924084622474,4.940326648603721,0.6584845162736475,"LINESTRING(100.72899755188465 6.9745483066615455,100.72917810240548 6.9745607818433575)",4.611084390466897,5.0355345289577045,4590,0,40,8
1852,,45,50,45,20241030RUN02,05/11/2024,2.92,2.05,2.48,6.974552224642385,100.72904262848687,05/11/2024,4.281842132330073,2.8051986723916245,4.940326648603721,3.154924084622474,4.940326648603721,0.6584845162736475,"LINESTRING(100.72899755188465 6.9745483066615455,100.72917810240548 6.9745607818433575)",4.611084390466897,4.611070010385745,4590,0,45,9
1853,,50,55,50,20241030RUN02,05/11/2024,2.42,2.18,2.3,6.974555192617378,100.72908777889779,05/11/2024,4.281842132330073,2.8051986723916245,4.940326648603721,3.154924084622474,4.940326648603721,0.6584845162736475,"LINESTRING(100.72899755188465 6.9745483066615455,100.72917810240548 6.9745607818433575)",4.611084390466897,4.259904676142504,4590,0,50,10
1854,,55,60,55,20241030RUN02,05/11/2024,2.69,3.27,2.98,6.974557846530827,100.72913294928281,05/11/2024,4.281842132330073,2.8051986723916245,4.940326648603721,3.154924084622474,4.940326648603721,0.6584845162736475,"LINESTRING(100.72899755188465 6.9745483066615455,100.72917810240548 6.9745607818433575)",4.611084390466897,4.245903463046454,4590,0,55,11
1855,,60,65,60,20241030RUN02,05/11/2024,1.16,1.82,1.49,6.974560781786047,100.72917810206712,05/11/2024,3.7513254404314313,2.695205499945094,2.630873853949333,2.221345236053318,3.7513254404314313,1.1204515864820983,"LINESTRING(100.72917810240548 6.9745607818433575,100.72935850890684 6.974575307510557)",3.191099647190382,2.9077906005172935,4590,0,60,12
1856,,65,70,65,20241030RUN02,05/11/2024,0.03,0.33,0.18,6.974564100134844,100.72922322835288,05/11/2024,3.7513254404314313,2.695205499945094,2.630873853949333,2.221345236053318,3.7513254404314313,1.1204515864820983,"LINESTRING(100.72917810240548 6.9745607818433575,100.72935850890684 6.974575307510557)",3.191099647190382,3.088730149659886,4590,0,65,13
1857,,70,75,70,20241030RUN02,05/11/2024,0.0,0.15,0.08,6.974567646494145,100.72926833732964,05/11/2024,3.7513254404314313,2.695205499945094,2.630873853949333,2.221345236053318,3.7513254404314313,1.1204515864820983,"LINESTRING(100.72917810240548 6.9745607818433575,100.72935850890684 6.974575307510557)",3.191099647190382,3.083527684463621,4590,0,70,14
1858,,75,80,75,20241030RUN02,05/11/2024,0.0,0.56,0.28,6.9745713717144575,100.7293134318687,05/11/2024,3.7513254404314313,2.695205499945094,2.630873853949333,2.221345236053318,3.7513254404314313,1.1204515864820983,"LINESTRING(100.72917810240548 6.9745607818433575,100.72935850890684 6.974575307510557)",3.191099647190382,3.4115259736866768,4590,0,75,15
1859,,80,85,80,20241030RUN02,05/11/2024,0.63,0.84,0.74,6.974575307448718,100.72935850848684,05/11/2024,2.238112577137193,1.4758601692101716,2.8316350079445742,2.3157151331043475,2.8316350079445742,0.593522430807381,"LINESTRING(100.72935850890684 6.974575307510557,100.72953865119239 6.974592813592413)",2.5348737925408837,2.3926096582775442,4590,0,81,16
1860,,85,90,85,20241030RUN02,05/11/2024,1.51,2.15,1.83,6.974579427740306,100.72940356857713,05/11/2024,2.238112577137193,1.4758601692101716,2.8316350079445742,2.3157151331043475,2.8316350079445742,0.593522430807381,"LINESTRING(100.72935850890684 6.974575307510557,100.72953865119239 6.974592813592413)",2.5348737925408837,2.4890519764254346,4590,0,86,17
1861,,90,95,90,20241030RUN02,05/11/2024,2.75,4.23,3.49,6.974583732736966,100.7294486113699,05/11/2024,2.238112577137193,1.4758601692101716,2.8316350079445742,2.3157151331043475,2.8316350079445742,0.593522430807381,"LINESTRING(100.72935850890684 6.974575307510557,100.72953865119239 6.974592813592413)",2.5348737925408837,2.485447484771396,4590,0,91,18
1862,,95,100,95,20241030RUN02,05/11/2024,1.44,3.4,2.42,6.97458824282025,100.72949363406535,05/11/2024,2.238112577137193,1.4758601692101716,2.8316350079445742,2.3157151331043475,2.8316350079445742,0.593522430807381,"LINESTRING(100.72935850890684 6.974575307510557,100.72953865119239 6.974592813592413)",2.5348737925408837,2.641696843931604,4590,0,96,19
1863,,100,105,100,20241030RUN02,05/11/2024,0.57,3.06,1.82,6.974592813519454,100.72953865066111,05/11/2024,4.367796087282369,3.4058616058155766,3.360040882554184,3.204286066398802,4.367796087282369,1.007755204728185,"LINESTRING(100.72953865119239 6.974592813592413,100.72971901259695 6.974607775699449)",3.8639184849182766,4.086648648021575,4590,0,101,20
1864,,105,110,105,20241030RUN02,05/11/2024,1.95,4.14,3.04,6.974597167646994,100.72958368861404,05/11/2024,4.367796087282369,3.4058616058155766,3.360040882554184,3.204286066398802,4.367796087282369,1.007755204728185,"LINESTRING(100.72953865119239 6.974592813592413,100.72971901259695 6.974607775699449)",3.8639184849182766,3.512902755919153,4590,0,106,21
1865,,110,115,110,20241030RUN02,05/11/2024,2.89,3.76,3.32,6.974601144592122,100.72962876154268,05/11/2024,4.367796087282369,3.4058616058155766,3.360040882554184,3.204286066398802,4.367796087282369,1.007755204728185,"LINESTRING(100.72953865119239 6.974592813592413,100.72971901259695 6.974607775699449)",3.8639184849182766,4.044159305829271,4590,0,111,22
1866,,115,120,115,20241030RUN02,05/11/2024,2.81,5.31,4.06,6.974604759049697,100.72967386496617,05/11/2024,4.367796087282369,3.4058616058155766,3.360040882554184,3.204286066398802,4.367796087282369,1.007755204728185,"LINESTRING(100.72953865119239 6.974592813592413,100.72971901259695 6.974607775699449)",3.8639184849182766,3.571625506054873,4590,0,116,23
1867,,120,125,120,20241030RUN02,05/11/2024,1.26,3.78,2.52,6.97460777561623,100.7297190119485,05/11/2024,6.839543949104774,5.27581298530594,6.329786902761855,5.251395166257348,6.839543949104774,0.5097570463429193,"LINESTRING(100.72971901259695 6.974607775699449,100.72989988121452 6.974606987520444)",6.584665425933315,6.29113797952523,4590,0,121,24
1868,,125,130,125,20241030RUN02,05/11/2024,0.2,1.45,0.82,6.974609822619169,100.72976421283796,05/11/2024,6.839543949104774,5.27581298530594,6.329786902761855,5.251395166257348,6.839543949104774,0.5097570463429193,"LINESTRING(100.72971901259695 6.974607775699449,100.72989988121452 6.974606987520444)",6.584665425933315,6.974318928868586,4590,0,126,25
1869,,130,135,130,20241030RUN02,05/11/2024,0.16,2.44,1.3,6.974610404492441,100.72980945374472,05/11/2024,6.839543949104774,5.27581298530594,6.329786902761855,5.251395166257348,6.839543949104774,0.5097570463429193,"LINESTRING(100.72971901259695 6.974607775699449,100.72989988121452 6.974606987520444)",6.584665425933315,6.808879037362287,4590,0,131,26
1870,,135,140,135,20241030RUN02,05/11/2024,1.23,2.13,1.68,6.974609050487712,100.72985467957527,05/11/2024,6.839543949104774,5.27581298530594,6.329786902761855,5.251395166257348,6.839543949104774,0.5097570463429193,"LINESTRING(100.72971901259695 6.974607775699449,100.72989988121452 6.974606987520444)",6.584665425933315,6.180943685369062,4590,0,136,27
1871,,140,145,140,20241030RUN02,05/11/2024,2.86,2.25,2.55,6.974606987445787,100.72989988053146,05/11/2024,9.85616503934191,7.557051271914728,8.679204610596884,7.291637100604392,9.85616503934191,1.1769604287450264,"LINESTRING(100.72989988121452 6.974606987520444,100.73007039830543 6.974654239674514)",9.267684824969397,9.292761690411036,4590,0,141,28
1872,,145,150,145,20241030RUN02,05/11/2024,1.82,2.55,2.18,6.97460749750983,100.7299451045595,05/11/2024,9.85616503934191,7.557051271914728,8.679204610596884,7.291637100604392,9.85616503934191,1.1769604287450264,"LINESTRING(100.72989988121452 6.974606987520444,100.73007039830543 6.974654239674514)",9.267684824969397,8.525096419449484,4590,0,146,29
1873,,150,155,150,20241030RUN02,05/11/2024,0.13,1.86,1.0,6.9746146008073575,100.72998973557101,05/11/2024,9.85616503934191,7.557051271914728,8.679204610596884,7.291637100604392,9.85616503934191,1.1769604287450264,"LINESTRING(100.72989988121452 6.974606987520444,100.73007039830543 6.974654239674514)",9.267684824969397,9.94236112295402,4590,0,151,30
1874,,155,160,155,20241030RUN02,05/11/2024,0.91,1.57,1.24,6.974630287759437,100.73003206379823,05/11/2024,9.85616503934191,7.557051271914728,8.679204610596884,7.291637100604392,9.85616503934191,1.1769604287450264,"LINESTRING(100.72989988121452 6.974606987520444,100.73007039830543 6.974654239674514)",9.267684824969397,9.259914568730224,4590,0,156,31
1875,,160,165,160,20241030RUN02,05/11/2024,1.67,1.23,1.45,6.974654239571367,100.730070397509,05/11/2024,6.201206217122733,3.271431243953148,7.028700442997813,5.687909789673305,7.028700442997813,0.8274942258750801,"LINESTRING(100.73007039830543 6.974654239674514,100.7302130604902 6.974765493062817)",6.614953330060273,7.27045416330534,4590,0,161,32
1876,,165,170,165,20241030RUN02,05/11/2024,0.77,2.44,1.6,6.97468115395838,100.73010675064262,05/11/2024,6.201206217122733,3.271431243953148,7.028700442997813,5.687909789673305,7.028700442997813,0.8274942258750801,"LINESTRING(100.73007039830543 6.974654239674514,100.7302130604902 6.974765493062817)",6.614953330060273,6.473683292138365,4590,0,166,33
1877,,170,175,170,20241030RUN02,05/11/2024,0.99,3.3,2.14,6.974709021835811,100.73014238082173,05/11/2024,6.201206217122733,3.271431243953148,7.028700442997813,5.687909789673305,7.028700442997813,0.8274942258750801,"LINESTRING(100.73007039830543 6.974654239674514,100.7302130604902 6.974765493062817)",6.614953330060273,6.47571364192297,4590,0,171,34
1878,,175,180,175,20241030RUN02,05/11/2024,0.45,2.46,1.46,6.974737181118198,100.73017778118924,05/11/2024,6.201206217122733,3.271431243953148,7.028700442997813,5.687909789673305,7.028700442997813,0.8274942258750801,"LINESTRING(100.73007039830543 6.974654239674514,100.7302130604902 6.974765493062817)",6.614953330060273,5.994595847854146,4590,0,176,35
1879,,180,185,180,20241030RUN02,05/11/2024,1.0,1.66,1.33,6.974765492883643,100.73021305954187,05/11/2024,2.582476455786776,2.124063559992935,3.861145333960677,2.4959102568538216,3.861145333960677,1.2786688781739015,"LINESTRING(100.7302130604902 6.974765493062817,100.73035240788846 6.974880895200058)",3.2218108948737267,3.0872496154745463,4590,0,181,36
1880,,185,190,185,20241030RUN02,05/11/2024,1.64,3.0,2.32,6.9747939914130095,100.73024818691766,05/11/2024,2.582476455786776,2.124063559992935,3.861145333960677,2.4959102568538216,3.861145333960677,1.2786688781739015,"LINESTRING(100.7302130604902 6.974765493062817,100.73035240788846 6.974880895200058)",3.2218108948737267,3.1829347746763115,4590,0,186,37
1881,,190,195,190,20241030RUN02,05/11/2024,2.48,3.17,2.82,6.974822731188523,100.73028311679268,05/11/2024,2.582476455786776,2.124063559992935,3.861145333960677,2.4959102568538216,3.861145333960677,1.2786688781739015,"LINESTRING(100.7302130604902 6.974765493062817,100.73035240788846 6.974880895200058)",3.2218108948737267,3.138233813105721,4590,0,191,38
1882,,195,200,195,20241030RUN02,05/11/2024,1.65,2.6,2.12,6.974851722627767,100.73031783780014,05/11/2024,2.582476455786776,2.124063559992935,3.861145333960677,2.4959102568538216,3.861145333960677,1.2786688781739015,"LINESTRING(100.7302130604902 6.974765493062817,100.73035240788846 6.974880895200058)",3.2218108948737267,3.303769097313894,4590,0,196,39
1883,,200,205,200,20241030RUN02,05/11/2024,1.75,4.84,3.3,6.974880894930776,100.73035240677287,05/11/2024,2.640305097825721,2.202844533114914,3.87643263856255,2.8183039505273766,3.87643263856255,1.2361275407368284,"LINESTRING(100.73035240788846 6.974880895200058,100.73048962232455 6.974998828603613)",3.258368868194135,3.2012195879571372,4590,0,201,40
1884,,205,210,205,20241030RUN02,05/11/2024,1.13,3.68,2.41,6.974910278219834,100.7303867962568,05/11/2024,2.640305097825721,2.202844533114914,3.87643263856255,2.8183039505273766,3.87643263856255,1.2361275407368284,"LINESTRING(100.73035240788846 6.974880895200058,100.73048962232455 6.974998828603613)",3.258368868194135,3.5779583627507296,4590,0,206,41
1885,,210,215,210,20241030RUN02,05/11/2024,0.66,2.02,1.34,6.974939835643326,100.73042103603991,05/11/2024,2.640305097825721,2.202844533114914,3.87643263856255,2.8183039505273766,3.87643263856255,1.2361275407368284,"LINESTRING(100.73035240788846 6.974880895200058,100.73048962232455 6.974998828603613)",3.258368868194135,3.2124028729130973,4590,0,211,42
1886,,215,220,215,20241030RUN02,05/11/2024,0.58,2.86,1.72,6.974969373351461,100.73045529285986,05/11/2024,2.640305097825721,2.202844533114914,3.87643263856255,2.8183039505273766,3.87643263856255,1.2361275407368284,"LINESTRING(100.73035240788846 6.974880895200058,100.73048962232455 6.974998828603613)",3.258368868194135,3.071129290285088,4590,0,216,43
1887,,220,225,220,20241030RUN02,05/11/2024,0.49,1.63,1.06,6.9749988282340505,100.73048962103974,05/11/2024,2.1156840496681104,1.6119854158375373,1.9829131938222777,1.6019074354048355,2.1156840496681104,0.1327708558458327,"LINESTRING(100.73048962232455 6.974998828603613,100.73062780749352 6.975115623116248)",2.0492986217451943,2.127518990726106,4590,0,221,44
1888,,225,230,225,20241030RUN02,05/11/2024,0.45,2.8,1.62,6.975028213479478,100.73052400895757,05/11/2024,2.1156840496681104,1.6119854158375373,1.9829131938222777,1.6019074354048355,2.1156840496681104,0.1327708558458327,"LINESTRING(100.73048962232455 6.974998828603613,100.73062780749352 6.975115623116248)",2.0492986217451943,1.8664486468494939,4590,0,226,45
1889,,230,235,230,20241030RUN02,05/11/2024,0.9,2.64,1.77,6.9750574891153505,100.73055849036888,05/11/2024,2.1156840496681104,1.6119854158375373,1.9829131938222777,1.6019074354048355,2.1156840496681104,0.1327708558458327,"LINESTRING(100.73048962232455 6.974998828603613,100.73062780749352 6.975115623116248)",2.0492986217451943,2.162752474318287,4590,0,232,46
1890,,235,240,235,20241030RUN02,05/11/2024,0.48,3.15,1.82,6.975086618683926,100.73059309544925,05/11/2024,2.1156840496681104,1.6119854158375373,1.9829131938222777,1.6019074354048355,2.1156840496681104,0.1327708558458327,"LINESTRING(100.73048962232455 6.974998828603613,100.73062780749352 6.975115623116248)",2.0492986217451943,1.960059739631546,4590,0,237,47
1891,,240,245,240,20241030RUN02,05/11/2024,0.74,3.48,2.11,6.975115622653031,100.73062780607597,05/11/2024,2.2272965083393443,1.8312935420111436,2.259173929836753,1.7923717191505,2.259173929836753,0.0318774214974091,"LINESTRING(100.73062780749352 6.975115623116248,100.73076608070784 6.975232310324472)",2.2432352190880485,2.1234642525127025,4590,0,242,48
1892,,245,250,245,20241030RUN02,05/11/2024,1.11,3.16,2.14,6.975144593075245,100.73066254476753,05/11/2024,2.2272965083393443,1.8312935420111436,2.259173929836753,1.7923717191505,2.259173929836753,0.0318774214974091,"LINESTRING(100.73062780749352 6.975115623116248,100.73076608070784 6.975232310324472)",2.2432352190880485,2.4383187283761183,4590,0,247,49
1893,,250,255,250,20241030RUN02,05/11/2024,1.42,3.92,2.67,6.9751736156013715,100.73069723984948,05/11/2024,2.2272965083393443,1.8312935420111436,2.259173929836753,1.7923717191505,2.259173929836753,0.0318774214974091,"LINESTRING(100.73062780749352 6.975115623116248,100.73076608070784 6.975232310324472)",2.2432352190880485,2.3442746995477326,4590,0,252,50
1894,,255,260,255,20241030RUN02,05/11/2024,1.49,3.94,2.72,6.975202797686536,100.73073180051958,05/11/2024,2.2272965083393443,1.8312935420111436,2.259173929836753,1.7923717191505,2.259173929836753,0.0318774214974091,"LINESTRING(100.73062780749352 6.975115623116248,100.73076608070784 6.975232310324472)",2.2432352190880485,2.1368268794025966,4590,0,257,51
1895,,260,265,260,20241030RUN02,05/11/2024,1.72,4.07,2.9,6.975232309756269,100.73076607913283,05/11/2024,1.5182881926903318,1.284497538058771,2.568960263917228,1.9169301443034408,2.568960263917228,1.0506720712268964,"LINESTRING(100.73076608070784 6.975232310324472,100.73089705301423 6.975357019779063)",2.0436242283037798,2.23631562737128,4590,0,262,52
1896,,265,270,265,20241030RUN02,05/11/2024,1.69,1.94,1.82,6.975262325572433,100.7307999163681,05/11/2024,1.5182881926903318,1.284497538058771,2.568960263917228,1.9169301443034408,2.568960263917228,1.0506720712268964,"LINESTRING(100.73076608070784 6.975232310324472,100.73089705301423 6.975357019779063)",2.0436242283037798,2.107921053267753,4590,0,267,53
1897,,270,275,270,20241030RUN02,05/11/2024,3.26,1.35,2.3,6.975293028358902,100.73083312996528,05/11/2024,1.5182881926903318,1.284497538058771,2.568960263917228,1.9169301443034408,2.568960263917228,1.0506720712268964,"LINESTRING(100.73076608070784 6.975232310324472,100.73089705301423 6.975357019779063)",2.0436242283037798,1.9249300605075956,4590,0,272,54
1898,,275,280,275,20241030RUN02,05/11/2024,5.66,1.38,3.52,6.975324560886683,100.73086555503806,05/11/2024,1.5182881926903318,1.284497538058771,2.568960263917228,1.9169301443034408,2.568960263917228,1.0506720712268964,"LINESTRING(100.73076608070784 6.975232310324472,100.73089705301423 6.975357019779063)",2.0436242283037798,2.0198635328663053,4590,0,277,55
1899,,280,285,280,20241030RUN02,05/11/2024,5.86,3.02,4.44,6.975357019100224,100.73089705129753,05/11/2024,3.2383447146747306,2.100493885545181,2.9837198268944523,1.6604410705395258,3.2383447146747306,0.2546248877802783,"LINESTRING(100.73089705301423 6.975357019779063,100.73101066041143 6.975497564555896)",3.1110322707845914,2.9649772250852866,4590,0,282,56
1900,,285,290,285,20241030RUN02,05/11/2024,0.84,7.93,4.38,6.975390501536102,100.73092745400386,05/11/2024,3.2383447146747306,2.100493885545181,2.9837198268944523,1.6604410705395258,3.2383447146747306,0.2546248877802783,"LINESTRING(100.73089705301423 6.975357019779063,100.73101066041143 6.975497564555896)",3.1110322707845914,3.1825066138474836,4590,0,287,57
1901,,290,295,290,20241030RUN02,05/11/2024,4.61,5.51,5.06,6.975425060052387,100.73095662508915,05/11/2024,3.2383447146747306,2.100493885545181,2.9837198268944523,1.6604410705395258,3.2383447146747306,0.2546248877802783,"LINESTRING(100.73089705301423 6.975357019779063,100.73101066041143 6.975497564555896)",3.1110322707845914,3.1787859742052196,4590,0,292,58
1902,,295,300,295,20241030RUN02,05/11/2024,3.75,7.38,5.56,6.9754607477889685,100.73098440008803,05/11/2024,3.2383447146747306,2.100493885545181,2.9837198268944523,1.6604410705395258,3.2383447146747306,0.2546248877802783,"LINESTRING(100.73089705301423 6.975357019779063,100.73101066041143 6.975497564555896)",3.1110322707845914,3.2127153147510112,4590,0,297,59
1903,,300,305,300,20241030RUN02,05/11/2024,3.36,4.81,4.08,6.9754975637405305,100.73101065854198,05/11/2024,2.5519046321078185,1.8473431157437956,3.7411324513100186,2.470758853108144,3.7411324513100186,1.1892278192022,"LINESTRING(100.73101066041143 6.975497564555896,100.73109991820904 6.975654671791639)",3.1465185417089185,3.086366143819801,4590,0,302,60
1904,,305,310,305,20241030RUN02,05/11/2024,3.09,6.0,4.54,6.975535442910279,100.73103535616326,05/11/2024,2.5519046321078185,1.8473431157437956,3.7411324513100186,2.470758853108144,3.7411324513100186,1.1892278192022,"LINESTRING(100.73101066041143 6.975497564555896,100.73109991820904 6.975654671791639)",3.1465185417089185,3.2002639747795154,4590,0,307,61
1905,,310,315,310,20241030RUN02,05/11/2024,3.67,3.69,3.68,6.97557432562666,100.73105843851596,05/11/2024,2.5519046321078185,1.8473431157437956,3.7411324513100186,2.470758853108144,3.7411324513100186,1.1892278192022,"LINESTRING(100.73101066041143 6.975497564555896,100.73109991820904 6.975654671791639)",3.1465185417089185,3.418123955077525,4590,0,312,62
1906,,315,320,315,20241030RUN02,05/11/2024,3.39,2.91,3.15,6.9756141277175665,100.73107989509853,05/11/2024,2.5519046321078185,1.8473431157437956,3.7411324513100186,2.470758853108144,3.7411324513100186,1.1892278192022,"LINESTRING(100.73101066041143 6.975497564555896,100.73109991820904 6.975654671791639)",3.1465185417089185,3.084630034961546,4590,0,317,63
1907,,320,325,320,20241030RUN02,05/11/2024,1.13,3.05,2.09,6.975654670828834,100.73109991622223,05/11/2024,1.8727097168428104,1.412234611260986,3.2138863619063245,2.155370742560033,3.2138863619063245,1.341176645063514,"LINESTRING(100.73109991820904 6.975654671791639,100.73117007245845 6.975821318848774)",2.5432980393745677,2.4800509168455247,4590,0,322,64
1908,,325,330,325,20241030RUN02,05/11/2024,1.58,4.31,2.94,6.975695735629182,100.73111884444613,05/11/2024,1.8727097168428104,1.412234611260986,3.2138863619063245,2.155370742560033,3.2138863619063245,1.341176645063514,"LINESTRING(100.73109991820904 6.975654671791639,100.73117007245845 6.975821318848774)",2.5432980393745677,2.5537773266319497,4590,0,327,65
1909,,330,335,330,20241030RUN02,05/11/2024,0.99,6.28,3.64,6.9757372204623636,100.73113683200795,05/11/2024,1.8727097168428104,1.412234611260986,3.2138863619063245,2.155370742560033,3.2138863619063245,1.341176645063514,"LINESTRING(100.73109991820904 6.975654671791639,100.73117007245845 6.975821318848774)",2.5432980393745677,2.504236776817508,4590,0,332,66
1910,,335,340,335,20241030RUN02,05/11/2024,0.72,7.69,4.2,6.975779103327297,100.7311538707393,05/11/2024,1.8727097168428104,1.412234611260986,3.2138863619063245,2.155370742560033,3.2138863619063245,1.341176645063514,"LINESTRING(100.73109991820904 6.975654671791639,100.73117007245845 6.975821318848774)",2.5432980393745677,2.775935118690934,4590,0,337,67
1911,,340,345,340,20241030RUN02,05/11/2024,0.75,5.94,3.34,6.975821317702144,100.731170070325,05/11/2024,2.18350458702209,1.6343424248309548,2.7200757849462587,1.883470160144152,2.7200757849462587,0.5365711979241685,"LINESTRING(100.73117007245845 6.975821318848774,100.73122807666772 6.975992593515999)",2.4517901859841746,2.33079198497864,4590,0,342,68
1912,,345,350,345,20241030RUN02,05/11/2024,0.35,6.69,3.52,6.975863781724666,100.731185603137,05/11/2024,2.18350458702209,1.6343424248309548,2.7200757849462587,1.883470160144152,2.7200757849462587,0.5365711979241685,"LINESTRING(100.73117007245845 6.975821318848774,100.73122807666772 6.975992593515999)",2.4517901859841746,2.543447142201693,4590,0,347,69
1913,,350,355,350,20241030RUN02,05/11/2024,0.21,9.38,4.8,6.9759064766803744,100.73120048815228,05/11/2024,2.18350458702209,1.6343424248309548,2.7200757849462587,1.883470160144152,2.7200757849462587,0.5365711979241685,"LINESTRING(100.73117007245845 6.975821318848774,100.73122807666772 6.975992593515999)",2.4517901859841746,2.4962438262482896,4590,0,352,70
1914,,355,360,355,20241030RUN02,05/11/2024,0.43,8.17,4.3,6.97594941817053,100.73121464472524,05/11/2024,2.18350458702209,1.6343424248309548,2.7200757849462587,1.883470160144152,2.7200757849462587,0.5365711979241685,"LINESTRING(100.73117007245845 6.975821318848774,100.73122807666772 6.975992593515999)",2.4517901859841746,2.674428791106741,4590,0,357,71
1915,,360,365,360,20241030RUN02,05/11/2024,0.61,7.87,4.24,6.975992592215399,100.73122807447079,05/11/2024,2.679921619901992,2.0882813208090174,3.2555375542556004,2.157119548296143,3.2555375542556004,0.5756159343536082,"LINESTRING(100.73122807666772 6.975992593515999,100.73127468569731 6.976167313818805)",2.9677295870787965,3.052798605172505,4590,0,362,72
1916,,365,370,365,20241030RUN02,05/11/2024,0.35,9.62,4.98,6.97603598421479,100.73124078082306,05/11/2024,2.679921619901992,2.0882813208090174,3.2555375542556004,2.157119548296143,3.2555375542556004,0.5756159343536082,"LINESTRING(100.73122807666772 6.975992593515999,100.73127468569731 6.976167313818805)",2.9677295870787965,2.8854775914817647,4590,0,367,73
1917,,370,375,370,20241030RUN02,05/11/2024,1.27,7.88,4.58,6.976079600521303,100.73125269289683,05/11/2024,2.679921619901992,2.0882813208090174,3.2555375542556004,2.157119548296143,3.2555375542556004,0.5756159343536082,"LINESTRING(100.73122807666772 6.975992593515999,100.73127468569731 6.976167313818805)",2.9677295870787965,3.029568602372018,4590,0,372,74
1918,,375,380,375,20241030RUN02,05/11/2024,0.31,6.72,3.51,6.976123402798135,100.73126390195601,05/11/2024,2.679921619901992,2.0882813208090174,3.2555375542556004,2.157119548296143,3.2555375542556004,0.5756159343536082,"LINESTRING(100.73122807666772 6.975992593515999,100.73127468569731 6.976167313818805)",2.9677295870787965,3.0526377758570957,4590,0,377,75
1919,,380,385,380,20241030RUN02,05/11/2024,0.15,7.97,4.06,6.976167312336709,100.73127468341112,05/11/2024,1.99855942270164,1.3657356357423551,2.4643629938861946,1.5718240931139742,2.4643629938861946,0.4658035711845549,"LINESTRING(100.73127468569731 6.976167313818805,100.73131598180998 6.976343389841738)",2.2314612082939176,2.1510979910057477,4590,0,382,76
1920,,385,390,385,20241030RUN02,05/11/2024,0.3,6.7,3.5,6.976211282110139,100.73128521637243,05/11/2024,1.99855942270164,1.3657356357423551,2.4643629938861946,1.5718240931139742,2.4643629938861946,0.4658035711845549,"LINESTRING(100.73127468569731 6.976167313818805,100.73131598180998 6.976343389841738)",2.2314612082939176,2.3192927276226323,4590,0,388,77
1921,,390,395,390,20241030RUN02,05/11/2024,0.21,4.98,2.6,6.976255289393902,100.73129559135272,05/11/2024,1.99855942270164,1.3657356357423551,2.4643629938861946,1.5718240931139742,2.4643629938861946,0.4658035711845549,"LINESTRING(100.73127468569731 6.976167313818805,100.73131598180998 6.976343389841738)",2.2314612082939176,2.037168102311773,4590,0,393,78
1922,,395,400,395,20241030RUN02,05/11/2024,0.48,4.83,2.66,6.976299322556242,100.73130585578267,05/11/2024,1.99855942270164,1.3657356357423551,2.4643629938861946,1.5718240931139742,2.4643629938861946,0.4658035711845549,"LINESTRING(100.73127468569731 6.976167313818805,100.73131598180998 6.976343389841738)",2.2314612082939176,2.201435622045084,4590,0,398,79
1923,,400,405,400,20241030RUN02,05/11/2024,0.43,5.26,2.84,6.976343388215766,100.73131597950199,05/11/2024,1.5638559824077114,1.3774201302552584,2.486309135877137,1.8404683338005663,2.486309135877137,0.9224531534694256,"LINESTRING(100.73131598180998 6.976343389841738,100.73135465604058 6.976520059157993)",2.025082559142424,2.216822080033359,4590,0,403,80
1924,,405,410,405,20241030RUN02,05/11/2024,0.69,7.53,4.11,6.976387500761737,100.73132589647078,05/11/2024,1.5638559824077114,1.3774201302552584,2.486309135877137,1.8404683338005663,2.486309135877137,0.9224531534694256,"LINESTRING(100.73131598180998 6.976343389841738,100.73135465604058 6.976520059157993)",2.025082559142424,1.9197716546484858,4590,0,408,81
1925,,410,415,410,20241030RUN02,05/11/2024,0.32,9.26,4.79,6.9764316612113575,100.7313355975758,05/11/2024,1.5638559824077114,1.3774201302552584,2.486309135877137,1.8404683338005663,2.486309135877137,0.9224531534694256,"LINESTRING(100.73131598180998 6.976343389841738,100.73135465604058 6.976520059157993)",2.025082559142424,2.1113484263537026,4590,0,413,82
1926,,415,420,415,20241030RUN02,05/11/2024,0.12,12.15,6.14,6.9764758513658025,100.73134516237495,05/11/2024,1.5638559824077114,1.3774201302552584,2.486309135877137,1.8404683338005663,2.486309135877137,0.9224531534694256,"LINESTRING(100.73131598180998 6.976343389841738,100.73135465604058 6.976520059157993)",2.025082559142424,1.9245873210044346,4590,0,418,83
1927,,420,425,420,20241030RUN02,05/11/2024,0.0,15.84,7.92,6.97652005734518,100.73135465365516,05/11/2024,2.363402886255921,1.9390977609374989,3.507972819552643,2.6120999882647338,3.507972819552643,1.1445699332967223,"LINESTRING(100.73135465604058 6.976520059157993,100.73139240262574 6.976696929980728)",2.935687852904282,3.2223519166104224,4590,0,423,84
1928,,425,430,425,20241030RUN02,05/11/2024,0.11,11.6,5.86,6.976564276841212,100.73136408168858,05/11/2024,2.363402886255921,1.9390977609374989,3.507972819552643,2.6120999882647338,3.507972819552643,1.1445699332967223,"LINESTRING(100.73135465604058 6.976520059157993,100.73139240262574 6.976696929980728)",2.935687852904282,2.8780803535366912,4590,0,428,85
1929,,430,435,430,20241030RUN02,05/11/2024,0.07,8.59,4.33,6.976608498580959,100.7313734991918,05/11/2024,2.363402886255921,1.9390977609374989,3.507972819552643,2.6120999882647338,3.507972819552643,1.1445699332967223,"LINESTRING(100.73135465604058 6.976520059157993,100.73139240262574 6.976696929980728)",2.935687852904282,2.8906886878754645,4590,0,433,86
1930,,435,440,435,20241030RUN02,05/11/2024,0.0,11.14,5.57,6.976652711321002,100.73138295887843,05/11/2024,2.363402886255921,1.9390977609374989,3.507972819552643,2.6120999882647338,3.507972819552643,1.1445699332967223,"LINESTRING(100.73135465604058 6.976520059157993,100.73139240262574 6.976696929980728)",2.935687852904282,2.9972221220552897,4590,0,438,87
1931,,440,445,440,20241030RUN02,05/11/2024,0.05,9.63,4.84,6.976696927987486,100.73139240017767,05/11/2024,1.4089918535641277,1.241661351686653,3.043533158909505,2.035903885007852,3.043533158909505,1.6345413053453774,"LINESTRING(100.73139240262574 6.976696929980728,100.73143031508518 6.976873765237143)",2.226262506236816,2.1210432131937,4590,0,443,88
1932,,445,450,445,20241030RUN02,05/11/2024,0.05,9.87,4.96,6.976741154644805,100.73140179449449,05/11/2024,1.4089918535641277,1.241661351686653,3.043533158909505,2.035903885007852,3.043533158909505,1.6345413053453774,"LINESTRING(100.73139240262574 6.976696929980728,100.73143031508518 6.976873765237143)",2.226262506236816,2.0982465351970276,4590,0,448,89
1933,,450,455,450,20241030RUN02,05/11/2024,0.17,7.21,3.69,6.976785364324353,100.73141126849171,05/11/2024,1.4089918535641277,1.241661351686653,3.043533158909505,2.035903885007852,3.043533158909505,1.6345413053453774,"LINESTRING(100.73139240262574 6.976696929980728,100.73143031508518 6.976873765237143)",2.226262506236816,2.430763048885931,4590,0,453,90
1934,,455,460,455,20241030RUN02,05/11/2024,0.5,8.75,4.62,6.976829557967448,100.73142081718036,05/11/2024,1.4089918535641277,1.241661351686653,3.043533158909505,2.035903885007852,3.043533158909505,1.6345413053453774,"LINESTRING(100.73139240262574 6.976696929980728,100.73143031508518 6.976873765237143)",2.226262506236816,2.1812833311280624,4590,0,458,91
1935,,460,465,460,20241030RUN02,05/11/2024,0.09,11.76,5.92,6.976873763063342,100.73143031257769,05/11/2024,1.999625658744522,1.522432305168916,2.491764767516845,1.7165844375086736,2.491764767516845,0.4921391087723235,"LINESTRING(100.73143031508518 6.976873765237143,100.73146748026674 6.977050758746497)",2.2456952131306833,2.1765482467372728,4590,0,463,92
1936,,465,470,465,20241030RUN02,05/11/2024,0.53,10.06,5.3,6.976917989016782,100.7314397101741,05/11/2024,1.999625658744522,1.522432305168916,2.491764767516845,1.7165844375086736,2.491764767516845,0.4921391087723235,"LINESTRING(100.73143031508518 6.976873765237143,100.73146748026674 6.977050758746497)",2.2456952131306833,2.3251392560075064,4590,0,468,93
1937,,470,475,470,20241030RUN02,05/11/2024,0.19,7.16,3.68,6.976962237268035,100.73144900205246,05/11/2024,1.999625658744522,1.522432305168916,2.491764767516845,1.7165844375086736,2.491764767516845,0.4921391087723235,"LINESTRING(100.73143031508518 6.976873765237143,100.73146748026674 6.977050758746497)",2.2456952131306833,2.198322325453228,4590,0,473,94
1938,,475,480,475,20241030RUN02,05/11/2024,0.33,6.66,3.5,6.977006498258584,100.73145823300854,05/11/2024,1.999625658744522,1.522432305168916,2.491764767516845,1.7165844375086736,2.491764767516845,0.4921391087723235,"LINESTRING(100.73143031508518 6.976873765237143,100.73146748026674 6.977050758746497)",2.2456952131306833,2.3277799938941155,4590,0,478,95
1939,,480,485,480,20241030RUN02,05/11/2024,0.27,7.85,4.06,6.977050756385334,100.73146747769617,05/11/2024,2.2972567859929054,1.9545023871379972,2.857759754958951,1.9172583702899852,2.857759754958951,0.5605029689660457,"LINESTRING(100.73146748026674 6.977050758746497,100.73150480281542 6.977227719367102)",2.5775082704759282,2.567898306958555,4590,0,483,96
1940,,485,490,485,20241030RUN02,05/11/2024,0.44,5.9,3.17,6.977095008186421,100.73147675262328,05/11/2024,2.2972567859929054,1.9545023871379972,2.857759754958951,1.9172583702899852,2.857759754958951,0.5605029689660457,"LINESTRING(100.73146748026674 6.977050758746497,100.73150480281542 6.977227719367102)",2.5775082704759282,2.7452962271577657,4590,0,488,97
1941,,490,495,490,20241030RUN02,05/11/2024,0.44,7.74,4.09,6.97713925100771,100.73148607036228,05/11/2024,2.2972567859929054,1.9545023871379972,2.857759754958951,1.9172583702899852,2.857759754958951,0.5605029689660457,"LINESTRING(100.73146748026674 6.977050758746497,100.73150480281542 6.977227719367102)",2.5775082704759282,2.727656919948549,4590,0,493,98
1942,,495,500,495,20241030RUN02,05/11/2024,0.93,6.44,3.68,6.977183485788143,100.73149542628927,05/11/2024,2.2972567859929054,1.9545023871379972,2.857759754958951,1.9172583702899852,2.857759754958951,0.5605029689660457,"LINESTRING(100.73146748026674 6.977050758746497,100.73150480281542 6.977227719367102)",2.5775082704759282,2.351673715929706,4590,0,498,99
1943,,500,505,500,20241030RUN02,05/11/2024,1.42,6.01,3.72,6.977227716779197,100.73150480014398,05/11/2024,1.5393873594552936,1.3196298025623143,2.649406333932374,1.6170333360707136,2.649406333932374,1.1100189744770803,"LINESTRING(100.73150480281542 6.977227719367102,100.73154257495692 6.977404584650183)",2.094396846693834,2.168857362573493,4590,0,503,100
1944,,505,510,505,20241030RUN02,05/11/2024,0.96,5.34,3.15,6.97727193873249,100.73151421661683,05/11/2024,1.5393873594552936,1.3196298025623143,2.649406333932374,1.6170333360707136,2.649406333932374,1.1100189744770803,"LINESTRING(100.73150480281542 6.977227719367102,100.73154257495692 6.977404584650183)",2.094396846693834,2.032081813414915,4590,0,508,101
1945,,510,515,510,20241030RUN02,05/11/2024,0.87,4.47,2.67,6.97731614747566,100.73152369502668,05/11/2024,1.5393873594552936,1.3196298025623143,2.649406333932374,1.6170333360707136,2.649406333932374,1.1100189744770803,"LINESTRING(100.73150480281542 6.977227719367102,100.73154257495692 6.977404584650183)",2.094396846693834,2.077754459636719,4590,0,513,102
1946,,515,520,515,20241030RUN02,05/11/2024,0.56,4.5,2.53,6.977360354678647,100.73153318066801,05/11/2024,1.5393873594552936,1.3196298025623143,2.649406333932374,1.6170333360707136,2.649406333932374,1.1100189744770803,"LINESTRING(100.73150480281542 6.977227719367102,100.73154257495692 6.977404584650183)",2.094396846693834,2.0398875715643214,4590,0,518,103
1947,,520,525,520,20241030RUN02,05/11/2024,1.35,4.37,2.86,6.977404581911553,100.73154257226525,05/11/2024,1.99880570136216,1.6888538661297394,3.0583478702663367,2.391919799157633,3.0583478702663367,1.0595421689041766,"LINESTRING(100.73154257495692 6.977404584650183,100.73157951054168 6.97758162589601)",2.5285767858142485,2.457167796422628,4590,0,523,104
1948,,525,530,525,20241030RUN02,05/11/2024,2.28,3.7,2.99,6.977448841381655,100.73155181049468,05/11/2024,1.99880570136216,1.6888538661297394,3.0583478702663367,2.391919799157633,3.0583478702663367,1.0595421689041766,"LINESTRING(100.73154257495692 6.977404584650183,100.73157951054168 6.97758162589601)",2.5285767858142485,2.316827761904749,4590,0,528,105
1949,,530,535,530,20241030RUN02,05/11/2024,1.34,2.15,1.74,6.977493122145792,100.73156094602511,05/11/2024,1.99880570136216,1.6888538661297394,3.0583478702663367,2.391919799157633,3.0583478702663367,1.0595421689041766,"LINESTRING(100.73154257495692 6.977404584650183,100.73157951054168 6.97758162589601)",2.5285767858142485,2.751477588444629,4590,0,533,106
1950,,535,540,535,20241030RUN02,05/11/2024,0.76,2.61,1.68,6.9775373902777185,100.73157014257005,05/11/2024,1.99880570136216,1.6888538661297394,3.0583478702663367,2.391919799157633,3.0583478702663367,1.0595421689041766,"LINESTRING(100.73154257495692 6.977404584650183,100.73157951054168 6.97758162589601)",2.5285767858142485,2.3603065538880004,4590,0,539,107
1951,,540,545,540,20241030RUN02,05/11/2024,2.12,1.99,2.06,6.97758162306528,100.73157950788442,05/11/2024,3.4858161636061906,2.983459435530991,2.8317679720929982,2.7436553339742846,3.4858161636061906,0.6540481915131924,"LINESTRING(100.73157951054168 6.97758162589601,100.73161829516458 6.977758270913087)",3.1587920678495944,3.4583274384157088,4590,0,544,108
1952,,545,550,545,20241030RUN02,05/11/2024,0.7,0.85,0.77,6.977625828127296,100.73158900349718,05/11/2024,3.4858161636061906,2.983459435530991,2.8317679720929982,2.7436553339742846,3.4858161636061906,0.6540481915131924,"LINESTRING(100.73157951054168 6.97758162589601,100.73161829516458 6.977758270913087)",3.1587920678495944,3.0461394176403838,4590,0,549,109
1953,,550,555,550,20241030RUN02,05/11/2024,0.79,2.5,1.64,6.977670010145167,100.73159860592317,05/11/2024,3.4858161636061906,2.983459435530991,2.8317679720929982,2.7436553339742846,3.4858161636061906,0.6540481915131924,"LINESTRING(100.73157951054168 6.97758162589601,100.73161829516458 6.977758270913087)",3.1587920678495944,3.0000489807640767,4590,0,554,110
1954,,555,560,555,20241030RUN02,05/11/2024,1.09,3.02,2.06,6.977714162027522,100.73160834616118,05/11/2024,3.4858161636061906,2.983459435530991,2.8317679720929982,2.7436553339742846,3.4858161636061906,0.6540481915131924,"LINESTRING(100.73157951054168 6.97758162589601,100.73161829516458 6.977758270913087)",3.1587920678495944,3.1454532959755945,4590,0,559,111
1955,,560,565,560,20241030RUN02,05/11/2024,1.05,1.83,1.44,6.977758267981136,100.73161829252581,05/11/2024,3.848018527825097,2.4583378221391072,3.183495998844786,2.4440765145159853,3.848018527825097,0.664522528980311,"LINESTRING(100.73161829516458 6.977758270913087,100.73165876520694 6.97793453939493)",3.5157572633349417,3.3505578064311785,4590,0,564,112
1956,,565,570,565,20241030RUN02,05/11/2024,0.14,2.33,1.24,6.9778023343627344,100.73162841316824,05/11/2024,3.848018527825097,2.4583378221391072,3.183495998844786,2.4440765145159853,3.848018527825097,0.664522528980311,"LINESTRING(100.73161829516458 6.977758270913087,100.73165876520694 6.97793453939493)",3.5157572633349417,3.756104475077488,4590,0,569,113
1957,,570,575,570,20241030RUN02,05/11/2024,0.07,2.7,1.38,6.9778463938005775,100.73163856416889,05/11/2024,3.848018527825097,2.4583378221391072,3.183495998844786,2.4440765145159853,3.848018527825097,0.664522528980311,"LINESTRING(100.73161829516458 6.977758270913087,100.73165876520694 6.97793453939493)",3.5157572633349417,3.4891210245587025,4590,0,574,114
1958,,575,580,575,20241030RUN02,05/11/2024,0.06,4.89,2.47,6.977890459966384,100.73164868592785,05/11/2024,3.848018527825097,2.4583378221391072,3.183495998844786,2.4440765145159853,3.848018527825097,0.664522528980311,"LINESTRING(100.73161829516458 6.977758270913087,100.73165876520694 6.97793453939493)",3.5157572633349417,3.689029263698051,4590,0,579,115
1959,,580,585,580,20241030RUN02,05/11/2024,0.09,6.68,3.38,6.977934536434915,100.7316587626441,05/11/2024,2.5150874894537933,2.074221231959941,2.721945379976588,2.0417938214420395,2.721945379976588,0.206857890522794,"LINESTRING(100.73165876520694 6.97793453939493,100.73169813456573 6.97811105607695)",2.6185164347151906,2.7982788598613735,4590,0,584,116
1960,,585,590,585,20241030RUN02,05/11/2024,0.26,8.3,4.28,6.977978631809267,100.73166875609284,05/11/2024,2.5150874894537933,2.074221231959941,2.721945379976588,2.0417938214420395,2.721945379976588,0.206857890522794,"LINESTRING(100.73165876520694 6.97793453939493,100.73169813456573 6.97811105607695)",2.6185164347151906,2.732974468671242,4590,0,589,117
1961,,590,595,590,20241030RUN02,05/11/2024,0.22,6.01,3.12,6.978022752929627,100.7316786350178,05/11/2024,2.5150874894537933,2.074221231959941,2.721945379976588,2.0417938214420395,2.721945379976588,0.206857890522794,"LINESTRING(100.73165876520694 6.97793453939493,100.73169813456573 6.97811105607695)",2.6185164347151906,2.5929884597849426,4590,0,594,118
1962,,595,600,595,20241030RUN02,05/11/2024,0.44,7.61,4.03,6.978066892713773,100.73168843006069,05/11/2024,2.5150874894537933,2.074221231959941,2.721945379976588,2.0417938214420395,2.721945379976588,0.206857890522794,"LINESTRING(100.73165876520694 6.97793453939493,100.73169813456573 6.97811105607695)",2.6185164347151906,2.6102894170660145,4590,0,599,119
1963,,600,605,600,20241030RUN02,05/11/2024,0.17,6.83,3.5,6.978111053019157,100.73169813201375,05/11/2024,1.8874292217101212,1.398703468260544,1.8496798414392337,1.3372226569084622,1.8874292217101212,0.0377493802708877,"LINESTRING(100.73169813456573 6.97811105607695,100.73173605744867 6.978287889058711)",1.8685545315746774,1.9991685539968989,4590,0,604,120
1964,,605,610,605,20241030RUN02,05/11/2024,0.2,7.86,4.03,6.978155240181876,100.73170771066748,05/11/2024,1.8874292217101212,1.398703468260544,1.8496798414392337,1.3372226569084622,1.8874292217101212,0.0377493802708877,"LINESTRING(100.73169813456573 6.97811105607695,100.73173605744867 6.978287889058711)",1.8685545315746774,1.9561540523397745,4590,0,609,121
1965,,610,615,610,20241030RUN02,05/11/2024,0.09,6.98,3.54,6.978199447373378,100.7317171963583,05/11/2024,1.8874292217101212,1.398703468260544,1.8496798414392337,1.3372226569084622,1.8874292217101212,0.0377493802708877,"LINESTRING(100.73169813456573 6.97811105607695,100.73173605744867 6.978287889058711)",1.8685545315746774,1.8672352490422162,4590,0,614,122
1966,,615,620,615,20241030RUN02,05/11/2024,0.25,7.11,3.68,6.978243666551484,100.73172662592897,05/11/2024,1.8874292217101212,1.398703468260544,1.8496798414392337,1.3372226569084622,1.8874292217101212,0.0377493802708877,"LINESTRING(100.73169813456573 6.97811105607695,100.73173605744867 6.978287889058711)",1.8685545315746774,1.8246532362693029,4590,0,619,123
1967,,620,625,620,20241030RUN02,05/11/2024,0.15,7.04,3.6,6.978287885864882,100.73173605487509,05/11/2024,2.344038769077072,1.6098938992753704,2.96452897883804,1.9689969990223777,2.96452897883804,0.6204902097609679,"LINESTRING(100.73173605744867 6.978287889058711,100.73177468563398 6.9784645690271745)",2.654283873957556,2.5503495622420753,4590,0,624,124
1968,,625,630,625,20241030RUN02,05/11/2024,0.01,5.79,2.9,6.978332092657543,100.73174554243202,05/11/2024,2.344038769077072,1.6098938992753704,2.96452897883804,1.9689969990223777,2.96452897883804,0.6204902097609679,"LINESTRING(100.73173605744867 6.978287889058711,100.73177468563398 6.9784645690271745)",2.654283873957556,2.751256966798855,4590,0,629,125
1969,,630,635,630,20241030RUN02,05/11/2024,0.37,4.79,2.58,6.978376273044597,100.73175515236674,05/11/2024,2.344038769077072,1.6098938992753704,2.96452897883804,1.9689969990223777,2.96452897883804,0.6204902097609679,"LINESTRING(100.73173605744867 6.978287889058711,100.73177468563398 6.9784645690271745)",2.654283873957556,2.4156357004658653,4590,0,634,126
1970,,635,640,635,20241030RUN02,05/11/2024,0.25,4.73,2.49,6.978420425678003,100.73176488925138,05/11/2024,2.344038769077072,1.6098938992753704,2.96452897883804,1.9689969990223777,2.96452897883804,0.6204902097609679,"LINESTRING(100.73173605744867 6.978287889058711,100.73177468563398 6.9784645690271745)",2.654283873957556,2.849069452048748,4590,0,639,127
1971,,640,645,640,20241030RUN02,05/11/2024,0.01,5.4,2.7,6.978464565746479,100.73177468307581,05/11/2024,2.9441682640908025,2.280711875821185,2.591799598245826,1.823918283379257,2.9441682640908025,0.3523686658449763,"LINESTRING(100.73177468563398 6.9784645690271745,100.73181330951407 6.978641250261775)",2.767983931168314,2.6919417293787684,4590,0,644,128
1972,,645,650,645,20241030RUN02,05/11/2024,0.02,6.4,3.21,6.978508709013786,100.73178446249192,05/11/2024,2.9441682640908025,2.280711875821185,2.591799598245826,1.823918283379257,2.9441682640908025,0.3523686658449763,"LINESTRING(100.73177468563398 6.9784645690271745,100.73181330951407 6.978641250261775)",2.767983931168314,2.5597319625846744,4590,0,649,129
1973,,650,655,650,20241030RUN02,05/11/2024,0.12,6.49,3.3,6.978552872299351,100.73179415098029,05/11/2024,2.9441682640908025,2.280711875821185,2.591799598245826,1.823918283379257,2.9441682640908025,0.3523686658449763,"LINESTRING(100.73177468563398 6.9784645690271745,100.73181330951407 6.978641250261775)",2.767983931168314,2.841228875972907,4590,0,654,130
1974,,655,660,655,20241030RUN02,05/11/2024,0.21,6.57,3.39,6.978597054924537,100.73180375065922,05/11/2024,2.9441682640908025,2.280711875821185,2.591799598245826,1.823918283379257,2.9441682640908025,0.3523686658449763,"LINESTRING(100.73177468563398 6.9784645690271745,100.73181330951407 6.978641250261775)",2.767983931168314,2.853208510566805,4590,0,659,131
1975,,660,665,660,20241030RUN02,05/11/2024,0.11,6.95,3.53,6.978641246926251,100.73181330699263,05/11/2024,1.78810162747303,1.4008815113945472,2.5769386816522992,1.850982485181076,2.5769386816522992,0.7888370541792691,"LINESTRING(100.73181330951407 6.978641250261775,100.73185143014986 6.9788180409836995)",2.1825201545626647,2.3378119742099552,4590,0,664,132
1976,,665,670,665,20241030RUN02,05/11/2024,0.14,5.11,2.62,6.978685446590017,100.73182282774059,05/11/2024,1.78810162747303,1.4008815113945472,2.5769386816522992,1.850982485181076,2.5769386816522992,0.7888370541792691,"LINESTRING(100.73181330951407 6.978641250261775,100.73185143014986 6.9788180409836995)",2.1825201545626647,2.2221394237852676,4590,0,669,133
1977,,670,675,670,20241030RUN02,05/11/2024,0.12,4.82,2.47,6.978729648399261,100.73183233851908,05/11/2024,1.78810162747303,1.4008815113945472,2.5769386816522992,1.850982485181076,2.5769386816522992,0.7888370541792691,"LINESTRING(100.73181330951407 6.978641250261775,100.73185143014986 6.9788180409836995)",2.1825201545626647,2.1702945936126152,4590,0,674,134
1978,,675,680,675,20241030RUN02,05/11/2024,1.25,5.84,3.54,6.9787738457265025,100.73184187017802,05/11/2024,1.78810162747303,1.4008815113945472,2.5769386816522992,1.850982485181076,2.5769386816522992,0.7888370541792691,"LINESTRING(100.73181330951407 6.978641250261775,100.73185143014986 6.9788180409836995)",2.1825201545626647,2.2456516700807168,4590,0,679,135
1979,,680,685,680,20241030RUN02,05/11/2024,0.68,6.35,3.51,6.978818037497279,100.73185142759117,05/11/2024,2.1890002611638897,1.7898601247896508,1.9895997555119165,1.757647076808075,2.1890002611638897,0.1994005056519732,"LINESTRING(100.73185143014986 6.9788180409836995,100.73189023801424 6.978994682201842)",2.089300008337903,2.0148510213101303,4590,0,684,136
1980,,685,690,685,20241030RUN02,05/11/2024,0.21,5.7,2.96,6.978862215703201,100.73186104758103,05/11/2024,2.1890002611638897,1.7898601247896508,1.9895997555119165,1.757647076808075,2.1890002611638897,0.1994005056519732,"LINESTRING(100.73185143014986 6.9788180409836995,100.73189023801424 6.978994682201842)",2.089300008337903,2.158237059766128,4590,0,689,137
1981,,690,695,690,20241030RUN02,05/11/2024,0.05,4.25,2.15,6.9789063733593455,100.73187076165081,05/11/2024,2.1890002611638897,1.7898601247896508,1.9895997555119165,1.757647076808075,2.1890002611638897,0.1994005056519732,"LINESTRING(100.73185143014986 6.9788180409836995,100.73189023801424 6.978994682201842)",2.089300008337903,2.121198267711442,4590,0,,
1982,,695,700,695,20241030RUN02,05/11/2024,0.21,4.5,2.36,6.978950522801778,100.73188051310166,05/11/2024,2.1890002611638897,1.7898601247896508,1.9895997555119165,1.757647076808075,2.1890002611638897,0.1994005056519732,"LINESTRING(100.73185143014986 6.9788180409836995,100.73189023801424 6.978994682201842)",2.089300008337903,1.9372132897186576,4590,0,695,138
1983,,700,705,700,20241030RUN02,05/11/2024,0.09,4.81,2.45,6.978994678650528,100.7318902354794,05/11/2024,2.325212763533882,1.7536477328801785,3.1324699690562867,2.646211442375398,3.1324699690562867,0.8072572055224048,"LINESTRING(100.73189023801424 6.978994682201842,100.73192899017195 6.979171335742376)",2.728841366295084,2.480818556700777,4590,0,700,139
1984,,705,710,705,20241030RUN02,05/11/2024,0.05,3.73,1.89,6.979038841494916,100.73189992597312,05/11/2024,2.325212763533882,1.7536477328801785,3.1324699690562867,2.646211442375398,3.1324699690562867,0.8072572055224048,"LINESTRING(100.73189023801424 6.978994682201842,100.73192899017195 6.979171335742376)",2.728841366295084,2.8987115548627784,4590,0,705,140
1985,,710,715,710,20241030RUN02,05/11/2024,0.05,3.93,1.99,6.979083008436304,100.731909597725,05/11/2024,2.325212763533882,1.7536477328801785,3.1324699690562867,2.646211442375398,3.1324699690562867,0.8072572055224048,"LINESTRING(100.73189023801424 6.978994682201842,100.73192899017195 6.979171335742376)",2.728841366295084,2.7800399481572984,4590,0,710,141
1986,,715,720,715,20241030RUN02,05/11/2024,0.17,3.36,1.76,6.979127173248585,100.73191927920398,05/11/2024,2.325212763533882,1.7536477328801785,3.1324699690562867,2.646211442375398,3.1324699690562867,0.8072572055224048,"LINESTRING(100.73189023801424 6.978994682201842,100.73192899017195 6.979171335742376)",2.728841366295084,2.7731690525771113,4590,0,715,142
1987,,720,725,720,20241030RUN02,05/11/2024,0.07,4.87,2.47,6.979171332147118,100.73192898767272,05/11/2024,2.1821772815521667,1.8012037004184256,2.6782285536447814,1.9824946843598372,2.6782285536447814,0.4960512720926147,"LINESTRING(100.73192899017195 6.979171335742376,100.73196793659054 6.979347946626726)",2.430202917598474,2.200904407376714,4590,0,720,143
1988,,725,730,725,20241030RUN02,05/11/2024,0.01,7.04,3.52,6.979215492812968,100.73193868806054,05/11/2024,2.1821772815521667,1.8012037004184256,2.6782285536447814,1.9824946843598372,2.6782285536447814,0.4960512720926147,"LINESTRING(100.73192899017195 6.979171335742376,100.73196793659054 6.979347946626726)",2.430202917598474,2.6345382485779267,4590,0,725,144
1989,,730,735,730,20241030RUN02,05/11/2024,0.07,5.42,2.74,6.979259652839995,100.73194839138998,05/11/2024,2.1821772815521667,1.8012037004184256,2.6782285536447814,1.9824946843598372,2.6782285536447814,0.4960512720926147,"LINESTRING(100.73192899017195 6.979171335742376,100.73196793659054 6.979347946626726)",2.430202917598474,2.493035573352734,4590,0,730,145
1990,,735,740,735,20241030RUN02,05/11/2024,0.03,6.64,3.34,6.979303801851793,100.73195814470542,05/11/2024,2.1821772815521667,1.8012037004184256,2.6782285536447814,1.9824946843598372,2.6782285536447814,0.4960512720926147,"LINESTRING(100.73192899017195 6.979171335742376,100.73196793659054 6.979347946626726)",2.430202917598474,2.208089672129695,4590,0,735,146
1991,,740,745,740,20241030RUN02,05/11/2024,0.05,8.32,4.19,6.979347942897916,100.73196793406275,05/11/2024,2.6922197765020828,1.6736039278355044,3.001815230249856,2.279962212807825,3.001815230249856,0.309595453747773,"LINESTRING(100.73196793659054 6.979347946626726,100.7320067651274 6.979524583471863)",2.8470175033759695,2.6585926743097916,4590,0,740,147
1992,,745,750,745,20241030RUN02,05/11/2024,0.08,8.04,4.06,6.979392092515711,100.73197768461286,05/11/2024,2.6922197765020828,1.6736039278355044,3.001815230249856,2.279962212807825,3.001815230249856,0.309595453747773,"LINESTRING(100.73196793659054 6.979347946626726,100.7320067651274 6.979524583471863)",2.8470175033759695,2.8479593925217572,4590,0,745,148
1993,,750,755,750,20241030RUN02,05/11/2024,0.07,6.77,3.42,6.97943625568091,100.73198737356095,05/11/2024,2.6922197765020828,1.6736039278355044,3.001815230249856,2.279962212807825,3.001815230249856,0.309595453747773,"LINESTRING(100.73196793659054 6.979347946626726,100.7320067651274 6.979524583471863)",2.8470175033759695,2.6607371494200542,4590,0,750,149
1994,,755,760,755,20241030RUN02,05/11/2024,0.05,6.79,3.42,6.979480419075942,100.7319970614659,05/11/2024,2.6922197765020828,1.6736039278355044,3.001815230249856,2.279962212807825,3.001815230249856,0.309595453747773,"LINESTRING(100.73196793659054 6.979347946626726,100.7320067651274 6.979524583471863)",2.8470175033759695,2.931145546957218,4590,0,755,150
1995,,760,765,760,20241030RUN02,05/11/2024,0.26,6.29,3.28,6.979524579572155,100.73200676254639,05/11/2024,2.6907423957243863,1.7827703462571285,2.9381849382477503,1.90892087137872,2.9381849382477503,0.2474425425233639,"LINESTRING(100.7320067651274 6.979524583471863,100.73204425827515 6.9797015060391345)",2.814463666986068,2.9606656842908468,4590,0,760,151
1996,,765,770,765,20241030RUN02,05/11/2024,0.1,5.9,3.0,6.9795687539259115,100.73201640017606,05/11/2024,2.6907423957243863,1.7827703462571285,2.9381849382477503,1.90892087137872,2.9381849382477503,0.2474425425233639,"LINESTRING(100.7320067651274 6.979524583471863,100.73204425827515 6.9797015060391345)",2.814463666986068,2.5768753380420546,4590,0,765,152
1997,,770,775,770,20241030RUN02,05/11/2024,0.21,4.65,2.43,6.9796129612779385,100.73202588490994,05/11/2024,2.6907423957243863,1.7827703462571285,2.9381849382477503,1.90892087137872,2.9381849382477503,0.2474425425233639,"LINESTRING(100.7320067651274 6.979524583471863,100.73204425827515 6.9797015060391345)",2.814463666986068,2.7399378537896273,4590,0,770,153
1998,,775,780,775,20241030RUN02,05/11/2024,0.31,6.33,3.32,6.9796572113723645,100.73203516781284,05/11/2024,2.6907423957243863,1.7827703462571285,2.9381849382477503,1.90892087137872,2.9381849382477503,0.2474425425233639,"LINESTRING(100.7320067651274 6.979524583471863,100.73204425827515 6.9797015060391345)",2.814463666986068,2.688516327381976,4590,0,775,154
1999,,780,785,780,20241030RUN02,05/11/2024,0.85,5.6,3.22,6.979701501893869,100.7320442555949,05/11/2024,2.6474943395441244,1.739561930361489,2.3929643081913783,1.832062212910959,2.6474943395441244,0.2545300313527461,"LINESTRING(100.73204425827515 6.9797015060391345,100.73207712835085 6.979879336641122)",2.5202293238677513,2.4840610346400602,4590,0,780,155
2000,,785,790,785,20241030RUN02,05/11/2024,0.53,6.24,3.38,6.979745846339825,100.73205307562513,05/11/2024,2.6474943395441244,1.739561930361489,2.3929643081913783,1.832062212910959,2.6474943395441244,0.2545300313527461,"LINESTRING(100.73204425827515 6.9797015060391345,100.73207712835085 6.979879336641122)",2.5202293238677513,2.640661455262516,4590,0,785,156
2001,,790,795,790,20241030RUN02,05/11/2024,0.74,6.27,3.5,6.979790270854411,100.73206148197445,05/11/2024,2.6474943395441244,1.739561930361489,2.3929643081913783,1.832062212910959,2.6474943395441244,0.2545300313527461,"LINESTRING(100.73204425827515 6.9797015060391345,100.73207712835085 6.979879336641122)",2.5202293238677513,2.44547559826296,4590,0,790,157
2002,,795,800,795,20241030RUN02,05/11/2024,1.56,5.1,3.33,6.979834771217789,100.73206947681248,05/11/2024,2.6474943395441244,1.739561930361489,2.3929643081913783,1.832062212910959,2.6474943395441244,0.2545300313527461,"LINESTRING(100.73204425827515 6.9797015060391345,100.73207712835085 6.979879336641122)",2.5202293238677513,2.5076410210674047,4590,0,795,158
2003,,800,805,800,20241030RUN02,05/11/2024,1.97,3.2,2.58,6.979879332286489,100.7320771256015,05/11/2024,3.3409445146658614,2.487749021351632,4.258914908574642,2.665086686267774,4.258914908574642,0.9179703939087808,"LINESTRING(100.73207712835085 6.979879336641122,100.7321027199461 6.980058349090315)",3.7999297116202517,4.002571819220135,4590,0,800,159
2004,,805,810,805,20241030RUN02,05/11/2024,2.16,3.16,2.66,6.97992396142018,100.73208436520339,05/11/2024,3.3409445146658614,2.487749021351632,4.258914908574642,2.665086686267774,4.258914908574642,0.9179703939087808,"LINESTRING(100.73207712835085 6.979879336641122,100.7321027199461 6.980058349090315)",3.7999297116202517,3.4961132001667643,4590,0,805,160
2005,,810,815,810,20241030RUN02,05/11/2024,1.01,3.81,2.41,6.979968680652561,100.73209102383223,05/11/2024,3.3409445146658614,2.487749021351632,4.258914908574642,2.665086686267774,4.258914908574642,0.9179703939087808,"LINESTRING(100.73207712835085 6.979879336641122,100.7321027199461 6.980058349090315)",3.7999297116202517,3.7701401128804832,4590,0,810,161
2006,,815,820,815,20241030RUN02,05/11/2024,1.4,2.28,1.84,6.980013482389889,100.73209710239999,05/11/2024,3.3409445146658614,2.487749021351632,4.258914908574642,2.665086686267774,4.258914908574642,0.9179703939087808,"LINESTRING(100.73207712835085 6.979879336641122,100.7321027199461 6.980058349090315)",3.7999297116202517,4.097178468651866,4590,0,815,162
2007,,820,825,820,20241030RUN02,05/11/2024,2.17,2.6,2.38,6.980058344554047,100.73210271715317,05/11/2024,2.2163767329144437,1.6478824426318268,2.9213854205777663,2.210449414209592,2.9213854205777663,0.705008687663323,"LINESTRING(100.7321027199461 6.980058349090315,100.73211822002078 6.980238492727816)",2.5688810767461048,2.3951306718630017,4590,0,820,163
2008,,825,830,825,20241030RUN02,05/11/2024,3.47,2.88,3.18,6.980103272027285,100.73210778031672,05/11/2024,2.2163767329144437,1.6478824426318268,2.9213854205777663,2.210449414209592,2.9213854205777663,0.705008687663323,"LINESTRING(100.7321027199461 6.980058349090315,100.73211822002078 6.980238492727816)",2.5688810767461048,2.7370138921100162,4590,0,825,164
2009,,830,835,830,20241030RUN02,05/11/2024,4.95,1.98,3.46,6.980148275303407,100.73211211441249,05/11/2024,2.2163767329144437,1.6478824426318268,2.9213854205777663,2.210449414209592,2.9213854205777663,0.705008687663323,"LINESTRING(100.7321027199461 6.980058349090315,100.73211822002078 6.980238492727816)",2.5688810767461048,2.414254015037166,4590,0,830,165
2010,,835,840,835,20241030RUN02,05/11/2024,4.47,1.59,3.03,6.980193353401679,100.73211558240523,05/11/2024,2.2163767329144437,1.6478824426318268,2.9213854205777663,2.210449414209592,2.9213854205777663,0.705008687663323,"LINESTRING(100.7321027199461 6.980058349090315,100.73211822002078 6.980238492727816)",2.5688810767461048,2.7060363025152796,4590,0,835,166
2011,,840,845,840,20241030RUN02,05/11/2024,4.07,2.22,3.15,6.98023848788417,100.73211821711882,05/11/2024,2.220374194934005,1.6188018415218066,2.6475551720143757,2.033768163124241,2.6475551720143757,0.4271809770803698,"LINESTRING(100.73211822002078 6.980238492727816,100.7321214699316 6.980419283751193)",2.4339646834741906,2.6223133806512773,4590,0,840,167
2012,,845,850,845,20241030RUN02,05/11/2024,6.14,1.13,3.64,6.980283660664496,100.73212008273964,05/11/2024,2.220374194934005,1.6188018415218066,2.6475551720143757,2.033768163124241,2.6475551720143757,0.4271809770803698,"LINESTRING(100.73211822002078 6.980238492727816,100.7321214699316 6.980419283751193)",2.4339646834741906,2.481165763070922,4590,0,846,168
2013,,850,855,850,20241030RUN02,05/11/2024,6.04,1.68,3.86,6.980328858198198,100.73212119960483,05/11/2024,2.220374194934005,1.6188018415218066,2.6475551720143757,2.033768163124241,2.6475551720143757,0.4271809770803698,"LINESTRING(100.73211822002078 6.980238492727816,100.7321214699316 6.980419283751193)",2.4339646834741906,2.261937478666874,4590,0,851,169
2014,,855,860,855,20241030RUN02,05/11/2024,5.06,1.17,3.12,6.980374067464158,100.7321216397738,05/11/2024,2.220374194934005,1.6188018415218066,2.6475551720143757,2.033768163124241,2.6475551720143757,0.4271809770803698,"LINESTRING(100.73211822002078 6.980238492727816,100.7321214699316 6.980419283751193)",2.4339646834741906,2.3250426088818332,4590,0,856,170
2015,,860,865,860,20241030RUN02,05/11/2024,5.87,1.81,3.84,6.980419278565603,100.73212146691635,05/11/2024,1.8598635615732408,1.5118695118983758,2.374649214662093,1.794743935700523,2.374649214662093,0.5147856530888524,"LINESTRING(100.7321214699316 6.980419283751193,100.73211495469974 6.980599995106447)",2.117256388117667,2.1934991498897443,4590,0,861,171
2016,,865,870,865,20241030RUN02,05/11/2024,4.8,1.61,3.2,6.980464483308037,100.7321206864543,05/11/2024,1.8598635615732408,1.5118695118983758,2.374649214662093,1.794743935700523,2.374649214662093,0.5147856530888524,"LINESTRING(100.7321214699316 6.980419283751193,100.73211495469974 6.980599995106447)",2.117256388117667,1.9370318568674174,4590,0,866,172
2017,,870,875,870,20241030RUN02,05/11/2024,6.46,2.15,4.3,6.980509674699181,100.73211933680098,05/11/2024,1.8598635615732408,1.5118695118983758,2.374649214662093,1.794743935700523,2.374649214662093,0.5147856530888524,"LINESTRING(100.7321214699316 6.980419283751193,100.73211495469974 6.980599995106447)",2.117256388117667,2.1757893996892634,4590,0,871,173
2018,,875,880,875,20241030RUN02,05/11/2024,6.62,1.03,3.82,6.98055484596028,100.7321174284375,05/11/2024,1.8598635615732408,1.5118695118983758,2.374649214662093,1.794743935700523,2.374649214662093,0.5147856530888524,"LINESTRING(100.7321214699316 6.980419283751193,100.73211495469974 6.980599995106447)",2.117256388117667,2.303554687862699,4590,0,876,174
2019,,880,885,880,20241030RUN02,05/11/2024,3.86,1.89,2.88,6.9805999896833475,100.73211495164509,05/11/2024,2.185387338152598,1.775651878904949,2.871556538079572,2.0309754165077694,2.871556538079572,0.6861691999269741,"LINESTRING(100.73211495469974 6.980599995106447,100.73210029544812 6.980780237860095)",2.528471938116085,2.3907279480288617,4590,0,881,175
2020,,885,890,885,20241030RUN02,05/11/2024,1.95,3.77,2.86,6.980645101272329,100.73211194422973,05/11/2024,2.185387338152598,1.775651878904949,2.871556538079572,2.0309754165077694,2.871556538079572,0.6861691999269741,"LINESTRING(100.73211495469974 6.980599995106447,100.73210029544812 6.980780237860095)",2.528471938116085,2.473141020687324,4590,0,886,176
2021,,890,895,890,20241030RUN02,05/11/2024,1.65,3.49,2.57,6.980690178617309,100.73210845972308,05/11/2024,2.185387338152598,1.775651878904949,2.871556538079572,2.0309754165077694,2.871556538079572,0.6861691999269741,"LINESTRING(100.73211495469974 6.980599995106447,100.73210029544812 6.980780237860095)",2.528471938116085,2.469918980209485,4590,0,891,177
2022,,895,900,895,20241030RUN02,05/11/2024,1.46,4.56,3.01,6.980735222110835,100.73210456063848,05/11/2024,2.185387338152598,1.775651878904949,2.871556538079572,2.0309754165077694,2.871556538079572,0.6861691999269741,"LINESTRING(100.73211495469974 6.980599995106447,100.73210029544812 6.980780237860095)",2.528471938116085,2.691351752670592,4590,0,896,178
2023,,900,905,900,20241030RUN02,05/11/2024,0.87,7.11,3.99,6.980780232156437,100.73210029234036,05/11/2024,2.4522019995881683,1.861289281005316,2.9872538444766263,2.139283625510413,2.9872538444766263,0.535051844888458,"LINESTRING(100.73210029544812 6.980780237860095,100.73207930013656 6.980959856350423)",2.7197279220323973,2.605515701019973,4590,0,901,179
2024,,905,910,905,20241030RUN02,05/11/2024,1.9,2.89,2.4,6.980825202541008,100.73209562446549,05/11/2024,2.4522019995881683,1.861289281005316,2.9872538444766263,2.139283625510413,2.9872538444766263,0.535051844888458,"LINESTRING(100.73210029544812 6.980780237860095,100.73207930013656 6.980959856350423)",2.7197279220323973,2.8701456144120123,4590,0,906,180
2025,,910,915,910,20241030RUN02,05/11/2024,3.4,3.48,3.44,6.9808701273207685,100.73209053570275,05/11/2024,2.4522019995881683,1.861289281005316,2.9872538444766263,2.139283625510413,2.9872538444766263,0.535051844888458,"LINESTRING(100.73210029544812 6.980780237860095,100.73207930013656 6.980959856350423)",2.7197279220323973,2.5377805180948454,4590,0,911,181
2026,,915,920,915,20241030RUN02,05/11/2024,2.65,3.65,3.15,6.980915007324266,100.73208506513521,05/11/2024,2.4522019995881683,1.861289281005316,2.9872538444766263,2.139283625510413,2.9872538444766263,0.535051844888458,"LINESTRING(100.73210029544812 6.980780237860095,100.73207930013656 6.980959856350423)",2.7197279220323973,2.8448306807062287,4590,0,916,182
2027,,920,925,920,20241030RUN02,05/11/2024,0.92,3.79,2.36,6.98095985016938,100.73207929688178,05/11/2024,3.475195395487271,2.295462649167916,3.379783222188708,3.33673372856479,3.475195395487271,0.0954121732985631,"LINESTRING(100.73207930013656 6.980959856350423,100.73205514073354 6.981139085118661)",3.4274893088379894,3.439748072557879,4590,0,921,183
2028,,925,930,925,20241030RUN02,05/11/2024,0.81,5.85,3.33,6.981004670656916,100.73207335682304,05/11/2024,3.475195395487271,2.295462649167916,3.379783222188708,3.33673372856479,3.475195395487271,0.0954121732985631,"LINESTRING(100.73207930013656 6.980959856350423,100.73205514073354 6.981139085118661)",3.4274893088379894,3.6641409571442844,4590,0,926,184
2029,,930,935,930,20241030RUN02,05/11/2024,1.26,3.92,2.59,6.98104948101793,100.73206734050282,05/11/2024,3.475195395487271,2.295462649167916,3.379783222188708,3.33673372856479,3.475195395487271,0.0954121732985631,"LINESTRING(100.73207930013656 6.980959856350423,100.73205514073354 6.981139085118661)",3.4274893088379894,3.4546388773722003,4590,0,931,185
2030,,935,940,935,20241030RUN02,05/11/2024,0.91,3.56,2.24,6.981094286037043,100.7320612842211,05/11/2024,3.475195395487271,2.295462649167916,3.379783222188708,3.33673372856479,3.475195395487271,0.0954121732985631,"LINESTRING(100.73207930013656 6.980959856350423,100.73205514073354 6.981139085118661)",3.4274893088379894,3.14982143962356,4590,0,936,186
2031,,940,945,940,20241030RUN02,05/11/2024,0.45,6.14,3.3,6.981139078754831,100.73205513749545,05/11/2024,2.210760907960892,1.5806072976526542,2.844578595251276,2.0790196911524075,2.844578595251276,0.6338176872903838,"LINESTRING(100.73205514073354 6.981139085118661,100.73203058279682 6.981318259885498)",2.527669751606084,2.578690262590266,4590,0,941,187
2032,,945,950,945,20241030RUN02,05/11/2024,0.29,4.63,2.46,6.98118386175398,100.73204892009447,05/11/2024,2.210760907960892,1.5806072976526542,2.844578595251276,2.0790196911524075,2.844578595251276,0.6338176872903838,"LINESTRING(100.73205514073354 6.981139085118661,100.73203058279682 6.981318259885498)",2.527669751606084,2.6719441906464194,4590,0,946,188
2033,,950,955,950,20241030RUN02,05/11/2024,0.37,6.52,3.44,6.981228653074585,100.73204276327994,05/11/2024,2.210760907960892,1.5806072976526542,2.844578595251276,2.0790196911524075,2.844578595251276,0.6338176872903838,"LINESTRING(100.73205514073354 6.981139085118661,100.73203058279682 6.981318259885498)",2.527669751606084,2.4372189386403513,4590,0,951,189
2034,,955,960,955,20241030RUN02,05/11/2024,0.83,6.39,3.61,6.981273454947746,100.73203668383815,05/11/2024,2.210760907960892,1.5806072976526542,2.844578595251276,2.0790196911524075,2.844578595251276,0.6338176872903838,"LINESTRING(100.73205514073354 6.981139085118661,100.73203058279682 6.981318259885498)",2.527669751606084,2.630311056658398,4590,0,956,190
2035,,960,965,960,20241030RUN02,05/11/2024,1.71,5.14,3.42,6.981318253463928,100.73203057963772,05/11/2024,2.4249365324045447,1.89105418866956,2.286192944516501,1.671191657038092,2.4249365324045447,0.1387435878880434,"LINESTRING(100.73203058279682 6.981318259885498,100.73200557033915 6.981497371965544)",2.3555647384605227,2.3936139868502577,4590,0,961,191
2036,,965,970,965,20241030RUN02,05/11/2024,0.87,5.06,2.96,6.9813630443580275,100.73202441986227,05/11/2024,2.4249365324045447,1.89105418866956,2.286192944516501,1.671191657038092,2.4249365324045447,0.1387435878880434,"LINESTRING(100.73203058279682 6.981318259885498,100.73200557033915 6.981497371965544)",2.3555647384605227,2.2201518897583834,4590,0,966,192
2037,,970,975,970,20241030RUN02,05/11/2024,0.7,5.2,2.95,6.981407825319654,100.73201818821092,05/11/2024,2.4249365324045447,1.89105418866956,2.286192944516501,1.671191657038092,2.4249365324045447,0.1387435878880434,"LINESTRING(100.73203058279682 6.981318259885498,100.73200557033915 6.981497371965544)",2.3555647384605227,2.522322655359796,4590,0,971,193
2038,,975,980,975,20241030RUN02,05/11/2024,1.08,4.55,2.82,6.981452597077428,100.73201189067844,05/11/2024,2.4249365324045447,1.89105418866956,2.286192944516501,1.671191657038092,2.4249365324045447,0.1387435878880434,"LINESTRING(100.73203058279682 6.981318259885498,100.73200557033915 6.981497371965544)",2.3555647384605227,2.195258745331318,4590,0,976,194
2039,,980,985,980,20241030RUN02,05/11/2024,0.82,4.67,2.74,6.981497365168568,100.73200556710464,05/11/2024,1.606193768229052,1.333887523922481,2.939302059452072,2.162842168351799,2.939302059452072,1.3331082912230192,"LINESTRING(100.73200557033915 6.981497371965544,100.73198093501396 6.981676534857873)",2.2727479138405617,2.1688616824975973,4590,0,981,195
2040,,985,990,985,20241030RUN02,05/11/2024,0.45,1.83,1.14,6.981542131935795,100.73199923402042,05/11/2024,1.606193768229052,1.333887523922481,2.939302059452072,2.162842168351799,2.939302059452072,1.3331082912230192,"LINESTRING(100.73200557033915 6.981497371965544,100.73198093501396 6.981676534857873)",2.2727479138405617,2.4719984024549504,4590,0,986,196
2041,,990,995,990,20241030RUN02,05/11/2024,0.36,3.47,1.92,6.981586906010628,100.73199295289017,05/11/2024,1.606193768229052,1.333887523922481,2.939302059452072,2.162842168351799,2.939302059452072,1.3331082912230192,"LINESTRING(100.73200557033915 6.981497371965544,100.73198093501396 6.981676534857873)",2.2727479138405617,2.1738752857515595,4590,0,991,197
2042,,995,1000,995,20241030RUN02,05/11/2024,0.37,3.21,1.79,6.981631701304717,100.73198682523422,05/11/2024,1.606193768229052,1.333887523922481,2.939302059452072,2.162842168351799,2.939302059452072,1.3331082912230192,"LINESTRING(100.73200557033915 6.981497371965544,100.73198093501396 6.981676534857873)",2.2727479138405617,2.198717486995958,4590,0,996,198
2043,,1000,1005,1000,20241030RUN02,05/11/2024,1.06,2.39,1.72,6.981676527978159,100.73198093184483,05/11/2024,2.3476786611221367,1.7590304996373476,3.624835227747523,2.292395996541879,3.624835227747523,1.2771565666253863,"LINESTRING(100.73198093501396 6.981676534857873,100.73195745320683 6.981855852968235)",2.98625694443483,2.8596399161060186,4590,0,1002,199
2044,,1005,1010,1005,20241030RUN02,05/11/2024,1.18,5.27,3.22,6.9817213754610625,100.7319751989453,05/11/2024,2.3476786611221367,1.7590304996373476,3.624835227747523,2.292395996541879,3.624835227747523,1.2771565666253863,"LINESTRING(100.73198093501396 6.981676534857873,100.73195745320683 6.981855852968235)",2.98625694443483,3.157629196270122,4590,0,1007,200
2045,,1010,1015,1010,20241030RUN02,05/11/2024,0.93,7.04,3.98,6.981766216455415,100.7319694155479,05/11/2024,2.3476786611221367,1.7590304996373476,3.624835227747523,2.292395996541879,3.624835227747523,1.2771565666253863,"LINESTRING(100.73198093501396 6.981676534857873,100.73195745320683 6.981855852968235)",2.98625694443483,3.0727737063902847,4590,0,1012,201
2046,,1015,1020,1015,20241030RUN02,05/11/2024,0.47,5.33,2.9,6.981811036954574,100.7319634749894,05/11/2024,2.3476786611221367,1.7590304996373476,3.624835227747523,2.292395996541879,3.624835227747523,1.2771565666253863,"LINESTRING(100.73198093501396 6.981676534857873,100.73195745320683 6.981855852968235)",2.98625694443483,3.132239197262072,4590,0,1017,202
2047,,1020,1025,1020,20241030RUN02,05/11/2024,0.03,4.61,2.32,6.981855846252298,100.73195745020946,05/11/2024,4.747680826640384,6.464289201187243,3.304504849134993,3.3112236635731667,4.747680826640384,1.4431759775053905,"LINESTRING(100.73195745320683 6.981855852968235,100.73193338935157 6.982035094648868)",4.026092837887688,3.823856655405583,4590,0,1022,203
2048,,1025,1030,1025,20241030RUN02,05/11/2024,0.03,4.63,2.33,6.981900654746431,100.73195141947116,05/11/2024,4.747680826640384,6.464289201187243,3.304504849134993,3.3112236635731667,4.747680826640384,1.4431759775053905,"LINESTRING(100.73195745320683 6.981855852968235,100.73193338935157 6.982035094648868)",4.026092837887688,3.8784808388943435,4590,0,1027,204
2049,,1030,1035,1030,20241030RUN02,05/11/2024,0.11,4.93,2.52,6.981945463906907,100.73194539365431,05/11/2024,4.747680826640384,6.464289201187243,3.304504849134993,3.3112236635731667,4.747680826640384,1.4431759775053905,"LINESTRING(100.73195745320683 6.981855852968235,100.73193338935157 6.982035094648868)",4.026092837887688,4.369548810899508,4590,0,1032,205
2050,,1035,1040,1035,20241030RUN02,05/11/2024,1.84,5.4,3.62,6.981990277342786,100.73193939980204,05/11/2024,4.747680826640384,6.464289201187243,3.304504849134993,3.3112236635731667,4.747680826640384,1.4431759775053905,"LINESTRING(100.73195745320683 6.981855852968235,100.73193338935157 6.982035094648868)",4.026092837887688,4.248108212501862,4590,0,1037,206
2051,,1040,1045,1040,20241030RUN02,05/11/2024,1.54,7.5,4.52,6.982035088148926,100.73193338653988,05/11/2024,2.137283260662457,1.462489868216896,3.1710181999966487,1.967442086640256,3.1710181999966487,1.0337349393341917,"LINESTRING(100.73193338935157 6.982035094648868,100.73190864427792 6.982214243530618)",2.654150730329553,2.688556814150383,4590,0,1042,207
2052,,1045,1050,1045,20241030RUN02,05/11/2024,1.01,6.01,3.51,6.982079878588799,100.73192722333907,05/11/2024,2.137283260662457,1.462489868216896,3.1710181999966487,1.967442086640256,3.1710181999966487,1.0337349393341917,"LINESTRING(100.73193338935157 6.982035094648868,100.73190864427792 6.982214243530618)",2.654150730329553,2.7379002760438835,4590,0,1047,208
2053,,1050,1055,1050,20241030RUN02,05/11/2024,0.75,3.73,2.24,6.982124652855199,100.73192094352298,05/11/2024,2.137283260662457,1.462489868216896,3.1710181999966487,1.967442086640256,3.1710181999966487,1.0337349393341917,"LINESTRING(100.73193338935157 6.982035094648868,100.73190864427792 6.982214243530618)",2.654150730329553,2.6335235059601203,4590,0,1052,209
2054,,1055,1060,1055,20241030RUN02,05/11/2024,0.67,2.43,1.55,6.982169435166131,100.7319147214096,05/11/2024,2.137283260662457,1.462489868216896,3.1710181999966487,1.967442086640256,3.1710181999966487,1.0337349393341917,"LINESTRING(100.73193338935157 6.982035094648868,100.73190864427792 6.982214243530618)",2.654150730329553,2.392220280404699,4590,0,1057,210
2055,,1060,1065,1060,20241030RUN02,05/11/2024,0.09,2.39,1.24,6.982214236981611,100.73190864153132,05/11/2024,2.218234219351616,1.8769715564727352,3.529496981282934,2.4214851364172154,3.529496981282934,1.3112627619313186,"LINESTRING(100.73190864427792 6.982214243530618,100.73188417269877 6.98239343017637)",2.873865600317275,2.5878722313042886,4590,0,1062,211
2056,,1065,1070,1065,20241030RUN02,05/11/2024,1.71,2.55,2.13,6.9822590431512275,100.7319025937417,05/11/2024,2.218234219351616,1.8769715564727352,3.529496981282934,2.4214851364172154,3.529496981282934,1.3112627619313186,"LINESTRING(100.73190864427792 6.982214243530618,100.73188417269877 6.98239343017637)",2.873865600317275,2.5985702347353885,4590,0,1067,212
2057,,1070,1075,1070,20241030RUN02,05/11/2024,1.65,6.02,3.84,6.982303834819886,100.73189643961561,05/11/2024,2.218234219351616,1.8769715564727352,3.529496981282934,2.4214851364172154,3.529496981282934,1.3112627619313186,"LINESTRING(100.73190864427792 6.982214243530618,100.73188417269877 6.98239343017637)",2.873865600317275,3.095662775236219,4590,0,1072,213
2058,,1075,1080,1075,20241030RUN02,05/11/2024,2.13,3.2,2.66,6.982348622165972,100.73189025416856,05/11/2024,2.218234219351616,1.8769715564727352,3.529496981282934,2.4214851364172154,3.529496981282934,1.3112627619313186,"LINESTRING(100.73190864427792 6.982214243530618,100.73188417269877 6.98239343017637)",2.873865600317275,3.058016386115062,4590,0,1077,214
2059,,1080,1085,1080,20241030RUN02,05/11/2024,2.82,3.41,3.12,6.982393423343434,100.73188416991887,05/11/2024,2.2747561929212066,1.6133507737060675,2.5464232735752765,1.7188325033770586,2.5464232735752765,0.2716670806540699,"LINESTRING(100.73188417269877 6.98239343017637,100.73185976442 6.982572625276413)",2.4105897332482416,2.3774634795860594,4590,0,1082,215
2060,,1085,1090,1085,20241030RUN02,05/11/2024,2.54,4.76,3.65,6.982438233151797,100.73187814937654,05/11/2024,2.2747561929212066,1.6133507737060675,2.5464232735752765,1.7188325033770586,2.5464232735752765,0.2716670806540699,"LINESTRING(100.73188417269877 6.98239343017637,100.73185976442 6.982572625276413)",2.4105897332482416,2.278036509834944,4590,0,1087,216
2061,,1090,1095,1090,20241030RUN02,05/11/2024,2.22,3.5,2.86,6.9824830395438715,100.73187210343785,05/11/2024,2.2747561929212066,1.6133507737060675,2.5464232735752765,1.7188325033770586,2.5464232735752765,0.2716670806540699,"LINESTRING(100.73188417269877 6.98239343017637,100.73185976442 6.982572625276413)",2.4105897332482416,2.5182141848134276,4590,0,1092,217
2062,,1095,1100,1095,20241030RUN02,05/11/2024,2.79,3.88,3.34,6.982527836112202,100.73186598505885,05/11/2024,2.2747561929212066,1.6133507737060675,2.5464232735752765,1.7188325033770586,2.5464232735752765,0.2716670806540699,"LINESTRING(100.73188417269877 6.98239343017637,100.73185976442 6.982572625276413)",2.4105897332482416,2.2306778999019476,4590,0,1097,218
2063,,1100,1105,1100,20241030RUN02,05/11/2024,1.54,2.35,1.94,6.982572618232411,100.73185976163867,05/11/2024,4.645439838564024,5.308374063874133,5.363002861914664,3.611339665710838,5.363002861914664,0.7175630233506398,"LINESTRING(100.73185976442 6.982572625276413,100.73183450408854 6.982751702271378)",5.0042213502393444,5.344235734605931,4590,0,1102,219
2064,,1105,1110,1105,20241030RUN02,05/11/2024,1.03,5.15,3.09,6.982617395676535,100.73185350457042,05/11/2024,4.645439838564024,5.308374063874133,5.363002861914664,3.611339665710838,5.363002861914664,0.7175630233506398,"LINESTRING(100.73185976442 6.982572625276413,100.73183450408854 6.982751702271378)",5.0042213502393444,4.8574452219730135,4590,0,1107,220
2065,,1110,1115,1110,20241030RUN02,05/11/2024,1.41,3.72,2.56,6.9826621757686835,100.73184726661448,05/11/2024,4.645439838564024,5.308374063874133,5.363002861914664,3.611339665710838,5.363002861914664,0.7175630233506398,"LINESTRING(100.73185976442 6.982572625276413,100.73183450408854 6.982751702271378)",5.0042213502393444,5.061614414077663,4590,0,1112,221
2066,,1115,1120,1115,20241030RUN02,05/11/2024,2.35,4.9,3.62,6.982706948288173,100.73184097439803,05/11/2024,4.645439838564024,5.308374063874133,5.363002861914664,3.611339665710838,5.363002861914664,0.7175630233506398,"LINESTRING(100.73185976442 6.982572625276413,100.73183450408854 6.982751702271378)",5.0042213502393444,5.03579103071608,4590,0,1117,222
2067,,1120,1125,1120,20241030RUN02,05/11/2024,2.41,5.56,3.98,6.9827516950580595,100.7318345013238,05/11/2024,2.7751848488809574,1.6981938745426632,2.2257011193914997,1.9672209778454508,2.7751848488809574,0.5494837294894581,"LINESTRING(100.73183450408854 6.982751702271378,100.73180833997671 6.9829306487789715)",2.5004429841362286,2.4912018975712122,4590,0,1122,223
2068,,1125,1130,1125,20241030RUN02,05/11/2024,2.29,3.81,3.05,6.982796417238574,100.73182786019498,05/11/2024,2.7751848488809574,1.6981938745426632,2.2257011193914997,1.9672209778454508,2.7751848488809574,0.5494837294894581,"LINESTRING(100.73183450408854 6.982751702271378,100.73180833997671 6.9829306487789715)",2.5004429841362286,2.431489367123452,4590,0,1127,224
2069,,1130,1135,1130,20241030RUN02,05/11/2024,1.16,2.95,2.06,6.9828411316109875,100.73182116648866,05/11/2024,2.7751848488809574,1.6981938745426632,2.2257011193914997,1.9672209778454508,2.7751848488809574,0.5494837294894581,"LINESTRING(100.73183450408854 6.982751702271378,100.73180833997671 6.9829306487789715)",2.5004429841362286,2.5373188291961224,4590,0,1132,225
2070,,1135,1140,1135,20241030RUN02,05/11/2024,0.72,2.97,1.85,6.982885866827721,100.73181461425882,05/11/2024,2.7751848488809574,1.6981938745426632,2.2257011193914997,1.9672209778454508,2.7751848488809574,0.5494837294894581,"LINESTRING(100.73183450408854 6.982751702271378,100.73180833997671 6.9829306487789715)",2.5004429841362286,2.4491149641142673,4590,0,1137,226
2071,,1140,1145,1140,20241030RUN02,05/11/2024,0.56,2.93,1.74,6.982930641453326,100.73180833725083,05/11/2024,2.6919681310268944,1.7630874469635247,2.113787574470291,1.5663365018897952,2.6919681310268944,0.5781805565566032,"LINESTRING(100.73180833997671 6.9829306487789715,100.73178575461012 6.983110076860447)",2.402877852748593,2.484835672259507,4590,0,1142,227
2072,,1145,1150,1145,20241030RUN02,05/11/2024,1.46,2.3,1.88,6.982975444953468,100.73180226967791,05/11/2024,2.6919681310268944,1.7630874469635247,2.113787574470291,1.5663365018897952,2.6919681310268944,0.5781805565566032,"LINESTRING(100.73180833997671 6.9829306487789715,100.73178575461012 6.983110076860447)",2.402877852748593,2.3982092938483284,4590,0,1147,228
2073,,1150,1155,1150,20241030RUN02,05/11/2024,1.27,2.56,1.92,6.983020277648375,100.73179642260722,05/11/2024,2.6919681310268944,1.7630874469635247,2.113787574470291,1.5663365018897952,2.6919681310268944,0.5781805565566032,"LINESTRING(100.73180833997671 6.9829306487789715,100.73178575461012 6.983110076860447)",2.402877852748593,2.1778994727960286,4590,0,1153,229
2074,,1155,1160,1155,20241030RUN02,05/11/2024,3.43,3.2,3.32,6.98306515253045,100.73179090984459,05/11/2024,2.6919681310268944,1.7630874469635247,2.113787574470291,1.5663365018897952,2.6919681310268944,0.5781805565566032,"LINESTRING(100.73180833997671 6.9829306487789715,100.73178575461012 6.983110076860447)",2.402877852748593,2.545178687653943,4590,0,1158,230
2075,,1160,1165,1160,20241030RUN02,05/11/2024,5.25,5.0,5.12,6.983110069555523,100.73178575196735,05/11/2024,2.361845267617195,1.6547991453902025,2.7250251978923368,2.221906456108998,2.7250251978923368,0.3631799302751419,"LINESTRING(100.73178575461012 6.983110076860447,100.73176947685167 6.983290168405007)",2.543435232754766,2.720160465345404,4590,0,1163,231
2076,,1165,1170,1165,20241030RUN02,05/11/2024,5.24,4.23,4.74,6.9831550181883495,100.73178087760053,05/11/2024,2.361845267617195,1.6547991453902025,2.7250251978923368,2.221906456108998,2.7250251978923368,0.3631799302751419,"LINESTRING(100.73178575461012 6.983110076860447,100.73176947685167 6.983290168405007)",2.543435232754766,2.7425968807289536,4590,0,1168,232
2077,,1170,1175,1170,20241030RUN02,05/11/2024,3.73,3.87,3.8,6.9832000059219075,100.73177638063359,05/11/2024,2.361845267617195,1.6547991453902025,2.7250251978923368,2.221906456108998,2.7250251978923368,0.3631799302751419,"LINESTRING(100.73178575461012 6.983110076860447,100.73176947685167 6.983290168405007)",2.543435232754766,2.3163213814612296,4590,0,1173,233
2078,,1175,1180,1175,20241030RUN02,05/11/2024,1.28,2.14,1.71,6.983245052650039,100.73177252381431,05/11/2024,2.361845267617195,1.6547991453902025,2.7250251978923368,2.221906456108998,2.7250251978923368,0.3631799302751419,"LINESTRING(100.73178575461012 6.983110076860447,100.73176947685167 6.983290168405007)",2.543435232754766,2.5237925796954364,4590,0,1178,234
2079,,1180,1185,1180,20241030RUN02,05/11/2024,1.63,1.15,1.39,6.9832901609744304,100.73176947423198,05/11/2024,2.510503536696628,1.90732568829377,2.543141574399725,2.150539106708599,2.543141574399725,0.0326380377030974,"LINESTRING(100.73176947685167 6.983290168405007,100.73176525283361 6.98347093389982)",2.5268225555481765,2.4416819803214125,4590,0,1183,235
2080,,1185,1190,1185,20241030RUN02,05/11/2024,1.11,1.45,1.28,6.983335318543008,100.73176727172995,05/11/2024,2.510503536696628,1.90732568829377,2.543141574399725,2.150539106708599,2.543141574399725,0.0326380377030974,"LINESTRING(100.73176947685167 6.983290168405007,100.73176525283361 6.98347093389982)",2.5268225555481765,2.6774717511839485,4590,0,1188,236
2081,,1190,1195,1190,20241030RUN02,05/11/2024,1.85,1.88,1.86,6.9833805083348555,100.73176587862295,05/11/2024,2.510503536696628,1.90732568829377,2.543141574399725,2.150539106708599,2.543141574399725,0.0326380377030974,"LINESTRING(100.73176947685167 6.983290168405007,100.73176525283361 6.98347093389982)",2.5268225555481765,2.4913386079845488,4590,0,1193,237
2082,,1195,1200,1195,20241030RUN02,05/11/2024,1.25,2.0,1.62,6.983425714980637,100.73176522569541,05/11/2024,2.510503536696628,1.90732568829377,2.543141574399725,2.150539106708599,2.543141574399725,0.0326380377030974,"LINESTRING(100.73176947685167 6.983290168405007,100.73176525283361 6.98347093389982)",2.5268225555481765,2.6956437771093302,4590,0,1198,238
2083,,1200,1205,1200,20241030RUN02,05/11/2024,0.81,3.32,2.06,6.98347092637143,100.73176525023624,05/11/2024,1.838546634725152,1.1259700895787,1.895508856663207,1.4028479738610915,1.895508856663207,0.0569622219380547,"LINESTRING(100.73176525283361 6.98347093389982,100.73177121610763 6.9836516696144475)",1.8670277456941795,1.9479004331479952,4590,0,1203,239
2084,,1205,1210,1205,20241030RUN02,05/11/2024,1.55,3.09,2.32,6.983516132190969,100.73176596015146,05/11/2024,1.838546634725152,1.1259700895787,1.895508856663207,1.4028479738610915,1.895508856663207,0.0569622219380547,"LINESTRING(100.73176525283361 6.98347093389982,100.73177121610763 6.9836516696144475)",1.8670277456941795,1.817954087898743,4590,0,1208,240
2085,,1210,1215,1210,20241030RUN02,05/11/2024,3.36,3.35,3.36,6.983561323852582,100.73176730249506,05/11/2024,1.838546634725152,1.1259700895787,1.895508856663207,1.4028479738610915,1.895508856663207,0.0569622219380547,"LINESTRING(100.73176525283361 6.98347093389982,100.73177121610763 6.9836516696144475)",1.8670277456941795,1.9702047900830992,4590,0,1213,241
2086,,1215,1220,1215,20241030RUN02,05/11/2024,1.84,4.65,3.24,6.983606500463935,100.73176908464183,05/11/2024,1.838546634725152,1.1259700895787,1.895508856663207,1.4028479738610915,1.895508856663207,0.0569622219380547,"LINESTRING(100.73176525283361 6.98347093389982,100.73177121610763 6.9836516696144475)",1.8670277456941795,1.6981612574834468,4590,0,1218,242
2087,,1220,1225,1220,20241030RUN02,05/11/2024,2.29,4.38,3.34,6.98365166207851,100.73177121355397,05/11/2024,2.0232159770705707,1.502638391410854,3.1372832909536434,2.109350457994675,3.1372832909536434,1.1140673138830728,"LINESTRING(100.73177121610763 6.9836516696144475,100.73178360420246 6.983832086707953)",2.580249634012107,2.5435245223963037,4590,0,1223,243
2088,,1225,1230,1225,20241030RUN02,05/11/2024,1.3,3.5,2.4,6.983696801902827,100.73177376190363,05/11/2024,2.0232159770705707,1.502638391410854,3.1372832909536434,2.109350457994675,3.1372832909536434,1.1140673138830728,"LINESTRING(100.73177121610763 6.9836516696144475,100.73178360420246 6.983832086707953)",2.580249634012107,2.435343261474911,4590,0,1228,244
2089,,1230,1235,1230,20241030RUN02,05/11/2024,2.09,1.44,1.76,6.9837419135604275,100.73177676865534,05/11/2024,2.0232159770705707,1.502638391410854,3.1372832909536434,2.109350457994675,3.1372832909536434,1.1140673138830728,"LINESTRING(100.73177121610763 6.9836516696144475,100.73178360420246 6.983832086707953)",2.580249634012107,2.5547315449145676,4590,0,1233,245
2090,,1235,1240,1235,20241030RUN02,05/11/2024,2.54,3.86,3.2,6.983787001184462,100.73178011910761,05/11/2024,2.0232159770705707,1.502638391410854,3.1372832909536434,2.109350457994675,3.1372832909536434,1.1140673138830728,"LINESTRING(100.73177121610763 6.9836516696144475,100.73178360420246 6.983832086707953)",2.580249634012107,2.548238345862957,4590,0,1238,246
2091,,1240,1245,1240,20241030RUN02,05/11/2024,1.46,8.21,4.84,6.983832078877066,100.73178360158968,05/11/2024,2.8983765298111086,2.131736961372114,2.5879099501104825,2.1188078328547806,2.8983765298111086,0.3104665797006261,"LINESTRING(100.73178360420246 6.983832086707953,100.73179797245342 6.984012363103127)",2.7431432399607956,2.766828855855887,4590,0,1243,247
2092,,1245,1250,1245,20241030RUN02,05/11/2024,0.75,4.54,2.64,6.98387715590317,100.73178709236815,05/11/2024,2.8983765298111086,2.131736961372114,2.5879099501104825,2.1188078328547806,2.8983765298111086,0.3104665797006261,"LINESTRING(100.73178360420246 6.983832086707953,100.73179797245342 6.984012363103127)",2.7431432399607956,2.47526956055962,4590,0,1248,248
2093,,1250,1255,1250,20241030RUN02,05/11/2024,0.29,3.29,1.79,6.983922227198632,100.73179065640858,05/11/2024,2.8983765298111086,2.131736961372114,2.5879099501104825,2.1188078328547806,2.8983765298111086,0.3104665797006261,"LINESTRING(100.73178360420246 6.983832086707953,100.73179797245342 6.984012363103127)",2.7431432399607956,2.8661770574164684,4590,0,1253,249
2094,,1255,1260,1255,20241030RUN02,05/11/2024,0.28,4.36,2.32,6.983967290630064,100.73179431909797,05/11/2024,2.8983765298111086,2.131736961372114,2.5879099501104825,2.1188078328547806,2.8983765298111086,0.3104665797006261,"LINESTRING(100.73178360420246 6.983832086707953,100.73179797245342 6.984012363103127)",2.7431432399607956,2.7064821257543077,4590,0,1258,250
2095,,1260,1265,1260,20241030RUN02,05/11/2024,0.8,4.76,2.78,6.9840123550313224,100.73179796979908,05/11/2024,2.0628024531354123,1.4620034477394537,2.843885762353924,2.319414388637586,2.843885762353924,0.7810833092185114,"LINESTRING(100.73179797245342 6.984012363103127,100.73181233118832 6.984192640453401)",2.4533441077446683,2.528153430689545,4590,0,1263,251
2096,,1265,1270,1265,20241030RUN02,05/11/2024,0.38,2.85,1.62,6.984057422462489,100.73180158268714,05/11/2024,2.0628024531354123,1.4620034477394537,2.843885762353924,2.319414388637586,2.843885762353924,0.7810833092185114,"LINESTRING(100.73179797245342 6.984012363103127,100.73181233118832 6.984192640453401)",2.4533441077446683,2.6262626410957597,4590,0,1268,252
2097,,1270,1275,1270,20241030RUN02,05/11/2024,0.94,2.37,1.66,6.98410249019403,100.73180519208381,05/11/2024,2.0628024531354123,1.4620034477394537,2.843885762353924,2.319414388637586,2.843885762353924,0.7810833092185114,"LINESTRING(100.73179797245342 6.984012363103127,100.73181233118832 6.984192640453401)",2.4533441077446683,2.21713359355012,4590,0,1273,253
2098,,1275,1280,1275,20241030RUN02,05/11/2024,1.02,1.23,1.12,6.984147559109474,100.7318087865711,05/11/2024,2.0628024531354123,1.4620034477394537,2.843885762353924,2.319414388637586,2.843885762353924,0.7810833092185114,"LINESTRING(100.73179797245342 6.984012363103127,100.73181233118832 6.984192640453401)",2.4533441077446683,2.4399542827875824,4590,0,1278,254
2099,,1280,1285,1280,20241030RUN02,05/11/2024,1.7,3.4,2.55,6.984192632158537,100.73181232849902,05/11/2024,2.3639767998888845,2.1554778281250475,2.4341137981015355,2.091166150097141,2.4341137981015355,0.0701369982126509,"LINESTRING(100.73181233118832 6.984192640453401,100.73182575142425 6.984372989976695)",2.39904529899521,2.163564343361509,4590,0,1283,255
2100,,1285,1290,1285,20241030RUN02,05/11/2024,0.98,6.07,3.53,6.984237712984415,100.73181576938782,05/11/2024,2.3639767998888845,2.1554778281250475,2.4341137981015355,2.091166150097141,2.4341137981015355,0.0701369982126509,"LINESTRING(100.73181233118832 6.984192640453401,100.73182575142425 6.984372989976695)",2.39904529899521,2.4776052524416974,4590,0,1288,256
2101,,1290,1295,1290,20241030RUN02,05/11/2024,1.2,5.3,3.25,6.9842828006053335,100.73181911983447,05/11/2024,2.3639767998888845,2.1554778281250475,2.4341137981015355,2.091166150097141,2.4341137981015355,0.0701369982126509,"LINESTRING(100.73181233118832 6.984192640453401,100.73182575142425 6.984372989976695)",2.39904529899521,2.328653763882105,4590,0,1293,257
2102,,1295,1300,1295,20241030RUN02,05/11/2024,1.29,3.65,2.47,6.98432788960036,100.7318224521619,05/11/2024,2.3639767998888845,2.1554778281250475,2.4341137981015355,2.091166150097141,2.4341137981015355,0.0701369982126509,"LINESTRING(100.73181233118832 6.984192640453401,100.73182575142425 6.984372989976695)",2.39904529899521,2.395742257018595,4590,0,1298,258
2103,,1300,1305,1300,20241030RUN02,05/11/2024,1.33,3.22,2.28,6.984372981239388,100.73182574863135,05/11/2024,1.850249301369808,1.4429296699036789,2.396878114223183,1.7109676221785517,2.396878114223183,0.5466288128533754,"LINESTRING(100.73182575142425 6.984372989976695,100.7318378864142 6.984553430099619)",2.1235637077964955,2.2596952015334546,4590,0,1303,259
2104,,1305,1310,1305,20241030RUN02,05/11/2024,1.87,2.34,2.1,6.984418081247385,100.73182892814603,05/11/2024,1.850249301369808,1.4429296699036789,2.396878114223183,1.7109676221785517,2.396878114223183,0.5466288128533754,"LINESTRING(100.73182575142425 6.984372989976695,100.7318378864142 6.984553430099619)",2.1235637077964955,2.2394407509171916,4590,0,1309,260
2105,,1310,1315,1310,20241030RUN02,05/11/2024,1.64,2.83,2.24,6.984463191794339,100.73183195380535,05/11/2024,1.850249301369808,1.4429296699036789,2.396878114223183,1.7109676221785517,2.396878114223183,0.5466288128533754,"LINESTRING(100.73182575142425 6.984372989976695,100.7318378864142 6.984553430099619)",2.1235637077964955,2.089258010005599,4590,0,1314,261
2106,,1315,1320,1315,20241030RUN02,05/11/2024,2.16,1.68,1.92,6.984508307718243,100.73183489842826,05/11/2024,1.850249301369808,1.4429296699036789,2.396878114223183,1.7109676221785517,2.396878114223183,0.5466288128533754,"LINESTRING(100.73182575142425 6.984372989976695,100.7318378864142 6.984553430099619)",2.1235637077964955,1.9667882137954151,4590,0,1319,262
2107,,1320,1325,1320,20241030RUN02,05/11/2024,4.19,1.31,2.75,6.984553420992162,100.73183788354416,05/11/2024,2.572504627623552,1.952865039778396,2.075263897386426,1.5906459925296166,2.572504627623552,0.4972407302371255,"LINESTRING(100.7318378864142 6.984553430099619,100.73185042172135 6.984733843210665)",2.323884262504989,2.4603760424427437,4590,0,1324,263
2108,,1325,1330,1325,20241030RUN02,05/11/2024,2.76,2.63,2.7,6.984598528752431,100.73184095053287,05/11/2024,2.572504627623552,1.952865039778396,2.075263897386426,1.5906459925296166,2.572504627623552,0.4972407302371255,"LINESTRING(100.7318378864142 6.984553430099619,100.73185042172135 6.984733843210665)",2.323884262504989,2.4257530512996452,4590,0,1329,264
2109,,1330,1335,1330,20241030RUN02,05/11/2024,3.38,1.8,2.59,6.984643630680674,100.7318441023223,05/11/2024,2.572504627623552,1.952865039778396,2.075263897386426,1.5906459925296166,2.572504627623552,0.4972407302371255,"LINESTRING(100.7318378864142 6.984553430099619,100.73185042172135 6.984733843210665)",2.323884262504989,2.2813643540514428,4590,0,1334,265
2110,,1335,1340,1335,20241030RUN02,05/11/2024,3.23,0.73,1.98,6.9846887298846365,100.73184729319618,05/11/2024,2.572504627623552,1.952865039778396,2.075263897386426,1.5906459925296166,2.572504627623552,0.4972407302371255,"LINESTRING(100.7318378864142 6.984553430099619,100.73185042172135 6.984733843210665)",2.323884262504989,2.109845818547847,4590,0,1339,266
2111,,1340,1345,1340,20241030RUN02,05/11/2024,2.16,0.55,1.36,6.984733833663492,100.73185041875406,05/11/2024,1.9728953099869813,1.352937326250636,2.529918285871579,1.7385067158294052,2.529918285871579,0.5570229758845979,"LINESTRING(100.73185042172135 6.984733843210665,100.73186310117933 6.984914246032568)",2.2514067979292802,2.211664895919473,4590,0,1344,267
2112,,1345,1350,1345,20241030RUN02,05/11/2024,1.78,1.4,1.59,6.984778940311318,100.73185350284804,05/11/2024,1.9728953099869813,1.352937326250636,2.529918285871579,1.7385067158294052,2.529918285871579,0.5570229758845979,"LINESTRING(100.73185042172135 6.984733843210665,100.73186310117933 6.984914246032568)",2.2514067979292802,2.3432709830900764,4590,0,1349,268
2113,,1350,1355,1350,20241030RUN02,05/11/2024,2.43,1.37,1.9,6.98482404279465,100.7318566475775,05/11/2024,1.9728953099869813,1.352937326250636,2.529918285871579,1.7385067158294052,2.529918285871579,0.5570229758845979,"LINESTRING(100.73185042172135 6.984733843210665,100.73186310117933 6.984914246032568)",2.2514067979292802,2.278916804960464,4590,0,1354,269
2114,,1355,1360,1355,20241030RUN02,05/11/2024,3.23,2.14,2.68,6.984869140708742,100.73185985735162,05/11/2024,1.9728953099869813,1.352937326250636,2.529918285871579,1.7385067158294052,2.529918285871579,0.5570229758845979,"LINESTRING(100.73185042172135 6.984733843210665,100.73186310117933 6.984914246032568)",2.2514067979292802,2.418984644322924,4590,0,1359,270
2115,,1360,1365,1360,20241030RUN02,05/11/2024,2.15,1.74,1.94,6.984914236399144,100.73186309822533,05/11/2024,2.439053874765984,1.830022026473636,3.0884153648992343,2.3625923456139235,3.0884153648992343,0.6493614901332507,"LINESTRING(100.73186310117933 6.984914246032568,100.73187644159246 6.985094601361987)",2.763734619832609,2.671789141705346,4590,0,1364,271
2116,,1365,1370,1365,20241030RUN02,05/11/2024,2.71,2.84,2.78,6.984959328033081,100.73186639475644,05/11/2024,2.439053874765984,1.830022026473636,3.0884153648992343,2.3625923456139235,3.0884153648992343,0.6493614901332507,"LINESTRING(100.73186310117933 6.984914246032568,100.73187644159246 6.985094601361987)",2.763734619832609,2.8913552598007994,4590,0,1369,272
2117,,1370,1375,1370,20241030RUN02,05/11/2024,3.17,3.32,3.24,6.985004413632105,100.73186977307876,05/11/2024,2.439053874765984,1.830022026473636,3.0884153648992343,2.3625923456139235,3.0884153648992343,0.6493614901332507,"LINESTRING(100.73186310117933 6.984914246032568,100.73187644159246 6.985094601361987)",2.763734619832609,2.9352557275898716,4590,0,1374,273
2118,,1375,1380,1375,20241030RUN02,05/11/2024,3.12,5.89,4.5,6.98504949880055,100.73187315730016,05/11/2024,2.439053874765984,1.830022026473636,3.0884153648992343,2.3625923456139235,3.0884153648992343,0.6493614901332507,"LINESTRING(100.73186310117933 6.984914246032568,100.73187644159246 6.985094601361987)",2.763734619832609,2.6786228093905695,4590,0,1379,274
2119,,1380,1385,1380,20241030RUN02,05/11/2024,3.72,2.36,3.04,6.98509459155235,100.73187643862326,05/11/2024,3.444392215431893,2.3286807572863317,3.6577264262563194,2.4349292624569903,3.6577264262563194,0.2133342108244256,"LINESTRING(100.73187644159246 6.985094601361987,100.73188978860732 6.985274956085899)",3.5510593208441064,3.6041476235714036,4590,0,1384,275
2120,,1385,1390,1385,20241030RUN02,05/11/2024,1.52,0.25,0.88,6.985139688149274,100.73187966695174,05/11/2024,3.444392215431893,2.3286807572863317,3.6577264262563194,2.4349292624569903,3.6577264262563194,0.2133342108244256,"LINESTRING(100.73187644159246 6.985094601361987,100.73188978860732 6.985274956085899)",3.5510593208441064,3.8829266969460594,4590,0,1389,276
2121,,1390,1395,1390,20241030RUN02,05/11/2024,1.67,0.76,1.21,6.9851847794322,100.73188296793228,05/11/2024,3.444392215431893,2.3286807572863317,3.6577264262563194,2.4349292624569903,3.6577264262563194,0.2133342108244256,"LINESTRING(100.73187644159246 6.985094601361987,100.73188978860732 6.985274956085899)",3.5510593208441064,3.400156333251998,4590,0,1394,277
2122,,1395,1400,1395,20241030RUN02,05/11/2024,2.16,1.02,1.59,6.985229864102251,100.73188635807016,05/11/2024,3.444392215431893,2.3286807572863317,3.6577264262563194,2.4349292624569903,3.6577264262563194,0.2133342108244256,"LINESTRING(100.73187644159246 6.985094601361987,100.73188978860732 6.985274956085899)",3.5510593208441064,3.603331653164907,4590,0,1399,278
2123,,1400,1405,1400,20241030RUN02,05/11/2024,2.09,0.75,1.42,6.985274945963919,100.7318897855823,05/11/2024,2.0963164180987137,1.547423058041031,2.8734483440340464,1.7327778104753429,2.8734483440340464,0.7771319259353326,"LINESTRING(100.73188978860732 6.985274956085899,100.73190271340535 6.985455340700635)",2.48488238106638,2.4633656434398827,4590,0,1404,279
2124,,1405,1410,1405,20241030RUN02,05/11/2024,1.9,0.35,1.12,6.985320029423735,100.73189319244341,05/11/2024,2.0963164180987137,1.547423058041031,2.8734483440340464,1.7327778104753429,2.8734483440340464,0.7771319259353326,"LINESTRING(100.73188978860732 6.985274956085899,100.73190271340535 6.985455340700635)",2.48488238106638,2.5291789925697437,4590,0,1409,280
2125,,1410,1415,1410,20241030RUN02,05/11/2024,1.59,0.26,0.92,6.9853651200510045,100.73189650274294,05/11/2024,2.0963164180987137,1.547423058041031,2.8734483440340464,1.7327778104753429,2.8734483440340464,0.7771319259353326,"LINESTRING(100.73188978860732 6.985274956085899,100.73190271340535 6.985455340700635)",2.48488238106638,2.514282309408711,4590,0,1414,281
2126,,1415,1420,1415,20241030RUN02,05/11/2024,1.29,0.38,0.84,6.985410219809778,100.73189968634172,05/11/2024,2.0963164180987137,1.547423058041031,2.8734483440340464,1.7327778104753429,2.8734483440340464,0.7771319259353326,"LINESTRING(100.73188978860732 6.985274956085899,100.73190271340535 6.985455340700635)",2.48488238106638,2.328276553898941,4590,0,1419,282
2127,,1420,1425,1420,20241030RUN02,05/11/2024,1.25,1.72,1.48,6.985455330519779,100.73190271040077,05/11/2024,2.8971190342106405,2.1260007242443373,3.5218116947076026,3.3049336152494337,3.5218116947076026,0.624692660496962,"LINESTRING(100.73190271340535 6.985455340700635,100.73191077938043 6.985635984815359)",3.2094653644591213,3.381248434193056,4590,0,1424,283
2128,,1425,1430,1425,20241030RUN02,05/11/2024,2.0,0.91,1.46,6.985500456374451,100.73190549821939,05/11/2024,2.8971190342106405,2.1260007242443373,3.5218116947076026,3.3049336152494337,3.5218116947076026,0.624692660496962,"LINESTRING(100.73190271340535 6.985455340700635,100.73191077938043 6.985635984815359)",3.2094653644591213,3.336809231123459,4590,0,1429,284
2129,,1430,1435,1430,20241030RUN02,05/11/2024,3.96,1.63,2.8,6.98554560124691,100.73190795611578,05/11/2024,2.8971190342106405,2.1260007242443373,3.5218116947076026,3.3049336152494337,3.5218116947076026,0.624692660496962,"LINESTRING(100.73190271340535 6.985455340700635,100.73191077938043 6.985635984815359)",3.2094653644591213,2.8890704067626207,4590,0,1434,285
2130,,1435,1440,1435,20241030RUN02,05/11/2024,7.38,1.77,4.58,6.985590773659691,100.73190983171331,05/11/2024,2.8971190342106405,2.1260007242443373,3.5218116947076026,3.3049336152494337,3.5218116947076026,0.624692660496962,"LINESTRING(100.73190271340535 6.985455340700635,100.73191077938043 6.985635984815359)",3.2094653644591213,3.1659294540528466,4590,0,1439,286
2131,,1440,1445,1440,20241030RUN02,05/11/2024,7.55,2.97,5.26,6.985635974565397,100.73191077639704,05/11/2024,3.8074768732262,4.014020641417684,3.963354387275441,3.689553743493776,3.963354387275441,0.1558775140492412,"LINESTRING(100.73191077938043 6.985635984815359,100.73190162654353 6.985816474210762)",3.8854156302508205,3.5401449452188114,4590,0,1444,287
2132,,1445,1450,1445,20241030RUN02,05/11/2024,10.76,0.35,5.56,6.985681184701047,100.73191059378891,05/11/2024,3.8074768732262,4.014020641417684,3.963354387275441,3.689553743493776,3.963354387275441,0.1558775140492412,"LINESTRING(100.73191077938043 6.985635984815359,100.73190162654353 6.985816474210762)",3.8854156302508205,4.2647044263940135,4590,0,1449,288
2133,,1450,1455,1450,20241030RUN02,05/11/2024,13.75,0.0,6.88,6.985726370892147,100.73190912479657,05/11/2024,3.8074768732262,4.014020641417684,3.963354387275441,3.689553743493776,3.963354387275441,0.1558775140492412,"LINESTRING(100.73191077938043 6.985635984815359,100.73190162654353 6.985816474210762)",3.8854156302508205,3.833968197728529,4590,0,1454,289
2134,,1455,1460,1455,20241030RUN02,05/11/2024,11.69,0.05,5.87,6.985771484489133,100.73190617887167,05/11/2024,3.8074768732262,4.014020641417684,3.963354387275441,3.689553743493776,3.963354387275441,0.1558775140492412,"LINESTRING(100.73191077938043 6.985635984815359,100.73190162654353 6.985816474210762)",3.8854156302508205,3.9658072413013774,4590,0,,
2135,,1460,1465,1460,20241030RUN02,05/11/2024,12.66,0.08,6.37,6.985816464035774,100.73190162363723,05/11/2024,4.814745150307224,4.150913370727883,3.4815591754870483,3.4080668838452355,4.814745150307224,1.3331859748201755,"LINESTRING(100.73190162654353 6.985816474210762,100.73186552009363 6.98599349144904)",4.148152162897136,4.394500877213579,4590,0,1460,290
2136,,1465,1470,1465,20241030RUN02,05/11/2024,17.66,0.04,8.85,6.985861226947649,100.7318952861182,05/11/2024,4.814745150307224,4.150913370727883,3.4815591754870483,3.4080668838452355,4.814745150307224,1.3331859748201755,"LINESTRING(100.73190162654353 6.985816474210762,100.73186552009363 6.98599349144904)",4.148152162897136,3.9755579998391117,4590,0,1465,291
2137,,1470,1475,1470,20241030RUN02,05/11/2024,22.81,0.0,11.4,6.9859056888572075,100.73188709620082,05/11/2024,4.814745150307224,4.150913370727883,3.4815591754870483,3.4080668838452355,4.814745150307224,1.3331859748201755,"LINESTRING(100.73190162654353 6.985816474210762,100.73186552009363 6.98599349144904)",4.148152162897136,4.247450284700257,4590,0,1470,292
2138,,1475,1480,1475,20241030RUN02,05/11/2024,27.52,0.0,13.76,6.985949791671587,100.73187714826578,05/11/2024,4.814745150307224,4.150913370727883,3.4815591754870483,3.4080668838452355,4.814745150307224,1.3331859748201755,"LINESTRING(100.73190162654353 6.985816474210762,100.73186552009363 6.98599349144904)",4.148152162897136,4.100305193407732,4590,0,1475,293
2139,,1480,1485,1480,20241030RUN02,05/11/2024,26.38,0.01,13.2,6.985993481549062,100.73186551734014,05/11/2024,2.558848773782143,1.9359092789549648,2.442006020309103,1.4645697488182752,2.558848773782143,0.11684275347304,"LINESTRING(100.73186552009363 6.98599349144904,100.73180464252519 6.986163694403588)",2.5004273970456232,2.490995234775591,4590,0,1480,294
2140,,1485,1490,1485,20241030RUN02,05/11/2024,22.33,0.0,11.16,6.986036709663118,100.73185226924981,05/11/2024,2.558848773782143,1.9359092789549648,2.442006020309103,1.4645697488182752,2.558848773782143,0.11684275347304,"LINESTRING(100.73186552009363 6.98599349144904,100.73180464252519 6.986163694403588)",2.5004273970456232,2.7041227377073302,4590,0,1485,295
2141,,1490,1495,1490,20241030RUN02,05/11/2024,16.37,0.0,8.18,6.986079462314661,100.73183755532857,05/11/2024,2.558848773782143,1.9359092789549648,2.442006020309103,1.4645697488182752,2.558848773782143,0.11684275347304,"LINESTRING(100.73186552009363 6.98599349144904,100.73180464252519 6.986163694403588)",2.5004273970456232,2.3586637406417887,4590,0,1490,296
2142,,1495,1500,1495,20241030RUN02,05/11/2024,16.21,1.11,8.66,6.9861217618427425,100.73182158166505,05/11/2024,2.558848773782143,1.9359092789549648,2.442006020309103,1.4645697488182752,2.558848773782143,0.11684275347304,"LINESTRING(100.73186552009363 6.98599349144904,100.73180464252519 6.986163694403588)",2.5004273970456232,2.7178011036200656,4590,0,1495,297
2143,,1500,1505,1500,20241030RUN02,05/11/2024,6.28,0.94,3.61,6.986163684369772,100.73180463982699,05/11/2024,2.3785905983325373,1.8510088723474856,1.9521519758385015,1.647323467436224,2.3785905983325373,0.4264386224940355,"LINESTRING(100.73180464252519 6.986163694403588,100.73173248723384 6.986329543095983)",2.1653712870855193,2.309435686533949,4590,0,1500,298
2144,,1505,1510,1505,20241030RUN02,05/11/2024,4.29,2.73,3.51,6.986205353814355,100.73178708261159,05/11/2024,2.3785905983325373,1.8510088723474856,1.9521519758385015,1.647323467436224,2.3785905983325373,0.4264386224940355,"LINESTRING(100.73180464252519 6.986163694403588,100.73173248723384 6.986329543095983)",2.1653712870855193,2.1443748628002504,4590,0,1505,299
2145,,1510,1515,1510,20241030RUN02,05/11/2024,0.91,6.59,3.75,6.986246860260451,100.73176914249652,05/11/2024,2.3785905983325373,1.8510088723474856,1.9521519758385015,1.647323467436224,2.3785905983325373,0.4264386224940355,"LINESTRING(100.73180464252519 6.986163694403588,100.73173248723384 6.986329543095983)",2.1653712870855193,2.004344566521224,4590,0,1510,300
2146,,1515,1520,1515,20241030RUN02,05/11/2024,1.09,8.75,4.92,6.986288248938263,100.73175093173782,05/11/2024,2.3785905983325373,1.8510088723474856,1.9521519758385015,1.647323467436224,2.3785905983325373,0.4264386224940355,"LINESTRING(100.73180464252519 6.986163694403588,100.73173248723384 6.986329543095983)",2.1653712870855193,2.3132411114555143,4590,0,1515,301
2147,,1520,1525,1520,20241030RUN02,05/11/2024,0.41,7.26,3.84,6.986329532980863,100.73173248461295,05/11/2024,2.4785550753237207,1.674581222639518,2.8805231823691715,2.1030129892879845,2.8805231823691715,0.4019681070454508,"LINESTRING(100.73173248723384 6.986329543095983,100.73165758408207 6.986494177521097)",2.679539128846446,2.494153279580895,4590,0,1520,302
2148,,1525,1530,1525,20241030RUN02,05/11/2024,0.05,8.48,4.27,6.986370708240702,100.731713795474,05/11/2024,2.4785550753237207,1.674581222639518,2.8805231823691715,2.1030129892879845,2.8805231823691715,0.4019681070454508,"LINESTRING(100.73173248723384 6.986329543095983,100.73165758408207 6.986494177521097)",2.679539128846446,2.9324546452640305,4590,0,1525,303
2149,,1530,1535,1530,20241030RUN02,05/11/2024,0.41,9.24,4.82,6.986411828749211,100.73169498588572,05/11/2024,2.4785550753237207,1.674581222639518,2.8805231823691715,2.1030129892879845,2.8805231823691715,0.4019681070454508,"LINESTRING(100.73173248723384 6.986329543095983,100.73165758408207 6.986494177521097)",2.679539128846446,2.655210903678342,4590,0,1530,304
2150,,1535,1540,1535,20241030RUN02,05/11/2024,0.14,7.53,3.84,6.98645297311897,100.73167622861942,05/11/2024,2.4785550753237207,1.674581222639518,2.8805231823691715,2.1030129892879845,2.8805231823691715,0.4019681070454508,"LINESTRING(100.73173248723384 6.986329543095983,100.73165758408207 6.986494177521097)",2.679539128846446,2.7333427118573357,4590,0,1535,305
2151,,1540,1545,1540,20241030RUN02,05/11/2024,1.59,4.64,3.12,6.986494167466906,100.73165758157486,05/11/2024,2.08199576624641,1.6708293041127582,2.684599430181388,1.9760210708043977,2.684599430181388,0.6026036639349774,"LINESTRING(100.73165758408207 6.986494177521097,100.7315828273378 6.98665887880995)",2.3832975982138986,2.2429794471585853,4590,0,1540,306
2152,,1545,1550,1545,20241030RUN02,05/11/2024,1.49,3.37,2.43,6.986535364718707,100.73163894099045,05/11/2024,2.08199576624641,1.6708293041127582,2.684599430181388,1.9760210708043977,2.684599430181388,0.6026036639349774,"LINESTRING(100.73165758408207 6.986494177521097,100.7315828273378 6.98665887880995)",2.3832975982138986,2.345413184576334,4590,0,1545,307
2153,,1550,1555,1550,20241030RUN02,05/11/2024,0.99,2.67,1.83,6.986576539073267,100.73162024983527,05/11/2024,2.08199576624641,1.6708293041127582,2.684599430181388,1.9760210708043977,2.684599430181388,0.6026036639349774,"LINESTRING(100.73165758408207 6.986494177521097,100.7315828273378 6.98665887880995)",2.3832975982138986,2.4293521744597735,4590,0,1550,308
2154,,1555,1560,1555,20241030RUN02,05/11/2024,0.75,3.15,1.95,6.986617704230367,100.73160153840526,05/11/2024,2.08199576624641,1.6708293041127582,2.684599430181388,1.9760210708043977,2.684599430181388,0.6026036639349774,"LINESTRING(100.73165758408207 6.986494177521097,100.7315828273378 6.98665887880995)",2.3832975982138986,2.574183556335624,4590,0,1555,309
2155,,1560,1565,1560,20241030RUN02,05/11/2024,0.81,3.56,2.18,6.9866588684310225,100.73158282484782,05/11/2024,2.4331239576742334,1.9004962169620656,2.4905781600523422,2.145716210402965,2.4905781600523422,0.0574542023781088,"LINESTRING(100.7315828273378 6.98665887880995,100.73150780822354 6.986823460884355)",2.461851058863288,2.480678709525882,4590,0,1560,310
2156,,1565,1570,1565,20241030RUN02,05/11/2024,0.04,7.47,3.76,6.986700014212142,100.73156407078653,05/11/2024,2.4331239576742334,1.9004962169620656,2.4905781600523422,2.145716210402965,2.4905781600523422,0.0574542023781088,"LINESTRING(100.7315828273378 6.98665887880995,100.73150780822354 6.986823460884355)",2.461851058863288,2.367691664697344,4590,0,1565,311
2157,,1570,1575,1570,20241030RUN02,05/11/2024,0.01,10.07,5.04,6.986741140259874,100.73154527335504,05/11/2024,2.4331239576742334,1.9004962169620656,2.4905781600523422,2.145716210402965,2.4905781600523422,0.0574542023781088,"LINESTRING(100.7315828273378 6.98665887880995,100.73150780822354 6.986823460884355)",2.461851058863288,2.3006267784839927,4590,0,1570,312
2158,,1575,1580,1575,20241030RUN02,05/11/2024,0.0,9.85,4.92,6.98678228373434,100.73152651411046,05/11/2024,2.4331239576742334,1.9004962169620656,2.4905781600523422,2.145716210402965,2.4905781600523422,0.0574542023781088,"LINESTRING(100.7315828273378 6.98665887880995,100.73150780822354 6.986823460884355)",2.461851058863288,2.702260330656323,4590,0,1575,313
2159,,1580,1585,1580,20241030RUN02,05/11/2024,0.09,12.05,6.07,6.986823450341145,100.73150780579145,05/11/2024,2.3754938896298468,1.5427108466405717,2.5166576206650677,2.130511959551251,2.5166576206650677,0.1411637310352205,"LINESTRING(100.73150780822354 6.986823460884355,100.73143336980867 6.98698830605376)",2.446075755147457,2.6317443669919953,4590,0,1580,314
2160,,1585,1590,1585,20241030RUN02,05/11/2024,0.43,9.08,4.76,6.98686463011125,100.73148912657068,05/11/2024,2.3754938896298468,1.5427108466405717,2.5166576206650677,2.130511959551251,2.5166576206650677,0.1411637310352205,"LINESTRING(100.73150780822354 6.986823460884355,100.73143336980867 6.98698830605376)",2.446075755147457,2.297744316295855,4590,0,1585,315
2161,,1590,1595,1590,20241030RUN02,05/11/2024,0.69,5.29,2.99,6.986905837160185,100.73147050773161,05/11/2024,2.3754938896298468,1.5427108466405717,2.5166576206650677,2.130511959551251,2.5166576206650677,0.1411637310352205,"LINESTRING(100.73150780822354 6.986823460884355,100.73143336980867 6.98698830605376)",2.446075755147457,2.2460443976866817,4590,0,1590,316
2162,,1595,1600,1595,20241030RUN02,05/11/2024,0.36,6.92,3.64,6.9869470603187125,100.73145192472076,05/11/2024,2.3754938896298468,1.5427108466405717,2.5166576206650677,2.130511959551251,2.5166576206650677,0.1411637310352205,"LINESTRING(100.73150780822354 6.986823460884355,100.73143336980867 6.98698830605376)",2.446075755147457,2.6027367091977127,4590,0,1595,317
2163,,1600,1605,1600,20241030RUN02,05/11/2024,1.19,5.15,3.17,6.986988295032623,100.73143336736491,05/11/2024,3.8994917549899695,3.260369199510849,4.094178505843786,2.750380069990693,4.094178505843786,0.1946867508538163,"LINESTRING(100.73143336980867 6.98698830605376,100.7313594108303 6.9871533663105065)",3.9968351304168777,4.000080313745068,4590,0,1600,318
2164,,1605,1610,1605,20241030RUN02,05/11/2024,1.38,2.91,2.14,6.987029569935178,100.73141489970095,05/11/2024,3.8994917549899695,3.260369199510849,4.094178505843786,2.750380069990693,4.094178505843786,0.1946867508538163,"LINESTRING(100.73143336980867 6.98698830605376,100.7313594108303 6.9871533663105065)",3.9968351304168777,4.223517101747395,4590,0,1605,319
2165,,1610,1615,1610,20241030RUN02,05/11/2024,3.09,1.6,2.34,6.987070864674638,100.73139647643497,05/11/2024,3.8994917549899695,3.260369199510849,4.094178505843786,2.750380069990693,4.094178505843786,0.1946867508538163,"LINESTRING(100.73143336980867 6.98698830605376,100.7313594108303 6.9871533663105065)",3.9968351304168777,4.00389672399316,4590,0,1610,320
2166,,1615,1620,1615,20241030RUN02,05/11/2024,2.69,1.31,2.0,6.987112129748814,100.73137798667695,05/11/2024,3.8994917549899695,3.260369199510849,4.094178505843786,2.750380069990693,4.094178505843786,0.1946867508538163,"LINESTRING(100.73143336980867 6.98698830605376,100.7313594108303 6.9871533663105065)",3.9968351304168777,4.057189123102614,4590,0,1616,321
2167,,1620,1625,1620,20241030RUN02,05/11/2024,0.93,3.3,2.11,6.987153355120708,100.73135940844625,05/11/2024,3.125686156631387,2.145492366780609,2.657318168031505,1.9811235153137223,3.125686156631387,0.4683679885998821,"LINESTRING(100.7313594108303 6.9871533663105065,100.73128473876619 6.987318105846524)",2.891502162331446,2.672470098672151,4590,0,1621,322
2168,,1625,1630,1625,20241030RUN02,05/11/2024,0.6,4.9,2.75,6.987194552502376,100.73134076810891,05/11/2024,3.125686156631387,2.145492366780609,2.657318168031505,1.9811235153137223,3.125686156631387,0.4683679885998821,"LINESTRING(100.7313594108303 6.9871533663105065,100.73128473876619 6.987318105846524)",2.891502162331446,2.889160606268322,4590,0,1626,323
2169,,1630,1635,1630,20241030RUN02,05/11/2024,0.15,6.11,3.13,6.987235728230536,100.73132207984068,05/11/2024,3.125686156631387,2.145492366780609,2.657318168031505,1.9811235153137223,3.125686156631387,0.4683679885998821,"LINESTRING(100.7313594108303 6.9871533663105065,100.73128473876619 6.987318105846524)",2.891502162331446,3.1018548432846575,4590,0,1631,324
2170,,1635,1640,1635,20241030RUN02,05/11/2024,0.67,3.46,2.06,6.987276898820222,100.7313033802451,05/11/2024,3.125686156631387,2.145492366780609,2.657318168031505,1.9811235153137223,3.125686156631387,0.4683679885998821,"LINESTRING(100.7313594108303 6.9871533663105065,100.73128473876619 6.987318105846524)",2.891502162331446,2.942646965040101,4590,0,1636,325
2171,,1640,1645,1640,20241030RUN02,05/11/2024,0.46,3.37,1.92,6.987318094635763,100.73128473647304,05/11/2024,2.679076718653749,2.094093218322602,2.24994184083149,1.882921591604654,2.679076718653749,0.4291348778222592,"LINESTRING(100.73128473876619 6.987318105846524,100.73121098695835 6.987483258378796)",2.46450927974262,2.236871224414576,4590,0,1641,326
2172,,1645,1650,1645,20241030RUN02,05/11/2024,0.92,2.83,1.88,6.987359328944579,100.73126617813449,05/11/2024,2.679076718653749,2.094093218322602,2.24994184083149,1.882921591604654,2.679076718653749,0.4291348778222592,"LINESTRING(100.73128473876619 6.987318105846524,100.73121098695835 6.987483258378796)",2.46450927974262,2.566826993719631,4590,0,1646,327
2173,,1650,1655,1650,20241030RUN02,05/11/2024,1.11,3.5,2.31,6.987400601021608,100.73124770403436,05/11/2024,2.679076718653749,2.094093218322602,2.24994184083149,1.882921591604654,2.679076718653749,0.4291348778222592,"LINESTRING(100.73128473876619 6.987318105846524,100.73121098695835 6.987483258378796)",2.46450927974262,2.3467187491148866,4590,0,1651,328
2174,,1655,1660,1655,20241030RUN02,05/11/2024,1.11,4.34,2.72,6.987441901344512,100.7312292933445,05/11/2024,2.679076718653749,2.094093218322602,2.24994184083149,1.882921591604654,2.679076718653749,0.4291348778222592,"LINESTRING(100.73128473876619 6.987318105846524,100.73121098695835 6.987483258378796)",2.46450927974262,2.489901579435924,4590,0,1656,329
2175,,1660,1665,1660,20241030RUN02,05/11/2024,0.97,3.05,2.01,6.98748324690164,100.73121098470511,05/11/2024,2.5692204027508945,1.7236093132900203,2.6095529151102337,1.9035215846856124,2.6095529151102337,0.0403325123593392,"LINESTRING(100.73121098695835 6.987483258378796,100.73113915870529 6.987649255131311)",2.589386658930564,2.480939038387271,4590,0,1661,330
2176,,1665,1670,1665,20241030RUN02,05/11/2024,0.81,4.54,2.68,6.987524673923098,100.73119286158955,05/11/2024,2.5692204027508945,1.7236093132900203,2.6095529151102337,1.9035215846856124,2.6095529151102337,0.0403325123593392,"LINESTRING(100.73121098695835 6.987483258378796,100.73113915870529 6.987649255131311)",2.589386658930564,2.815202057827057,4590,0,1666,331
2177,,1670,1675,1670,20241030RUN02,05/11/2024,1.43,2.75,2.09,6.987566169493024,100.7311748961032,05/11/2024,2.5692204027508945,1.7236093132900203,2.6095529151102337,1.9035215846856124,2.6095529151102337,0.0403325123593392,"LINESTRING(100.73121098695835 6.987483258378796,100.73113915870529 6.987649255131311)",2.589386658930564,2.572175204019976,4590,0,1671,332
2178,,1675,1680,1675,20241030RUN02,05/11/2024,1.89,4.25,3.07,6.987607697052832,100.73115700480966,05/11/2024,2.5692204027508945,1.7236093132900203,2.6095529151102337,1.9035215846856124,2.6095529151102337,0.0403325123593392,"LINESTRING(100.73121098695835 6.987483258378796,100.73113915870529 6.987649255131311)",2.589386658930564,2.3909359059221575,4590,0,1676,333
2179,,1680,1685,1680,20241030RUN02,05/11/2024,2.57,2.27,2.42,6.9876492430630766,100.73113915643121,05/11/2024,2.622024013124354,1.7176450128953993,2.2555362672222063,1.7241950217166686,2.622024013124354,0.3664877459021483,"LINESTRING(100.73113915870529 6.987649255131311,100.73106936567147 6.98781610997162)",2.4387801401732805,2.538675786513702,4590,0,1681,334
2180,,1685,1690,1685,20241030RUN02,05/11/2024,3.9,2.04,2.97,6.98769081073205,100.7311213586925,05/11/2024,2.622024013124354,1.7176450128953993,2.2555362672222063,1.7241950217166686,2.622024013124354,0.3664877459021483,"LINESTRING(100.73113915870529 6.987649255131311,100.73106936567147 6.98781610997162)",2.4387801401732805,2.366094440585991,4590,0,1686,335
2181,,1690,1695,1690,20241030RUN02,05/11/2024,1.45,3.52,2.48,6.987732426830976,100.73110367479408,05/11/2024,2.622024013124354,1.7176450128953993,2.2555362672222063,1.7241950217166686,2.622024013124354,0.3664877459021483,"LINESTRING(100.73113915870529 6.987649255131311,100.73106936567147 6.98781610997162)",2.4387801401732805,2.568072715460687,4590,0,1691,336
2182,,1695,1700,1695,20241030RUN02,05/11/2024,1.38,7.15,4.27,6.987774167947566,100.73108628874299,05/11/2024,2.622024013124354,1.7176450128953993,2.2555362672222063,1.7241950217166686,2.622024013124354,0.3664877459021483,"LINESTRING(100.73113915870529 6.987649255131311,100.73106936567147 6.98781610997162)",2.4387801401732805,2.1970514884797914,4590,0,1696,337
2183,,1700,1705,1700,20241030RUN02,05/11/2024,2.04,0.74,1.39,6.987816097573573,100.73106936342886,05/11/2024,8.74984904107756,8.694948951103909,3.058219096613799,2.321197228429045,8.74984904107756,5.691629944463761,"LINESTRING(100.73106936567147 6.98781610997162,100.73100979794391 6.9879868200236555)",5.90403406884568,6.335949129851149,4590,0,1701,338
2184,,1705,1710,1705,20241030RUN02,05/11/2024,1.23,1.13,1.18,6.987858279678449,100.73105307953257,05/11/2024,8.74984904107756,8.694948951103909,3.058219096613799,2.321197228429045,8.74984904107756,5.691629944463761,"LINESTRING(100.73106936567147 6.98781610997162,100.73100979794391 6.9879868200236555)",5.90403406884568,5.332032954700491,4590,0,1706,339
2185,,1710,1715,1710,20241030RUN02,05/11/2024,4.93,2.67,3.8,6.987900789733798,100.7310376745873,05/11/2024,8.74984904107756,8.694948951103909,3.058219096613799,2.321197228429045,8.74984904107756,5.691629944463761,"LINESTRING(100.73106936567147 6.98781610997162,100.73100979794391 6.9879868200236555)",5.90403406884568,6.283498081327455,4590,0,1711,340
2186,,1715,1720,1715,20241030RUN02,05/11/2024,4.39,3.62,4.0,6.987943640787626,100.73102324694646,05/11/2024,8.74984904107756,8.694948951103909,3.058219096613799,2.321197228429045,8.74984904107756,5.691629944463761,"LINESTRING(100.73106936567147 6.98781610997162,100.73100979794391 6.9879868200236555)",5.90403406884568,5.7831692619299515,4590,0,1716,341
2187,,1720,1725,1720,20241030RUN02,05/11/2024,6.48,1.56,4.02,6.987986807688921,100.73100979579492,05/11/2024,4.195125650960661,3.318098157694465,3.2798448589445366,2.8417164669548423,4.195125650960661,0.9152807920161248,"LINESTRING(100.73100979794391 6.9879868200236555,100.73096335997786 6.988161591545578)",3.737485254952599,3.818040364696356,4590,0,1721,342
2188,,1725,1730,1725,20241030RUN02,05/11/2024,2.65,2.25,2.45,6.988030252277555,100.73099727066948,05/11/2024,4.195125650960661,3.318098157694465,3.2798448589445366,2.8417164669548423,4.195125650960661,0.9152807920161248,"LINESTRING(100.73100979794391 6.9879868200236555,100.73096335997786 6.988161591545578)",3.737485254952599,3.5969651919619414,4590,0,1726,343
2189,,1730,1735,1730,20241030RUN02,05/11/2024,2.18,1.68,1.93,6.988073888884269,100.73098543189113,05/11/2024,4.195125650960661,3.318098157694465,3.2798448589445366,2.8417164669548423,4.195125650960661,0.9152807920161248,"LINESTRING(100.73100979794391 6.9879868200236555,100.73096335997786 6.988161591545578)",3.737485254952599,4.052013515461726,4590,0,1731,344
2190,,1735,1740,1735,20241030RUN02,05/11/2024,5.0,0.24,2.62,6.988117665589888,100.73097412286005,05/11/2024,4.195125650960661,3.318098157694465,3.2798448589445366,2.8417164669548423,4.195125650960661,0.9152807920161248,"LINESTRING(100.73100979794391 6.9879868200236555,100.73096335997786 6.988161591545578)",3.737485254952599,3.5496362759180964,4590,0,1736,345
2191,,1740,1745,1740,20241030RUN02,05/11/2024,2.3,2.03,2.16,6.988161578955516,100.7309633578548,05/11/2024,3.4565720779424045,2.20579442295826,3.1366264258813654,2.2655678013604867,3.4565720779424045,0.3199456520610391,"LINESTRING(100.73096335997786 6.988161591545578,100.73092724970577 6.988338770749927)",3.2965992519118847,3.490461035338376,4590,0,1741,346
2192,,1745,1750,1745,20241030RUN02,05/11/2024,3.95,1.62,2.78,6.988205645287357,100.73095323915453,05/11/2024,3.4565720779424045,2.20579442295826,3.1366264258813654,2.2655678013604867,3.4565720779424045,0.3199456520610391,"LINESTRING(100.73096335997786 6.988161591545578,100.73092724970577 6.988338770749927)",3.2965992519118847,3.5987440663110584,4590,0,1746,347
2193,,1750,1755,1750,20241030RUN02,05/11/2024,3.35,1.31,2.33,6.988249874260802,100.73094385832984,05/11/2024,3.4565720779424045,2.20579442295826,3.1366264258813654,2.2655678013604867,3.4565720779424045,0.3199456520610391,"LINESTRING(100.73096335997786 6.988161591545578,100.73092724970577 6.988338770749927)",3.2965992519118847,3.2416619239659643,4590,0,1751,348
2194,,1755,1760,1755,20241030RUN02,05/11/2024,3.22,1.81,2.52,6.988294250294273,100.73093520085813,05/11/2024,3.4565720779424045,2.20579442295826,3.1366264258813654,2.2655678013604867,3.4565720779424045,0.3199456520610391,"LINESTRING(100.73096335997786 6.988161591545578,100.73092724970577 6.988338770749927)",3.2965992519118847,3.0567780633189283,4590,0,1756,349
2195,,1760,1765,1760,20241030RUN02,05/11/2024,2.5,1.83,2.16,6.988338757683122,100.73092724756428,05/11/2024,3.07722787802716,2.3048646580111907,3.195064879002961,2.305695558847604,3.195064879002961,0.1178370009758014,"LINESTRING(100.73092724970577 6.988338770749927,100.73090197971611 6.988517827192521)",3.1361463785150603,3.4131092520085518,4590,0,1761,350
2196,,1765,1770,1765,20241030RUN02,05/11/2024,2.04,1.82,1.93,6.988383388551417,100.73092002041668,05/11/2024,3.07722787802716,2.3048646580111907,3.195064879002961,2.305695558847604,3.195064879002961,0.1178370009758014,"LINESTRING(100.73092724970577 6.988338770749927,100.73090197971611 6.988517827192521)",3.1361463785150603,3.164893095814467,4590,0,1767,351
2197,,1770,1775,1770,20241030RUN02,05/11/2024,2.59,2.36,2.47,6.9884281253052976,100.73091348060092,05/11/2024,3.07722787802716,2.3048646580111907,3.195064879002961,2.305695558847604,3.195064879002961,0.1178370009758014,"LINESTRING(100.73092724970577 6.988338770749927,100.73090197971611 6.988517827192521)",3.1361463785150603,2.994787711745526,4590,0,1772,352
2198,,1775,1780,1775,20241030RUN02,05/11/2024,1.26,1.8,1.53,6.9884729418973235,100.73090751254021,05/11/2024,3.07722787802716,2.3048646580111907,3.195064879002961,2.305695558847604,3.195064879002961,0.1178370009758014,"LINESTRING(100.73092724970577 6.988338770749927,100.73090197971611 6.988517827192521)",3.1361463785150603,3.254127858106508,4590,0,1777,353
2199,,1780,1785,1780,20241030RUN02,05/11/2024,2.23,1.19,1.71,6.988517814100363,100.7309019776212,05/11/2024,2.06389446488447,2.085179563370347,2.0126765795759534,1.5122668322689572,2.06389446488447,0.0512178853085165,"LINESTRING(100.73090197971611 6.988517827192521,100.73088140147816 6.988697501358105)",2.0382855222302116,1.8677405808002179,4590,0,1782,354
2200,,1785,1790,1785,20241030RUN02,05/11/2024,2.26,2.1,2.18,6.988562714253499,100.73089667409502,05/11/2024,2.06389446488447,2.085179563370347,2.0126765795759534,1.5122668322689572,2.06389446488447,0.0512178853085165,"LINESTRING(100.73090197971611 6.988517827192521,100.73088140147816 6.988697501358105)",2.0382855222302116,2.04462183910113,4590,0,1787,355
2201,,1790,1795,1790,20241030RUN02,05/11/2024,2.13,2.92,2.52,6.988607627602947,100.73089148391107,05/11/2024,2.06389446488447,2.085179563370347,2.0126765795759534,1.5122668322689572,2.06389446488447,0.0512178853085165,"LINESTRING(100.73090197971611 6.988517827192521,100.73088140147816 6.988697501358105)",2.0382855222302116,2.198719007149041,4590,0,1792,356
2202,,1795,1800,1795,20241030RUN02,05/11/2024,1.55,3.34,2.44,6.988652554085806,100.7308864089138,05/11/2024,2.06389446488447,2.085179563370347,2.0126765795759534,1.5122668322689572,2.06389446488447,0.0512178853085165,"LINESTRING(100.73090197971611 6.988517827192521,100.73088140147816 6.988697501358105)",2.0382855222302116,1.9427070218656417,4590,0,1797,357
2203,,1800,1805,1800,20241030RUN02,05/11/2024,2.18,5.42,3.8,6.98869748788966,100.73088139936961,05/11/2024,1.8783034994936885,1.50558199633021,2.106333458549725,1.7045223724033156,2.106333458549725,0.2280299590560366,"LINESTRING(100.73088140147816 6.988697501358105,100.73086135727434 6.9888772364746305)",1.9923184790217068,1.9463199841623438,4590,0,1802,358
2204,,1805,1810,1805,20241030RUN02,05/11/2024,1.19,5.71,3.45,6.988742420330887,100.73087637761108,05/11/2024,1.8783034994936885,1.50558199633021,2.106333458549725,1.7045223724033156,2.106333458549725,0.2280299590560366,"LINESTRING(100.73088140147816 6.988697501358105,100.73086135727434 6.9888772364746305)",1.9923184790217068,1.9894474636394528,4590,0,1807,359
2205,,1810,1815,1810,20241030RUN02,05/11/2024,0.76,4.55,2.66,6.98878735265419,100.73087135486013,05/11/2024,1.8783034994936885,1.50558199633021,2.106333458549725,1.7045223724033156,2.106333458549725,0.2280299590560366,"LINESTRING(100.73088140147816 6.988697501358105,100.73086135727434 6.9888772364746305)",1.9923184790217068,1.8744357883882996,4590,0,1812,360
2206,,1815,1820,1815,20241030RUN02,05/11/2024,0.58,4.74,2.66,6.9888322874099496,100.73086635374639,05/11/2024,1.8783034994936885,1.50558199633021,2.106333458549725,1.7045223724033156,2.106333458549725,0.2280299590560366,"LINESTRING(100.73088140147816 6.988697501358105,100.73086135727434 6.9888772364746305)",1.9923184790217068,2.1891019750731124,4590,0,1817,361
2207,,1820,1825,1820,20241030RUN02,05/11/2024,0.82,5.82,3.32,6.988877222447346,100.73086135512509,05/11/2024,1.931528053375804,1.3987247467258144,2.7594540624034662,1.864292214597848,2.7594540624034662,0.8279260090276623,"LINESTRING(100.73086135727434 6.9888772364746305,100.73084242759832 6.989057090802958)",2.3454910578896353,2.337891513713775,4590,0,1822,362
2208,,1825,1830,1825,20241030RUN02,05/11/2024,0.6,4.42,2.51,6.98892216390165,100.7308564143683,05/11/2024,1.931528053375804,1.3987247467258144,2.7594540624034662,1.864292214597848,2.7594540624034662,0.8279260090276623,"LINESTRING(100.73086135727434 6.9888772364746305,100.73084242759832 6.989057090802958)",2.3454910578896353,2.395976437008673,4590,0,1827,363
2209,,1830,1835,1830,20241030RUN02,05/11/2024,0.5,3.76,2.13,6.98896711862891,100.73085159637989,05/11/2024,1.931528053375804,1.3987247467258144,2.7594540624034662,1.864292214597848,2.7594540624034662,0.8279260090276623,"LINESTRING(100.73086135727434 6.9888772364746305,100.73084242759832 6.989057090802958)",2.3454910578896353,2.5513283764451966,4590,0,1832,364
2210,,1835,1840,1835,20241030RUN02,05/11/2024,0.74,3.2,1.97,6.989012088273953,100.73084692021314,05/11/2024,1.931528053375804,1.3987247467258144,2.7594540624034662,1.864292214597848,2.7594540624034662,0.8279260090276623,"LINESTRING(100.73086135727434 6.9888772364746305,100.73084242759832 6.989057090802958)",2.3454910578896353,2.1680933327325618,4590,0,1837,365
2211,,1840,1845,1840,20241030RUN02,05/11/2024,1.32,4.55,2.94,6.9890570763602575,100.73084242543132,05/11/2024,2.8587192279358664,2.414612899958193,3.8258261104619904,2.3034982724922903,3.8258261104619904,0.967106882526124,"LINESTRING(100.73084242759832 6.989057090802958,100.73082446197303 6.989237045050725)",3.3422726691989286,3.2296624486132735,4590,0,1842,366
2212,,1845,1850,1845,20241030RUN02,05/11/2024,1.13,4.35,2.74,6.989102073874054,100.73083802601526,05/11/2024,2.8587192279358664,2.414612899958193,3.8258261104619904,2.3034982724922903,3.8258261104619904,0.967106882526124,"LINESTRING(100.73084242759832 6.989057090802958,100.73082446197303 6.989237045050725)",3.3422726691989286,3.2228041416310265,4590,0,1847,367
2213,,1850,1855,1850,20241030RUN02,05/11/2024,0.84,5.26,3.05,6.989147065723388,100.73083356881615,05/11/2024,2.8587192279358664,2.414612899958193,3.8258261104619904,2.3034982724922903,3.8258261104619904,0.967106882526124,"LINESTRING(100.73084242759832 6.989057090802958,100.73082446197303 6.989237045050725)",3.3422726691989286,3.332692445009936,4590,0,1852,368
2214,,1855,1860,1855,20241030RUN02,05/11/2024,1.79,4.72,3.26,6.989192050678042,100.73082904245928,05/11/2024,2.8587192279358664,2.414612899958193,3.8258261104619904,2.3034982724922903,3.8258261104619904,0.967106882526124,"LINESTRING(100.73084242759832 6.989057090802958,100.73082446197303 6.989237045050725)",3.3422726691989286,3.441614517421634,4590,0,1857,369
2215,,1860,1865,1860,20241030RUN02,05/11/2024,2.29,2.08,2.18,6.989237029939455,100.73082445975162,05/11/2024,2.6216814763484058,1.8288615853968215,2.4024937516164373,2.0036487530833287,2.6216814763484058,0.2191877247319684,"LINESTRING(100.73082446197303 6.989237045050725,100.73080614327546 6.989416963840673)",2.5120876139824215,2.4517317103031253,4590,0,1862,370
2216,,1865,1870,1865,20241030RUN02,05/11/2024,1.51,4.25,2.88,6.989282006027945,100.73081984628425,05/11/2024,2.6216814763484058,1.8288615853968215,2.4024937516164373,2.0036487530833287,2.6216814763484058,0.2191877247319684,"LINESTRING(100.73082446197303 6.989237045050725,100.73080614327546 6.989416963840673)",2.5120876139824215,2.6468462929004675,4590,0,1867,371
2217,,1870,1875,1870,20241030RUN02,05/11/2024,0.82,3.14,1.98,6.989326985625854,100.73081526676934,05/11/2024,2.6216814763484058,1.8288615853968215,2.4024937516164373,2.0036487530833287,2.6216814763484058,0.2191877247319684,"LINESTRING(100.73082446197303 6.989237045050725,100.73080614327546 6.989416963840673)",2.5120876139824215,2.4137373588441813,4590,0,1872,372
2218,,1875,1880,1875,20241030RUN02,05/11/2024,0.81,2.05,1.43,6.989371967459327,100.7308107088966,05/11/2024,2.6216814763484058,1.8288615853968215,2.4024937516164373,2.0036487530833287,2.6216814763484058,0.2191877247319684,"LINESTRING(100.73082446197303 6.989237045050725,100.73080614327546 6.989416963840673)",2.5120876139824215,2.5011019495860465,4590,0,1877,373
2219,,1880,1885,1880,20241030RUN02,05/11/2024,0.91,3.98,2.44,6.9894169482901285,100.7308061410359,05/11/2024,5.196565355620844,4.462000234106941,3.528543332982148,2.74894788921718,5.196565355620844,1.668022022638696,"LINESTRING(100.73080614327546 6.989416963840673,100.73078746501469 6.989596845530404)",4.362554344301496,4.369642327126085,4590,0,1882,374
2220,,1885,1890,1885,20241030RUN02,05/11/2024,2.67,3.38,3.02,6.989461929432141,100.73080157645504,05/11/2024,5.196565355620844,4.462000234106941,3.528543332982148,2.74894788921718,5.196565355620844,1.668022022638696,"LINESTRING(100.73080614327546 6.989416963840673,100.73078746501469 6.989596845530404)",4.362554344301496,4.266594260117232,4590,0,1887,375
2221,,1890,1895,1890,20241030RUN02,05/11/2024,1.23,3.61,2.42,6.989506904448184,100.73079695204213,05/11/2024,5.196565355620844,4.462000234106941,3.528543332982148,2.74894788921718,5.196565355620844,1.668022022638696,"LINESTRING(100.73080614327546 6.989416963840673,100.73078746501469 6.989596845530404)",4.362554344301496,4.543662588478298,4590,0,1892,376
2222,,1895,1900,1895,20241030RUN02,05/11/2024,2.54,1.55,2.04,6.989551868927713,100.73079222659611,05/11/2024,5.196565355620844,4.462000234106941,3.528543332982148,2.74894788921718,5.196565355620844,1.668022022638696,"LINESTRING(100.73080614327546 6.989416963840673,100.73078746501469 6.989596845530404)",4.362554344301496,4.477920188642327,4590,0,1897,377
2223,,1900,1905,1900,20241030RUN02,05/11/2024,2.53,1.77,2.15,6.98959682936155,100.73078746273362,05/11/2024,3.475796167326988,2.87477584356994,2.7517673094518025,2.42964759723888,3.475796167326988,0.7240288578751852,"LINESTRING(100.73078746501469 6.989596845530404,100.73076958097306 6.9897768056317675)",3.1137817383893953,2.9452881085838634,4590,0,1902,378
2224,,1905,1910,1905,20241030RUN02,05/11/2024,3.75,2.36,3.06,6.989641792996905,100.73078272921273,05/11/2024,3.475796167326988,2.87477584356994,2.7517673094518025,2.42964759723888,3.475796167326988,0.7240288578751852,"LINESTRING(100.73078746501469 6.989596845530404,100.73076958097306 6.9897768056317675)",3.1137817383893953,3.136286620463184,4590,0,1907,379
2225,,1910,1915,1910,20241030RUN02,05/11/2024,2.76,1.91,2.34,6.989686768659114,100.7307781119479,05/11/2024,3.475796167326988,2.87477584356994,2.7517673094518025,2.42964759723888,3.475796167326988,0.7240288578751852,"LINESTRING(100.73078746501469 6.989596845530404,100.73076958097306 6.9897768056317675)",3.1137817383893953,3.2552952626226244,4590,0,1912,380
2226,,1915,1920,1915,20241030RUN02,05/11/2024,4.19,1.71,2.95,6.989731766277882,100.73077371419933,05/11/2024,3.475796167326988,2.87477584356994,2.7517673094518025,2.42964759723888,3.475796167326988,0.7240288578751852,"LINESTRING(100.73078746501469 6.989596845530404,100.73076958097306 6.9897768056317675)",3.1137817383893953,3.149526127315166,4590,0,1917,381
2227,,1920,1925,1920,20241030RUN02,05/11/2024,5.21,1.29,3.25,6.9897767887383475,100.7307695786374,05/11/2024,3.6016663529829778,2.735458489869925,2.5562363983641703,2.3826274905315223,3.6016663529829778,1.0454299546188075,"LINESTRING(100.73076958097306 6.9897768056317675,100.73075702569842 6.9899572074208125)",3.078951375673574,2.901185175357824,4590,0,1923,382
2228,,1925,1930,1925,20241030RUN02,05/11/2024,5.58,0.97,3.28,6.989821842326817,100.73076579914904,05/11/2024,3.6016663529829778,2.735458489869925,2.5562363983641703,2.3826274905315223,3.6016663529829778,1.0454299546188075,"LINESTRING(100.73076958097306 6.9897768056317675,100.73075702569842 6.9899572074208125)",3.078951375673574,3.076271484354484,4590,0,1928,383
2229,,1930,1935,1930,20241030RUN02,05/11/2024,5.43,1.24,3.34,6.989866932424062,100.73076248512939,05/11/2024,3.6016663529829778,2.735458489869925,2.5562363983641703,2.3826274905315223,3.6016663529829778,1.0454299546188075,"LINESTRING(100.73076958097306 6.9897768056317675,100.73075702569842 6.9899572074208125)",3.078951375673574,3.2441722054224833,4590,0,1933,384
2230,,1935,1940,1935,20241030RUN02,05/11/2024,5.34,1.26,3.3,6.989912050306776,100.73075957195856,05/11/2024,3.6016663529829778,2.735458489869925,2.5562363983641703,2.3826274905315223,3.6016663529829778,1.0454299546188075,"LINESTRING(100.73076958097306 6.9897768056317675,100.73075702569842 6.9899572074208125)",3.078951375673574,2.8687476740647955,4590,0,1938,385
2231,,1940,1945,1940,20241030RUN02,05/11/2024,6.43,1.28,3.86,6.989957190179033,100.73075702335625,05/11/2024,2.180585433013896,1.6508926098777614,3.0672205504661427,2.257342145608316,3.0672205504661427,0.8866351174522467,"LINESTRING(100.73075702569842 6.9899572074208125,100.73075125672374 6.990137951090028)",2.623902991740019,2.4195159428877044,4590,0,1943,386
2232,,1945,1950,1945,20241030RUN02,05/11/2024,4.95,0.92,2.94,6.990002351653684,100.73075489279218,05/11/2024,2.180585433013896,1.6508926098777614,3.0672205504661427,2.257342145608316,3.0672205504661427,0.8866351174522467,"LINESTRING(100.73075702569842 6.9899572074208125,100.73075125672374 6.990137951090028)",2.623902991740019,2.8671593680511447,4590,0,1948,387
2233,,1950,1955,1950,20241030RUN02,05/11/2024,4.96,1.44,3.2,6.990047532918456,100.73075323703607,05/11/2024,2.180585433013896,1.6508926098777614,3.0672205504661427,2.257342145608316,3.0672205504661427,0.8866351174522467,"LINESTRING(100.73075702569842 6.9899572074208125,100.73075125672374 6.990137951090028)",2.623902991740019,2.733537615003755,4590,0,1953,388
2234,,1955,1960,1955,20241030RUN02,05/11/2024,3.73,1.04,2.38,6.990092729142546,100.7307520569682,05/11/2024,2.180585433013896,1.6508926098777614,3.0672205504661427,2.257342145608316,3.0672205504661427,0.8866351174522467,"LINESTRING(100.73075702569842 6.9899572074208125,100.73075125672374 6.990137951090028)",2.623902991740019,2.367620119346893,4590,0,1958,389
2235,,1960,1965,1960,20241030RUN02,05/11/2024,4.24,1.83,3.04,6.990137933718113,100.73075125439745,05/11/2024,2.492364462536508,1.537506089186771,2.7086825538761823,2.19167694387586,2.7086825538761823,0.2163180913396742,"LINESTRING(100.73075125672374 6.990137951090028,100.73075029973606 6.9903187933568365)",2.6005235082063454,2.579894755394076,4590,0,1963,390
2236,,1965,1970,1965,20241030RUN02,05/11/2024,4.39,2.08,3.24,6.99018314225324,100.73075071674248,05/11/2024,2.492364462536508,1.537506089186771,2.7086825538761823,2.19167694387586,2.7086825538761823,0.2163180913396742,"LINESTRING(100.73075125672374 6.990137951090028,100.73075029973606 6.9903187933568365)",2.6005235082063454,2.714351021674114,4590,0,1968,391
2237,,1970,1975,1970,20241030RUN02,05/11/2024,4.15,1.23,2.69,6.9902283526007825,100.73075036395535,05/11/2024,2.492364462536508,1.537506089186771,2.7086825538761823,2.19167694387586,2.7086825538761823,0.2163180913396742,"LINESTRING(100.73075125672374 6.990137951090028,100.73075029973606 6.9903187933568365)",2.6005235082063454,2.69240861208648,4590,0,1973,392
2238,,1975,1980,1975,20241030RUN02,05/11/2024,4.59,2.17,3.38,6.990273564019317,100.73075020517958,05/11/2024,2.492364462536508,1.537506089186771,2.7086825538761823,2.19167694387586,2.7086825538761823,0.2163180913396742,"LINESTRING(100.73075125672374 6.990137951090028,100.73075029973606 6.9903187933568365)",2.6005235082063454,2.6221433462126256,4590,0,1978,393
2239,,1980,1985,1980,20241030RUN02,05/11/2024,4.75,1.25,3.0,6.990318775576401,100.73075029738331,05/11/2024,3.272476455114071,3.207224254744965,2.8781240433715096,1.745036087786331,3.272476455114071,0.3943524117425614,"LINESTRING(100.73075029973606 6.9903187933568365,100.73075292627829 6.990499620023583)",3.0753002492427903,2.8675032117661354,4590,0,1983,394
2240,,1985,1990,1985,20241030RUN02,05/11/2024,4.75,2.48,3.62,6.990363985733785,100.73075066680119,05/11/2024,3.272476455114071,3.207224254744965,2.8781240433715096,1.745036087786331,3.272476455114071,0.3943524117425614,"LINESTRING(100.73075029973606 6.9903187933568365,100.73075292627829 6.990499620023583)",3.0753002492427903,3.019649645228051,4590,0,1988,395
2241,,1990,1995,1990,20241030RUN02,05/11/2024,1.83,1.46,1.64,6.990409193293914,100.73075128153903,05/11/2024,3.272476455114071,3.207224254744965,2.8781240433715096,1.745036087786331,3.272476455114071,0.3943524117425614,"LINESTRING(100.73075029973606 6.9903187933568365,100.73075292627829 6.990499620023583)",3.0753002492427903,3.3076497981555404,4590,0,1993,396
2242,,1995,2000,1995,20241030RUN02,05/11/2024,1.27,2.54,1.9,6.990454398120216,100.73075207269343,05/11/2024,3.272476455114071,3.207224254744965,2.8781240433715096,1.745036087786331,3.272476455114071,0.3943524117425614,"LINESTRING(100.73075029973606 6.9903187933568365,100.73075292627829 6.990499620023583)",3.0753002492427903,3.1445600300769088,4590,0,1998,397
2243,,2000,2005,2000,20241030RUN02,05/11/2024,1.45,1.76,1.6,6.990499601846484,100.73075292389723,05/11/2024,3.1269809149852885,2.096567256327491,3.002161032984587,2.3775831990988547,3.1269809149852885,0.1248198820007013,"LINESTRING(100.73075292627829 6.990499620023583,100.73075635395938 6.990680434877261)",3.064570973984938,3.2880462225836773,4590,0,2003,398
2244,,2005,2010,2005,20241030RUN02,05/11/2024,1.67,1.6,1.64,6.990544806371083,100.73075373266997,05/11/2024,3.1269809149852885,2.096567256327491,3.002161032984587,2.3775831990988547,3.1269809149852885,0.1248198820007013,"LINESTRING(100.73075292627829 6.990499620023583,100.73075635395938 6.990680434877261)",3.064570973984938,2.9312223053547894,4590,0,2008,399
2245,,2010,2015,2010,20241030RUN02,05/11/2024,1.35,1.48,1.42,6.990590011065795,100.73075452959,05/11/2024,3.1269809149852885,2.096567256327491,3.002161032984587,2.3775831990988547,3.1269809149852885,0.1248198820007013,"LINESTRING(100.73075292627829 6.990499620023583,100.73075635395938 6.990680434877261)",3.064570973984938,3.2580363939375356,4590,0,2013,400
2246,,2015,2020,2015,20241030RUN02,05/11/2024,2.7,2.12,2.41,6.990635214550766,100.73075539128031,05/11/2024,3.1269809149852885,2.096567256327491,3.002161032984587,2.3775831990988547,3.1269809149852885,0.1248198820007013,"LINESTRING(100.73075292627829 6.990499620023583,100.73075635395938 6.990680434877261)",3.064570973984938,2.9787010918735586,4590,0,2018,401
2247,,2020,2025,2020,20241030RUN02,05/11/2024,3.1,1.79,2.45,6.990680416141823,100.73075635152863,05/11/2024,2.112145436361719,2.35361373172743,2.551506052130061,1.8011188517587,2.551506052130061,0.4393606157683418,"LINESTRING(100.73075635395938 6.990680434877261,100.73076057627274 6.9908612331273545)",2.33182574424589,2.4328052016241277,4590,0,2023,402
2248,,2025,2030,2025,20241030RUN02,05/11/2024,1.61,2.35,1.98,6.990725616126818,100.73075738345705,05/11/2024,2.112145436361719,2.35361373172743,2.551506052130061,1.8011188517587,2.551506052130061,0.4393606157683418,"LINESTRING(100.73075635395938 6.990680434877261,100.73076057627274 6.9908612331273545)",2.33182574424589,2.197611289995167,4590,0,2028,403
2249,,2030,2035,2030,20241030RUN02,05/11/2024,2.28,2.57,2.42,6.990770815242101,100.73075845233912,05/11/2024,2.112145436361719,2.35361373172743,2.551506052130061,1.8011188517587,2.551506052130061,0.4393606157683418,"LINESTRING(100.73075635395938 6.990680434877261,100.73076057627274 6.9908612331273545)",2.33182574424589,2.2956637042073496,4590,0,2033,404
2250,,2035,2040,2035,20241030RUN02,05/11/2024,2.56,1.08,1.82,6.9908160143896465,100.73075951919138,05/11/2024,2.112145436361719,2.35361373172743,2.551506052130061,1.8011188517587,2.551506052130061,0.4393606157683418,"LINESTRING(100.73075635395938 6.990680434877261,100.73076057627274 6.9908612331273545)",2.33182574424589,2.139959792658106,4590,0,2038,405
2251,,2040,2045,2040,20241030RUN02,05/11/2024,2.91,1.55,2.23,6.990861213801684,100.73076057378812,05/11/2024,1.912547186841,1.3787395298925018,2.2326352421878664,1.768803432760139,2.2326352421878664,0.3200880553468668,"LINESTRING(100.73076057627274 6.9908612331273545,100.7307642421972 6.991042042580107)",2.072591214514433,2.1574177031691253,4590,0,2043,406
2252,,2045,2050,2045,20241030RUN02,05/11/2024,2.77,2.07,2.42,6.990906413509337,100.7307616173302,05/11/2024,1.912547186841,1.3787395298925018,2.2326352421878664,1.768803432760139,2.2326352421878664,0.3200880553468668,"LINESTRING(100.73076057627274 6.9908612331273545,100.7307642421972 6.991042042580107)",2.072591214514433,2.118480153415266,4590,0,2048,407
2253,,2050,2055,2050,20241030RUN02,05/11/2024,4.73,1.3,3.02,6.990951614004493,100.73076262580017,05/11/2024,1.912547186841,1.3787395298925018,2.2326352421878664,1.768803432760139,2.2326352421878664,0.3200880553468668,"LINESTRING(100.73076057627274 6.9908612331273545,100.7307642421972 6.991042042580107)",2.072591214514433,1.9219050693530837,4590,0,2053,408
2254,,2055,2060,2055,20241030RUN02,05/11/2024,4.94,1.1,3.02,6.990996816515171,100.73076353922067,05/11/2024,1.912547186841,1.3787395298925018,2.2326352421878664,1.768803432760139,2.2326352421878664,0.3200880553468668,"LINESTRING(100.73076057627274 6.9908612331273545,100.7307642421972 6.991042042580107)",2.072591214514433,2.014727711997496,4590,0,2058,409
2255,,2060,2065,2060,20241030RUN02,05/11/2024,4.34,1.35,2.84,6.991042022771859,100.73076423967396,05/11/2024,2.229987661351157,1.8766838640896115,2.0498222939602235,1.6874351969573116,2.229987661351157,0.1801653673909333,"LINESTRING(100.7307642421972 6.991042042580107,100.73076488339845 6.99122288718631)",2.13990497765569,2.296414806234657,4590,0,2063,410
2256,,2065,2070,2065,20241030RUN02,05/11/2024,2.65,1.3,1.98,6.9910872325084705,100.73076466098648,05/11/2024,2.229987661351157,1.8766838640896115,2.0498222939602235,1.6874351969573116,2.229987661351157,0.1801653673909333,"LINESTRING(100.7307642421972 6.991042042580107,100.73076488339845 6.99122288718631)",2.13990497765569,2.164441029251144,4590,0,2068,411
2257,,2070,2075,2070,20241030RUN02,05/11/2024,3.86,1.73,2.8,6.99113244383545,100.73076486163073,05/11/2024,2.229987661351157,1.8766838640896115,2.0498222939602235,1.6874351969573116,2.229987661351157,0.1801653673909333,"LINESTRING(100.7307642421972 6.991042042580107,100.73076488339845 6.99122288718631)",2.13990497765569,2.342649643551617,4590,0,2074,412
2258,,2075,2080,2075,20241030RUN02,05/11/2024,3.21,1.28,2.24,6.99117765558538,100.73076492148945,05/11/2024,2.229987661351157,1.8766838640896115,2.0498222939602235,1.6874351969573116,2.229987661351157,0.1801653673909333,"LINESTRING(100.7307642421972 6.991042042580107,100.73076488339845 6.99122288718631)",2.13990497765569,2.0527766116023143,4590,0,2079,413
2259,,2080,2085,2080,20241030RUN02,05/11/2024,2.45,1.42,1.94,6.991222867409181,100.73076488090562,05/11/2024,2.3687333638679986,1.823470129590524,2.348540773324168,1.823762119918428,2.3687333638679986,0.0201925905438304,"LINESTRING(100.73076488339845 6.99122288718631,100.73076305159556 6.991403722197744)",2.3586370685960834,2.4763914959626097,4590,0,2084,414
2260,,2085,2090,2085,20241030RUN02,05/11/2024,3.54,0.7,2.12,6.99126807896074,100.73076472458087,05/11/2024,2.3687333638679986,1.823470129590524,2.348540773324168,1.823762119918428,2.3687333638679986,0.0201925905438304,"LINESTRING(100.73076488339845 6.99122288718631,100.73076305159556 6.991403722197744)",2.3586370685960834,2.286336903877026,4590,0,2089,415
2261,,2090,2095,2090,20241030RUN02,05/11/2024,4.95,1.17,3.06,6.991313289610272,100.73076440641663,05/11/2024,2.3687333638679986,1.823470129590524,2.348540773324168,1.823762119918428,2.3687333638679986,0.0201925905438304,"LINESTRING(100.73076488339845 6.99122288718631,100.73076305159556 6.991403722197744)",2.3586370685960834,2.3860551570983084,4590,0,2094,416
2262,,2095,2100,2095,20241030RUN02,05/11/2024,5.49,1.89,3.69,6.991358498128004,100.73076386721131,05/11/2024,2.3687333638679986,1.823470129590524,2.348540773324168,1.823762119918428,2.3687333638679986,0.0201925905438304,"LINESTRING(100.73076488339845 6.99122288718631,100.73076305159556 6.991403722197744)",2.3586370685960834,2.213957262309493,4590,0,2099,417
2263,,2100,2105,2100,20241030RUN02,05/11/2024,3.92,1.05,2.48,6.99140370241424,100.73076304913069,05/11/2024,1.9101541801935065,1.384008276304937,3.6226086615754087,3.2343117808094988,3.6226086615754087,1.7124544813819025,"LINESTRING(100.73076305159556 6.991403722197744,100.73075602719602 6.99158442346651)",2.7663814208844575,2.6015752373688974,4590,0,2104,418
2264,,2105,2110,2105,20241030RUN02,05/11/2024,2.36,1.48,1.92,6.991448899320926,100.73076189425154,05/11/2024,1.9101541801935065,1.384008276304937,3.6226086615754087,3.2343117808094988,3.6226086615754087,1.7124544813819025,"LINESTRING(100.73076305159556 6.991403722197744,100.73075602719602 6.99158442346651)",2.7663814208844575,3.0211116818364063,4590,0,2109,419
2265,,2110,2115,2110,20241030RUN02,05/11/2024,3.4,2.01,2.7,6.991494084693895,100.73076035342156,05/11/2024,1.9101541801935065,1.384008276304937,3.6226086615754087,3.2343117808094988,3.6226086615754087,1.7124544813819025,"LINESTRING(100.73076305159556 6.991403722197744,100.73075602719602 6.99158442346651)",2.7663814208844575,2.5616810340337444,4590,0,2114,420
2266,,2115,2120,2115,20241030RUN02,05/11/2024,1.2,2.26,1.73,6.991539253844995,100.7307583929062,05/11/2024,1.9101541801935065,1.384008276304937,3.6226086615754087,3.2343117808094988,3.6226086615754087,1.7124544813819025,"LINESTRING(100.73076305159556 6.991403722197744,100.73075602719602 6.99158442346651)",2.7663814208844575,2.5884921168340775,4590,0,2119,421
2267,,2120,2125,2120,20241030RUN02,05/11/2024,0.71,1.69,1.2,6.991584403578056,100.73075602475234,05/11/2024,4.30272296228319,3.2737823025111914,4.945789525598929,4.334857425027154,4.945789525598929,0.6430665633157391,"LINESTRING(100.73075602719602 6.99158442346651,100.73074252909905 6.99176475903331)",4.62425624394106,4.462304362479544,4590,0,2124,422
2268,,2125,2130,2125,20241030RUN02,05/11/2024,0.76,1.7,1.23,6.991629530263199,100.7307532519437,05/11/2024,4.30272296228319,3.2737823025111914,4.945789525598929,4.334857425027154,4.945789525598929,0.6430665633157391,"LINESTRING(100.73075602719602 6.99158442346651,100.73074252909905 6.99176475903331)",4.62425624394106,4.793234721327668,4590,0,2129,423
2269,,2130,2135,2130,20241030RUN02,05/11/2024,3.3,1.44,2.37,6.991674625770246,100.73075001074633,05/11/2024,4.30272296228319,3.2737823025111914,4.945789525598929,4.334857425027154,4.945789525598929,0.6430665633157391,"LINESTRING(100.73075602719602 6.99158442346651,100.73074252909905 6.99176475903331)",4.62425624394106,4.8099631348019445,4590,0,2134,424
2270,,2135,2140,2135,20241030RUN02,05/11/2024,2.6,1.3,1.95,6.991719692001835,100.7307463839233,05/11/2024,4.30272296228319,3.2737823025111914,4.945789525598929,4.334857425027154,4.945789525598929,0.6430665633157391,"LINESTRING(100.73075602719602 6.99158442346651,100.73074252909905 6.99176475903331)",4.62425624394106,4.308827334933902,4590,0,2139,425
2271,,2140,2145,2140,20241030RUN02,05/11/2024,1.27,1.25,1.26,6.991764739125288,100.7307425266939,05/11/2024,3.2238143398688424,2.153273294122208,3.056317563935246,2.171790733608874,3.2238143398688424,0.1674967759335963,"LINESTRING(100.73074252909905 6.99176475903331,100.73072552785293 6.9919448049050335)",3.140065951902044,3.4023256780932063,4590,0,2144,426
2272,,2145,2150,2145,20241030RUN02,05/11/2024,1.91,2.55,2.23,6.991809773417986,100.73073852202432,05/11/2024,3.2238143398688424,2.153273294122208,3.056317563935246,2.171790733608874,3.2238143398688424,0.1674967759335963,"LINESTRING(100.73074252909905 6.99176475903331,100.73072552785293 6.9919448049050335)",3.140065951902044,3.340563942587595,4590,0,2149,427
2273,,2150,2155,2150,20241030RUN02,05/11/2024,0.22,4.6,2.41,6.99185479381415,100.730734362805,05/11/2024,3.2238143398688424,2.153273294122208,3.056317563935246,2.171790733608874,3.2238143398688424,0.1674967759335963,"LINESTRING(100.73074252909905 6.99176475903331,100.73072552785293 6.9919448049050335)",3.140065951902044,2.831638062695722,4590,0,2154,428
2274,,2155,2160,2155,20241030RUN02,05/11/2024,0.0,3.02,1.51,6.99189979706341,100.73073002096258,05/11/2024,3.2238143398688424,2.153273294122208,3.056317563935246,2.171790733608874,3.2238143398688424,0.1674967759335963,"LINESTRING(100.73074252909905 6.99176475903331,100.73072552785293 6.9919448049050335)",3.140065951902044,2.9142965036657507,4590,0,2159,429
2275,,2160,2165,2160,20241030RUN02,05/11/2024,0.05,5.67,2.86,6.991944785279631,100.73072552552533,05/11/2024,5.454408708472835,4.441911494450999,7.0639324364342855,5.885118679534831,7.0639324364342855,1.6095237279614505,"LINESTRING(100.73072552785293 6.9919448049050335,100.73070454671591 6.992124424457246)",6.25917057245356,5.689875576301444,4590,0,2164,430
2276,,2165,2170,2165,20241030RUN02,05/11/2024,0.17,6.09,3.13,6.991989753143081,100.73072083106122,05/11/2024,5.454408708472835,4.441911494450999,7.0639324364342855,5.885118679534831,7.0639324364342855,1.6095237279614505,"LINESTRING(100.73072552785293 6.9919448049050335,100.73070454671591 6.992124424457246)",6.25917057245356,6.731765643077202,4590,0,2169,431
2277,,2170,2175,2170,20241030RUN02,05/11/2024,0.0,5.87,2.94,6.992034684225944,100.73071579803225,05/11/2024,5.454408708472835,4.441911494450999,7.0639324364342855,5.885118679534831,7.0639324364342855,1.6095237279614505,"LINESTRING(100.73072552785293 6.9919448049050335,100.73070454671591 6.992124424457246)",6.25917057245356,6.655191058344634,4590,0,2174,432
2278,,2175,2180,2175,20241030RUN02,05/11/2024,1.86,4.86,3.36,6.992079567233545,100.73071035199193,05/11/2024,5.454408708472835,4.441911494450999,7.0639324364342855,5.885118679534831,7.0639324364342855,1.6095237279614505,"LINESTRING(100.73072552785293 6.9919448049050335,100.73070454671591 6.992124424457246)",6.25917057245356,5.907128633163002,4590,0,2179,433
2279,,2180,2185,2180,20241030RUN02,05/11/2024,3.25,1.03,2.14,6.992124405065784,100.73070454446236,05/11/2024,5.260444658664602,3.647735147411879,6.363835288042816,4.812186639585132,6.363835288042816,1.1033906293782143,"LINESTRING(100.73070454671591 6.992124424457246,100.73067577599866 6.992302938612667)",5.812139973353709,6.079337410614351,4590,0,2184,434
2280,,2185,2190,2185,20241030RUN02,05/11/2024,1.48,0.02,0.75,6.992169196426532,100.73069838965111,05/11/2024,5.260444658664602,3.647735147411879,6.363835288042816,4.812186639585132,6.363835288042816,1.1033906293782143,"LINESTRING(100.73070454671591 6.992124424457246,100.73067577599866 6.992302938612667)",5.812139973353709,5.622572951555795,4590,0,2189,435
2281,,2190,2195,2190,20241030RUN02,05/11/2024,1.44,0.83,1.14,6.9922139051977625,100.73069166185488,05/11/2024,5.260444658664602,3.647735147411879,6.363835288042816,4.812186639585132,6.363835288042816,1.1033906293782143,"LINESTRING(100.73070454671591 6.992124424457246,100.73067577599866 6.992302938612667)",5.812139973353709,5.657114481402138,4590,0,2194,436
2282,,2195,2200,2195,20241030RUN02,05/11/2024,1.8,0.47,1.14,6.9922584865577475,100.73068413589954,05/11/2024,5.260444658664602,3.647735147411879,6.363835288042816,4.812186639585132,6.363835288042816,1.1033906293782143,"LINESTRING(100.73070454671591 6.992124424457246,100.73067577599866 6.992302938612667)",5.812139973353709,5.786260916148144,4590,0,2199,437
2283,,2200,2205,2200,20241030RUN02,05/11/2024,2.87,0.86,1.86,6.992302919130833,100.73067577378848,05/11/2024,2.2432032998298306,1.8120342700952785,3.074417450284079,1.87904722919662,3.074417450284079,0.8312141504542483,"LINESTRING(100.73067577599866 6.992302938612667,100.73063554426301 6.992479234485853)",2.6588103750569547,2.4643266952272325,4590,0,2204,438
2284,,2205,2210,2205,20241030RUN02,05/11/2024,3.23,0.84,2.04,6.9923472095495125,100.73066668708648,05/11/2024,2.2432032998298306,1.8120342700952785,3.074417450284079,1.87904722919662,3.074417450284079,0.8312141504542483,"LINESTRING(100.73067577599866 6.992302938612667,100.73063554426301 6.992479234485853)",2.6588103750569547,2.8650054521025523,4590,0,2209,439
2285,,2210,2215,2210,20241030RUN02,05/11/2024,2.35,1.04,1.7,6.992391365133814,100.73065696512775,05/11/2024,2.2432032998298306,1.8120342700952785,3.074417450284079,1.87904722919662,3.074417450284079,0.8312141504542483,"LINESTRING(100.73067577599866 6.992302938612667,100.73063554426301 6.992479234485853)",2.6588103750569547,2.8187655525319277,4590,0,2214,440
2286,,2215,2220,2215,20241030RUN02,05/11/2024,1.6,3.24,2.42,6.992435373833726,100.73064659789617,05/11/2024,2.2432032998298306,1.8120342700952785,3.074417450284079,1.87904722919662,3.074417450284079,0.8312141504542483,"LINESTRING(100.73067577599866 6.992302938612667,100.73063554426301 6.992479234485853)",2.6588103750569547,2.757660825111648,4590,0,2219,441
2287,,2220,2225,2220,20241030RUN02,05/11/2024,2.64,2.77,2.7,6.992479214860123,100.73063554210184,05/11/2024,2.8241388920707573,1.807632232730398,2.9000646812646917,1.9543297160586877,2.9000646812646917,0.075925789193934,"LINESTRING(100.73063554426301 6.992479234485853,100.73058687535834 6.992653415014913)",2.8621017866677247,3.0164068147247547,4590,0,2224,442
2288,,2225,2230,2225,20241030RUN02,05/11/2024,2.14,1.85,2.0,6.992522896525882,100.73062387047115,05/11/2024,2.8241388920707573,1.807632232730398,2.9000646812646917,1.9543297160586877,2.9000646812646917,0.075925789193934,"LINESTRING(100.73063554426301 6.992479234485853,100.73058687535834 6.992653415014913)",2.8621017866677247,2.688135018790931,4590,0,,
2289,,2230,2235,2230,20241030RUN02,05/11/2024,2.09,1.39,1.74,6.992566470245488,100.73061180077407,05/11/2024,2.8241388920707573,1.807632232730398,2.9000646812646917,1.9543297160586877,2.9000646812646917,0.075925789193934,"LINESTRING(100.73063554426301 6.992479234485853,100.73058687535834 6.992653415014913)",2.8621017866677247,2.7553861848332675,4590,0,2230,443
2290,,2235,2240,2235,20241030RUN02,05/11/2024,2.22,1.04,1.63,6.992609971156077,100.73059947081578,05/11/2024,2.8241388920707573,1.807632232730398,2.9000646812646917,1.9543297160586877,2.9000646812646917,0.075925789193934,"LINESTRING(100.73063554426301 6.992479234485853,100.73058687535834 6.992653415014913)",2.8621017866677247,2.913182396279308,4590,0,2235,444
2291,,2240,2245,2240,20241030RUN02,05/11/2024,2.7,1.3,2.0,6.992653395434288,100.73058687327487,05/11/2024,3.287013175788108,2.0437981827747302,2.1492624383462653,1.4230858977779268,3.287013175788108,1.1377507374418427,"LINESTRING(100.73058687535834 6.992653415014913,100.73053264072514 6.992825942323336)",2.718137807067187,2.628013907309672,4590,0,2240,445
2292,,2245,2250,2245,20241030RUN02,05/11/2024,2.3,0.92,1.61,6.992696717933768,100.73057392971913,05/11/2024,3.287013175788108,2.0437981827747302,2.1492624383462653,1.4230858977779268,3.287013175788108,1.1377507374418427,"LINESTRING(100.73058687535834 6.992653415014913,100.73053264072514 6.992825942323336)",2.718137807067187,2.829588653524751,4590,0,2245,446
2293,,2250,2255,2250,20241030RUN02,05/11/2024,1.82,0.97,1.4,6.992739908749627,100.73056055269049,05/11/2024,3.287013175788108,2.0437981827747302,2.1492624383462653,1.4230858977779268,3.287013175788108,1.1377507374418427,"LINESTRING(100.73058687535834 6.992653415014913,100.73053264072514 6.992825942323336)",2.718137807067187,2.7349962259291045,4590,0,2250,447
2294,,2255,2260,2255,20241030RUN02,05/11/2024,2.72,2.04,2.38,6.992782965341769,100.73054674876356,05/11/2024,3.287013175788108,2.0437981827747302,2.1492624383462653,1.4230858977779268,3.287013175788108,1.1377507374418427,"LINESTRING(100.73058687535834 6.992653415014913,100.73053264072514 6.992825942323336)",2.718137807067187,2.720927532613402,4590,0,2255,448
2295,,2260,2265,2260,20241030RUN02,05/11/2024,1.99,1.44,1.72,6.992825922855992,100.73053263873035,05/11/2024,2.9920619356770985,1.907977963372842,1.869366949575085,1.6722150496100685,2.9920619356770985,1.1226949861020132,"LINESTRING(100.73053264072514 6.992825942323336,100.73047533631001 6.99299748648792)",2.430714442626092,2.4786607396161617,4590,0,2260,449
2296,,2265,2270,2265,20241030RUN02,05/11/2024,2.15,2.07,2.11,6.992868824160672,100.73051835835356,05/11/2024,2.9920619356770985,1.907977963372842,1.869366949575085,1.6722150496100685,2.9920619356770985,1.1226949861020132,"LINESTRING(100.73053264072514 6.992825942323336,100.73047533631001 6.99299748648792)",2.430714442626092,2.5113489635512285,4590,0,2265,450
2297,,2270,2275,2270,20241030RUN02,05/11/2024,1.71,1.52,1.62,6.99291170165803,100.73050400637571,05/11/2024,2.9920619356770985,1.907977963372842,1.869366949575085,1.6722150496100685,2.9920619356770985,1.1226949861020132,"LINESTRING(100.73053264072514 6.992825942323336,100.73047533631001 6.99299748648792)",2.430714442626092,2.1974862605140224,4590,0,2270,451
2298,,2275,2280,2275,20241030RUN02,05/11/2024,2.59,2.27,2.43,6.992954576814298,100.73048964729135,05/11/2024,2.9920619356770985,1.907977963372842,1.869366949575085,1.6722150496100685,2.9920619356770985,1.1226949861020132,"LINESTRING(100.73053264072514 6.992825942323336,100.73047533631001 6.99299748648792)",2.430714442626092,2.6520515417510717,4590,0,2275,452
2299,,2280,2285,2280,20241030RUN02,05/11/2024,3.57,2.05,2.81,6.992997467336317,100.73047533442458,05/11/2024,2.8028939168442117,1.854487882026301,2.158836529033593,1.5543110894928789,2.8028939168442117,0.6440573878106184,"LINESTRING(100.73047533631001 6.99299748648792,100.73041830659041 6.9931691223395465)",2.4808652229389025,2.5504079976967127,4590,0,2280,453
2300,,2285,2290,2285,20241030RUN02,05/11/2024,4.0,1.98,2.99,6.9930403847773945,100.73046110272308,05/11/2024,2.8028939168442117,1.854487882026301,2.158836529033593,1.5543110894928789,2.8028939168442117,0.6440573878106184,"LINESTRING(100.73047533631001 6.99299748648792,100.73041830659041 6.9931691223395465)",2.4808652229389025,2.3893577616774375,4590,0,2285,454
2301,,2290,2295,2290,20241030RUN02,05/11/2024,2.29,1.79,2.04,6.993083303829812,100.73044687599591,05/11/2024,2.8028939168442117,1.854487882026301,2.158836529033593,1.5543110894928789,2.8028939168442117,0.6440573878106184,"LINESTRING(100.73047533631001 6.99299748648792,100.73041830659041 6.9931691223395465)",2.4808652229389025,2.407418154629099,4590,0,2290,455
2302,,2295,2300,2295,20241030RUN02,05/11/2024,2.3,1.72,2.01,6.993126206665497,100.7304326003229,05/11/2024,2.8028939168442117,1.854487882026301,2.158836529033593,1.5543110894928789,2.8028939168442117,0.6440573878106184,"LINESTRING(100.73047533631001 6.99299748648792,100.73041830659041 6.9931691223395465)",2.4808652229389025,2.396708077817581,4590,0,2295,456
2303,,2300,2305,2300,20241030RUN02,05/11/2024,2.49,2.17,2.33,6.993169102857564,100.7304183047491,05/11/2024,3.0400441911541165,2.356076324158685,1.9341511789706012,1.5356331550853677,3.0400441911541165,1.105893012183515,"LINESTRING(100.73041830659041 6.9931691223395465,100.73036145590007 6.993340817319827)",2.4870976850623587,2.4574865142438074,4590,0,2300,457
2304,,2305,2310,2305,20241030RUN02,05/11/2024,1.87,1.09,1.48,6.993211999369947,100.73040401007627,05/11/2024,3.0400441911541165,2.356076324158685,1.9341511789706012,1.5356331550853677,3.0400441911541165,1.105893012183515,"LINESTRING(100.73041830659041 6.9931691223395465,100.73036145590007 6.993340817319827)",2.4870976850623587,2.543135546871215,4590,0,2305,458
2305,,2310,2315,2310,20241030RUN02,05/11/2024,2.53,1.97,2.25,6.993254907941803,100.73038975168207,05/11/2024,3.0400441911541165,2.356076324158685,1.9341511789706012,1.5356331550853677,3.0400441911541165,1.105893012183515,"LINESTRING(100.73041830659041 6.9931691223395465,100.73036145590007 6.993340817319827)",2.4870976850623587,2.4191804820618996,4590,0,2310,459
2306,,2315,2320,2315,20241030RUN02,05/11/2024,2.37,1.39,1.88,6.993297839691062,100.73037556340486,05/11/2024,3.0400441911541165,2.356076324158685,1.9341511789706012,1.5356331550853677,3.0400441911541165,1.105893012183515,"LINESTRING(100.73041830659041 6.9931691223395465,100.73036145590007 6.993340817319827)",2.4870976850623587,2.4889534224801224,4590,0,2315,460
2307,,2320,2325,2320,20241030RUN02,05/11/2024,1.87,1.63,1.75,6.993340797414526,100.73036145409542,05/11/2024,1.9238704628892185,1.6325939156755844,2.68859430563572,2.024417322552962,2.68859430563572,0.7647238427465011,"LINESTRING(100.73036145590007 6.993340817319827,100.7303049511472 6.99351262639971)",2.3062323842624695,2.27441932775753,4590,0,2320,461
2308,,2325,2330,2325,20241030RUN02,05/11/2024,2.17,1.7,1.94,6.993383771192129,100.73034739388423,05/11/2024,1.9238704628892185,1.6325939156755844,2.68859430563572,2.024417322552962,2.68859430563572,0.7647238427465011,"LINESTRING(100.73036145590007 6.993340817319827,100.7303049511472 6.99351262639971)",2.3062323842624695,2.2297145037832458,4590,0,2325,462
2309,,2330,2335,2330,20241030RUN02,05/11/2024,2.43,1.69,2.06,6.993426736941757,100.73033330909426,05/11/2024,1.9238704628892185,1.6325939156755844,2.68859430563572,2.024417322552962,2.68859430563572,0.7647238427465011,"LINESTRING(100.73036145590007 6.993340817319827,100.7303049511472 6.99351262639971)",2.3062323842624695,2.4984886105359596,4590,0,2330,463
2310,,2335,2340,2335,20241030RUN02,05/11/2024,3.09,1.44,2.26,6.993469683627671,100.73031916617421,05/11/2024,1.9238704628892185,1.6325939156755844,2.68859430563572,2.024417322552962,2.68859430563572,0.7647238427465011,"LINESTRING(100.73036145590007 6.993340817319827,100.7303049511472 6.99351262639971)",2.3062323842624695,2.1882520756850634,4590,0,2335,464
2311,,2340,2345,2340,20241030RUN02,05/11/2024,1.69,1.12,1.4,6.993512605958598,100.73030494937096,05/11/2024,2.8976457741884767,1.970581451425018,2.035388647640564,1.7522080579991732,2.8976457741884767,0.8622571265479131,"LINESTRING(100.7303049511472 6.99351262639971,100.7302475621722 6.993684142453711)",2.46651721091452,2.6704209777180146,4590,0,2340,465
2312,,2345,2350,2345,20241030RUN02,05/11/2024,2.14,1.81,1.98,6.993555500873081,100.73029064984553,05/11/2024,2.8976457741884767,1.970581451425018,2.035388647640564,1.7522080579991732,2.8976457741884767,0.8622571265479131,"LINESTRING(100.7303049511472 6.99351262639971,100.7302475621722 6.993684142453711)",2.46651721091452,2.5140583787725097,4590,0,2345,466
2313,,2350,2355,2350,20241030RUN02,05/11/2024,0.99,1.74,1.36,6.993598383945202,100.73027631474648,05/11/2024,2.8976457741884767,1.970581451425018,2.035388647640564,1.7522080579991732,2.8976457741884767,0.8622571265479131,"LINESTRING(100.7303049511472 6.99351262639971,100.7302475621722 6.993684142453711)",2.46651721091452,2.27713921191065,4590,0,2350,467
2314,,2355,2360,2355,20241030RUN02,05/11/2024,1.2,0.71,0.96,6.993641259943573,100.73026195828534,05/11/2024,2.8976457741884767,1.970581451425018,2.035388647640564,1.7522080579991732,2.8976457741884767,0.8622571265479131,"LINESTRING(100.7303049511472 6.99351262639971,100.7302475621722 6.993684142453711)",2.46651721091452,2.2445463179491068,4590,0,2355,468
2315,,2360,2365,2360,20241030RUN02,05/11/2024,1.6,1.26,1.43,6.993684122122163,100.73024756048157,05/11/2024,3.793249561797372,3.135742414088844,3.440471801554712,3.10898556332892,3.793249561797372,0.3527777602426596,"LINESTRING(100.7302475621722 6.993684142453711,100.73019001663188 6.993855606254732)",3.616860681676042,3.4885946039382114,4590,0,2360,469
2316,,2365,2370,2365,20241030RUN02,05/11/2024,1.46,1.63,1.54,6.993726968786922,100.73023311656308,05/11/2024,3.793249561797372,3.135742414088844,3.440471801554712,3.10898556332892,3.793249561797372,0.3527777602426596,"LINESTRING(100.7302475621722 6.993684142453711,100.73019001663188 6.993855606254732)",3.616860681676042,3.464460685941819,4590,0,2365,470
2317,,2370,2375,2370,20241030RUN02,05/11/2024,1.24,1.46,1.35,6.99376982276224,100.73021869455785,05/11/2024,3.793249561797372,3.135742414088844,3.440471801554712,3.10898556332892,3.793249561797372,0.3527777602426596,"LINESTRING(100.7302475621722 6.993684142453711,100.73019001663188 6.993855606254732)",3.616860681676042,3.687004547049334,4590,0,2370,471
2318,,2375,2380,2375,20241030RUN02,05/11/2024,2.08,2.57,2.33,6.993812699286038,100.7302043400522,05/11/2024,3.793249561797372,3.135742414088844,3.440471801554712,3.10898556332892,3.793249561797372,0.3527777602426596,"LINESTRING(100.7302475621722 6.993684142453711,100.73019001663188 6.993855606254732)",3.616860681676042,3.9519448086831526,4590,0,2375,472
2319,,2380,2385,2380,20241030RUN02,05/11/2024,0.19,2.15,1.17,6.993855585648144,100.7301900149943,05/11/2024,2.524168345357719,1.8586034632130688,3.046164306074953,2.5455660733996117,3.046164306074953,0.5219959607172346,"LINESTRING(100.73019001663188 6.993855606254732,100.73013347783024 6.99402740317703)",2.785166325716336,3.0500328649599133,4590,0,2381,473
2320,,2385,2390,2385,20241030RUN02,05/11/2024,0.04,1.58,0.81,6.9938984867769225,100.73017573430437,05/11/2024,2.524168345357719,1.8586034632130688,3.046164306074953,2.5455660733996117,3.046164306074953,0.5219959607172346,"LINESTRING(100.73019001663188 6.993855606254732,100.73013347783024 6.99402740317703)",2.785166325716336,2.770619508159285,4590,0,2386,474
2321,,2390,2395,2390,20241030RUN02,05/11/2024,0.29,2.14,1.22,6.9939414131177005,100.73016152960174,05/11/2024,2.524168345357719,1.8586034632130688,3.046164306074953,2.5455660733996117,3.046164306074953,0.5219959607172346,"LINESTRING(100.73019001663188 6.993855606254732,100.73013347783024 6.99402740317703)",2.785166325716336,2.545998840997341,4590,0,2391,475
2322,,2395,2400,2395,20241030RUN02,05/11/2024,0.44,2.48,1.46,6.993984366545699,100.73014740699247,05/11/2024,2.524168345357719,1.8586034632130688,3.046164306074953,2.5455660733996117,3.046164306074953,0.5219959607172346,"LINESTRING(100.73019001663188 6.993855606254732,100.73013347783024 6.99402740317703)",2.785166325716336,2.9688975061636693,4590,0,2396,476
2323,,2400,2405,2400,20241030RUN02,05/11/2024,0.5,2.11,1.3,6.994027382455192,100.73013347625749,05/11/2024,2.3711356469909126,1.652159096150959,2.628832409075719,1.7998501168268082,2.628832409075719,0.2576967620848065,"LINESTRING(100.73013347783024 6.99402740317703,100.7300802254268 6.994200243481827)",2.4999840280333157,2.7375490160830616,4590,0,2401,477
2324,,2405,2410,2405,20241030RUN02,05/11/2024,0.35,2.58,1.46,6.994070495720187,100.73011985032977,05/11/2024,2.3711356469909126,1.652159096150959,2.628832409075719,1.7998501168268082,2.628832409075719,0.2576967620848065,"LINESTRING(100.73013347783024 6.99402740317703,100.7300802254268 6.994200243481827)",2.4999840280333157,2.688421342220095,4590,0,2406,478
2325,,2410,2415,2410,20241030RUN02,05/11/2024,0.24,2.26,1.25,6.9941136864719065,100.73010647217144,05/11/2024,2.3711356469909126,1.652159096150959,2.628832409075719,1.7998501168268082,2.628832409075719,0.2576967620848065,"LINESTRING(100.73013347783024 6.99402740317703,100.7300802254268 6.994200243481827)",2.4999840280333157,2.3719680008752637,4590,0,2411,479
2326,,2415,2420,2415,20241030RUN02,05/11/2024,0.42,2.14,1.28,6.994156935858146,100.73009328525465,05/11/2024,2.3711356469909126,1.652159096150959,2.628832409075719,1.7998501168268082,2.628832409075719,0.2576967620848065,"LINESTRING(100.73013347783024 6.99402740317703,100.7300802254268 6.994200243481827)",2.4999840280333157,2.3684876775183272,4590,0,2416,480
2327,,2420,2425,2420,20241030RUN02,05/11/2024,1.33,1.78,1.56,6.994200223267671,100.73008022396023,05/11/2024,2.3187911539296904,1.758971939383437,2.0771294348892724,1.6424440480352924,2.3187911539296904,0.241661719040418,"LINESTRING(100.7300802254268 6.994200243481827,100.73002739334214 6.994373215013722)",2.1979602944094814,2.2313864925533173,4590,0,2421,481
2328,,2425,2430,2425,20241030RUN02,05/11/2024,1.6,1.04,1.32,6.994243504564418,100.73006714255084,05/11/2024,2.3187911539296904,1.758971939383437,2.0771294348892724,1.6424440480352924,2.3187911539296904,0.241661719040418,"LINESTRING(100.7300802254268 6.994200243481827,100.73002739334214 6.994373215013722)",2.1979602944094814,2.247971706673443,4590,0,2426,482
2329,,2430,2435,2430,20241030RUN02,05/11/2024,0.54,1.31,0.92,6.994286753677357,100.7300539549906,05/11/2024,2.3187911539296904,1.758971939383437,2.0771294348892724,1.6424440480352924,2.3187911539296904,0.241661719040418,"LINESTRING(100.7300802254268 6.994200243481827,100.73002739334214 6.994373215013722)",2.1979602944094814,2.001662059010476,4590,0,2431,483
2330,,2435,2440,2435,20241030RUN02,05/11/2024,0.85,1.87,1.36,6.994329981307076,100.73004069711347,05/11/2024,2.3187911539296904,1.758971939383437,2.0771294348892724,1.6424440480352924,2.3187911539296904,0.241661719040418,"LINESTRING(100.7300802254268 6.994200243481827,100.73002739334214 6.994373215013722)",2.1979602944094814,2.2411647525198077,4590,0,2436,484
2331,,2440,2445,2440,20241030RUN02,05/11/2024,1.3,2.32,1.81,6.994373194408579,100.73002739191452,05/11/2024,1.752350530256536,1.4768259924998606,3.2645877577278184,2.794578825029336,3.2645877577278184,1.5122372274712823,"LINESTRING(100.73002739334214 6.994373215013722,100.7299743339394 6.994546117106048)",2.508469143992177,2.297257860256584,4590,0,2441,485
2332,,2445,2450,2445,20241030RUN02,05/11/2024,0.4,1.7,1.05,6.994416390692881,100.73001403208245,05/11/2024,1.752350530256536,1.4768259924998606,3.2645877577278184,2.794578825029336,3.2645877577278184,1.5122372274712823,"LINESTRING(100.73002739334214 6.994373215013722,100.7299743339394 6.994546117106048)",2.508469143992177,2.7276146237149628,4590,0,2446,486
2333,,2450,2455,2450,20241030RUN02,05/11/2024,0.87,1.66,1.26,6.994459595979964,100.73000070148198,05/11/2024,1.752350530256536,1.4768259924998606,3.2645877577278184,2.794578825029336,3.2645877577278184,1.5122372274712823,"LINESTRING(100.73002739334214 6.994373215013722,100.7299743339394 6.994546117106048)",2.508469143992177,2.3818447430546694,4590,0,2451,487
2334,,2455,2460,2455,20241030RUN02,05/11/2024,0.66,1.98,1.32,6.994502828734624,100.72998746032862,05/11/2024,1.752350530256536,1.4768259924998606,3.2645877577278184,2.794578825029336,3.2645877577278184,1.5122372274712823,"LINESTRING(100.73002739334214 6.994373215013722,100.7299743339394 6.994546117106048)",2.508469143992177,2.5347745550171523,4590,0,2456,488
2335,,2460,2465,2460,20241030RUN02,05/11/2024,0.74,1.44,1.09,6.994546095941496,100.7299743325412,05/11/2024,2.772681658832892,2.0340247402132468,2.753152202572799,1.9713507527286516,2.772681658832892,0.0195294562600931,"LINESTRING(100.7299743339394 6.994546117106048,100.72992193346683 6.99471921923332)",2.7629169307028456,2.850948283274443,4590,0,2461,489
2336,,2465,2470,2465,20241030RUN02,05/11/2024,1.17,1.49,1.33,6.994589398223573,100.72996132109805,05/11/2024,2.772681658832892,2.0340247402132468,2.753152202572799,1.9713507527286516,2.772681658832892,0.0195294562600931,"LINESTRING(100.7299743339394 6.994546117106048,100.72992193346683 6.99471921923332)",2.7629169307028456,2.7650967087764293,4590,0,2466,490
2337,,2470,2475,2470,20241030RUN02,05/11/2024,1.31,2.01,1.66,6.994632709083882,100.72994833839338,05/11/2024,2.772681658832892,2.0340247402132468,2.753152202572799,1.9713507527286516,2.772681658832892,0.0195294562600931,"LINESTRING(100.7299743339394 6.994546117106048,100.72992193346683 6.99471921923332)",2.7629169307028456,3.0135747088325147,4590,0,2471,491
2338,,2475,2480,2475,20241030RUN02,05/11/2024,1.19,1.07,1.13,6.994675990286702,100.72993525693356,05/11/2024,2.772681658832892,2.0340247402132468,2.753152202572799,1.9713507527286516,2.772681658832892,0.0195294562600931,"LINESTRING(100.7299743339394 6.994546117106048,100.72992193346683 6.99471921923332)",2.7629169307028456,2.5030203699847697,4590,0,2476,492
2339,,2480,2485,2480,20241030RUN02,05/11/2024,0.81,1.54,1.18,6.9947191972328175,100.7299219320824,05/11/2024,2.306863534892246,1.4728996138048105,2.5578547597968537,1.898380982588728,2.5578547597968537,0.2509912249046078,"LINESTRING(100.72992193346683 6.99471921923332,100.72986553371196 6.994891058235)",2.43235914734455,2.202346972895286,4590,0,2481,493
2340,,2485,2490,2485,20241030RUN02,05/11/2024,1.05,1.68,1.36,6.994762294310054,100.7299082554921,05/11/2024,2.306863534892246,1.4728996138048105,2.5578547597968537,1.898380982588728,2.5578547597968537,0.2509912249046078,"LINESTRING(100.72992193346683 6.99471921923332,100.72986553371196 6.994891058235)",2.43235914734455,2.565902098575993,4590,0,2486,494
2341,,2490,2495,2490,20241030RUN02,05/11/2024,1.38,2.29,1.84,6.994805283185417,100.72989424176124,05/11/2024,2.306863534892246,1.4728996138048105,2.5578547597968537,1.898380982588728,2.5578547597968537,0.2509912249046078,"LINESTRING(100.72992193346683 6.99471921923332,100.72986553371196 6.994891058235)",2.43235914734455,2.3454668385508293,4590,0,2491,495
2342,,2495,2500,2495,20241030RUN02,05/11/2024,1.44,0.92,1.18,6.994848195262117,100.72987999403088,05/11/2024,2.306863534892246,1.4728996138048105,2.5578547597968537,1.898380982588728,2.5578547597968537,0.2509912249046078,"LINESTRING(100.72992193346683 6.99471921923332,100.72986553371196 6.994891058235)",2.43235914734455,2.6157989664821675,4590,0,2496,496
2343,,2500,2505,2500,20241030RUN02,05/11/2024,1.48,1.39,1.44,6.994891035798718,100.72986553237354,05/11/2024,3.660402853791637,2.574777953369887,2.1979035644627705,1.912120840946637,3.660402853791637,1.4624992893288664,"LINESTRING(100.72986553371196 6.994891058235,100.72980482460778 6.995061424656639)",2.929153209127204,2.9341704673340674,4590,0,2501,497
2344,,2505,2510,2505,20241030RUN02,05/11/2024,1.59,1.57,1.58,6.994933782175644,100.72985079445668,05/11/2024,3.660402853791637,2.574777953369887,2.1979035644627705,1.912120840946637,3.660402853791637,1.4624992893288664,"LINESTRING(100.72986553371196 6.994891058235,100.72980482460778 6.995061424656639)",2.929153209127204,2.9272658501348143,4590,0,2506,498
2345,,2510,2515,2510,20241030RUN02,05/11/2024,2.11,1.85,1.98,6.994976414193327,100.72983572826067,05/11/2024,3.660402853791637,2.574777953369887,2.1979035644627705,1.912120840946637,3.660402853791637,1.4624992893288664,"LINESTRING(100.72986553371196 6.994891058235,100.72980482460778 6.995061424656639)",2.929153209127204,3.1354765788107812,4590,0,2511,499
2346,,2515,2520,2515,20241030RUN02,05/11/2024,1.71,1.94,1.82,6.995018941763345,100.72982036928327,05/11/2024,3.660402853791637,2.574777953369887,2.1979035644627705,1.912120840946637,3.660402853791637,1.4624992893288664,"LINESTRING(100.72986553371196 6.994891058235,100.72980482460778 6.995061424656639)",2.929153209127204,3.013139417709078,4590,0,2516,500
2347,,2520,2525,2520,20241030RUN02,05/11/2024,1.4,1.77,1.58,6.995061401470927,100.72980482330402,05/11/2024,2.2607743260435145,1.6799527630642137,2.630256503544272,1.9798628663704807,2.630256503544272,0.3694821775007577,"LINESTRING(100.72980482460778 6.995061424656639,100.72974159617785 6.995230876241604)",2.4455154147938933,2.613231321931365,4590,0,2521,501
2348,,2525,2530,2525,20241030RUN02,05/11/2024,0.83,1.44,1.14,6.995103843013567,100.72978922770048,05/11/2024,2.2607743260435145,1.6799527630642137,2.630256503544272,1.9798628663704807,2.630256503544272,0.3694821775007577,"LINESTRING(100.72980482460778 6.995061424656639,100.72974159617785 6.995230876241604)",2.4455154147938933,2.419923793978241,4590,0,2526,502
2349,,2530,2535,2530,20241030RUN02,05/11/2024,1.21,1.15,1.18,6.995146272127879,100.72977359811063,05/11/2024,2.2607743260435145,1.6799527630642137,2.630256503544272,1.9798628663704807,2.630256503544272,0.3694821775007577,"LINESTRING(100.72980482460778 6.995061424656639,100.72974159617785 6.995230876241604)",2.4455154147938933,2.4418223809781785,4590,0,2531,503
2350,,2535,2540,2535,20241030RUN02,05/11/2024,1.32,1.18,1.25,6.9951886181752325,100.72975774468402,05/11/2024,2.2607743260435145,1.6799527630642137,2.630256503544272,1.9798628663704807,2.630256503544272,0.3694821775007577,"LINESTRING(100.72980482460778 6.995061424656639,100.72974159617785 6.995230876241604)",2.4455154147938933,2.2100154504902276,4590,0,2537,504
2351,,2540,2545,2540,20241030RUN02,05/11/2024,1.17,1.08,1.12,6.9952308523301445,100.7297415949166,05/11/2024,2.597703543178758,1.8726331531840452,2.064046262797972,1.4589855965103955,2.597703543178758,0.5336572803807864,"LINESTRING(100.72974159617785 6.995230876241604,100.72967497458207 6.995399026241427)",2.330874902988365,2.099897131334374,4590,0,2542,505
2352,,2545,2550,2545,20241030RUN02,05/11/2024,1.29,1.62,1.46,6.995272983906029,100.72972517896252,05/11/2024,2.597703543178758,1.8726331531840452,2.064046262797972,1.4589855965103955,2.597703543178758,0.5336572803807864,"LINESTRING(100.72974159617785 6.995230876241604,100.72967497458207 6.995399026241427)",2.330874902988365,2.488771482832608,4590,0,2547,506
2353,,2550,2555,2550,20241030RUN02,05/11/2024,0.71,1.31,1.01,6.995315032988046,100.7297085523527,05/11/2024,2.597703543178758,1.8726331531840452,2.064046262797972,1.4589855965103955,2.597703543178758,0.5336572803807864,"LINESTRING(100.72974159617785 6.995230876241604,100.72967497458207 6.995399026241427)",2.330874902988365,2.1875055521805757,4590,0,2552,507
2354,,2555,2560,2555,20241030RUN02,05/11/2024,1.49,2.13,1.81,6.995357036049189,100.72969180958435,05/11/2024,2.597703543178758,1.8726331531840452,2.064046262797972,1.4589855965103955,2.597703543178758,0.5336572803807864,"LINESTRING(100.72974159617785 6.995230876241604,100.72967497458207 6.995399026241427)",2.330874902988365,2.402122819408326,4590,0,2557,508
2355,,2560,2565,2560,20241030RUN02,05/11/2024,0.65,2.55,1.6,6.99539900183886,100.72967497338243,05/11/2024,2.3300572462829243,1.6522574955772047,2.6658710675366923,1.7763009807816068,2.6658710675366923,0.335813821253768,"LINESTRING(100.72967497458207 6.995399026241427,100.7296065739374 6.995566461548236)",2.4979641569098083,2.5783861694200207,4590,0,2562,509
2356,,2565,2570,2565,20241030RUN02,05/11/2024,0.77,1.78,1.27,6.995440934991148,100.72965805586777,05/11/2024,2.3300572462829243,1.6522574955772047,2.6658710675366923,1.7763009807816068,2.6658710675366923,0.335813821253768,"LINESTRING(100.72967497458207 6.995399026241427,100.7296065739374 6.995566461548236)",2.4979641569098083,2.5492588588576472,4590,0,2567,510
2357,,2570,2575,2570,20241030RUN02,05/11/2024,1.11,1.35,1.23,6.995482831247755,100.72964104690986,05/11/2024,2.3300572462829243,1.6522574955772047,2.6658710675366923,1.7763009807816068,2.6658710675366923,0.335813821253768,"LINESTRING(100.72967497458207 6.995399026241427,100.7296065739374 6.995566461548236)",2.4979641569098083,2.5337790446149198,4590,0,2572,511
2358,,2575,2580,2575,20241030RUN02,05/11/2024,0.47,1.25,0.86,6.995524664302384,100.72962388292599,05/11/2024,2.3300572462829243,1.6522574955772047,2.6658710675366923,1.7763009807816068,2.6658710675366923,0.335813821253768,"LINESTRING(100.72967497458207 6.995399026241427,100.7296065739374 6.995566461548236)",2.4979641569098083,2.2692814076118735,4590,0,2577,512
2359,,2580,2585,2580,20241030RUN02,05/11/2024,0.76,2.17,1.46,6.99556643720389,100.72960657282854,05/11/2024,2.186035552828243,1.458719672105712,2.642573168095008,1.7042454825362292,2.642573168095008,0.456537615266765,"LINESTRING(100.7296065739374 6.995566461548236,100.72953695887942 6.99573339753445)",2.4143043604616254,2.3136944451810773,4590,0,2582,513
2360,,2585,2590,2585,20241030RUN02,05/11/2024,0.59,1.39,0.99,6.995608169579818,100.72958916509539,05/11/2024,2.186035552828243,1.458719672105712,2.642573168095008,1.7042454825362292,2.642573168095008,0.456537615266765,"LINESTRING(100.7296065739374 6.995566461548236,100.72953695887942 6.99573339753445)",2.4143043604616254,2.6418218972409755,4590,0,2587,514
2361,,2590,2595,2590,20241030RUN02,05/11/2024,0.54,1.83,1.18,6.995649875152309,100.72957169311431,05/11/2024,2.186035552828243,1.458719672105712,2.642573168095008,1.7042454825362292,2.642573168095008,0.456537615266765,"LINESTRING(100.7296065739374 6.995566461548236,100.72953695887942 6.99573339753445)",2.4143043604616254,2.3146899692716465,4590,0,2592,515
2362,,2595,2600,2595,20241030RUN02,05/11/2024,0.45,1.77,1.11,6.995691592223371,100.72955424869005,05/11/2024,2.186035552828243,1.458719672105712,2.642573168095008,1.7042454825362292,2.642573168095008,0.456537615266765,"LINESTRING(100.7296065739374 6.995566461548236,100.72953695887942 6.99573339753445)",2.4143043604616254,2.420200968508765,4590,0,2597,516
2363,,2600,2605,2600,20241030RUN02,05/11/2024,0.18,2.31,1.25,6.995733373072722,100.72953695785351,05/11/2024,3.46140517981937,2.430179052851948,2.214292634057766,1.4357277856443034,3.46140517981937,1.247112545761604,"LINESTRING(100.72953695887942 6.99573339753445,100.72946885119457 6.995900953168744)",2.837848906938568,2.978206161476198,4590,0,2602,517
2364,,2605,2610,2605,20241030RUN02,05/11/2024,0.96,2.18,1.57,6.99577522443262,100.72951983863177,05/11/2024,3.46140517981937,2.430179052851948,2.214292634057766,1.4357277856443034,3.46140517981937,1.247112545761604,"LINESTRING(100.72953695887942 6.99573339753445,100.72946885119457 6.995900953168744)",2.837848906938568,3.058362469242948,4590,0,2607,518
2365,,2610,2615,2610,20241030RUN02,05/11/2024,0.54,1.19,0.86,6.9958171316719975,100.72950285690125,05/11/2024,3.46140517981937,2.430179052851948,2.214292634057766,1.4357277856443034,3.46140517981937,1.247112545761604,"LINESTRING(100.72953695887942 6.99573339753445,100.72946885119457 6.995900953168744)",2.837848906938568,2.6801304350083757,4590,0,2612,519
2366,,2615,2620,2615,20241030RUN02,05/11/2024,0.45,1.89,1.17,6.99585905270593,100.72948590939714,05/11/2024,3.46140517981937,2.430179052851948,2.214292634057766,1.4357277856443034,3.46140517981937,1.247112545761604,"LINESTRING(100.72953695887942 6.99573339753445,100.72946885119457 6.995900953168744)",2.837848906938568,2.7980710759270053,4590,0,2617,520
2367,,2620,2625,2620,20241030RUN02,05/11/2024,0.36,1.7,1.03,6.995900928507981,100.72946885024628,05/11/2024,3.661046300240281,2.5252506456709622,3.2391703551358764,2.122923531351688,3.661046300240281,0.4218759451044049,"LINESTRING(100.72946885119457 6.995900953168744,100.72940009439992 6.99606824429238)",3.4501083276880786,3.2310142672623745,4590,0,2622,521
2368,,2625,2630,2625,20241030RUN02,05/11/2024,0.23,0.99,0.61,6.995942744308958,100.72945164414716,05/11/2024,3.661046300240281,2.5252506456709622,3.2391703551358764,2.122923531351688,3.661046300240281,0.4218759451044049,"LINESTRING(100.72946885119457 6.995900953168744,100.72940009439992 6.99606824429238)",3.4501083276880786,3.3356769586111272,4590,0,2627,522
2369,,2630,2635,2630,20241030RUN02,05/11/2024,1.01,1.22,1.12,6.995984552015908,100.72943441846799,05/11/2024,3.661046300240281,2.5252506456709622,3.2391703551358764,2.122923531351688,3.661046300240281,0.4218759451044049,"LINESTRING(100.72946885119457 6.995900953168744,100.72940009439992 6.99606824429238)",3.4501083276880786,3.528551169681411,4590,0,2632,523
2370,,2635,2640,2635,20241030RUN02,05/11/2024,0.74,1.53,1.14,6.9960263856804,100.72941725604974,05/11/2024,3.661046300240281,2.5252506456709622,3.2391703551358764,2.122923531351688,3.661046300240281,0.4218759451044049,"LINESTRING(100.72946885119457 6.995900953168744,100.72940009439992 6.99606824429238)",3.4501083276880786,3.505135347982825,4590,0,2637,524
2371,,2640,2645,2640,20241030RUN02,05/11/2024,0.82,1.9,1.36,6.996068219297752,100.72940009352529,05/11/2024,2.4398007321826043,1.8279010868290395,2.67888892736767,1.835322869989912,2.67888892736767,0.2390881951850656,"LINESTRING(100.72940009439992 6.99606824429238,100.72933136730325 6.996235547726964)",2.559344829775137,2.5818920588182843,4590,0,2642,525
2372,,2645,2650,2645,20241030RUN02,05/11/2024,1.17,1.65,1.41,6.996110044725891,100.72938291110563,05/11/2024,2.4398007321826043,1.8279010868290395,2.67888892736767,1.835322869989912,2.67888892736767,0.2390881951850656,"LINESTRING(100.72940009439992 6.99606824429238,100.72933136730325 6.996235547726964)",2.559344829775137,2.6716727432333496,4590,0,2647,526
2373,,2650,2655,2650,20241030RUN02,05/11/2024,1.3,1.77,1.54,6.996151868895171,100.72936572553677,05/11/2024,2.4398007321826043,1.8279010868290395,2.67888892736767,1.835322869989912,2.67888892736767,0.2390881951850656,"LINESTRING(100.72940009439992 6.99606824429238,100.72933136730325 6.996235547726964)",2.559344829775137,2.588671450767138,4590,0,2652,527
2374,,2655,2660,2655,20241030RUN02,05/11/2024,0.33,1.92,1.12,6.996193691254505,100.72934853551993,05/11/2024,2.4398007321826043,1.8279010868290395,2.67888892736767,1.835322869989912,2.67888892736767,0.2390881951850656,"LINESTRING(100.72940009439992 6.99606824429238,100.72933136730325 6.996235547726964)",2.559344829775137,2.6276441694620685,4590,0,2657,528
2375,,2660,2665,2660,20241030RUN02,05/11/2024,0.45,1.07,0.76,6.996235522203309,100.72933136649702,05/11/2024,2.1269284251629106,1.636916707845589,2.160868702736264,1.65695689911252,2.160868702736264,0.033940277573353,"LINESTRING(100.72933136730325 6.996235547726964,100.72926239665387 6.9964027505366095)",2.1438985639495876,2.1575779638631234,4590,0,2662,529
2376,,2665,2670,2665,20241030RUN02,05/11/2024,0.03,1.17,0.6,6.996277351629381,100.72931419371184,05/11/2024,2.1269284251629106,1.636916707845589,2.160868702736264,1.65695689911252,2.160868702736264,0.033940277573353,"LINESTRING(100.72933136730325 6.996235547726964,100.72926239665387 6.9964027505366095)",2.1438985639495876,2.1205534661938366,4590,0,2667,530
2377,,2670,2675,2670,20241030RUN02,05/11/2024,0.14,2.1,1.12,6.9963191691780064,100.72929699193936,05/11/2024,2.1269284251629106,1.636916707845589,2.160868702736264,1.65695689911252,2.160868702736264,0.033940277573353,"LINESTRING(100.72933136730325 6.996235547726964,100.72926239665387 6.9964027505366095)",2.1438985639495876,2.3434674584962916,4590,0,2672,531
2378,,2675,2680,2675,20241030RUN02,05/11/2024,0.64,1.87,1.26,6.996360967520311,100.729279743225,05/11/2024,2.1269284251629106,1.636916707845589,2.160868702736264,1.65695689911252,2.160868702736264,0.033940277573353,"LINESTRING(100.72933136730325 6.996235547726964,100.72926239665387 6.9964027505366095)",2.1438985639495876,2.1761649165713806,4590,0,2677,532
2379,,2680,2685,2680,20241030RUN02,05/11/2024,0.67,2.43,1.55,6.996402725154839,100.72926239593754,05/11/2024,2.6142399177604987,2.146649223594176,3.000339082897338,2.014572765505347,3.000339082897338,0.3860991651368395,"LINESTRING(100.72926239665387 6.9964027505366095,100.72919122025598 6.996569023965306)",2.8072895003289187,2.844155864782251,4590,0,2682,533
2380,,2685,2690,2685,20241030RUN02,05/11/2024,1.81,2.23,2.02,6.996444435425118,100.72924493491455,05/11/2024,2.6142399177604987,2.146649223594176,3.000339082897338,2.014572765505347,3.000339082897338,0.3860991651368395,"LINESTRING(100.72926239665387 6.9964027505366095,100.72919122025598 6.996569023965306)",2.8072895003289187,2.551301673775512,4590,0,2688,534
2381,,2690,2695,2690,20241030RUN02,05/11/2024,1.45,3.14,2.3,6.99648607006998,100.72922729423274,05/11/2024,2.6142399177604987,2.146649223594176,3.000339082897338,2.014572765505347,3.000339082897338,0.3860991651368395,"LINESTRING(100.72926239665387 6.9964027505366095,100.72919122025598 6.996569023965306)",2.8072895003289187,2.790786152405077,4590,0,2693,535
2382,,2695,2700,2695,20241030RUN02,05/11/2024,2.39,2.66,2.53,6.996527588955927,100.72920938265116,05/11/2024,2.6142399177604987,2.146649223594176,3.000339082897338,2.014572765505347,3.000339082897338,0.3860991651368395,"LINESTRING(100.72926239665387 6.9964027505366095,100.72919122025598 6.996569023965306)",2.8072895003289187,2.8591749116158978,4590,0,2698,536
2383,,2700,2705,2700,20241030RUN02,05/11/2024,1.52,2.38,1.95,6.996568998654075,100.72919121962799,05/11/2024,2.447294752650943,1.9190624323371652,2.479206990380737,1.816018198634578,2.479206990380737,0.0319122377297937,"LINESTRING(100.72919122025598 6.996569023965306,100.72911770491385 6.996734282045122)",2.4632508715158403,2.2464773270027694,4590,0,2703,537
2384,,2705,2710,2705,20241030RUN02,05/11/2024,1.69,1.97,1.83,6.9966103577002405,100.729172941261,05/11/2024,2.447294752650943,1.9190624323371652,2.479206990380737,1.816018198634578,2.479206990380737,0.0319122377297937,"LINESTRING(100.72919122025598 6.996569023965306,100.72911770491385 6.996734282045122)",2.4632508715158403,2.6841945227008597,4590,0,2708,538
2385,,2710,2715,2710,20241030RUN02,05/11/2024,1.6,1.99,1.8,6.996651712344018,100.72915465291051,05/11/2024,2.447294752650943,1.9190624323371652,2.479206990380737,1.816018198634578,2.479206990380737,0.0319122377297937,"LINESTRING(100.72919122025598 6.996569023965306,100.72911770491385 6.996734282045122)",2.4632508715158403,2.334595624418699,4590,0,2713,539
2386,,2715,2720,2715,20241030RUN02,05/11/2024,1.45,1.94,1.69,6.996693024932226,100.7291362695317,05/11/2024,2.447294752650943,1.9190624323371652,2.479206990380737,1.816018198634578,2.479206990380737,0.0319122377297937,"LINESTRING(100.72919122025598 6.996569023965306,100.72911770491385 6.996734282045122)",2.4632508715158403,2.424088447874454,4590,0,2718,540
2387,,2720,2725,2720,20241030RUN02,05/11/2024,0.93,1.65,1.29,6.996734256291505,100.72911770436409,05/11/2024,3.450605920148279,2.3821122302280298,2.0506719590725417,1.3372114529612904,3.450605920148279,1.399933961075737,"LINESTRING(100.72911770491385 6.996734282045122,100.72904177334698 6.996898444613899)",2.7506389396104103,2.719017797598995,4590,0,2723,541
2388,,2725,2730,2725,20241030RUN02,05/11/2024,1.08,1.1,1.09,6.9967754061416025,100.72909895882013,05/11/2024,3.450605920148279,2.3821122302280298,2.0506719590725417,1.3372114529612904,3.450605920148279,1.399933961075737,"LINESTRING(100.72911770491385 6.996734282045122,100.72904177334698 6.996898444613899)",2.7506389396104103,2.6590063090642935,4590,0,2728,542
2389,,2730,2735,2730,20241030RUN02,05/11/2024,1.05,1.44,1.25,6.996816475204328,100.72908003659596,05/11/2024,3.450605920148279,2.3821122302280298,2.0506719590725417,1.3372114529612904,3.450605920148279,1.399933961075737,"LINESTRING(100.72911770491385 6.996734282045122,100.72904177334698 6.996898444613899)",2.7506389396104103,2.606446540470751,4590,0,2733,543
2390,,2735,2740,2735,20241030RUN02,05/11/2024,1.06,2.2,1.63,6.996857473285268,100.72906096075998,05/11/2024,3.450605920148279,2.3821122302280298,2.0506719590725417,1.3372114529612904,3.450605920148279,1.399933961075737,"LINESTRING(100.72911770491385 6.996734282045122,100.72904177334698 6.996898444613899)",2.7506389396104103,2.9526317330351293,4590,0,2738,544
2391,,2740,2745,2740,20241030RUN02,05/11/2024,0.87,1.99,1.43,6.9968984191398995,100.72904177289287,05/11/2024,2.956615525746044,1.9987251302329103,2.5312331556752508,1.8026771513237827,2.956615525746044,0.4253823700707926,"LINESTRING(100.72904177334698 6.996898444613899,100.72896491561394 6.997062178153218)",2.743924340710647,2.9309728031359126,4590,0,2743,545
2392,,2745,2750,2745,20241030RUN02,05/11/2024,1.26,1.73,1.5,6.9969393363107555,100.72902252395012,05/11/2024,2.956615525746044,1.9987251302329103,2.5312331556752508,1.8026771513237827,2.956615525746044,0.4253823700707926,"LINESTRING(100.72904177334698 6.996898444613899,100.72896491561394 6.997062178153218)",2.743924340710647,2.4716461372351324,4590,0,2748,546
2393,,2750,2755,2750,20241030RUN02,05/11/2024,1.22,2.67,1.94,6.99698024477587,100.72900325645782,05/11/2024,2.956615525746044,1.9987251302329103,2.5312331556752508,1.8026771513237827,2.956615525746044,0.4253823700707926,"LINESTRING(100.72904177334698 6.996898444613899,100.72896491561394 6.997062178153218)",2.743924340710647,2.8447356594931392,4590,0,2753,547
2394,,2755,2760,2755,20241030RUN02,05/11/2024,1.25,2.38,1.82,6.997021177384062,100.72898404042886,05/11/2024,2.956615525746044,1.9987251302329103,2.5312331556752508,1.8026771513237827,2.956615525746044,0.4253823700707926,"LINESTRING(100.72904177334698 6.996898444613899,100.72896491561394 6.997062178153218)",2.743924340710647,2.6057805111950505,4590,0,2758,548
2395,,2760,2765,2760,20241030RUN02,05/11/2024,1.99,2.5,2.24,6.997062152491515,100.72896491524652,05/11/2024,3.156062094274525,1.9985375634401183,3.612393944456484,2.3363410829292848,3.612393944456484,0.4563318501819586,"LINESTRING(100.72896491561394 6.997062178153218,100.72888939429983 6.997226531050089)",3.3842280193655045,3.333422418163283,4590,0,2763,549
2396,,2765,2770,2765,20241030RUN02,05/11/2024,0.93,1.3,1.12,6.997103180975253,100.72894590507144,05/11/2024,3.156062094274525,1.9985375634401183,3.612393944456484,2.3363410829292848,3.612393944456484,0.4563318501819586,"LINESTRING(100.72896491561394 6.997062178153218,100.72888939429983 6.997226531050089)",3.3842280193655045,3.1763146104209263,4590,0,2768,550
2397,,2770,2775,2770,20241030RUN02,05/11/2024,0.23,1.13,0.68,6.997144273605251,100.72892703424974,05/11/2024,3.156062094274525,1.9985375634401183,3.612393944456484,2.3363410829292848,3.612393944456484,0.4563318501819586,"LINESTRING(100.72896491561394 6.997062178153218,100.72888939429983 6.997226531050089)",3.3842280193655045,3.4886869246843495,4590,0,2773,551
2398,,2775,2780,2775,20241030RUN02,05/11/2024,0.08,0.83,0.45,6.997185397288766,100.72890823127004,05/11/2024,3.156062094274525,1.9985375634401183,3.612393944456484,2.3363410829292848,3.612393944456484,0.4563318501819586,"LINESTRING(100.72896491561394 6.997062178153218,100.72888939429983 6.997226531050089)",3.3842280193655045,3.3523512827604915,4590,0,2778,552
2399,,2780,2785,2780,20241030RUN02,05/11/2024,0.42,1.22,0.82,6.997226505322548,100.72888939401896,05/11/2024,2.77887913115874,2.042421827193648,3.5194943507309,2.4552560681340214,3.5194943507309,0.74061521957216,"LINESTRING(100.72888939429983 6.997226531050089,100.72881332504521 6.997390631524399)",3.14918674094482,3.344282522520842,4590,0,2783,553
2400,,2785,2790,2785,20241030RUN02,05/11/2024,0.9,1.42,1.16,6.997267577541809,100.72887047861666,05/11/2024,2.77887913115874,2.042421827193648,3.5194943507309,2.4552560681340214,3.5194943507309,0.74061521957216,"LINESTRING(100.72888939429983 6.997226531050089,100.72881332504521 6.997390631524399)",3.14918674094482,2.9377861692677074,4590,0,2788,554
2401,,2790,2795,2790,20241030RUN02,05/11/2024,0.11,1.45,0.78,6.997308618103946,100.72885149457947,05/11/2024,2.77887913115874,2.042421827193648,3.5194943507309,2.4552560681340214,3.5194943507309,0.74061521957216,"LINESTRING(100.72888939429983 6.997226531050089,100.72881332504521 6.997390631524399)",3.14918674094482,2.907627063989383,4590,0,2793,555
2402,,2795,2800,2795,20241030RUN02,05/11/2024,1.02,1.45,1.23,6.997349630230544,100.72883244908817,05/11/2024,2.77887913115874,2.042421827193648,3.5194943507309,2.4552560681340214,3.5194943507309,0.74061521957216,"LINESTRING(100.72888939429983 6.997226531050089,100.72881332504521 6.997390631524399)",3.14918674094482,3.1718079811065127,4590,0,2798,556
2403,,2800,2805,2800,20241030RUN02,05/11/2024,0.25,1.75,1.0,6.9973906057735595,100.728813324851,05/11/2024,3.578339715885289,2.916422082916312,5.193851423247831,3.881990691056859,5.193851423247831,1.6155117073625416,"LINESTRING(100.72881332504521 6.997390631524399,100.72873625915217 6.99755426756443)",4.38609556956656,4.403925694459876,4590,0,2803,557
2404,,2805,2810,2805,20241030RUN02,05/11/2024,0.93,2.04,1.48,6.997431536392182,100.72879410449744,05/11/2024,3.578339715885289,2.916422082916312,5.193851423247831,3.881990691056859,5.193851423247831,1.6155117073625416,"LINESTRING(100.72881332504521 6.997390631524399,100.72873625915217 6.99755426756443)",4.38609556956656,3.9640334699150945,4590,0,2808,558
2405,,2810,2815,2810,20241030RUN02,05/11/2024,0.16,0.99,0.57,6.997472437347892,100.72877482109173,05/11/2024,3.578339715885289,2.916422082916312,5.193851423247831,3.881990691056859,5.193851423247831,1.6155117073625416,"LINESTRING(100.72881332504521 6.997390631524399,100.72873625915217 6.99755426756443)",4.38609556956656,4.304646546136835,4590,0,2813,559
2406,,2815,2820,2815,20241030RUN02,05/11/2024,0.64,1.49,1.06,6.997513334967073,100.72875553047383,05/11/2024,3.578339715885289,2.916422082916312,5.193851423247831,3.881990691056859,5.193851423247831,1.6155117073625416,"LINESTRING(100.72881332504521 6.997390631524399,100.72873625915217 6.99755426756443)",4.38609556956656,4.640167641643982,4590,0,2818,560
2407,,2820,2825,2820,20241030RUN02,05/11/2024,0.5,1.7,1.1,6.997554241549108,100.72873625904364,05/11/2024,4.399559954145625,5.005262870423123,4.030484096532754,4.114899033249989,4.399559954145625,0.369075857612871,"LINESTRING(100.72873625915217 6.99755426756443,100.72865882797778 6.997717730992046)",4.21502202533919,4.186180314062538,4590,0,2823,561
2408,,2825,2830,2825,20241030RUN02,05/11/2024,0.56,1.02,0.79,6.997595140492566,100.72871697121765,05/11/2024,4.399559954145625,5.005262870423123,4.030484096532754,4.114899033249989,4.399559954145625,0.369075857612871,"LINESTRING(100.72873625915217 6.99755426756443,100.72865882797778 6.997717730992046)",4.21502202533919,4.480972343098749,4590,0,2828,562
2409,,2830,2835,2830,20241030RUN02,05/11/2024,1.26,1.06,1.16,6.997636030888134,100.72869766525059,05/11/2024,4.399559954145625,5.005262870423123,4.030484096532754,4.114899033249989,4.399559954145625,0.369075857612871,"LINESTRING(100.72873625915217 6.99755426756443,100.72865882797778 6.997717730992046)",4.21502202533919,3.8445651347431027,4590,0,2833,563
2410,,2835,2840,2835,20241030RUN02,05/11/2024,1.18,1.92,1.55,6.99767689357566,100.7286783005925,05/11/2024,4.399559954145625,5.005262870423123,4.030484096532754,4.114899033249989,4.399559954145625,0.369075857612871,"LINESTRING(100.72873625915217 6.99755426756443,100.72865882797778 6.997717730992046)",4.21502202533919,4.2271131103377915,4590,0,2838,564
2411,,2840,2845,2840,20241030RUN02,05/11/2024,1.15,2.37,1.76,6.997717704946453,100.72865882795608,05/11/2024,2.3519637313213426,1.5672503651394192,2.7160324625789576,2.373930058368094,2.7160324625789576,0.3640687312576149,"LINESTRING(100.72865882797778 6.997717730992046,100.72858042817683 6.997880733195211)",2.53399809695015,2.401673061137014,4590,0,2844,565
2412,,2845,2850,2845,20241030RUN02,05/11/2024,1.02,2.85,1.94,6.997758481383504,100.72863928220731,05/11/2024,2.3519637313213426,1.5672503651394192,2.7160324625789576,2.373930058368094,2.7160324625789576,0.3640687312576149,"LINESTRING(100.72865882797778 6.997717730992046,100.72858042817683 6.997880733195211)",2.53399809695015,2.6736049047575063,4590,0,2849,566
2413,,2850,2855,2850,20241030RUN02,05/11/2024,0.94,1.81,1.38,6.997799237243258,100.72861969348322,05/11/2024,2.3519637313213426,1.5672503651394192,2.7160324625789576,2.373930058368094,2.7160324625789576,0.3640687312576149,"LINESTRING(100.72865882797778 6.997717730992046,100.72858042817683 6.997880733195211)",2.53399809695015,2.371019185412005,4590,0,2854,567
2414,,2855,2860,2855,20241030RUN02,05/11/2024,0.27,1.76,1.02,6.997839974663755,100.72860006630668,05/11/2024,2.3519637313213426,1.5672503651394192,2.7160324625789576,2.373930058368094,2.7160324625789576,0.3640687312576149,"LINESTRING(100.72865882797778 6.997717730992046,100.72858042817683 6.997880733195211)",2.53399809695015,2.4902995671736607,4590,0,2859,568
2415,,2860,2865,2860,20241030RUN02,05/11/2024,0.06,1.67,0.86,6.997880706949222,100.72858042824241,05/11/2024,2.602292498176946,1.734729462319326,1.941084422154583,1.5482930914206046,2.602292498176946,0.6612080760223635,"LINESTRING(100.72858042817683 6.997880733195211,100.72850168150674 6.9980435677428225)",2.2716884601657648,2.3230794309890532,4590,0,2864,569
2416,,2865,2870,2865,20241030RUN02,05/11/2024,0.14,1.48,0.81,6.997921437769109,100.72856078698761,05/11/2024,2.602292498176946,1.734729462319326,1.941084422154583,1.5482930914206046,2.602292498176946,0.6612080760223635,"LINESTRING(100.72858042817683 6.997880733195211,100.72850168150674 6.9980435677428225)",2.2716884601657648,2.049668857720754,4590,0,2869,570
2417,,2870,2875,2870,20241030RUN02,05/11/2024,0.43,1.5,0.96,6.997962139152934,100.72854108457072,05/11/2024,2.602292498176946,1.734729462319326,1.941084422154583,1.5482930914206046,2.602292498176946,0.6612080760223635,"LINESTRING(100.72858042817683 6.997880733195211,100.72850168150674 6.9980435677428225)",2.2716884601657648,2.3551836084047597,4590,0,2874,571
2418,,2875,2880,2875,20241030RUN02,05/11/2024,0.43,1.81,1.12,6.9980028239890535,100.7285213480306,05/11/2024,2.602292498176946,1.734729462319326,1.941084422154583,1.5482930914206046,2.602292498176946,0.6612080760223635,"LINESTRING(100.72858042817683 6.997880733195211,100.72850168150674 6.9980435677428225)",2.2716884601657648,2.3044060161613693,4590,0,2879,572
2419,,2880,2885,2880,20241030RUN02,05/11/2024,0.56,1.66,1.11,6.998043542655738,100.72850168165226,05/11/2024,2.3110094920894477,1.5205832331013245,2.054871177963468,1.5564365410874257,2.3110094920894477,0.2561383141259794,"LINESTRING(100.72850168150674 6.9980435677428225,100.72842294184424 6.9982064054276885)",2.1829403350264576,2.054708985989887,4590,0,2884,573
2420,,2885,2890,2885,20241030RUN02,05/11/2024,0.68,1.25,0.97,6.998084294168259,100.72848208356211,05/11/2024,2.3110094920894477,1.5205832331013245,2.054871177963468,1.5564365410874257,2.3110094920894477,0.2561383141259794,"LINESTRING(100.72850168150674 6.9980435677428225,100.72842294184424 6.9982064054276885)",2.1829403350264576,2.242153188941212,4590,0,2889,574
2421,,2890,2895,2890,20241030RUN02,05/11/2024,0.58,1.63,1.1,6.998125040879859,100.7284624754287,05/11/2024,2.3110094920894477,1.5205832331013245,2.054871177963468,1.5564365410874257,2.3110094920894477,0.2561383141259794,"LINESTRING(100.72850168150674 6.9980435677428225,100.72842294184424 6.9982064054276885)",2.1829403350264576,2.1732778774845136,4590,0,2894,575
2422,,2895,2900,2895,20241030RUN02,05/11/2024,0.36,1.66,1.01,6.998165743238105,100.7284427753017,05/11/2024,2.3110094920894477,1.5205832331013245,2.054871177963468,1.5564365410874257,2.3110094920894477,0.2561383141259794,"LINESTRING(100.72850168150674 6.9980435677428225,100.72842294184424 6.9982064054276885)",2.1829403350264576,2.3229573435477957,4590,0,2899,576
2423,,2900,2905,2900,20241030RUN02,05/11/2024,0.61,2.37,1.49,6.998206381004842,100.72842294206542,05/11/2024,2.661004527030053,1.8017850428039652,2.375610121400622,1.7008306630805994,2.661004527030053,0.2853944056294315,"LINESTRING(100.72842294184424 6.9982064054276885,100.7283434417031 6.998368874493612)",2.5183073242153373,2.2834688129958822,4590,0,2904,577
2424,,2905,2910,2905,20241030RUN02,05/11/2024,1.08,2.45,1.76,6.998246993643735,100.72840305734682,05/11/2024,2.661004527030053,1.8017850428039652,2.375610121400622,1.7008306630805994,2.661004527030053,0.2853944056294315,"LINESTRING(100.72842294184424 6.9982064054276885,100.7283434417031 6.998368874493612)",2.5183073242153373,2.525448774448132,4590,0,2909,578
2425,,2910,2915,2910,20241030RUN02,05/11/2024,0.58,2.01,1.3,6.998287635025441,100.72838323162668,05/11/2024,2.661004527030053,1.8017850428039652,2.375610121400622,1.7008306630805994,2.661004527030053,0.2853944056294315,"LINESTRING(100.72842294184424 6.9982064054276885,100.7283434417031 6.998368874493612)",2.5183073242153373,2.677031884369064,4590,0,2914,579
2426,,2915,2920,2915,20241030RUN02,05/11/2024,1.01,2.52,1.76,6.99832827564885,100.728363404373,05/11/2024,2.661004527030053,1.8017850428039652,2.375610121400622,1.7008306630805994,2.661004527030053,0.2853944056294315,"LINESTRING(100.72842294184424 6.9982064054276885,100.7283434417031 6.998368874493612)",2.5183073242153373,2.6428087551174233,4590,0,2919,580
2427,,2920,2925,2920,20241030RUN02,05/11/2024,1.23,2.49,1.86,6.998368850117716,100.72834344200291,05/11/2024,1.4430037164738336,0.99184994625072,2.347717699845818,2.2439631748324773,2.347717699845818,0.9047139833719844,"LINESTRING(100.7283434417031 6.998368874493612,100.72826096481809 6.998529848061811)",1.8953607081598258,1.941195455975695,4590,0,2924,581
2428,,2925,2930,2925,20241030RUN02,05/11/2024,0.94,2.56,1.75,6.998409326768549,100.72832328168757,05/11/2024,1.4430037164738336,0.99184994625072,2.347717699845818,2.2439631748324773,2.347717699845818,0.9047139833719844,"LINESTRING(100.7283434417031 6.998368874493612,100.72826096481809 6.998529848061811)",1.8953607081598258,1.8599013931438055,4590,0,2929,582
2429,,2930,2935,2930,20241030RUN02,05/11/2024,1.4,2.67,2.04,6.998449654728427,100.72830282520204,05/11/2024,1.4430037164738336,0.99184994625072,2.347717699845818,2.2439631748324773,2.347717699845818,0.9047139833719844,"LINESTRING(100.7283434417031 6.998368874493612,100.72826096481809 6.998529848061811)",1.8953607081598258,1.959460738761621,4590,0,2934,583
2430,,2935,2940,2935,20241030RUN02,05/11/2024,0.45,2.39,1.42,6.998489799348384,100.72828201049838,05/11/2024,1.4430037164738336,0.99184994625072,2.347717699845818,2.2439631748324773,2.347717699845818,0.9047139833719844,"LINESTRING(100.7283434417031 6.998368874493612,100.72826096481809 6.998529848061811)",1.8953607081598258,2.006100351453978,4590,0,2939,584
2431,,2940,2945,2940,20241030RUN02,05/11/2024,0.52,1.7,1.11,6.9985298238957,100.72826096519562,05/11/2024,2.2955345081867278,1.624178406090072,1.706132291137194,1.1890093050275985,2.2955345081867278,0.5894022170495334,"LINESTRING(100.72826096481809 6.998529848061811,100.7281763554351 6.998689720473642)",2.000833399661961,2.198616151085613,4590,0,2944,585
2432,,2945,2950,2945,20241030RUN02,05/11/2024,1.2,1.95,1.58,6.998569817894557,100.72823986175206,05/11/2024,2.2955345081867278,1.624178406090072,1.706132291137194,1.1890093050275985,2.2955345081867278,0.5894022170495334,"LINESTRING(100.72826096481809 6.998529848061811,100.7281763554351 6.998689720473642)",2.000833399661961,2.126087657889106,4590,0,2949,586
2433,,2950,2955,2950,20241030RUN02,05/11/2024,1.13,1.04,1.08,6.9986098032065245,100.72821874183605,05/11/2024,2.2955345081867278,1.624178406090072,1.706132291137194,1.1890093050275985,2.2955345081867278,0.5894022170495334,"LINESTRING(100.72826096481809 6.998529848061811,100.7281763554351 6.998689720473642)",2.000833399661961,1.8838629226776142,4590,0,2954,587
2434,,2955,2960,2955,20241030RUN02,05/11/2024,0.99,1.54,1.27,6.998649760849485,100.72819756957186,05/11/2024,2.2955345081867278,1.624178406090072,1.706132291137194,1.1890093050275985,2.2955345081867278,0.5894022170495334,"LINESTRING(100.72826096481809 6.998529848061811,100.7281763554351 6.998689720473642)",2.000833399661961,1.8486608708481818,4590,0,2959,588
2435,,2960,2965,2960,20241030RUN02,05/11/2024,1.2,1.86,1.53,6.998689696505175,100.72817635589026,05/11/2024,2.901783307451137,2.2697204868255145,1.9262091654774736,1.6711469627012483,2.901783307451137,0.9755741419736634,"LINESTRING(100.7281763554351 6.998689720473642,100.72809109387221 6.998849246909164)",2.413996236464305,2.4047918135155806,4590,0,2964,589
2436,,2965,2970,2965,20241030RUN02,05/11/2024,1.41,1.64,1.52,6.998729615526018,100.7281551109495,05/11/2024,2.901783307451137,2.2697204868255145,1.9262091654774736,1.6711469627012483,2.901783307451137,0.9755741419736634,"LINESTRING(100.7281763554351 6.998689720473642,100.72809109387221 6.998849246909164)",2.413996236464305,2.2941302977443088,4590,0,2969,590
2437,,2970,2975,2970,20241030RUN02,05/11/2024,1.24,1.13,1.18,6.998769508709126,100.7281338174493,05/11/2024,2.901783307451137,2.2697204868255145,1.9262091654774736,1.6711469627012483,2.901783307451137,0.9755741419736634,"LINESTRING(100.7281763554351 6.998689720473642,100.72809109387221 6.998849246909164)",2.413996236464305,2.3535097760130212,4590,0,2974,591
2438,,2975,2980,2975,20241030RUN02,05/11/2024,1.52,1.19,1.36,6.998809377534703,100.72811247826385,05/11/2024,2.901783307451137,2.2697204868255145,1.9262091654774736,1.6711469627012483,2.901783307451137,0.9755741419736634,"LINESTRING(100.7281763554351 6.998689720473642,100.72809109387221 6.998849246909164)",2.413996236464305,2.4023999569273755,4590,0,2979,592
2439,,2980,2985,2980,20241030RUN02,05/11/2024,0.5,1.47,0.98,6.9988492224682295,100.72809109441823,05/11/2024,2.567029452245486,1.835765055870072,2.190245760533602,1.487882310674728,2.567029452245486,0.3767836917118843,"LINESTRING(100.72809109387221 6.998849246909164,100.72800512018442 6.999008391142668)",2.3786376063895442,2.295790822311342,4590,0,2984,593
2440,,2985,2990,2985,20241030RUN02,05/11/2024,0.94,1.51,1.23,6.998889044669492,100.72806966811561,05/11/2024,2.567029452245486,1.835765055870072,2.190245760533602,1.487882310674728,2.567029452245486,0.3767836917118843,"LINESTRING(100.72809109387221 6.998849246909164,100.72800512018442 6.999008391142668)",2.3786376063895442,2.1408861747968917,4590,0,2989,594
2441,,2990,2995,2990,20241030RUN02,05/11/2024,0.63,1.73,1.18,6.9989288404334316,100.72804819265897,05/11/2024,2.567029452245486,1.835765055870072,2.190245760533602,1.487882310674728,2.567029452245486,0.3767836917118843,"LINESTRING(100.72809109387221 6.998849246909164,100.72800512018442 6.999008391142668)",2.3786376063895442,2.5871214366082276,4590,0,,
2442,,2995,3000,2995,20241030RUN02,05/11/2024,0.55,1.17,0.86,6.9989686176085355,100.72802668268488,05/11/2024,2.567029452245486,1.835765055870072,2.190245760533602,1.487882310674728,2.567029452245486,0.3767836917118843,"LINESTRING(100.72809109387221 6.998849246909164,100.72800512018442 6.999008391142668)",2.3786376063895442,2.309536127997692,4590,0,2995,595
2443,,3000,3005,3000,20241030RUN02,05/11/2024,0.81,1.18,1.0,6.999008366677969,100.72800512081257,05/11/2024,2.5908361345030158,2.124016191798629,2.528883375173888,1.9398874598482003,2.5908361345030158,0.0619527593291273,"LINESTRING(100.72800512018442 6.999008391142668,100.72791760894506 6.9991666958964665)",2.5598597548384516,2.7521129651080307,4590,0,3000,596
2444,,3005,3010,3005,20241030RUN02,05/11/2024,0.64,1.39,1.01,6.99904804480658,100.72798342852026,05/11/2024,2.5908361345030158,2.124016191798629,2.528883375173888,1.9398874598482003,2.5908361345030158,0.0619527593291273,"LINESTRING(100.72800512018442 6.999008391142668,100.72791760894506 6.9991666958964665)",2.5598597548384516,2.467162405118823,4590,0,3005,597
2445,,3010,3015,3010,20241030RUN02,05/11/2024,0.8,2.53,1.66,6.999087637143388,100.72796157973112,05/11/2024,2.5908361345030158,2.124016191798629,2.528883375173888,1.9398874598482003,2.5908361345030158,0.0619527593291273,"LINESTRING(100.72800512018442 6.999008391142668,100.72791760894506 6.9991666958964665)",2.5598597548384516,2.450380855468044,4590,0,3010,598
2446,,3015,3020,3015,20241030RUN02,05/11/2024,0.69,2.16,1.42,6.999127173784327,100.72793963018434,05/11/2024,2.5908361345030158,2.124016191798629,2.528883375173888,1.9398874598482003,2.5908361345030158,0.0619527593291273,"LINESTRING(100.72800512018442 6.999008391142668,100.72791760894506 6.9991666958964665)",2.5598597548384516,2.57802550944857,4590,0,3015,599
2447,,3020,3025,3020,20241030RUN02,05/11/2024,0.97,2.5,1.74,6.999166670988949,100.72791760966818,05/11/2024,2.310191458833722,1.7041119881472606,3.281712903817091,2.1571329837428803,3.281712903817091,0.9715214449833692,"LINESTRING(100.72791760894506 6.9991666958964665,100.72782698498341 6.99932323343105)",2.7959521813254065,2.663110468365205,4590,0,3020,600
2448,,3025,3030,3025,20241030RUN02,05/11/2024,0.8,3.18,1.99,6.99920608162708,100.72789543445204,05/11/2024,2.310191458833722,1.7041119881472606,3.281712903817091,2.1571329837428803,3.281712903817091,0.9715214449833692,"LINESTRING(100.72791760894506 6.9991666958964665,100.72782698498341 6.99932323343105)",2.7959521813254065,2.6264022104322,4590,0,3025,601
2449,,3030,3035,3030,20241030RUN02,05/11/2024,0.89,3.11,2.0,6.99924533447122,100.727872980805,05/11/2024,2.310191458833722,1.7041119881472606,3.281712903817091,2.1571329837428803,3.281712903817091,0.9715214449833692,"LINESTRING(100.72791760894506 6.9991666958964665,100.72782698498341 6.99932323343105)",2.7959521813254065,2.9820249513423875,4590,0,3030,602
2450,,3035,3040,3035,20241030RUN02,05/11/2024,1.19,2.32,1.76,6.999284383097001,100.72785017327638,05/11/2024,2.310191458833722,1.7041119881472606,3.281712903817091,2.1571329837428803,3.281712903817091,0.9715214449833692,"LINESTRING(100.72791760894506 6.9991666958964665,100.72782698498341 6.99932323343105)",2.7959521813254065,2.722873780873426,4590,0,3035,603
2451,,3040,3045,3040,20241030RUN02,05/11/2024,1.56,1.89,1.72,6.999323207715468,100.72782698581842,05/11/2024,2.9327312876682843,2.0572388758084337,4.706422181856692,4.26947698531419,4.706422181856692,1.773690894188408,"LINESTRING(100.72782698498341 6.99932323343105,100.72773112881188 6.999476631624299)",3.8195767347624883,3.8785782403261932,4590,0,3040,604
2452,,3045,3050,3045,20241030RUN02,05/11/2024,1.16,1.96,1.56,6.999361828323628,100.7278034595867,05/11/2024,2.9327312876682843,2.0572388758084337,4.706422181856692,4.26947698531419,4.706422181856692,1.773690894188408,"LINESTRING(100.72782698498341 6.99932323343105,100.72773112881188 6.999476631624299)",3.8195767347624883,3.6228004784325045,4590,0,3045,605
2453,,3050,3055,3050,20241030RUN02,05/11/2024,0.59,1.78,1.18,6.999400253087658,100.72777961425416,05/11/2024,2.9327312876682843,2.0572388758084337,4.706422181856692,4.26947698531419,4.706422181856692,1.773690894188408,"LINESTRING(100.72782698498341 6.99932323343105,100.72773112881188 6.999476631624299)",3.8195767347624883,4.053632117288658,4590,0,3050,606
2454,,3055,3060,3055,20241030RUN02,05/11/2024,0.52,2.69,1.6,6.999438496862195,100.72775547911928,05/11/2024,2.9327312876682843,2.0572388758084337,4.706422181856692,4.26947698531419,4.706422181856692,1.773690894188408,"LINESTRING(100.72782698498341 6.99932323343105,100.72773112881188 6.999476631624299)",3.8195767347624883,3.815676636672349,4590,0,3055,607
2455,,3060,3065,3060,20241030RUN02,05/11/2024,0.76,1.85,1.31,6.999476604932179,100.72773112977495,05/11/2024,2.391164332680034,1.7501116426013743,2.67569290176656,1.7627597008373577,2.67569290176656,0.2845285690865258,"LINESTRING(100.72773112881188 6.999476631624299,100.72763192815441 6.9996278951770385)",2.533428617223297,2.6880103627890226,4590,0,3060,608
2456,,3065,3070,3065,20241030RUN02,05/11/2024,1.22,2.46,1.84,6.999514603534432,100.72770660950388,05/11/2024,2.391164332680034,1.7501116426013743,2.67569290176656,1.7627597008373577,2.67569290176656,0.2845285690865258,"LINESTRING(100.72773112881188 6.999476631624299,100.72763192815441 6.9996278951770385)",2.533428617223297,2.4784550729497257,4590,0,3065,609
2457,,3070,3075,3070,20241030RUN02,05/11/2024,1.47,2.22,1.85,6.999552500130039,100.7276819315742,05/11/2024,2.391164332680034,1.7501116426013743,2.67569290176656,1.7627597008373577,2.67569290176656,0.2845285690865258,"LINESTRING(100.72773112881188 6.999476631624299,100.72763192815441 6.9996278951770385)",2.533428617223297,2.7120365319652056,4590,0,3070,610
2458,,3075,3080,3075,20241030RUN02,05/11/2024,1.17,3.61,2.39,6.999590268602954,100.7276570578003,05/11/2024,2.391164332680034,1.7501116426013743,2.67569290176656,1.7627597008373577,2.67569290176656,0.2845285690865258,"LINESTRING(100.72773112881188 6.999476631624299,100.72763192815441 6.9996278951770385)",2.533428617223297,2.4852997705289193,4590,0,3075,611
2459,,3080,3085,3080,20241030RUN02,05/11/2024,1.74,1.66,1.7,6.999627868294408,100.72763192922382,05/11/2024,3.302041215676843,2.9409725295776514,5.903131399129592,4.639519656149836,5.903131399129592,2.6010901834527487,"LINESTRING(100.72763192815441 6.9996278951770385,100.72753004739901 6.9997773735585245)",4.602586307403217,4.406059401100833,4590,0,3080,612
2460,,3085,3090,3085,20241030RUN02,05/11/2024,0.89,1.67,1.28,6.999665326741605,100.72760659010395,05/11/2024,3.302041215676843,2.9409725295776514,5.903131399129592,4.639519656149836,5.903131399129592,2.6010901834527487,"LINESTRING(100.72763192815441 6.9996278951770385,100.72753004739901 6.9997773735585245)",4.602586307403217,4.748522941246282,4590,0,3085,613
2461,,3090,3095,3090,20241030RUN02,05/11/2024,0.89,1.43,1.16,6.999702691699695,100.72758111320226,05/11/2024,3.302041215676843,2.9409725295776514,5.903131399129592,4.639519656149836,5.903131399129592,2.6010901834527487,"LINESTRING(100.72763192815441 6.9996278951770385,100.72753004739901 6.9997773735585245)",4.602586307403217,4.997507646390666,4590,0,3090,614
2462,,3095,3100,3095,20241030RUN02,05/11/2024,0.58,2.03,1.3,6.999740008683326,100.72755556585675,05/11/2024,3.302041215676843,2.9409725295776514,5.903131399129592,4.639519656149836,5.903131399129592,2.6010901834527487,"LINESTRING(100.72763192815441 6.9996278951770385,100.72753004739901 6.9997773735585245)",4.602586307403217,4.432185819805857,4590,0,3095,615
2463,,3100,3105,3100,20241030RUN02,05/11/2024,0.38,1.46,0.92,6.999777346381766,100.72753004858244,05/11/2024,3.737089927524275,2.862901059529993,2.384412376391655,1.6202151785133114,3.737089927524275,1.35267755113262,"LINESTRING(100.72753004739901 6.9997773735585245,100.72742779795223 6.999926600890955)",3.060751151957965,2.8514649199280075,4590,0,3100,616
2464,,3105,3110,3105,20241030RUN02,05/11/2024,0.38,1.55,0.97,6.999814678817869,100.72750452372391,05/11/2024,3.737089927524275,2.862901059529993,2.384412376391655,1.6202151785133114,3.737089927524275,1.35267755113262,"LINESTRING(100.72753004739901 6.9997773735585245,100.72742779795223 6.999926600890955)",3.060751151957965,3.077474731984899,4590,0,3105,617
2465,,3110,3115,3110,20241030RUN02,05/11/2024,0.94,2.08,1.51,6.999851962765896,100.72747892798655,05/11/2024,3.737089927524275,2.862901059529993,2.384412376391655,1.6202151785133114,3.737089927524275,1.35267755113262,"LINESTRING(100.72753004739901 6.9997773735585245,100.72742779795223 6.999926600890955)",3.060751151957965,3.3099323361980706,4590,0,3110,618
2466,,3115,3120,3115,20241030RUN02,05/11/2024,0.6,1.01,0.8,6.999889243625631,100.72745332782682,05/11/2024,3.737089927524275,2.862901059529993,2.384412376391655,1.6202151785133114,3.737089927524275,1.35267755113262,"LINESTRING(100.72753004739901 6.9997773735585245,100.72742779795223 6.999926600890955)",3.060751151957965,3.2425754515981606,4590,0,3115,619
2467,,3120,3125,3120,20241030RUN02,05/11/2024,0.84,0.85,0.84,6.9999265734025204,100.7274277992519,05/11/2024,3.3746343534462984,2.2234084805103267,3.0310782127986284,1.9518158917943005,3.3746343534462984,0.3435561406476699,"LINESTRING(100.72742779795223 6.999926600890955,100.72732750208907 7.0000771375302575)",3.2028562831224634,3.1828860831343846,4590,0,3120,620
2468,,3125,3130,3125,20241030RUN02,05/11/2024,0.93,2.41,1.67,6.999963972170522,100.7274023720986,05/11/2024,3.3746343534462984,2.2234084805103267,3.0310782127986284,1.9518158917943005,3.3746343534462984,0.3435561406476699,"LINESTRING(100.72742779795223 6.999926600890955,100.72732750208907 7.0000771375302575)",3.2028562831224634,3.0802088770667977,4590,0,3125,621
2469,,3130,3135,3130,20241030RUN02,05/11/2024,0.74,2.2,1.47,7.0000014665054096,100.72737708636008,05/11/2024,3.3746343534462984,2.2234084805103267,3.0310782127986284,1.9518158917943005,3.3746343534462984,0.3435561406476699,"LINESTRING(100.72742779795223 6.999926600890955,100.72732750208907 7.0000771375302575)",3.2028562831224634,3.2127360115662746,4590,0,3130,622
2470,,3135,3140,3135,20241030RUN02,05/11/2024,0.94,1.41,1.17,7.000039148557644,100.72735208184375,05/11/2024,3.3746343534462984,2.2234084805103267,3.0310782127986284,1.9518158917943005,3.3746343534462984,0.3435561406476699,"LINESTRING(100.72742779795223 6.999926600890955,100.72732750208907 7.0000771375302575)",3.2028562831224634,3.3992355196819157,4590,0,3135,623
2471,,3140,3145,3140,20241030RUN02,05/11/2024,0.82,1.83,1.32,7.000077109500778,100.7273275035156,05/11/2024,2.776552523477983,2.107153588465485,2.5469890059128915,1.7385228029372026,2.776552523477983,0.2295635175650914,"LINESTRING(100.72732750208907 7.0000771375302575,100.7272326722174 7.000231168658681)",2.6617707646954374,2.777708743266754,4590,0,3140,624
2472,,3145,3150,3145,20241030RUN02,05/11/2024,0.87,1.89,1.38,7.000115327058119,100.72730332672252,05/11/2024,2.776552523477983,2.107153588465485,2.5469890059128915,1.7385228029372026,2.776552523477983,0.2295635175650914,"LINESTRING(100.72732750208907 7.0000771375302575,100.7272326722174 7.000231168658681)",2.6617707646954374,2.601481691210265,4590,0,3145,625
2473,,3150,3155,3150,20241030RUN02,05/11/2024,1.14,2.36,1.75,7.000153738921566,100.7272794602006,05/11/2024,2.776552523477983,2.107153588465485,2.5469890059128915,1.7385228029372026,2.776552523477983,0.2295635175650914,"LINESTRING(100.72732750208907 7.0000771375302575,100.7272326722174 7.000231168658681)",2.6617707646954374,2.5198699155009145,4590,0,3151,626
2474,,3155,3160,3155,20241030RUN02,05/11/2024,0.89,1.65,1.27,7.00019233640573,100.72725589577395,05/11/2024,2.776552523477983,2.107153588465485,2.5469890059128915,1.7385228029372026,2.776552523477983,0.2295635175650914,"LINESTRING(100.72732750208907 7.0000771375302575,100.7272326722174 7.000231168658681)",2.6617707646954374,2.73448269915571,4590,0,3156,627
2475,,3160,3165,3160,20241030RUN02,05/11/2024,1.05,1.93,1.49,7.000231140419108,100.7272326737493,05/11/2024,2.307603703676837,1.6372551554787391,2.084624280898849,1.3931443478285062,2.307603703676837,0.2229794227779886,"LINESTRING(100.7272326722174 7.000231168658681,100.72714245959833 7.000387949868451)",2.196113992287843,2.058712140313765,4590,0,3161,628
2476,,3165,3170,3165,20241030RUN02,05/11/2024,0.85,2.42,1.64,7.0002701424284925,100.727209786314,05/11/2024,2.307603703676837,1.6372551554787391,2.084624280898849,1.3931443478285062,2.307603703676837,0.2229794227779886,"LINESTRING(100.7272326722174 7.000231168658681,100.72714245959833 7.000387949868451)",2.196113992287843,2.322659808961422,4590,0,3166,629
2477,,3170,3175,3170,20241030RUN02,05/11/2024,1.87,2.72,2.3,7.000309297685621,100.72718716238498,05/11/2024,2.307603703676837,1.6372551554787391,2.084624280898849,1.3931443478285062,2.307603703676837,0.2229794227779886,"LINESTRING(100.7272326722174 7.000231168658681,100.72714245959833 7.000387949868451)",2.196113992287843,2.2449007600776585,4590,0,3171,630
2478,,3175,3180,3175,20241030RUN02,05/11/2024,1.63,2.64,2.13,7.000348561393621,100.72716472751372,05/11/2024,2.307603703676837,1.6372551554787391,2.084624280898849,1.3931443478285062,2.307603703676837,0.2229794227779886,"LINESTRING(100.7272326722174 7.000231168658681,100.72714245959833 7.000387949868451)",2.196113992287843,2.3802086776469387,4590,0,3176,631
2479,,3180,3185,3180,20241030RUN02,05/11/2024,2.32,2.97,2.64,7.000387920795033,100.72714246126645,05/11/2024,4.283468191065648,3.143448192676731,3.132495901990927,2.515378177970658,4.283468191065648,1.150972289074721,"LINESTRING(100.72714245959833 7.000387949868451,100.72705427862991 7.000545883401504)",3.7079820465282873,3.3465117558598116,4590,0,3181,632
2480,,3185,3190,3185,20241030RUN02,05/11/2024,1.01,2.08,1.54,7.000427333883082,100.72712029026424,05/11/2024,4.283468191065648,3.143448192676731,3.132495901990927,2.515378177970658,4.283468191065648,1.150972289074721,"LINESTRING(100.72714245959833 7.000387949868451,100.72705427862991 7.000545883401504)",3.7079820465282873,4.021362720413496,4590,0,3186,633
2481,,3190,3195,3190,20241030RUN02,05/11/2024,0.64,3.34,1.99,7.000466772360808,100.72709816462316,05/11/2024,4.283468191065648,3.143448192676731,3.132495901990927,2.515378177970658,4.283468191065648,1.150972289074721,"LINESTRING(100.72714245959833 7.000387949868451,100.72705427862991 7.000545883401504)",3.7079820465282873,3.7664271961714144,4590,0,3191,634
2482,,3195,3200,3195,20241030RUN02,05/11/2024,1.6,3.45,2.53,7.0005062851041355,100.7270761719339,05/11/2024,4.283468191065648,3.143448192676731,3.132495901990927,2.515378177970658,4.283468191065648,1.150972289074721,"LINESTRING(100.72714245959833 7.000387949868451,100.72705427862991 7.000545883401504)",3.7079820465282873,3.514069068426169,4590,0,3196,635
2483,,3200,3205,3200,20241030RUN02,05/11/2024,1.95,2.39,2.17,7.0005458541381405,100.72705428039707,05/11/2024,4.446056539951366,3.111661545208241,3.110179191013346,2.669302709314888,4.446056539951366,1.3358773489380198,"LINESTRING(100.72705427862991 7.000545883401504,100.72696690409101 7.000704264535412)",3.778117865482356,3.537128012247962,4590,0,3201,636
2484,,3205,3210,3205,20241030RUN02,05/11/2024,1.68,1.78,1.73,7.000585434524194,100.72703240970039,05/11/2024,4.446056539951366,3.111661545208241,3.110179191013346,2.669302709314888,4.446056539951366,1.3358773489380198,"LINESTRING(100.72705427862991 7.000545883401504,100.72696690409101 7.000704264535412)",3.778117865482356,3.6509123154007828,4590,0,3206,637
2485,,3210,3215,3210,20241030RUN02,05/11/2024,1.01,2.57,1.79,7.000625040228652,100.72701058515484,05/11/2024,4.446056539951366,3.111661545208241,3.110179191013346,2.669302709314888,4.446056539951366,1.3358773489380198,"LINESTRING(100.72705427862991 7.000545883401504,100.72696690409101 7.000704264535412)",3.778117865482356,3.8318461052833777,4590,0,3211,638
2486,,3215,3220,3215,20241030RUN02,05/11/2024,1.23,2.32,1.78,7.000664656887036,100.72698878053667,05/11/2024,4.446056539951366,3.111661545208241,3.110179191013346,2.669302709314888,4.446056539951366,1.3358773489380198,"LINESTRING(100.72705427862991 7.000545883401504,100.72696690409101 7.000704264535412)",3.778117865482356,3.8438889792628705,4590,0,3216,639
2487,,3220,3225,3220,20241030RUN02,05/11/2024,1.54,2.07,1.8,7.00070423508642,100.7269669059561,05/11/2024,3.740760536242905,2.577227530874866,2.960275327479206,1.972546287086212,3.740760536242905,0.7804852087636989,"LINESTRING(100.72696690409101 7.000704264535412,100.72687902396035 7.000862366211797)",3.350517931861056,3.0956849006044993,4590,0,3221,640
2488,,3225,3230,3225,20241030RUN02,05/11/2024,1.23,2.08,1.66,7.0007437655942,100.72694494518106,05/11/2024,3.740760536242905,2.577227530874866,2.960275327479206,1.972546287086212,3.740760536242905,0.7804852087636989,"LINESTRING(100.72696690409101 7.000704264535412,100.72687902396035 7.000862366211797)",3.350517931861056,3.276186351060979,4590,0,3226,641
2489,,3230,3235,3230,20241030RUN02,05/11/2024,1.47,1.99,1.73,7.000783274528434,100.72692294562198,05/11/2024,3.740760536242905,2.577227530874866,2.960275327479206,1.972546287086212,3.740760536242905,0.7804852087636989,"LINESTRING(100.72696690409101 7.000704264535412,100.72687902396035 7.000862366211797)",3.350517931861056,3.5773313742426076,4590,0,3231,642
2490,,3235,3240,3235,20241030RUN02,05/11/2024,0.73,1.32,1.02,7.000822795014029,100.72690096674762,05/11/2024,3.740760536242905,2.577227530874866,2.960275327479206,1.972546287086212,3.740760536242905,0.7804852087636989,"LINESTRING(100.72696690409101 7.000704264535412,100.72687902396035 7.000862366211797)",3.350517931861056,3.5968733760380456,4590,0,3236,643
2491,,3240,3245,3240,20241030RUN02,05/11/2024,1.0,1.92,1.46,7.000862336559558,100.72687902592514,05/11/2024,2.691568460613401,2.025209290749294,2.947929286584084,1.8205229222920407,2.947929286584084,0.2563608259706829,"LINESTRING(100.72687902396035 7.000862366211797,100.72679133156501 7.0010205714761735)",2.8197488735987424,2.7936410458500487,4590,0,3241,644
2492,,3245,3250,3245,20241030RUN02,05/11/2024,0.99,1.88,1.44,7.000901862468198,100.72685705699833,05/11/2024,2.691568460613401,2.025209290749294,2.947929286584084,1.8205229222920407,2.947929286584084,0.2563608259706829,"LINESTRING(100.72687902396035 7.000862366211797,100.72679133156501 7.0010205714761735)",2.8197488735987424,3.0858816112808696,4590,0,3246,645
2493,,3250,3255,3250,20241030RUN02,05/11/2024,1.19,2.98,2.08,7.000941375146191,100.72683506405558,05/11/2024,2.691568460613401,2.025209290749294,2.947929286584084,1.8205229222920407,2.947929286584084,0.2563608259706829,"LINESTRING(100.72687902396035 7.000862366211797,100.72679133156501 7.0010205714761735)",2.8197488735987424,2.569533161534672,4590,0,3251,646
2494,,3255,3260,3255,20241030RUN02,05/11/2024,1.56,2.86,2.21,7.000980918553975,100.7268131264681,05/11/2024,2.691568460613401,2.025209290749294,2.947929286584084,1.8205229222920407,2.947929286584084,0.2563608259706829,"LINESTRING(100.72687902396035 7.000862366211797,100.72679133156501 7.0010205714761735)",2.8197488735987424,2.6912574963524767,4590,0,3256,647
2495,,3260,3265,3260,20241030RUN02,05/11/2024,1.16,1.79,1.48,7.00102054174228,100.72679133362105,05/11/2024,2.4164055107305247,1.7364403790208112,2.4033737051833173,1.7571503552336811,2.4164055107305247,0.0130318055472073,"LINESTRING(100.72679133156501 7.0010205714761735,100.72670503015691 7.001179538324435)",2.409889607956921,2.5540626904185224,4590,0,3261,648
2496,,3265,3270,3265,20241030RUN02,05/11/2024,1.07,1.66,1.36,7.001060255196555,100.7267697059278,05/11/2024,2.4164055107305247,1.7364403790208112,2.4033737051833173,1.7571503552336811,2.4164055107305247,0.0130318055472073,"LINESTRING(100.72679133156501 7.0010205714761735,100.72670503015691 7.001179538324435)",2.409889607956921,2.3939093577229817,4590,0,3266,649
2497,,3270,3275,3270,20241030RUN02,05/11/2024,0.82,1.61,1.22,7.001100015908043,100.72674816525239,05/11/2024,2.4164055107305247,1.7364403790208112,2.4033737051833173,1.7571503552336811,2.4164055107305247,0.0130318055472073,"LINESTRING(100.72679133156501 7.0010205714761735,100.72670503015691 7.001179538324435)",2.409889607956921,2.6180829249875264,4590,0,3271,650
2498,,3275,3280,3275,20241030RUN02,05/11/2024,1.28,2.0,1.64,7.001139783981887,100.72672663817352,05/11/2024,2.4164055107305247,1.7364403790208112,2.4033737051833173,1.7571503552336811,2.4164055107305247,0.0130318055472073,"LINESTRING(100.72679133156501 7.0010205714761735,100.72670503015691 7.001179538324435)",2.409889607956921,2.3362883987450167,4590,0,3276,651
2499,,3280,3285,3280,20241030RUN02,05/11/2024,0.99,1.75,1.37,7.00117950936846,100.72670503224018,05/11/2024,2.985113411553641,2.4415270488371807,2.7375274727406125,1.8890286530871263,2.985113411553641,0.2475859388130286,"LINESTRING(100.72670503015691 7.001179538324435,100.72661763197866 7.001337905616917)",2.861320442147127,2.8493819341379614,4590,0,3281,652
2500,,3285,3290,3285,20241030RUN02,05/11/2024,0.35,2.28,1.32,7.00121916501836,100.72668329848645,05/11/2024,2.985113411553641,2.4415270488371807,2.7375274727406125,1.8890286530871263,2.985113411553641,0.2475859388130286,"LINESTRING(100.72670503015691 7.001179538324435,100.72661763197866 7.001337905616917)",2.861320442147127,2.7602409841182483,4590,0,3286,653
2501,,3290,3295,3290,20241030RUN02,05/11/2024,0.34,0.9,0.62,7.001258769292318,100.72666147109315,05/11/2024,2.985113411553641,2.4415270488371807,2.7375274727406125,1.8890286530871263,2.985113411553641,0.2475859388130286,"LINESTRING(100.72670503015691 7.001179538324435,100.72661763197866 7.001337905616917)",2.861320442147127,2.830311080424121,4590,0,3291,654
2502,,3295,3300,3295,20241030RUN02,05/11/2024,0.08,1.59,0.84,7.001298341718461,100.72663958584852,05/11/2024,2.985113411553641,2.4415270488371807,2.7375274727406125,1.8890286530871263,2.985113411553641,0.2475859388130286,"LINESTRING(100.72670503015691 7.001179538324435,100.72661763197866 7.001337905616917)",2.861320442147127,2.8090280611709484,4590,0,3296,655
2503,,3300,3305,3300,20241030RUN02,05/11/2024,0.55,2.88,1.72,7.001337877414006,100.72661763408694,05/11/2024,1.9699524267588373,1.435172879170191,2.333363788013269,1.7123621297925,2.333363788013269,0.3634113612544316,"LINESTRING(100.72661763197866 7.001337905616917,100.72652754652454 7.001494755173049)",2.1516581073860532,2.1922886674748976,4590,0,3302,656
2504,,3305,3310,3305,20241030RUN02,05/11/2024,0.25,3.14,1.7,7.001377327499807,100.72659552871502,05/11/2024,1.9699524267588373,1.435172879170191,2.333363788013269,1.7123621297925,2.333363788013269,0.3634113612544316,"LINESTRING(100.72661763197866 7.001337905616917,100.72652754652454 7.001494755173049)",2.1516581073860532,2.169741955825789,4590,0,3307,657
2505,,3310,3315,3310,20241030RUN02,05/11/2024,0.06,2.15,1.1,7.00141663749917,100.72657317484901,05/11/2024,1.9699524267588373,1.435172879170191,2.333363788013269,1.7123621297925,2.333363788013269,0.3634113612544316,"LINESTRING(100.72661763197866 7.001337905616917,100.72652754652454 7.001494755173049)",2.1516581073860532,2.0892700283764127,4590,0,3312,658
2506,,3315,3320,3315,20241030RUN02,05/11/2024,0.06,2.4,1.23,7.001455777927087,100.72655052492874,05/11/2024,1.9699524267588373,1.435172879170191,2.333363788013269,1.7123621297925,2.333363788013269,0.3634113612544316,"LINESTRING(100.72661763197866 7.001337905616917,100.72652754652454 7.001494755173049)",2.1516581073860532,2.030376874270328,4590,0,3317,659
2507,,3320,3325,3320,20241030RUN02,05/11/2024,0.17,1.52,0.84,7.001494728008211,100.72652754863338,05/11/2024,2.367031739823962,1.612109927841864,2.6812715911025786,2.3062503730222383,2.6812715911025786,0.3142398512786166,"LINESTRING(100.72652754652454 7.001494755173049,100.72643121784944 7.001647835885642)",2.52415166546327,2.5650124810087447,4590,0,3322,660
2508,,3325,3330,3325,20241030RUN02,05/11/2024,1.02,2.6,1.81,7.00153348142164,100.7265042417331,05/11/2024,2.367031739823962,1.612109927841864,2.6812715911025786,2.3062503730222383,2.6812715911025786,0.3142398512786166,"LINESTRING(100.72652754652454 7.001494755173049,100.72643121784944 7.001647835885642)",2.52415166546327,2.71689746397395,4590,0,3327,661
2509,,3330,3335,3330,20241030RUN02,05/11/2024,2.6,2.61,2.6,7.001571962224944,100.72648048708696,05/11/2024,2.367031739823962,1.612109927841864,2.6812715911025786,2.3062503730222383,2.6812715911025786,0.3142398512786166,"LINESTRING(100.72652754652454 7.001494755173049,100.72643121784944 7.001647835885642)",2.52415166546327,2.4031793732799938,4590,0,3332,662
2510,,3335,3340,3335,20241030RUN02,05/11/2024,1.82,2.4,2.11,7.001610075113849,100.7264561458198,05/11/2024,2.367031739823962,1.612109927841864,2.6812715911025786,2.3062503730222383,2.6812715911025786,0.3142398512786166,"LINESTRING(100.72652754652454 7.001494755173049,100.72643121784944 7.001647835885642)",2.52415166546327,2.6481910441788306,4590,0,3337,663
2511,,3340,3345,3340,20241030RUN02,05/11/2024,1.17,2.33,1.75,7.001647808962289,100.72643122002258,05/11/2024,4.087708275608942,3.532148753842131,5.287172940647325,4.025882375528475,5.287172940647325,1.1994646650383831,"LINESTRING(100.72643121784944 7.001647835885642,100.72632605342713 7.001795002351535)",4.687440608128133,4.7189986847957615,4590,0,3342,664
2512,,3345,3350,3345,20241030RUN02,05/11/2024,1.78,2.3,2.04,7.001685156551221,100.72640571825103,05/11/2024,4.087708275608942,3.532148753842131,5.287172940647325,4.025882375528475,5.287172940647325,1.1994646650383831,"LINESTRING(100.72643121784944 7.001647835885642,100.72632605342713 7.001795002351535)",4.687440608128133,4.52085955239395,4590,0,3347,665
2513,,3350,3355,3350,20241030RUN02,05/11/2024,0.42,1.59,1.01,7.0017220716310025,100.72637959321474,05/11/2024,4.087708275608942,3.532148753842131,5.287172940647325,4.025882375528475,5.287172940647325,1.1994646650383831,"LINESTRING(100.72643121784944 7.001647835885642,100.72632605342713 7.001795002351535)",4.687440608128133,4.507364560599694,4590,0,3352,666
2514,,3355,3360,3355,20241030RUN02,05/11/2024,1.3,1.97,1.64,7.001758632556599,100.72635297356257,05/11/2024,4.087708275608942,3.532148753842131,5.287172940647325,4.025882375528475,5.287172940647325,1.1994646650383831,"LINESTRING(100.72643121784944 7.001647835885642,100.72632605342713 7.001795002351535)",4.687440608128133,5.011763138713053,4590,0,3357,667
2515,,3360,3365,3360,20241030RUN02,05/11/2024,0.7,1.61,1.16,7.001794975121514,100.7263260557173,05/11/2024,3.336978070906695,2.422391976671239,3.1872723942334917,2.415115650618683,3.336978070906695,0.1497056766732036,"LINESTRING(100.72632605342713 7.001795002351535,100.72621655047287 7.001938998959714)",3.262125232570093,3.284747785649225,4590,0,3362,668
2516,,3365,3370,3365,20241030RUN02,05/11/2024,0.86,1.28,1.07,7.001831153438238,100.72629891724672,05/11/2024,3.336978070906695,2.422391976671239,3.1872723942334917,2.415115650618683,3.336978070906695,0.1497056766732036,"LINESTRING(100.72632605342713 7.001795002351535,100.72621655047287 7.001938998959714)",3.262125232570093,3.5131575934333434,4590,0,3367,669
2517,,3370,3375,3370,20241030RUN02,05/11/2024,0.28,1.3,0.79,7.001867190619859,100.72627159128791,05/11/2024,3.336978070906695,2.422391976671239,3.1872723942334917,2.415115650618683,3.336978070906695,0.1497056766732036,"LINESTRING(100.72632605342713 7.001795002351535,100.72621655047287 7.001938998959714)",3.262125232570093,3.2443456641851958,4590,0,3372,670
2518,,3375,3380,3375,20241030RUN02,05/11/2024,0.53,0.94,0.74,7.001903112268104,100.72624411333283,05/11/2024,3.336978070906695,2.422391976671239,3.1872723942334917,2.415115650618683,3.336978070906695,0.1497056766732036,"LINESTRING(100.72632605342713 7.001795002351535,100.72621655047287 7.001938998959714)",3.262125232570093,3.239373549825397,4590,0,3377,671
2519,,3380,3385,3380,20241030RUN02,05/11/2024,0.23,1.32,0.78,7.00193897086939,100.72621655293425,05/11/2024,3.163514440515677,2.0684241402306185,3.136829700564636,2.458270450057755,3.163514440515677,0.0266847399510408,"LINESTRING(100.72621655047287 7.001938998959714,100.72610684933096 7.002082846827024)",3.1501720705401564,3.2120327507549398,4590,0,3382,672
2520,,3385,3390,3385,20241030RUN02,05/11/2024,0.41,1.66,1.03,7.001974842203846,100.72618900916805,05/11/2024,3.163514440515677,2.0684241402306185,3.136829700564636,2.458270450057755,3.163514440515677,0.0266847399510408,"LINESTRING(100.72621655047287 7.001938998959714,100.72610684933096 7.002082846827024)",3.1501720705401564,3.1868605211819676,4590,0,3387,673
2521,,3390,3395,3390,20241030RUN02,05/11/2024,1.35,1.3,1.33,7.002010780492781,100.72616155301145,05/11/2024,3.163514440515677,2.0684241402306185,3.136829700564636,2.458270450057755,3.163514440515677,0.0266847399510408,"LINESTRING(100.72621655047287 7.001938998959714,100.72610684933096 7.002082846827024)",3.1501720705401564,3.3352597984956973,4590,0,3392,674
2522,,3395,3400,3395,20241030RUN02,05/11/2024,1.71,1.76,1.74,7.002046783309188,100.72613418168108,05/11/2024,3.163514440515677,2.0684241402306185,3.136829700564636,2.458270450057755,3.163514440515677,0.0266847399510408,"LINESTRING(100.72621655047287 7.001938998959714,100.72610684933096 7.002082846827024)",3.1501720705401564,3.0113795036097386,4590,0,3397,675
2523,,3400,3405,3400,20241030RUN02,05/11/2024,0.93,1.91,1.42,7.002082817671756,100.72610685198742,05/11/2024,2.4181222202155115,1.8115689692474817,3.309789818385659,2.327487745460136,3.309789818385659,0.8916675981701476,"LINESTRING(100.72610684933096 7.002082846827024,100.72599872741154 7.002227882064768)",2.863956019300585,3.066143536761266,4590,0,3402,676
2524,,3405,3410,3405,20241030RUN02,05/11/2024,1.16,1.15,1.15,7.002118916586477,100.72607960774967,05/11/2024,2.4181222202155115,1.8115689692474817,3.309789818385659,2.327487745460136,3.309789818385659,0.8916675981701476,"LINESTRING(100.72610684933096 7.002082846827024,100.72599872741154 7.002227882064768)",2.863956019300585,2.6883877885021827,4590,0,3407,677
2525,,3410,3415,3410,20241030RUN02,05/11/2024,1.31,1.09,1.2,7.0021551414951615,100.72605253160236,05/11/2024,2.4181222202155115,1.8115689692474817,3.309789818385659,2.327487745460136,3.309789818385659,0.8916675981701476,"LINESTRING(100.72610684933096 7.002082846827024,100.72599872741154 7.002227882064768)",2.863956019300585,2.7722399313817068,4590,0,3412,678
2526,,3415,3420,3415,20241030RUN02,05/11/2024,2.04,0.86,1.45,7.002191479838063,100.72602560799035,05/11/2024,2.4181222202155115,1.8115689692474817,3.309789818385659,2.327487745460136,3.309789818385659,0.8916675981701476,"LINESTRING(100.72610684933096 7.002082846827024,100.72599872741154 7.002227882064768)",2.863956019300585,2.923217782457538,4590,0,3417,679
2527,,3420,3425,3420,20241030RUN02,05/11/2024,1.06,1.4,1.23,7.002227852050137,100.72599873024816,05/11/2024,3.9295897056093168,2.5063161898006974,4.489835451887825,3.243744025589226,4.489835451887825,0.5602457462785084,"LINESTRING(100.72599872741154 7.002227882064768,100.72589100311137 7.002373213836856)",4.2097125787485705,4.157623645135394,4590,0,3422,680
2528,,3425,3430,3425,20241030RUN02,05/11/2024,3.52,0.55,2.04,7.002264191409359,100.72597180793024,05/11/2024,3.9295897056093168,2.5063161898006974,4.489835451887825,3.243744025589226,4.489835451887825,0.5602457462785084,"LINESTRING(100.72599872741154 7.002227882064768,100.72589100311137 7.002373213836856)",4.2097125787485705,4.611668349736124,4590,0,3427,681
2529,,3430,3435,3430,20241030RUN02,05/11/2024,2.27,0.68,1.48,7.002300501939124,100.725944846665,05/11/2024,3.9295897056093168,2.5063161898006974,4.489835451887825,3.243744025589226,4.489835451887825,0.5602457462785084,"LINESTRING(100.72599872741154 7.002227882064768,100.72589100311137 7.002373213836856)",4.2097125787485705,4.223376818996976,4590,0,3432,682
2530,,3435,3440,3435,20241030RUN02,05/11/2024,2.03,0.59,1.31,7.002336813866704,100.7259178873928,05/11/2024,3.9295897056093168,2.5063161898006974,4.489835451887825,3.243744025589226,4.489835451887825,0.5602457462785084,"LINESTRING(100.72599872741154 7.002227882064768,100.72589100311137 7.002373213836856)",4.2097125787485705,4.024132801081613,4590,0,3437,683
2531,,3440,3445,3440,20241030RUN02,05/11/2024,1.9,0.3,1.1,7.002373183469566,100.72589100608286,05/11/2024,2.885295837444058,2.1712700158185845,3.792888169696647,2.75668421757559,3.792888169696647,0.9075923322525888,"LINESTRING(100.72589100311137 7.002373213836856,100.72578482976448 7.0025196793484925)",3.3390920035703524,3.462870157413662,4590,0,3442,684
2532,,3445,3450,3445,20241030RUN02,05/11/2024,2.02,0.28,1.15,7.002409648062513,100.72586425409975,05/11/2024,2.885295837444058,2.1712700158185845,3.792888169696647,2.75668421757559,3.792888169696647,0.9075923322525888,"LINESTRING(100.72589100311137 7.002373213836856,100.72578482976448 7.0025196793484925)",3.3390920035703524,3.370123558749953,4590,0,3447,685
2533,,3450,3455,3450,20241030RUN02,05/11/2024,1.85,1.08,1.46,7.002446235984399,100.72583767139952,05/11/2024,2.885295837444058,2.1712700158185845,3.792888169696647,2.75668421757559,3.792888169696647,0.9075923322525888,"LINESTRING(100.72589100311137 7.002373213836856,100.72578482976448 7.0025196793484925)",3.3390920035703524,3.291101241995641,4590,0,3452,686
2534,,3455,3460,3455,20241030RUN02,05/11/2024,3.0,1.42,2.21,7.002482926494019,100.72581123068757,05/11/2024,2.885295837444058,2.1712700158185845,3.792888169696647,2.75668421757559,3.792888169696647,0.9075923322525888,"LINESTRING(100.72589100311137 7.002373213836856,100.72578482976448 7.0025196793484925)",3.3390920035703524,3.495097690246549,4590,0,3458,687
2535,,3460,3465,3460,20241030RUN02,05/11/2024,1.29,1.73,1.51,7.002519647931908,100.72578483294072,05/11/2024,3.6017551634218616,2.444132587347257,4.425846832766986,3.120456829963605,4.425846832766986,0.8240916693451243,"LINESTRING(100.72578482976448 7.0025196793484925,100.72567960420315 7.002666826387739)",4.013800998094424,4.0165573165707595,4590,0,3463,688
2536,,3465,3470,3465,20241030RUN02,05/11/2024,1.11,0.96,1.04,7.002556352931077,100.72575841225941,05/11/2024,3.6017551634218616,2.444132587347257,4.425846832766986,3.120456829963605,4.425846832766986,0.8240916693451243,"LINESTRING(100.72578482976448 7.0025196793484925,100.72567960420315 7.002666826387739)",4.013800998094424,3.9317566502246972,4590,0,3468,689
2537,,3470,3475,3470,20241030RUN02,05/11/2024,1.63,1.03,1.33,7.002593067720951,100.72573200527808,05/11/2024,3.6017551634218616,2.444132587347257,4.425846832766986,3.120456829963605,4.425846832766986,0.8240916693451243,"LINESTRING(100.72578482976448 7.0025196793484925,100.72567960420315 7.002666826387739)",4.013800998094424,3.8490097398354006,4590,0,3473,690
2538,,3475,3480,3475,20241030RUN02,05/11/2024,2.16,0.58,1.37,7.002629865741913,100.72570571466035,05/11/2024,3.6017551634218616,2.444132587347257,4.425846832766986,3.120456829963605,4.425846832766986,0.8240916693451243,"LINESTRING(100.72578482976448 7.0025196793484925,100.72567960420315 7.002666826387739)",4.013800998094424,4.061711035286873,4590,0,3478,691
2539,,3480,3485,3480,20241030RUN02,05/11/2024,2.31,0.91,1.61,7.002666793985447,100.72567960758208,05/11/2024,4.224754942291629,3.642483189371501,5.572232223044464,4.557100135620733,5.572232223044464,1.3474772807528357,"LINESTRING(100.72567960420315 7.002666826387739,100.72557504389054 7.002814446392683)",4.8984935826680465,5.093804639521486,4590,0,3483,692
2540,,3485,3490,3485,20241030RUN02,05/11/2024,3.75,0.47,2.11,7.002703782175892,100.72565358558268,05/11/2024,4.224754942291629,3.642483189371501,5.572232223044464,4.557100135620733,5.572232223044464,1.3474772807528357,"LINESTRING(100.72567960420315 7.002666826387739,100.72557504389054 7.002814446392683)",4.8984935826680465,5.028821667284025,4590,0,3488,693
2541,,3490,3495,3490,20241030RUN02,05/11/2024,3.26,0.82,2.04,7.002740736753486,100.72562751566535,05/11/2024,4.224754942291629,3.642483189371501,5.572232223044464,4.557100135620733,5.572232223044464,1.3474772807528357,"LINESTRING(100.72567960420315 7.002666826387739,100.72557504389054 7.002814446392683)",4.8984935826680465,4.556228001585069,4590,0,3493,694
2542,,3495,3500,3495,20241030RUN02,05/11/2024,3.99,1.01,2.5,7.0027776267990065,100.72560135435467,05/11/2024,4.224754942291629,3.642483189371501,5.572232223044464,4.557100135620733,5.572232223044464,1.3474772807528357,"LINESTRING(100.72567960420315 7.002666826387739,100.72557504389054 7.002814446392683)",4.8984935826680465,5.047036247418773,4590,0,3498,695
2543,,3500,3505,3500,20241030RUN02,05/11/2024,2.89,1.71,2.3,7.002814413165809,100.7255750474592,05/11/2024,5.30794100686291,5.239441446568683,5.814279538298361,4.556461644631228,5.814279538298361,0.5063385314354516,"LINESTRING(100.72557504389054 7.002814446392683,100.72546997168968 7.0029617041898895)",5.561110272580636,5.236023790244832,4590,0,3503,696
2544,,3505,3510,3505,20241030RUN02,05/11/2024,0.86,1.78,1.32,7.002851152812995,100.72554867526385,05/11/2024,5.30794100686291,5.239441446568683,5.814279538298361,4.556461644631228,5.814279538298361,0.5063385314354516,"LINESTRING(100.72557504389054 7.002814446392683,100.72546997168968 7.0029617041898895)",5.561110272580636,5.992530542517977,4590,0,3508,697
2545,,3510,3515,3510,20241030RUN02,05/11/2024,1.36,2.17,1.76,7.002887955391553,100.72552239109959,05/11/2024,5.30794100686291,5.239441446568683,5.814279538298361,4.556461644631228,5.814279538298361,0.5063385314354516,"LINESTRING(100.72557504389054 7.002814446392683,100.72546997168968 7.0029617041898895)",5.561110272580636,5.997672637043016,4590,0,3513,698
2546,,3515,3520,3515,20241030RUN02,05/11/2024,1.03,2.04,1.54,7.002924795782388,100.72549615995585,05/11/2024,5.30794100686291,5.239441446568683,5.814279538298361,4.556461644631228,5.814279538298361,0.5063385314354516,"LINESTRING(100.72557504389054 7.002814446392683,100.72546997168968 7.0029617041898895)",5.561110272580636,5.0633179021903,4590,0,3518,699
2547,,3520,3525,3520,20241030RUN02,05/11/2024,0.43,1.2,0.82,7.002961669095832,100.72546997556795,05/11/2024,3.201926847612286,2.268358079932149,2.5923622499569507,1.90904417249002,3.201926847612286,0.6095645976553352,"LINESTRING(100.72546997168968 7.0029617041898895,100.72536471078698 7.003108823263785)",2.8971445487846186,2.8015188504102118,4590,0,3523,700
2548,,3525,3530,3525,20241030RUN02,05/11/2024,1.7,0.95,1.32,7.002998613550984,100.72544389175538,05/11/2024,3.201926847612286,2.268358079932149,2.5923622499569507,1.90904417249002,3.201926847612286,0.6095645976553352,"LINESTRING(100.72546997168968 7.0029617041898895,100.72536471078698 7.003108823263785)",2.8971445487846186,2.786996920460961,4590,0,3528,701
2549,,3530,3535,3530,20241030RUN02,05/11/2024,1.05,1.27,1.16,7.003035522047405,100.72541775697886,05/11/2024,3.201926847612286,2.268358079932149,2.5923622499569507,1.90904417249002,3.201926847612286,0.6095645976553352,"LINESTRING(100.72546997168968 7.0029617041898895,100.72536471078698 7.003108823263785)",2.8971445487846186,2.7411245224139154,4590,0,3533,702
2550,,3535,3540,3535,20241030RUN02,05/11/2024,1.52,2.07,1.8,7.003072271882102,100.72539139923153,05/11/2024,3.201926847612286,2.268358079932149,2.5923622499569507,1.90904417249002,3.201926847612286,0.6095645976553352,"LINESTRING(100.72546997168968 7.0029617041898895,100.72536471078698 7.003108823263785)",2.8971445487846186,2.9981157271902106,4590,0,3538,703
2551,,3540,3545,3540,20241030RUN02,05/11/2024,1.57,2.15,1.86,7.003108785739458,100.72536471504955,05/11/2024,2.5221647750631355,1.7676534329870146,2.233936898808212,1.813944304804856,2.5221647750631355,0.2882278762549237,"LINESTRING(100.72536471078698 7.003108823263785,100.72525473769268 7.0032524564723815)",2.3780508369356737,2.514174104904115,4590,0,3543,704
2552,,3545,3550,3545,20241030RUN02,05/11/2024,1.4,1.9,1.65,7.003145031854652,100.72533766763377,05/11/2024,2.5221647750631355,1.7676534329870146,2.233936898808212,1.813944304804856,2.5221647750631355,0.2882278762549237,"LINESTRING(100.72536471078698 7.003108823263785,100.72525473769268 7.0032524564723815)",2.3780508369356737,2.563760701373801,4590,0,3548,705
2553,,3550,3555,3550,20241030RUN02,05/11/2024,1.32,0.76,1.04,7.003181009430196,100.7253102633703,05/11/2024,2.5221647750631355,1.7676534329870146,2.233936898808212,1.813944304804856,2.5221647750631355,0.2882278762549237,"LINESTRING(100.72536471078698 7.003108823263785,100.72525473769268 7.0032524564723815)",2.3780508369356737,2.2490677673448056,4590,0,3553,706
2554,,3555,3560,3555,20241030RUN02,05/11/2024,1.11,1.4,1.25,7.003216778024581,100.72528258638798,05/11/2024,2.5221647750631355,1.7676534329870146,2.233936898808212,1.813944304804856,2.5221647750631355,0.2882278762549237,"LINESTRING(100.72536471078698 7.003108823263785,100.72525473769268 7.0032524564723815)",2.3780508369356737,2.2029545983750367,4590,0,3558,707
2555,,3560,3565,3560,20241030RUN02,05/11/2024,1.33,2.74,2.04,7.003252416920507,100.72525474231328,05/11/2024,2.7543469224710755,1.899810176944272,3.261089728630667,2.224456529613368,3.261089728630667,0.5067428061595916,"LINESTRING(100.72525473769268 7.0032524564723815,100.72514080409937 7.003392973273967)",3.0077183255508713,2.992256163941309,4590,0,3563,708
2556,,3565,3570,3565,20241030RUN02,05/11/2024,1.49,2.29,1.89,7.003287900256639,100.72522669995705,05/11/2024,2.7543469224710755,1.899810176944272,3.261089728630667,2.224456529613368,3.261089728630667,0.5067428061595916,"LINESTRING(100.72525473769268 7.0032524564723815,100.72514080409937 7.003392973273967)",3.0077183255508713,3.075843608561698,4590,0,3568,709
2557,,3570,3575,3570,20241030RUN02,05/11/2024,2.03,2.56,2.3,7.003323145885784,100.72519835906719,05/11/2024,2.7543469224710755,1.899810176944272,3.261089728630667,2.224456529613368,3.261089728630667,0.5067428061595916,"LINESTRING(100.72525473769268 7.0032524564723815,100.72514080409937 7.003392973273967)",3.0077183255508713,3.2244821006583155,4590,0,3573,710
2558,,3575,3580,3575,20241030RUN02,05/11/2024,2.78,1.29,2.04,7.003358132971385,100.7251696990718,05/11/2024,2.7543469224710755,1.899810176944272,3.261089728630667,2.224456529613368,3.261089728630667,0.5067428061595916,"LINESTRING(100.72525473769268 7.0032524564723815,100.72514080409937 7.003392973273967)",3.0077183255508713,2.7619546175741303,4590,0,3578,711
2559,,3580,3585,3580,20241030RUN02,05/11/2024,3.32,1.8,2.56,7.003392930967832,100.7251408091833,05/11/2024,3.405315426282847,2.2545451997206465,4.7780358273475,3.5799922391599552,4.7780358273475,1.3727204010646528,"LINESTRING(100.72514080409937 7.003392973273967,100.72502335074775 7.003530572053858)",4.0916756268151735,4.118767980140892,4590,0,3583,712
2560,,3585,3590,3585,20241030RUN02,05/11/2024,2.5,1.97,2.24,7.003427579527703,100.72511173982969,05/11/2024,3.405315426282847,2.2545451997206465,4.7780358273475,3.5799922391599552,4.7780358273475,1.3727204010646528,"LINESTRING(100.72514080409937 7.003392973273967,100.72502335074775 7.003530572053858)",4.0916756268151735,4.487474975464462,4590,0,3588,713
2561,,3590,3595,3590,20241030RUN02,05/11/2024,2.5,2.49,2.5,7.0034620403253465,100.72508244771514,05/11/2024,3.405315426282847,2.2545451997206465,4.7780358273475,3.5799922391599552,4.7780358273475,1.3727204010646528,"LINESTRING(100.72514080409937 7.003392973273967,100.72502335074775 7.003530572053858)",4.0916756268151735,3.703974958566426,4590,0,3593,714
2562,,3595,3600,3595,20241030RUN02,05/11/2024,3.19,1.52,2.36,7.003496332833025,100.72505295834816,05/11/2024,3.405315426282847,2.2545451997206465,4.7780358273475,3.5799922391599552,4.7780358273475,1.3727204010646528,"LINESTRING(100.72514080409937 7.003392973273967,100.72502335074775 7.003530572053858)",4.0916756268151735,4.002961615844706,4590,0,3598,715
2563,,3600,3605,3600,20241030RUN02,05/11/2024,2.3,0.42,1.36,7.003530528385856,100.72502335614583,05/11/2024,3.713887029372931,2.511733640588458,5.317732947533596,4.395482067768891,5.317732947533596,1.603845918160665,"LINESTRING(100.72502335074775 7.003530572053858,100.72490347631627 7.003666071326)",4.515809988453263,4.730730703903493,4590,0,3603,716
2564,,3605,3610,3605,20241030RUN02,05/11/2024,5.47,0.11,2.79,7.0035645877863955,100.72499359708382,05/11/2024,3.713887029372931,2.511733640588458,5.317732947533596,4.395482067768891,5.317732947533596,1.603845918160665,"LINESTRING(100.72502335074775 7.003530572053858,100.72490347631627 7.003666071326)",4.515809988453263,4.702964817661566,4590,0,3609,717
2565,,3610,3615,3610,20241030RUN02,05/11/2024,2.29,1.02,1.66,7.003598479901254,100.7249636472605,05/11/2024,3.713887029372931,2.511733640588458,5.317732947533596,4.395482067768891,5.317732947533596,1.603845918160665,"LINESTRING(100.72502335074775 7.003530572053858,100.72490347631627 7.003666071326)",4.515809988453263,4.2836556653150835,4590,0,3614,718
2566,,3615,3620,3615,20241030RUN02,05/11/2024,1.34,0.26,0.8,7.003632298071207,100.72493361359629,05/11/2024,3.713887029372931,2.511733640588458,5.317732947533596,4.395482067768891,5.317732947533596,1.603845918160665,"LINESTRING(100.72502335074775 7.003530572053858,100.72490347631627 7.003666071326)",4.515809988453263,4.306683676300379,4590,0,3619,719
2567,,3620,3625,3620,20241030RUN02,05/11/2024,1.41,0.04,0.72,7.003666028992073,100.72490348169784,05/11/2024,4.227548305802985,2.993959436041973,5.824703618657278,5.239657806426514,5.824703618657278,1.5971553128542926,"LINESTRING(100.72490347631627 7.003666071326,100.7247806728185 7.003798918890982)",5.0261259622301315,5.498108313707127,4590,0,3624,720
2568,,3625,3630,3625,20241030RUN02,05/11/2024,1.14,0.56,0.85,7.003699570378363,100.72487313867822,05/11/2024,4.227548305802985,2.993959436041973,5.824703618657278,5.239657806426514,5.824703618657278,1.5971553128542926,"LINESTRING(100.72490347631627 7.003666071326,100.7247806728185 7.003798918890982)",5.0261259622301315,4.717670555405296,4590,0,3629,721
2569,,3630,3635,3630,20241030RUN02,05/11/2024,1.56,1.4,1.48,7.0037329040292935,100.72484256721575,05/11/2024,4.227548305802985,2.993959436041973,5.824703618657278,5.239657806426514,5.824703618657278,1.5971553128542926,"LINESTRING(100.72490347631627 7.003666071326,100.7247806728185 7.003798918890982)",5.0261259622301315,4.939225281729233,4590,0,3634,722
2570,,3635,3640,3635,20241030RUN02,05/11/2024,0.17,0.44,0.3,7.0037660323971345,100.72481177313863,05/11/2024,4.227548305802985,2.993959436041973,5.824703618657278,5.239657806426514,5.824703618657278,1.5971553128542926,"LINESTRING(100.72490347631627 7.003666071326,100.7247806728185 7.003798918890982)",5.0261259622301315,4.7631592416277035,4590,0,3639,723
2571,,3640,3645,3640,20241030RUN02,05/11/2024,0.13,0.06,0.1,7.00379887864518,100.72478067807886,05/11/2024,6.364941455039109,4.37548600383946,4.544504589308456,3.353872815532553,6.364941455039109,1.8204368657306524,"LINESTRING(100.7247806728185 7.003798918890982,100.7246519903599 7.003926064010655)",5.454723022173782,5.204953980795026,4590,0,3644,724
2572,,3645,3650,3645,20241030RUN02,05/11/2024,0.13,0.23,0.18,7.003831308858382,100.72474914893147,05/11/2024,6.364941455039109,4.37548600383946,4.544504589308456,3.353872815532553,6.364941455039109,1.8204368657306524,"LINESTRING(100.7247806728185 7.003798918890982,100.7246519903599 7.003926064010655)",5.454723022173782,5.559189811745604,4590,0,3649,725
2573,,3650,3655,3650,20241030RUN02,05/11/2024,0.79,0.55,0.67,7.003863359114476,100.72471723280893,05/11/2024,6.364941455039109,4.37548600383946,4.544504589308456,3.353872815532553,6.364941455039109,1.8204368657306524,"LINESTRING(100.7247806728185 7.003798918890982,100.7246519903599 7.003926064010655)",5.454723022173782,5.707864739996876,4590,0,3654,726
2574,,3655,3660,3655,20241030RUN02,05/11/2024,1.65,1.27,1.46,7.00389501909224,100.72468492918318,05/11/2024,6.364941455039109,4.37548600383946,4.544504589308456,3.353872815532553,6.364941455039109,1.8204368657306524,"LINESTRING(100.7247806728185 7.003798918890982,100.7246519903599 7.003926064010655)",5.454723022173782,5.496885800759519,4590,0,3659,727
2575,,3660,3665,3660,20241030RUN02,05/11/2024,0.37,2.51,1.44,7.003926023730616,100.72465199577682,05/11/2024,7.033128373102645,5.29951157968438,4.9479560046031335,3.3759591913638074,7.033128373102645,2.085172368499512,"LINESTRING(100.7246519903599 7.003926064010655,100.72451020414695 7.004038123303861)",5.990542188852889,6.053363285363521,4590,0,3664,728
2576,,3665,3670,3665,20241030RUN02,05/11/2024,0.0,1.76,0.88,7.003956173310268,100.72461827708972,05/11/2024,7.033128373102645,5.29951157968438,4.9479560046031335,3.3759591913638074,7.033128373102645,2.085172368499512,"LINESTRING(100.7246519903599 7.003926064010655,100.72451020414695 7.004038123303861)",5.990542188852889,5.741098697964422,4590,0,3669,729
2577,,3670,3675,3670,20241030RUN02,05/11/2024,0.72,2.07,1.4,7.003985142217898,100.72458353947499,05/11/2024,7.033128373102645,5.29951157968438,4.9479560046031335,3.3759591913638074,7.033128373102645,2.085172368499512,"LINESTRING(100.7246519903599 7.003926064010655,100.72451020414695 7.004038123303861)",5.990542188852889,6.4541133901515995,4590,0,3674,730
2578,,3675,3680,3675,20241030RUN02,05/11/2024,0.27,2.25,1.26,7.004012468018675,100.7245474941837,05/11/2024,7.033128373102645,5.29951157968438,4.9479560046031335,3.3759591913638074,7.033128373102645,2.085172368499512,"LINESTRING(100.7246519903599 7.003926064010655,100.72451020414695 7.004038123303861)",5.990542188852889,5.494712476993107,4590,0,3679,731
2579,,3680,3685,3680,20241030RUN02,05/11/2024,0.52,2.82,1.67,7.004038081781913,100.72451020990754,05/11/2024,3.121689174630375,2.0474309612552664,2.9482848581147274,2.1650360235070094,3.121689174630375,0.1734043165156475,"LINESTRING(100.72451020414695 7.004038123303861,100.7243504929467 7.004122658971964)",3.0349870163725514,3.33552936752497,4590,0,3684,732
2580,,3685,3690,3685,20241030RUN02,05/11/2024,0.35,3.41,1.88,7.004062046268111,100.7244718434553,05/11/2024,3.121689174630375,2.0474309612552664,2.9482848581147274,2.1650360235070094,3.121689174630375,0.1734043165156475,"LINESTRING(100.72451020414695 7.004038123303861,100.7243504929467 7.004122658971964)",3.0349870163725514,2.795148128448019,4590,0,3689,733
2581,,3690,3695,3690,20241030RUN02,05/11/2024,1.94,2.35,2.14,7.0040841274771,100.72443236180882,05/11/2024,3.121689174630375,2.0474309612552664,2.9482848581147274,2.1650360235070094,3.121689174630375,0.1734043165156475,"LINESTRING(100.72451020414695 7.004038123303861,100.7243504929467 7.004122658971964)",3.0349870163725514,3.061799322289718,4590,0,3694,734
2582,,3695,3700,3695,20241030RUN02,05/11/2024,1.99,2.07,2.03,7.004104281464134,100.72439186030509,05/11/2024,3.121689174630375,2.0474309612552664,2.9482848581147274,2.1650360235070094,3.121689174630375,0.1734043165156475,"LINESTRING(100.72451020414695 7.004038123303861,100.7243504929467 7.004122658971964)",3.0349870163725514,3.069431032537617,4590,0,3699,735
2583,,3700,3705,3700,20241030RUN02,05/11/2024,5.0,1.46,3.23,7.004122613505243,100.72435049947987,05/11/2024,3.826370322022409,3.0399274396412177,2.84806569005068,2.265224616208935,3.826370322022409,0.9783046319717283,"LINESTRING(100.7243504929467 7.004122658971964,100.72418151688795 7.004187460609054)",3.3372180060365446,3.16191962952381,4590,0,3704,736
2584,,3705,3710,3705,20241030RUN02,05/11/2024,5.14,1.58,3.36,7.004139488098658,100.72430852013356,05/11/2024,3.826370322022409,3.0399274396412177,2.84806569005068,2.265224616208935,3.826370322022409,0.9783046319717283,"LINESTRING(100.7243504929467 7.004122658971964,100.72418151688795 7.004187460609054)",3.3372180060365446,3.544865325778249,4590,0,3709,737
2585,,3710,3715,3710,20241030RUN02,05/11/2024,3.34,1.11,2.22,7.004155519887704,100.72426620983353,05/11/2024,3.826370322022409,3.0399274396412177,2.84806569005068,2.265224616208935,3.826370322022409,0.9783046319717283,"LINESTRING(100.7243504929467 7.004122658971964,100.72418151688795 7.004187460609054)",3.3372180060365446,3.107944871491717,4590,0,3714,738
2586,,3715,3720,3715,20241030RUN02,05/11/2024,4.99,0.51,2.75,7.0041713407359785,100.72422381971916,05/11/2024,3.826370322022409,3.0399274396412177,2.84806569005068,2.265224616208935,3.826370322022409,0.9783046319717283,"LINESTRING(100.7243504929467 7.004122658971964,100.72418151688795 7.004187460609054)",3.3372180060365446,3.6203921934098986,4590,0,3719,739
2587,,3720,3725,3720,20241030RUN02,05/11/2024,4.31,0.6,2.45,7.004187411615843,100.72418152418928,05/11/2024,4.059554534754557,3.785909941713652,3.706341649735245,3.164295754441673,4.059554534754557,0.3532128850193126,"LINESTRING(100.72418151688795 7.004187460609054,100.7240165187646 7.00426152356952)",3.8829480922449013,4.241007226684983,4590,0,3724,740
2588,,3725,3730,3725,20241030RUN02,05/11/2024,1.33,0.92,1.12,7.004204129968761,100.72413948144393,05/11/2024,4.059554534754557,3.785909941713652,3.706341649735245,3.164295754441673,4.059554534754557,0.3532128850193126,"LINESTRING(100.72418151688795 7.004187460609054,100.7240165187646 7.00426152356952)",3.8829480922449013,3.6025887394810034,4590,0,3729,741
2589,,3730,3735,3730,20241030RUN02,05/11/2024,2.49,0.38,1.44,7.004221861348099,100.72409785721992,05/11/2024,4.059554534754557,3.785909941713652,3.706341649735245,3.164295754441673,4.059554534754557,0.3532128850193126,"LINESTRING(100.72418151688795 7.004187460609054,100.7240165187646 7.00426152356952)",3.8829480922449013,3.5207690702972543,4590,0,3734,742
2590,,3735,3740,3735,20241030RUN02,05/11/2024,1.69,2.14,1.92,7.004240860919188,100.72405679839714,05/11/2024,4.059554534754557,3.785909941713652,3.706341649735245,3.164295754441673,4.059554534754557,0.3532128850193126,"LINESTRING(100.72418151688795 7.004187460609054,100.7240165187646 7.00426152356952)",3.8829480922449013,4.238849140904454,4590,0,3739,743
2591,,3740,3745,3740,20241030RUN02,05/11/2024,2.43,1.17,1.8,7.004261471089319,100.72401652685488,05/11/2024,3.2101609719616304,2.386894665810571,4.120413439298085,2.628619251183307,4.120413439298085,0.9102524673364548,"LINESTRING(100.7240165187646 7.00426152356952,100.72386624842241 7.004361921419303)",3.6652872056298578,3.745947414782801,4590,0,3744,744
2592,,3745,3750,3745,20241030RUN02,05/11/2024,2.81,0.32,1.56,7.004283959060433,100.72397727573366,05/11/2024,3.2101609719616304,2.386894665810571,4.120413439298085,2.628619251183307,4.120413439298085,0.9102524673364548,"LINESTRING(100.7240165187646 7.00426152356952,100.72386624842241 7.004361921419303)",3.6652872056298578,3.6040632625367066,4590,0,3749,745
2593,,3750,3755,3750,20241030RUN02,05/11/2024,3.01,0.18,1.6,7.004308343118555,100.72393917528098,05/11/2024,3.2101609719616304,2.386894665810571,4.120413439298085,2.628619251183307,4.120413439298085,0.9102524673364548,"LINESTRING(100.7240165187646 7.00426152356952,100.72386624842241 7.004361921419303)",3.6652872056298578,3.6916685440092354,4590,0,3754,746
2594,,3755,3760,3755,20241030RUN02,05/11/2024,3.21,0.83,2.02,7.004334430907632,100.72390222127225,05/11/2024,3.2101609719616304,2.386894665810571,4.120413439298085,2.628619251183307,4.120413439298085,0.9102524673364548,"LINESTRING(100.7240165187646 7.00426152356952,100.72386624842241 7.004361921419303)",3.6652872056298578,3.4983165123817543,4590,0,3759,747
2595,,3760,3765,3760,20241030RUN02,05/11/2024,4.43,0.66,2.54,7.004361867174106,100.72386625702762,05/11/2024,2.1285784852687843,1.6437909659105678,3.203401485833133,2.4002620525242047,3.203401485833133,1.0748230005643489,"LINESTRING(100.72386624842241 7.004361921419303,100.72372915478894 7.004479934357875)",2.665989985550959,2.5406362207523263,4590,0,,
2596,,3765,3770,3765,20241030RUN02,05/11/2024,5.72,2.09,3.9,7.004390294034694,100.72383107089624,05/11/2024,2.1285784852687843,1.6437909659105678,3.203401485833133,2.4002620525242047,3.203401485833133,1.0748230005643489,"LINESTRING(100.72386624842241 7.004361921419303,100.72372915478894 7.004479934357875)",2.665989985550959,2.6567841843770252,4590,0,3765,748
2597,,3770,3775,3770,20241030RUN02,05/11/2024,5.26,2.6,3.93,7.004419517232623,100.7237965440921,05/11/2024,2.1285784852687843,1.6437909659105678,3.203401485833133,2.4002620525242047,3.203401485833133,1.0748230005643489,"LINESTRING(100.72386624842241 7.004361921419303,100.72372915478894 7.004479934357875)",2.665989985550959,2.893853437699047,4590,0,3770,749
2598,,3775,3780,3775,20241030RUN02,05/11/2024,5.32,2.67,4.0,7.004449448815891,100.72376263026261,05/11/2024,2.1285784852687843,1.6437909659105678,3.203401485833133,2.4002620525242047,3.203401485833133,1.0748230005643489,"LINESTRING(100.72386624842241 7.004361921419303,100.72372915478894 7.004479934357875)",2.665989985550959,2.6067420204640213,4590,0,3775,750
2599,,3780,3785,3780,20241030RUN02,05/11/2024,5.61,3.67,4.64,7.0044798795217496,100.72372916370256,05/11/2024,2.558093070716568,2.2532111156940218,3.7407014375355727,3.4785310194071606,3.7407014375355727,1.1826083668190046,"LINESTRING(100.72372915478894 7.004479934357875,100.72359686849424 7.004603368001925)",3.1493972541260704,3.1743859046582856,4590,0,3780,751
2600,,3785,3790,3785,20241030RUN02,05/11/2024,4.44,4.31,4.38,7.004510554162779,100.72369592070154,05/11/2024,2.558093070716568,2.2532111156940218,3.7407014375355727,3.4785310194071606,3.7407014375355727,1.1826083668190046,"LINESTRING(100.72372915478894 7.004479934357875,100.72359686849424 7.004603368001925)",3.1493972541260704,3.071719747550626,4590,0,3785,752
2601,,3790,3795,3790,20241030RUN02,05/11/2024,4.96,2.83,3.9,7.004541364567998,100.7236628036075,05/11/2024,2.558093070716568,2.2532111156940218,3.7407014375355727,3.4785310194071606,3.7407014375355727,1.1826083668190046,"LINESTRING(100.72372915478894 7.004479934357875,100.72359686849424 7.004603368001925)",3.1493972541260704,3.174393208115407,4590,0,3790,753
2602,,3795,3800,3795,20241030RUN02,05/11/2024,4.8,0.99,2.9,7.004572272544079,100.72362977766703,05/11/2024,2.558093070716568,2.2532111156940218,3.7407014375355727,3.4785310194071606,3.7407014375355727,1.1826083668190046,"LINESTRING(100.72372915478894 7.004479934357875,100.72359686849424 7.004603368001925)",3.1493972541260704,3.350342244910181,4590,0,3795,754
2603,,3800,3805,3800,20241030RUN02,05/11/2024,4.42,0.78,2.6,7.004603313997661,100.7235968774722,05/11/2024,2.35563605322039,1.8594431069754636,3.222668521646964,2.541816653637046,3.222668521646964,0.867032468426574,"LINESTRING(100.72359686849424 7.004603368001925,100.72346797132998 7.004730313916578)",2.789152287433677,2.7441749852342916,4590,0,3800,755
2604,,3805,3810,3805,20241030RUN02,05/11/2024,4.98,2.0,3.49,7.004634587134306,100.72356419786801,05/11/2024,2.35563605322039,1.8594431069754636,3.222668521646964,2.541816653637046,3.222668521646964,0.867032468426574,"LINESTRING(100.72359686849424 7.004603368001925,100.72346797132998 7.004730313916578)",2.789152287433677,2.8921774970204215,4590,0,3805,756
2605,,3810,3815,3810,20241030RUN02,05/11/2024,4.31,3.18,3.74,7.004666132659292,100.72353178158123,05/11/2024,2.35563605322039,1.8594431069754636,3.222668521646964,2.541816653637046,3.222668521646964,0.867032468426574,"LINESTRING(100.72359686849424 7.004603368001925,100.72346797132998 7.004730313916578)",2.789152287433677,2.9306886026452923,4590,0,3810,757
2606,,3815,3820,3815,20241030RUN02,05/11/2024,4.73,2.16,3.44,7.004697977271192,100.72349965962488,05/11/2024,2.35563605322039,1.8594431069754636,3.222668521646964,2.541816653637046,3.222668521646964,0.867032468426574,"LINESTRING(100.72359686849424 7.004603368001925,100.72346797132998 7.004730313916578)",2.789152287433677,2.609804533921274,4590,0,3815,758
2607,,3820,3825,3820,20241030RUN02,05/11/2024,3.79,1.87,2.83,7.004730261046327,100.7234679803063,05/11/2024,3.268404899857609,2.4591973246888865,3.809623189416876,3.126767347631291,3.809623189416876,0.5412182895592665,"LINESTRING(100.72346797132998 7.004730313916578,100.72334716969367 7.004864938200749)",3.5390140446372427,3.2265582369998618,4590,0,3820,759
2608,,3825,3830,3825,20241030RUN02,05/11/2024,3.79,1.05,2.42,7.004763099685847,100.72343687765432,05/11/2024,3.268404899857609,2.4591973246888865,3.809623189416876,3.126767347631291,3.809623189416876,0.5412182895592665,"LINESTRING(100.72346797132998 7.004730313916578,100.72334716969367 7.004864938200749)",3.5390140446372427,3.701062919139803,4590,0,3825,760
2609,,3830,3835,3830,20241030RUN02,05/11/2024,3.76,0.32,2.04,7.004796485902015,100.72340636453195,05/11/2024,3.268404899857609,2.4591973246888865,3.809623189416876,3.126767347631291,3.809623189416876,0.5412182895592665,"LINESTRING(100.72346797132998 7.004730313916578,100.72334716969367 7.004864938200749)",3.5390140446372427,3.324160638026132,4590,0,3830,761
2610,,3835,3840,3835,20241030RUN02,05/11/2024,1.34,0.2,0.77,7.00483041314315,100.72337645528836,05/11/2024,3.268404899857609,2.4591973246888865,3.809623189416876,3.126767347631291,3.809623189416876,0.5412182895592665,"LINESTRING(100.72346797132998 7.004730313916578,100.72334716969367 7.004864938200749)",3.5390140446372427,3.8929123235594103,4590,0,3835,762
2611,,3840,3845,3840,20241030RUN02,05/11/2024,0.79,0.09,0.44,7.004864886744462,100.72334717859441,05/11/2024,3.124987005493449,2.791670453631455,3.207607576865969,2.09050582300758,3.207607576865969,0.0826205713725203,"LINESTRING(100.72334716969367 7.004864938200749,100.72323715989359 7.005008480938006)",3.166297291179709,2.9337694956724563,4590,0,3840,763
2612,,3845,3850,3845,20241030RUN02,05/11/2024,0.67,0.04,0.36,7.004899904017487,100.72331855549307,05/11/2024,3.124987005493449,2.791670453631455,3.207607576865969,2.09050582300758,3.207607576865969,0.0826205713725203,"LINESTRING(100.72334716969367 7.004864938200749,100.72323715989359 7.005008480938006)",3.166297291179709,3.120691456285015,4590,0,3845,764
2613,,3850,3855,3850,20241030RUN02,05/11/2024,0.78,0.23,0.5,7.004935481021355,100.72329063272383,05/11/2024,3.124987005493449,2.791670453631455,3.207607576865969,2.09050582300758,3.207607576865969,0.0826205713725203,"LINESTRING(100.72334716969367 7.004864938200749,100.72323715989359 7.005008480938006)",3.166297291179709,3.0841841619069754,4590,0,3850,765
2614,,3855,3860,3855,20241030RUN02,05/11/2024,2.74,1.35,2.04,7.004971652889677,100.72326348658127,05/11/2024,3.124987005493449,2.791670453631455,3.207607576865969,2.09050582300758,3.207607576865969,0.0826205713725203,"LINESTRING(100.72334716969367 7.004864938200749,100.72323715989359 7.005008480938006)",3.166297291179709,3.4579363349561074,4590,0,3855,766
2615,,3860,3865,3860,20241030RUN02,05/11/2024,1.18,0.08,0.63,7.005008430604949,100.72323716873925,05/11/2024,3.126797789723524,2.5134821154095786,3.772327494659414,3.131886168917691,3.772327494659414,0.6455297049358903,"LINESTRING(100.72323715989359 7.005008480938006,100.7231414089161 7.005161851388134)",3.449562642191469,3.74641761668612,4590,0,3860,767
2616,,3865,3870,3865,20241030RUN02,05/11/2024,0.83,0.05,0.44,7.005045818948554,100.7232117276072,05/11/2024,3.126797789723524,2.5134821154095786,3.772327494659414,3.131886168917691,3.772327494659414,0.6455297049358903,"LINESTRING(100.72323715989359 7.005008480938006,100.7231414089161 7.005161851388134)",3.449562642191469,3.512038413542824,4590,0,3865,768
2617,,3870,3875,3870,20241030RUN02,05/11/2024,1.56,0.24,0.9,7.005083843450475,100.72318724965166,05/11/2024,3.126797789723524,2.5134821154095786,3.772327494659414,3.131886168917691,3.772327494659414,0.6455297049358903,"LINESTRING(100.72323715989359 7.005008480938006,100.7231414089161 7.005161851388134)",3.449562642191469,3.2049594805368686,4590,0,3870,769
2618,,3875,3880,3875,20241030RUN02,05/11/2024,1.47,0.85,1.16,7.005122503702786,100.72316379058441,05/11/2024,3.126797789723524,2.5134821154095786,3.772327494659414,3.131886168917691,3.772327494659414,0.6455297049358903,"LINESTRING(100.72323715989359 7.005008480938006,100.7231414089161 7.005161851388134)",3.449562642191469,3.3335115943249742,4590,0,3875,770
2619,,3880,3885,3880,20241030RUN02,05/11/2024,0.68,0.77,0.73,7.005161801161988,100.72314141785454,05/11/2024,3.1004914594978623,2.631207966233907,2.9849013830810955,2.1968144245482226,3.1004914594978623,0.1155900764167667,"LINESTRING(100.7231414089161 7.005161851388134,100.7230650331117 7.005325660737446)",3.042696421289479,3.244095704083496,4590,0,3880,771
2620,,3885,3890,3885,20241030RUN02,05/11/2024,1.11,0.63,0.87,7.005201769767631,100.72312027031086,05/11/2024,3.1004914594978623,2.631207966233907,2.9849013830810955,2.1968144245482226,3.1004914594978623,0.1155900764167667,"LINESTRING(100.7231414089161 7.005161851388134,100.7230650331117 7.005325660737446)",3.042696421289479,2.868788134427889,4590,0,3885,772
2621,,3890,3895,3890,20241030RUN02,05/11/2024,0.18,0.07,0.12,7.005242420283021,100.72310046792467,05/11/2024,3.1004914594978623,2.631207966233907,2.9849013830810955,2.1968144245482226,3.1004914594978623,0.1155900764167667,"LINESTRING(100.7231414089161 7.005161851388134,100.7230650331117 7.005325660737446)",3.042696421289479,3.226019640645824,4590,0,3890,773
2622,,3895,3900,3895,20241030RUN02,05/11/2024,1.04,0.69,0.86,7.005283724797562,100.72308207131563,05/11/2024,3.1004914594978623,2.631207966233907,2.9849013830810955,2.1968144245482226,3.1004914594978623,0.1155900764167667,"LINESTRING(100.7231414089161 7.005161851388134,100.7230650331117 7.005325660737446)",3.042696421289479,2.985380038417595,4590,0,3895,774
2623,,3900,3905,3900,20241030RUN02,05/11/2024,0.49,0.02,0.26,7.00532561110602,100.72306504201946,05/11/2024,3.959729791639474,2.6454873992541974,3.8266619132221216,2.6962946409587287,3.959729791639474,0.1330678784173518,"LINESTRING(100.7230650331117 7.005325660737446,100.72300874877526 7.005497447183945)",3.8931958524307975,3.955769737924684,4590,0,3900,775
2624,,3905,3910,3905,20241030RUN02,05/11/2024,0.18,0.14,0.16,7.005367973356492,100.72304923499433,05/11/2024,3.959729791639474,2.6454873992541974,3.8266619132221216,2.6962946409587287,3.959729791639474,0.1330678784173518,"LINESTRING(100.7230650331117 7.005325660737446,100.72300874877526 7.005497447183945)",3.8931958524307975,3.6325099918425825,4590,0,3905,776
2625,,3910,3915,3910,20241030RUN02,05/11/2024,0.07,0.88,0.48,7.005410738697813,100.72303455527748,05/11/2024,3.959729791639474,2.6454873992541974,3.8266619132221216,2.6962946409587287,3.959729791639474,0.1330678784173518,"LINESTRING(100.7230650331117 7.005325660737446,100.72300874877526 7.005497447183945)",3.8931958524307975,3.943552251950012,4590,0,3910,777
2626,,3915,3920,3915,20241030RUN02,05/11/2024,0.2,0.01,0.11,7.005453885113269,100.72302103906529,05/11/2024,3.959729791639474,2.6454873992541974,3.8266619132221216,2.6962946409587287,3.959729791639474,0.1330678784173518,"LINESTRING(100.7230650331117 7.005325660737446,100.72300874877526 7.005497447183945)",3.8931958524307975,3.984760641545601,4590,0,3916,778
2627,,3920,3925,3920,20241030RUN02,05/11/2024,0.03,0.29,0.16,7.005497398342992,100.72300875758064,05/11/2024,4.612979978825724,3.5280009225961075,4.301717678940348,3.1452294207663365,4.612979978825724,0.3112622998853762,"LINESTRING(100.72300874877526 7.005497447183945,100.72297084454571 7.00567421121555)",4.4573488288830365,4.230448983788189,4590,0,3921,779
2628,,3925,3930,3925,20241030RUN02,05/11/2024,0.04,0.61,0.32,7.0055412267717365,100.72299765416038,05/11/2024,4.612979978825724,3.5280009225961075,4.301717678940348,3.1452294207663365,4.612979978825724,0.3112622998853762,"LINESTRING(100.72300874877526 7.005497447183945,100.72297084454571 7.00567421121555)",4.4573488288830365,4.48270721643256,4590,0,3926,780
2629,,3930,3935,3930,20241030RUN02,05/11/2024,0.25,0.87,0.56,7.005585318115123,100.72298764711554,05/11/2024,4.612979978825724,3.5280009225961075,4.301717678940348,3.1452294207663365,4.612979978825724,0.3112622998853762,"LINESTRING(100.72300874877526 7.005497447183945,100.72297084454571 7.00567421121555)",4.4573488288830365,4.360282959124431,4590,0,3931,781
2630,,3935,3940,3935,20241030RUN02,05/11/2024,0.26,0.47,0.36,7.005629642646679,100.72297873196503,05/11/2024,4.612979978825724,3.5280009225961075,4.301717678940348,3.1452294207663365,4.612979978825724,0.3112622998853762,"LINESTRING(100.72300874877526 7.005497447183945,100.72297084454571 7.00567421121555)",4.4573488288830365,4.83329897966709,4590,0,3936,782
2631,,3940,3945,3940,20241030RUN02,05/11/2024,0.58,0.55,0.56,7.005674162804675,100.72297085328252,05/11/2024,2.831080030040169,1.9187934893965592,3.5649725930518037,2.673382952301668,3.5649725930518037,0.7338925630116337,"LINESTRING(100.72297084454571 7.00567421121555,100.72294763069175 7.005853539193351)",3.1980263115459864,3.498183260622805,4590,0,3941,783
2632,,3945,3950,3945,20241030RUN02,05/11/2024,0.3,0.3,0.3,7.005718844960563,100.72296395295292,05/11/2024,2.831080030040169,1.9187934893965592,3.5649725930518037,2.673382952301668,3.5649725930518037,0.7338925630116337,"LINESTRING(100.72297084454571 7.00567421121555,100.72294763069175 7.005853539193351)",3.1980263115459864,3.0055383792111163,4590,0,3946,784
2633,,3950,3955,3950,20241030RUN02,05/11/2024,0.13,2.86,1.5,7.005763659332319,100.7229579713386,05/11/2024,2.831080030040169,1.9187934893965592,3.5649725930518037,2.673382952301668,3.5649725930518037,0.7338925630116337,"LINESTRING(100.72297084454571 7.00567421121555,100.72294763069175 7.005853539193351)",3.1980263115459864,3.230637318041678,4590,0,3951,785
2634,,3955,3960,3955,20241030RUN02,05/11/2024,0.84,3.09,1.96,7.005808559022483,100.72295266569984,05/11/2024,2.831080030040169,1.9187934893965592,3.5649725930518037,2.673382952301668,3.5649725930518037,0.7338925630116337,"LINESTRING(100.72297084454571 7.00567421121555,100.72294763069175 7.005853539193351)",3.1980263115459864,3.1195691402558405,4590,0,3956,786
2635,,3960,3965,3960,20241030RUN02,05/11/2024,1.31,0.59,0.95,7.005853491134267,100.72294763935085,05/11/2024,3.980666602978245,2.9960295512985997,4.660824078319758,3.248661241116978,4.660824078319758,0.6801574753415123,"LINESTRING(100.72294763069175 7.005853539193351,100.72292656261659 7.00603315560248)",4.320745340649001,4.194268019291891,4590,0,3961,787
2636,,3965,3970,3965,20241030RUN02,05/11/2024,0.99,0.76,0.88,7.0058984202443355,100.72294258715984,05/11/2024,3.980666602978245,2.9960295512985997,4.660824078319758,3.248661241116978,4.660824078319758,0.6801574753415123,"LINESTRING(100.72294763069175 7.005853539193351,100.72292656261659 7.00603315560248)",4.320745340649001,4.5486157179457525,4590,0,3966,788
2637,,3970,3975,3970,20241030RUN02,05/11/2024,0.91,0.64,0.78,7.005943334389108,100.72293740436473,05/11/2024,3.980666602978245,2.9960295512985997,4.660824078319758,3.248661241116978,4.660824078319758,0.6801574753415123,"LINESTRING(100.72294763069175 7.005853539193351,100.72292656261659 7.00603315560248)",4.320745340649001,4.5306356098781055,4590,0,3971,789
2638,,3975,3980,3975,20241030RUN02,05/11/2024,0.09,1.07,0.58,7.005988228452118,100.722932049084,05/11/2024,3.980666602978245,2.9960295512985997,4.660824078319758,3.248661241116978,4.660824078319758,0.6801574753415123,"LINESTRING(100.72294763069175 7.005853539193351,100.72292656261659 7.00603315560248)",4.320745340649001,4.042569271572956,4590,0,3976,790
2639,,3980,3985,3980,20241030RUN02,05/11/2024,0.18,0.45,0.32,7.0060331078409925,100.72292657120477,05/11/2024,3.365284168495574,2.6385434468526805,3.2088037777010907,2.307152729257917,3.365284168495574,0.1564803907944831,"LINESTRING(100.72292656261659 7.00603315560248,100.72290525925574 7.006212744921854)",3.2870439730983323,3.117785773660523,4590,0,3981,791
2640,,3985,3990,3985,20241030RUN02,05/11/2024,0.32,0.15,0.24,7.006077995263796,100.7229211603936,05/11/2024,3.365284168495574,2.6385434468526805,3.2088037777010907,2.307152729257917,3.365284168495574,0.1564803907944831,"LINESTRING(100.72292656261659 7.00603315560248,100.72290525925574 7.006212744921854)",3.2870439730983323,3.496017523839524,4590,0,3986,792
2641,,3990,3995,3990,20241030RUN02,05/11/2024,0.17,0.04,0.11,7.006122901434272,100.7229159069285,05/11/2024,3.365284168495574,2.6385434468526805,3.2088037777010907,2.307152729257917,3.365284168495574,0.1564803907944831,"LINESTRING(100.72292656261659 7.00603315560248,100.72290525925574 7.006212744921854)",3.2870439730983323,3.421036983434432,4590,0,3991,793
2642,,3995,4000,3995,20241030RUN02,05/11/2024,0.24,0.7,0.47,7.006167810216129,100.72291067624961,05/11/2024,3.365284168495574,2.6385434468526805,3.2088037777010907,2.307152729257917,3.365284168495574,0.1564803907944831,"LINESTRING(100.72292656261659 7.00603315560248,100.72290525925574 7.006212744921854)",3.2870439730983323,2.980852431716496,4590,0,3996,794
2643,,4000,4005,4000,20241030RUN02,05/11/2024,0.4,0.46,0.43,7.006212697917721,100.72290526769126,05/11/2024,3.217983207271764,2.283803883260304,3.465098894849333,3.5539202797124867,3.465098894849333,0.247115687577569,"LINESTRING(100.72290525925574 7.006212744921854,100.72288015981641 7.006391828909807)",3.3415410510605486,3.2045968592197647,4590,0,4001,795
2644,,4005,4010,4005,20241030RUN02,05/11/2024,0.19,1.01,0.6,7.006257552795186,100.7228995931151,05/11/2024,3.217983207271764,2.283803883260304,3.465098894849333,3.5539202797124867,3.465098894849333,0.247115687577569,"LINESTRING(100.72290525925574 7.006212744921854,100.72288015981641 7.006391828909807)",3.3415410510605486,3.0602768060363195,4590,0,4006,796
2645,,4010,4015,4010,20241030RUN02,05/11/2024,0.25,0.73,0.49,7.006302376262303,100.72289367508118,05/11/2024,3.217983207271764,2.283803883260304,3.465098894849333,3.5539202797124867,3.465098894849333,0.247115687577569,"LINESTRING(100.72290525925574 7.006212744921854,100.72288015981641 7.006391828909807)",3.3415410510605486,3.469258282553578,4590,0,4011,797
2646,,4015,4020,4015,20241030RUN02,05/11/2024,1.33,1.37,1.35,7.006347138881009,100.72288731429933,05/11/2024,3.217983207271764,2.283803883260304,3.465098894849333,3.5539202797124867,3.465098894849333,0.247115687577569,"LINESTRING(100.72290525925574 7.006212744921854,100.72288015981641 7.006391828909807)",3.3415410510605486,3.6134142726024434,4590,0,4016,798
2647,,4020,4025,4020,20241030RUN02,05/11/2024,1.67,0.95,1.31,7.006391782617107,100.72288016811382,05/11/2024,2.3144675113902027,1.4958514454833858,3.550142528383637,2.9807985568866706,3.550142528383637,1.2356750169934343,"LINESTRING(100.72288015981641 7.006391828909807,100.72284202892644 7.006568553935707)",2.93230501988692,3.159843427642477,4590,0,4021,799
2648,,4025,4030,4025,20241030RUN02,05/11/2024,0.73,0.92,0.82,7.006436270719216,100.72287210817375,05/11/2024,2.3144675113902027,1.4958514454833858,3.550142528383637,2.9807985568866706,3.550142528383637,1.2356750169934343,"LINESTRING(100.72288015981641 7.006391828909807,100.72284202892644 7.006568553935707)",2.93230501988692,3.0130348385051544,4590,0,4026,800
2649,,4030,4035,4030,20241030RUN02,05/11/2024,1.12,1.65,1.38,7.006480578605026,100.72286310897198,05/11/2024,2.3144675113902027,1.4958514454833858,3.550142528383637,2.9807985568866706,3.550142528383637,1.2356750169934343,"LINESTRING(100.72288015981641 7.006391828909807,100.72284202892644 7.006568553935707)",2.93230501988692,2.802609507976494,4590,0,4031,801
2650,,4035,4040,4035,20241030RUN02,05/11/2024,2.94,0.38,1.66,7.00652466875711,100.72285309639076,05/11/2024,2.3144675113902027,1.4958514454833858,3.550142528383637,2.9807985568866706,3.550142528383637,1.2356750169934343,"LINESTRING(100.72288015981641 7.006391828909807,100.72284202892644 7.006568553935707)",2.93230501988692,2.677657645305562,4590,0,4036,802
2651,,4040,4045,4040,20241030RUN02,05/11/2024,2.78,0.85,1.82,7.0065685084150156,100.72284203709427,05/11/2024,2.909321356395939,1.839867036905269,3.174947591242941,2.2874589164395958,3.174947591242941,0.2656262348470024,"LINESTRING(100.72284202892644 7.006568553935707,100.72278816905336 7.006741157643273)",3.0421344738194396,3.041340460078414,4590,0,4041,803
2652,,4045,4050,4045,20241030RUN02,05/11/2024,1.84,1.65,1.74,7.006612071289874,100.72282993128161,05/11/2024,2.909321356395939,1.839867036905269,3.174947591242941,2.2874589164395958,3.174947591242941,0.2656262348470024,"LINESTRING(100.72284202892644 7.006568553935707,100.72278816905336 7.006741157643273)",3.0421344738194396,2.8565366727201793,4590,0,4046,804
2653,,4050,4055,4050,20241030RUN02,05/11/2024,2.31,2.02,2.16,7.0066553495196455,100.72281684206428,05/11/2024,2.909321356395939,1.839867036905269,3.174947591242941,2.2874589164395958,3.174947591242941,0.2656262348470024,"LINESTRING(100.72284202892644 7.006568553935707,100.72278816905336 7.006741157643273)",3.0421344738194396,2.961770364463445,4590,0,4051,805
2654,,4055,4060,4055,20241030RUN02,05/11/2024,2.25,1.73,1.99,7.006698357122412,100.72280288708893,05/11/2024,2.909321356395939,1.839867036905269,3.174947591242941,2.2874589164395958,3.174947591242941,0.2656262348470024,"LINESTRING(100.72284202892644 7.006568553935707,100.72278816905336 7.006741157643273)",3.0421344738194396,3.0831454027022955,4590,0,4056,806
2655,,4060,4065,4060,20241030RUN02,05/11/2024,0.79,4.96,2.88,7.006741112899184,100.72278817711309,05/11/2024,2.9153375280121736,1.8050502297490865,3.4711229274377766,2.595896940034516,3.4711229274377766,0.555785399425603,"LINESTRING(100.72278816905336 7.006741157643273,100.72272258530116 7.006909686825037)",3.193230227724975,3.1658109345732943,4590,0,4061,807
2656,,4065,4070,4065,20241030RUN02,05/11/2024,1.94,4.24,3.09,7.00678361492245,100.72277274817318,05/11/2024,2.9153375280121736,1.8050502297490865,3.4711229274377766,2.595896940034516,3.4711229274377766,0.555785399425603,"LINESTRING(100.72278816905336 7.006741157643273,100.72272258530116 7.006909686825037)",3.193230227724975,3.10918214673936,4590,0,4066,808
2657,,4070,4075,4070,20241030RUN02,05/11/2024,1.72,0.94,1.33,7.006825867776297,100.72275664791003,05/11/2024,2.9153375280121736,1.8050502297490865,3.4711229274377766,2.595896940034516,3.4711229274377766,0.555785399425603,"LINESTRING(100.72278816905336 7.006741157643273,100.72272258530116 7.006909686825037)",3.193230227724975,3.1670257711216876,4590,0,4072,809
2658,,4075,4080,4075,20241030RUN02,05/11/2024,2.28,0.85,1.56,7.00686787629515,100.72273991923653,05/11/2024,2.9153375280121736,1.8050502297490865,3.4711229274377766,2.595896940034516,3.4711229274377766,0.555785399425603,"LINESTRING(100.72278816905336 7.006741157643273,100.72272258530116 7.006909686825037)",3.193230227724975,3.3480742517105084,4590,0,4077,810
2659,,4080,4085,4080,20241030RUN02,05/11/2024,2.95,1.97,2.46,7.006909642554927,100.722722593323,05/11/2024,4.192887251240544,3.444855855226601,4.17228646116308,3.318100752532743,4.192887251240544,0.0206007900774638,"LINESTRING(100.72272258530116 7.006909686825037,100.72264924628817 7.007075015313597)",4.182586856201812,4.085967029151158,4590,0,4082,811
2660,,4085,4090,4085,20241030RUN02,05/11/2024,1.49,4.54,3.02,7.006951200593328,100.7227047725039,05/11/2024,4.192887251240544,3.444855855226601,4.17228646116308,3.318100752532743,4.192887251240544,0.0206007900774638,"LINESTRING(100.72272258530116 7.006909686825037,100.72264924628817 7.007075015313597)",4.182586856201812,4.404646080082258,4590,0,4087,812
2661,,4090,4095,4090,20241030RUN02,05/11/2024,1.76,3.29,2.52,7.006992600356064,100.72268658619696,05/11/2024,4.192887251240544,3.444855855226601,4.17228646116308,3.318100752532743,4.192887251240544,0.0206007900774638,"LINESTRING(100.72272258530116 7.006909686825037,100.72264924628817 7.007075015313597)",4.182586856201812,3.77614149412335,4590,0,4092,813
2662,,4095,4100,4095,20241030RUN02,05/11/2024,2.44,2.78,2.61,7.007033861200169,100.72266808635243,05/11/2024,4.192887251240544,3.444855855226601,4.17228646116308,3.318100752532743,4.192887251240544,0.0206007900774638,"LINESTRING(100.72272258530116 7.006909686825037,100.72264924628817 7.007075015313597)",4.182586856201812,4.467432342608643,4590,0,4097,814
2663,,4100,4105,4100,20241030RUN02,05/11/2024,1.98,1.53,1.76,7.00707497169768,100.72264925424886,05/11/2024,3.4543749312164858,2.385051806632029,3.0187011172434346,2.182589748923037,3.4543749312164858,0.4356738139730511,"LINESTRING(100.72264924628817 7.007075015313597,100.72257111826374 7.007238144494691)",3.23653802422996,2.9576372565981615,4590,0,4102,815
2664,,4105,4110,4105,20241030RUN02,05/11/2024,1.39,2.64,2.02,7.007115934477745,100.72263010262878,05/11/2024,3.4543749312164858,2.385051806632029,3.0187011172434346,2.182589748923037,3.4543749312164858,0.4356738139730511,"LINESTRING(100.72264924628817 7.007075015313597,100.72257111826374 7.007238144494691)",3.23653802422996,3.2552759618152303,4590,0,4107,816
2665,,4110,4115,4110,20241030RUN02,05/11/2024,1.45,3.31,2.38,7.007156751352343,100.72261064158943,05/11/2024,3.4543749312164858,2.385051806632029,3.0187011172434346,2.182589748923037,3.4543749312164858,0.4356738139730511,"LINESTRING(100.72264924628817 7.007075015313597,100.72257111826374 7.007238144494691)",3.23653802422996,3.525277232602395,4590,0,4112,817
2666,,4115,4120,4115,20241030RUN02,05/11/2024,0.82,3.15,1.98,7.007197452427581,100.72259093898916,05/11/2024,3.4543749312164858,2.385051806632029,3.0187011172434346,2.182589748923037,3.4543749312164858,0.4356738139730511,"LINESTRING(100.72264924628817 7.007075015313597,100.72257111826374 7.007238144494691)",3.23653802422996,3.3685517296251026,4590,0,4117,818
2667,,4120,4125,4120,20241030RUN02,05/11/2024,0.4,1.81,1.1,7.007238100327468,100.72257112638957,05/11/2024,3.2132294345026606,1.911300601875061,5.020740254145547,3.719259965144898,5.020740254145547,1.8075108196428864,"LINESTRING(100.72257111826374 7.007238144494691,100.72249186873049 7.00740073635702)",4.116984844324104,3.830795423278446,4590,0,4122,819
2668,,4125,4130,4125,20241030RUN02,05/11/2024,1.0,1.8,1.4,7.007278731357966,100.72255127912575,05/11/2024,3.2132294345026606,1.911300601875061,5.020740254145547,3.719259965144898,5.020740254145547,1.8075108196428864,"LINESTRING(100.72257111826374 7.007238144494691,100.72249186873049 7.00740073635702)",4.116984844324104,4.374865650983632,4590,0,4127,820
2669,,4130,4135,4130,20241030RUN02,05/11/2024,1.09,1.79,1.44,7.00731936712737,100.72253144134068,05/11/2024,3.2132294345026606,1.911300601875061,5.020740254145547,3.719259965144898,5.020740254145547,1.8075108196428864,"LINESTRING(100.72257111826374 7.007238144494691,100.72249186873049 7.00740073635702)",4.116984844324104,4.002841751020054,4590,0,4132,821
2670,,4135,4140,4135,20241030RUN02,05/11/2024,1.23,2.15,1.69,7.007360019108159,100.72251163683669,05/11/2024,3.2132294345026606,1.911300601875061,5.020740254145547,3.719259965144898,5.020740254145547,1.8075108196428864,"LINESTRING(100.72257111826374 7.007238144494691,100.72249186873049 7.00740073635702)",4.116984844324104,4.231008619185512,4590,0,4137,822
2671,,4140,4145,4140,20241030RUN02,05/11/2024,0.88,1.73,1.3,7.007400692556983,100.72249187685368,05/11/2024,2.3717945092074646,1.533787295535472,3.4166633355748783,2.490872001613771,3.4166633355748783,1.0448688263674135,"LINESTRING(100.72249186873049 7.00740073635702,100.72241401346062 7.007563998268176)",2.8942289223911715,3.106535868449956,4590,0,4142,823
2672,,4145,4150,4145,20241030RUN02,05/11/2024,0.64,2.13,1.38,7.007441394604763,100.72247217615349,05/11/2024,2.3717945092074646,1.533787295535472,3.4166633355748783,2.490872001613771,3.4166633355748783,1.0448688263674135,"LINESTRING(100.72249186873049 7.00740073635702,100.72241401346062 7.007563998268176)",2.8942289223911715,2.8472585345012944,4590,0,4147,824
2673,,4150,4155,4150,20241030RUN02,05/11/2024,1.33,1.47,1.4,7.007482157452258,100.72245260198416,05/11/2024,2.3717945092074646,1.533787295535472,3.4166633355748783,2.490872001613771,3.4166633355748783,1.0448688263674135,"LINESTRING(100.72249186873049 7.00740073635702,100.72241401346062 7.007563998268176)",2.8942289223911715,2.891459867238238,4590,0,4152,825
2674,,4155,4160,4155,20241030RUN02,05/11/2024,1.71,0.91,1.31,7.007523016136683,100.72243322913909,05/11/2024,2.3717945092074646,1.533787295535472,3.4166633355748783,2.490872001613771,3.4166633355748783,1.0448688263674135,"LINESTRING(100.72249186873049 7.00740073635702,100.72241401346062 7.007563998268176)",2.8942289223911715,2.9027768886117986,4590,0,4157,826
2675,,4160,4165,4160,20241030RUN02,05/11/2024,2.93,1.4,2.16,7.007563952757186,100.72241402196588,05/11/2024,2.557008034195131,1.728929905674558,2.7663998729526105,1.9118847292496448,2.7663998729526105,0.2093918387574795,"LINESTRING(100.72241401346062 7.007563998268176,100.7223385119913 7.007728359089034)",2.6617039535738707,2.594732027246925,4590,0,4162,827
2676,,4165,4170,4165,20241030RUN02,05/11/2024,2.09,1.93,2.01,7.007604925978481,100.72239489323292,05/11/2024,2.557008034195131,1.728929905674558,2.7663998729526105,1.9118847292496448,2.7663998729526105,0.2093918387574795,"LINESTRING(100.72241401346062 7.007563998268176,100.7223385119913 7.007728359089034)",2.6617039535738707,2.7919566035712085,4590,0,4167,828
2677,,4170,4175,4170,20241030RUN02,05/11/2024,1.09,1.61,1.35,7.0076459433400435,100.72237585959395,05/11/2024,2.557008034195131,1.728929905674558,2.7663998729526105,1.9118847292496448,2.7663998729526105,0.2093918387574795,"LINESTRING(100.72241401346062 7.007563998268176,100.7223385119913 7.007728359089034)",2.6617039535738707,2.7228272425482922,4590,0,4172,829
2678,,4175,4180,4175,20241030RUN02,05/11/2024,0.96,1.11,1.04,7.007687058913519,100.72235703925776,05/11/2024,2.557008034195131,1.728929905674558,2.7663998729526105,1.9118847292496448,2.7663998729526105,0.2093918387574795,"LINESTRING(100.72241401346062 7.007563998268176,100.7223385119913 7.007728359089034)",2.6617039535738707,2.54350693409584,4590,0,4177,830
2679,,4180,4185,4180,20241030RUN02,05/11/2024,0.87,0.48,0.68,7.007728311186887,100.7223385210072,05/11/2024,2.8047681520907384,2.152260759998504,3.240462975588691,2.1209206624333223,3.240462975588691,0.4356948234979527,"LINESTRING(100.7223385119913 7.007728359089034,100.72226623220325 7.0078941617023185)",3.0226155638397145,2.9782359295290695,4590,0,4182,831
2680,,4185,4190,4185,20241030RUN02,05/11/2024,1.02,1.44,1.23,7.007769685278647,100.72232027690858,05/11/2024,2.8047681520907384,2.152260759998504,3.240462975588691,2.1209206624333223,3.240462975588691,0.4356948234979527,"LINESTRING(100.7223385119913 7.007728359089034,100.72226623220325 7.0078941617023185)",3.0226155638397145,2.963106688947269,4590,0,4187,832
2681,,4190,4195,4190,20241030RUN02,05/11/2024,2.04,2.43,2.24,7.007811121778622,100.72230217505641,05/11/2024,2.8047681520907384,2.152260759998504,3.240462975588691,2.1209206624333223,3.240462975588691,0.4356948234979527,"LINESTRING(100.7223385119913 7.007728359089034,100.72226623220325 7.0078941617023185)",3.0226155638397145,3.2526233886559734,4590,0,4192,833
2682,,4195,4200,4195,20241030RUN02,05/11/2024,0.33,0.73,0.53,7.007852596373841,100.72228416081946,05/11/2024,2.8047681520907384,2.152260759998504,3.240462975588691,2.1209206624333223,3.240462975588691,0.4356948234979527,"LINESTRING(100.7223385119913 7.007728359089034,100.72226623220325 7.0078941617023185)",3.0226155638397145,2.880974977784817,4590,0,4197,834
2683,,4200,4205,4200,20241030RUN02,05/11/2024,0.63,0.44,0.54,7.007894111971485,100.72226624162376,05/11/2024,2.617186556937627,1.82636823545316,3.893032765511887,3.191553204094796,3.893032765511887,1.2758462085742597,"LINESTRING(100.72226623220325 7.0078941617023185,100.722194729285 7.008060301091579)",3.2551096612247568,3.3689436901478884,4590,0,4202,835
2684,,4205,4210,4205,20241030RUN02,05/11/2024,1.2,1.83,1.52,7.0079356585369625,100.72224839446952,05/11/2024,2.617186556937627,1.82636823545316,3.893032765511887,3.191553204094796,3.893032765511887,1.2758462085742597,"LINESTRING(100.72226623220325 7.0078941617023185,100.722194729285 7.008060301091579)",3.2551096612247568,3.0397991490246317,4590,0,4207,836
2685,,4210,4215,4210,20241030RUN02,05/11/2024,0.61,1.31,0.96,7.007977220190771,100.72223058241964,05/11/2024,2.617186556937627,1.82636823545316,3.893032765511887,3.191553204094796,3.893032765511887,1.2758462085742597,"LINESTRING(100.72226623220325 7.0078941617023185,100.722194729285 7.008060301091579)",3.2551096612247568,3.109397750908697,4590,0,4212,837
2686,,4215,4220,4215,20241030RUN02,05/11/2024,0.73,1.52,1.12,7.00801876132031,100.72221272256225,05/11/2024,2.617186556937627,1.82636823545316,3.893032765511887,3.191553204094796,3.893032765511887,1.2758462085742597,"LINESTRING(100.72226623220325 7.0078941617023185,100.722194729285 7.008060301091579)",3.2551096612247568,3.2844572533493093,4590,0,4217,838
2687,,4220,4225,4220,20241030RUN02,05/11/2024,0.55,1.65,1.1,7.008060249151741,100.72219473918516,05/11/2024,2.32757261448333,1.6451480828211842,2.8896845005706258,1.9697640791262907,2.8896845005706258,0.5621118860872958,"LINESTRING(100.722194729285 7.008060301091579,100.72212233529653 7.0082260553392315)",2.608628557526978,2.667183972893036,4590,0,4223,839
2688,,4225,4230,4225,20241030RUN02,05/11/2024,0.58,1.18,0.88,7.008101692453292,100.72217665324108,05/11/2024,2.32757261448333,1.6451480828211842,2.8896845005706258,1.9697640791262907,2.8896845005706258,0.5621118860872958,"LINESTRING(100.722194729285 7.008060301091579,100.72212233529653 7.0082260553392315)",2.608628557526978,2.7342863623053852,4590,0,4228,840
2689,,4230,4235,4230,20241030RUN02,05/11/2024,0.61,1.53,1.07,7.008143133519276,100.72215856234614,05/11/2024,2.32757261448333,1.6451480828211842,2.8896845005706258,1.9697640791262907,2.8896845005706258,0.5621118860872958,"LINESTRING(100.722194729285 7.008060301091579,100.72212233529653 7.0082260553392315)",2.608628557526978,2.571914084504114,4590,0,4233,841
2690,,4235,4240,4235,20241030RUN02,05/11/2024,0.32,1.13,0.72,7.008184578954947,100.72214048134349,05/11/2024,2.32757261448333,1.6451480828211842,2.8896845005706258,1.9697640791262907,2.8896845005706258,0.5621118860872958,"LINESTRING(100.722194729285 7.008060301091579,100.72212233529653 7.0082260553392315)",2.608628557526978,2.416816348867914,4590,0,4238,842
2691,,4240,4245,4240,20241030RUN02,05/11/2024,0.56,0.48,0.52,7.008226000632833,100.72212234578937,05/11/2024,2.7018965502637995,2.2428827497778783,4.979388855036747,4.492002860534997,4.979388855036747,2.277492304772948,"LINESTRING(100.72212233529653 7.0082260553392315,100.72205050323443 7.008392052043336)",3.8406427026502734,4.0692821271316,4590,0,4243,843
2692,,4245,4250,4245,20241030RUN02,05/11/2024,0.07,0.6,0.34,7.008267412706595,100.7221041881822,05/11/2024,2.7018965502637995,2.2428827497778783,4.979388855036747,4.492002860534997,4.979388855036747,2.277492304772948,"LINESTRING(100.72212233529653 7.0082260553392315,100.72205050323443 7.008392052043336)",3.8406427026502734,3.8964601329718187,4590,0,4248,844
2693,,4250,4255,4250,20241030RUN02,05/11/2024,1.31,0.44,0.88,7.00830887048831,100.72208613560115,05/11/2024,2.7018965502637995,2.2428827497778783,4.979388855036747,4.492002860534997,4.979388855036747,2.277492304772948,"LINESTRING(100.72212233529653 7.0082260553392315,100.72205050323443 7.008392052043336)",3.8406427026502734,3.757945442544461,4590,0,4253,845
2694,,4255,4260,4255,20241030RUN02,05/11/2024,0.72,0.17,0.44,7.00835040274654,100.72206825537555,05/11/2024,2.7018965502637995,2.2428827497778783,4.979388855036747,4.492002860534997,4.979388855036747,2.277492304772948,"LINESTRING(100.72212233529653 7.0082260553392315,100.72205050323443 7.008392052043336)",3.8406427026502734,3.6252921661933972,4590,0,4258,846
2695,,4260,4265,4260,20241030RUN02,05/11/2024,1.37,0.32,0.85,7.008391994491844,100.72205051434001,05/11/2024,2.8638942190403816,2.1230677192672265,6.105735040167241,4.332846109937634,6.105735040167241,3.24184082112686,"LINESTRING(100.72205050323443 7.008392052043336,100.72197905509832 7.0085582134234885)",4.484814629603811,4.322514962057809,4590,0,4263,847
2696,,4265,4270,4265,20241030RUN02,05/11/2024,0.88,0.17,0.52,7.008433625252336,100.72203286499617,05/11/2024,2.8638942190403816,2.1230677192672265,6.105735040167241,4.332846109937634,6.105735040167241,3.24184082112686,"LINESTRING(100.72205050323443 7.008392052043336,100.72197905509832 7.0085582134234885)",4.484814629603811,4.748441318495452,4590,0,4268,848
2697,,4270,4275,4270,20241030RUN02,05/11/2024,0.37,3.6,1.98,7.0084752292385835,100.72201515285002,05/11/2024,2.8638942190403816,2.1230677192672265,6.105735040167241,4.332846109937634,6.105735040167241,3.24184082112686,"LINESTRING(100.72205050323443 7.008392052043336,100.72197905509832 7.0085582134234885)",4.484814629603811,4.625212238074242,4590,0,4273,849
2698,,4275,4280,4275,20241030RUN02,05/11/2024,1.22,1.44,1.33,7.008516737911728,100.72199721809898,05/11/2024,2.8638942190403816,2.1230677192672265,6.105735040167241,4.332846109937634,6.105735040167241,3.24184082112686,"LINESTRING(100.72205050323443 7.008392052043336,100.72197905509832 7.0085582134234885)",4.484814629603811,4.3441471477463995,4590,0,4278,850
2699,,4280,4285,4280,20241030RUN02,05/11/2024,0.57,0.66,0.62,7.008558152598194,100.7219790669051,05/11/2024,3.0110315939347707,2.1311892904286687,2.454968211809112,1.7573244039072358,3.0110315939347707,0.5560633821256591,"LINESTRING(100.72197905509832 7.0085582134234885,100.72190348666612 7.008722536700531)",2.732999902871941,2.970841181503138,4590,0,4283,851
2700,,4285,4290,4285,20241030RUN02,05/11/2024,0.68,0.03,0.36,7.008599467422199,100.7219606888057,05/11/2024,3.0110315939347707,2.1311892904286687,2.454968211809112,1.7573244039072358,3.0110315939347707,0.5560633821256591,"LINESTRING(100.72197905509832 7.0085582134234885,100.72190348666612 7.008722536700531)",2.732999902871941,2.7673625647183653,4590,0,4288,852
2701,,4290,4295,4290,20241030RUN02,05/11/2024,1.48,0.01,0.74,7.008640640900454,100.72194199562956,05/11/2024,3.0110315939347707,2.1311892904286687,2.454968211809112,1.7573244039072358,3.0110315939347707,0.5560633821256591,"LINESTRING(100.72197905509832 7.0085582134234885,100.72190348666612 7.008722536700531)",2.732999902871941,2.8052963005584886,4590,0,4293,853
2702,,4295,4300,4295,20241030RUN02,05/11/2024,1.67,0.4,1.03,7.008681648827893,100.72192294135353,05/11/2024,3.0110315939347707,2.1311892904286687,2.454968211809112,1.7573244039072358,3.0110315939347707,0.5560633821256591,"LINESTRING(100.72197905509832 7.0085582134234885,100.72190348666612 7.008722536700531)",2.732999902871941,2.6866085573361995,4590,0,4298,854
2703,,4300,4305,4300,20241030RUN02,05/11/2024,1.54,0.34,0.94,7.008722474368164,100.72190349884403,05/11/2024,3.1967201606207523,2.37903724085587,2.5706300886036337,2.132030242196456,3.1967201606207523,0.6260900720171185,"LINESTRING(100.72190348666612 7.008722536700531,100.72182218259582 7.008884105115429)",2.8836751246121928,3.1068474524127754,4590,0,4303,855
2704,,4305,4310,4305,20241030RUN02,05/11/2024,0.45,0.76,0.6,7.008763098414085,100.72188363790073,05/11/2024,3.1967201606207523,2.37903724085587,2.5706300886036337,2.132030242196456,3.1967201606207523,0.6260900720171185,"LINESTRING(100.72190348666612 7.008722536700531,100.72182218259582 7.008884105115429)",2.8836751246121928,2.786481904213014,4590,0,4308,856
2705,,4310,4315,4310,20241030RUN02,05/11/2024,0.48,1.36,0.92,7.008803564061203,100.72186345538556,05/11/2024,3.1967201606207523,2.37903724085587,2.5706300886036337,2.132030242196456,3.1967201606207523,0.6260900720171185,"LINESTRING(100.72190348666612 7.008722536700531,100.72182218259582 7.008884105115429)",2.8836751246121928,2.771844762435281,4590,0,4313,857
2706,,4315,4320,4315,20241030RUN02,05/11/2024,0.56,1.14,0.85,7.00884390180408,100.7218430178796,05/11/2024,3.1967201606207523,2.37903724085587,2.5706300886036337,2.132030242196456,3.1967201606207523,0.6260900720171185,"LINESTRING(100.72190348666612 7.008722536700531,100.72182218259582 7.008884105115429)",2.8836751246121928,2.7493940344123087,4590,0,4318,858
2707,,4320,4325,4320,20241030RUN02,05/11/2024,1.43,0.91,1.17,7.008884042213261,100.72182219497499,05/11/2024,3.752404177286025,2.974901500772518,3.0254625375781368,2.9550938334837635,3.752404177286025,0.7269416397078885,"LINESTRING(100.72182218259582 7.008884105115429,100.72173416092454 7.0090421136761325)",3.388933357432081,3.5660777827354977,4590,0,4323,859
2708,,4325,4330,4325,20241030RUN02,05/11/2024,1.01,1.44,1.23,7.008923909882282,100.72180085369132,05/11/2024,3.752404177286025,2.974901500772518,3.0254625375781368,2.9550938334837635,3.752404177286025,0.7269416397078885,"LINESTRING(100.72182218259582 7.008884105115429,100.72173416092454 7.0090421136761325)",3.388933357432081,3.2581537211154807,4590,0,4328,860
2709,,4330,4335,4330,20241030RUN02,05/11/2024,1.15,1.17,1.16,7.008963502085562,100.72177900459644,05/11/2024,3.752404177286025,2.974901500772518,3.0254625375781368,2.9550938334837635,3.752404177286025,0.7269416397078885,"LINESTRING(100.72182218259582 7.008884105115429,100.72173416092454 7.0090421136761325)",3.388933357432081,3.6154320610075033,4590,0,4333,861
2710,,4335,4340,4335,20241030RUN02,05/11/2024,0.71,0.73,0.72,7.009002861085968,100.7217567371606,05/11/2024,3.752404177286025,2.974901500772518,3.0254625375781368,2.9550938334837635,3.752404177286025,0.7269416397078885,"LINESTRING(100.72182218259582 7.008884105115429,100.72173416092454 7.0090421136761325)",3.388933357432081,3.2402229387515877,4590,0,4338,862
2711,,4340,4345,4340,20241030RUN02,05/11/2024,0.75,0.85,0.8,7.00904205127969,100.72173417330589,05/11/2024,3.1051439262043043,1.996975177922679,2.528722386872261,1.994282703172351,3.1051439262043043,0.5764215393320429,"LINESTRING(100.72173416092454 7.0090421136761325,100.72164205775117 7.009197795115655)",2.8169331565382825,2.949851072223039,4590,0,4343,863
2712,,4345,4350,4345,20241030RUN02,05/11/2024,0.55,0.52,0.54,7.009081122099664,100.72171140289458,05/11/2024,3.1051439262043043,1.996975177922679,2.528722386872261,1.994282703172351,3.1051439262043043,0.5764215393320429,"LINESTRING(100.72173416092454 7.0090421136761325,100.72164205775117 7.009197795115655)",2.8169331565382825,2.810098870412579,4590,0,4348,864
2713,,4350,4355,4350,20241030RUN02,05/11/2024,0.72,1.33,1.02,7.009120092666994,100.72168846098629,05/11/2024,3.1051439262043043,1.996975177922679,2.528722386872261,1.994282703172351,3.1051439262043043,0.5764215393320429,"LINESTRING(100.72173416092454 7.0090421136761325,100.72164205775117 7.009197795115655)",2.8169331565382825,2.808801895757266,4590,0,4353,865
2714,,4355,4360,4355,20241030RUN02,05/11/2024,0.44,1.16,0.8,7.009158953975413,100.72166533417828,05/11/2024,3.1051439262043043,1.996975177922679,2.528722386872261,1.994282703172351,3.1051439262043043,0.5764215393320429,"LINESTRING(100.72173416092454 7.0090421136761325,100.72164205775117 7.009197795115655)",2.8169331565382825,2.7961287047607337,4590,0,4358,866
2715,,4360,4365,4360,20241030RUN02,05/11/2024,1.85,1.19,1.52,7.009197733525251,100.72164207008008,05/11/2024,2.4728966118664752,1.704805331405662,3.259699693681521,2.3951087085338023,3.259699693681521,0.7868030818150462,"LINESTRING(100.72164205775117 7.009197795115655,100.72154960222919 7.009353267365238)",2.8662981527739984,2.7764586345217626,4590,0,4363,867
2716,,4365,4370,4365,20241030RUN02,05/11/2024,1.92,1.16,1.54,7.009236490720419,100.72161876868044,05/11/2024,2.4728966118664752,1.704805331405662,3.259699693681521,2.3951087085338023,3.259699693681521,0.7868030818150462,"LINESTRING(100.72164205775117 7.009197795115655,100.72154960222919 7.009353267365238)",2.8662981527739984,2.7982965484236564,4590,0,4368,868
2717,,4370,4375,4370,20241030RUN02,05/11/2024,1.56,2.52,2.04,7.009275281140472,100.72159552271852,05/11/2024,2.4728966118664752,1.704805331405662,3.259699693681521,2.3951087085338023,3.259699693681521,0.7868030818150462,"LINESTRING(100.72164205775117 7.009197795115655,100.72154960222919 7.009353267365238)",2.8662981527739984,2.8726760674645377,4590,0,4373,869
2718,,4375,4380,4375,20241030RUN02,05/11/2024,0.73,1.68,1.2,7.009314172780296,100.72157244674382,05/11/2024,2.4728966118664752,1.704805331405662,3.259699693681521,2.3951087085338023,3.259699693681521,0.7868030818150462,"LINESTRING(100.72164205775117 7.009197795115655,100.72154960222919 7.009353267365238)",2.8662981527739984,2.797943656202447,4590,0,4379,870
2719,,4380,4385,4380,20241030RUN02,05/11/2024,0.47,0.61,0.54,7.00935320764396,100.72154961428792,05/11/2024,3.256025116740817,2.409595750496538,2.3767408433292787,1.6428687763655885,3.256025116740817,0.8792842734115385,"LINESTRING(100.72154960222919 7.009353267365238,100.7214617260268 7.009511359018504)",2.8163829800350477,2.7960559725823595,4590,0,4384,871
2720,,4385,4390,4385,20241030RUN02,05/11/2024,0.29,0.5,0.4,7.009392430295562,100.72152710633618,05/11/2024,3.256025116740817,2.409595750496538,2.3767408433292787,1.6428687763655885,3.256025116740817,0.8792842734115385,"LINESTRING(100.72154960222919 7.009353267365238,100.7214617260268 7.009511359018504)",2.8163829800350477,2.8058765356735313,4590,0,4389,872
2721,,4390,4395,4390,20241030RUN02,05/11/2024,1.0,0.85,0.92,7.009431879014635,100.72150499754785,05/11/2024,3.256025116740817,2.409595750496538,2.3767408433292787,1.6428687763655885,3.256025116740817,0.8792842734115385,"LINESTRING(100.72154960222919 7.009353267365238,100.7214617260268 7.009511359018504)",2.8163829800350477,3.036178354880629,4590,0,4394,873
2722,,4395,4400,4395,20241030RUN02,05/11/2024,0.9,0.88,0.89,7.009471507076521,100.72148321216535,05/11/2024,3.256025116740817,2.409595750496538,2.3767408433292787,1.6428687763655885,3.256025116740817,0.8792842734115385,"LINESTRING(100.72154960222919 7.009353267365238,100.7214617260268 7.009511359018504)",2.8163829800350477,2.7320418804074844,4590,0,4399,874
2723,,4400,4405,4400,20241030RUN02,05/11/2024,0.19,0.38,0.29,7.009511303846473,100.72146173725416,05/11/2024,3.3211518777982896,2.346822740883246,3.062408103177865,2.792905061070517,3.3211518777982896,0.2587437746204246,"LINESTRING(100.7214617260268 7.009511359018504,100.72138255112759 7.009673936558004)",3.1917799904880773,2.906272776513035,4590,0,4404,875
2724,,4405,4410,4405,20241030RUN02,05/11/2024,0.38,0.63,0.5,7.009551380196297,100.72144079056699,05/11/2024,3.3211518777982896,2.346822740883246,3.062408103177865,2.792905061070517,3.3211518777982896,0.2587437746204246,"LINESTRING(100.7214617260268 7.009511359018504,100.72138255112759 7.009673936558004)",3.1917799904880773,3.1417631918060853,4590,0,4409,876
2725,,4410,4415,4410,20241030RUN02,05/11/2024,0.09,0.06,0.08,7.009591833520226,100.721420583288,05/11/2024,3.3211518777982896,2.346822740883246,3.062408103177865,2.792905061070517,3.3211518777982896,0.2587437746204246,"LINESTRING(100.7214617260268 7.009511359018504,100.72138255112759 7.009673936558004)",3.1917799904880773,3.4699166075173373,4590,0,4414,877
2726,,4415,4420,4415,20241030RUN02,05/11/2024,0.63,0.1,0.36,7.009632680053268,100.72140118471391,05/11/2024,3.3211518777982896,2.346822740883246,3.062408103177865,2.792905061070517,3.3211518777982896,0.2587437746204246,"LINESTRING(100.7214617260268 7.009511359018504,100.72138255112759 7.009673936558004)",3.1917799904880773,3.325943066709593,4590,0,4419,878
2727,,4420,4425,4420,20241030RUN02,05/11/2024,0.38,0.0,0.19,7.009673885450353,100.72138256159403,05/11/2024,2.77384591271739,1.914367410751471,3.785902898296722,2.7232737482872253,3.785902898296722,1.0120569855793322,"LINESTRING(100.72138255112759 7.009673936558004,100.72131554145783 7.009841890935314)",3.279874405507056,3.4153989277987042,4590,0,4424,879
2728,,4425,4430,4425,20241030RUN02,05/11/2024,0.49,0.18,0.34,7.0097154065825835,100.72136465495949,05/11/2024,2.77384591271739,1.914367410751471,3.785902898296722,2.7232737482872253,3.785902898296722,1.0120569855793322,"LINESTRING(100.72138255112759 7.009673936558004,100.72131554145783 7.009841890935314)",3.279874405507056,2.9790159552517763,4590,0,4429,880
2729,,4430,4435,4430,20241030RUN02,05/11/2024,2.25,1.02,1.64,7.009757253818337,100.72134752621973,05/11/2024,2.77384591271739,1.914367410751471,3.785902898296722,2.7232737482872253,3.785902898296722,1.0120569855793322,"LINESTRING(100.72138255112759 7.009673936558004,100.72131554145783 7.009841890935314)",3.279874405507056,3.243983209307122,4590,0,4434,881
2730,,4435,4440,4435,20241030RUN02,05/11/2024,1.49,1.81,1.65,7.009799422209017,100.72133120502853,05/11/2024,2.77384591271739,1.914367410751471,3.785902898296722,2.7232737482872253,3.785902898296722,1.0120569855793322,"LINESTRING(100.72138255112759 7.009673936558004,100.72131554145783 7.009841890935314)",3.279874405507056,3.498613587909803,4590,0,4439,882
2731,,4440,4445,4440,20241030RUN02,05/11/2024,0.82,2.92,1.87,7.009841842557925,100.72131555140915,05/11/2024,3.030106655593535,2.422875347031403,2.756790462064175,1.833155448265104,3.030106655593535,0.27331619352936,"LINESTRING(100.72131554145783 7.009841890935314,100.72125731842792 7.010013120577693)",2.893448558828855,3.127832352945288,4590,0,4444,883
2732,,4445,4450,4445,20241030RUN02,05/11/2024,1.23,2.64,1.94,7.009884474371939,100.7213004843561,05/11/2024,3.030106655593535,2.422875347031403,2.756790462064175,1.833155448265104,3.030106655593535,0.27331619352936,"LINESTRING(100.72131554145783 7.009841890935314,100.72125731842792 7.010013120577693)",2.893448558828855,3.009529228195211,4590,0,4449,884
2733,,4450,4455,4450,20241030RUN02,05/11/2024,1.81,4.78,3.3,7.009927274316122,100.72128590222819,05/11/2024,3.030106655593535,2.422875347031403,2.756790462064175,1.833155448265104,3.030106655593535,0.27331619352936,"LINESTRING(100.72131554145783 7.009841890935314,100.72125731842792 7.010013120577693)",2.893448558828855,2.617678161922438,4590,0,4454,885
2734,,4455,4460,4455,20241030RUN02,05/11/2024,1.74,2.56,2.15,7.009970164673239,100.72127158835441,05/11/2024,3.030106655593535,2.422875347031403,2.756790462064175,1.833155448265104,3.030106655593535,0.27331619352936,"LINESTRING(100.72131554145783 7.009841890935314,100.72125731842792 7.010013120577693)",2.893448558828855,2.7841125989095756,4590,0,4459,886
2735,,4460,4465,4460,20241030RUN02,05/11/2024,1.32,1.77,1.54,7.010013072876169,100.72125732827057,05/11/2024,1.9724845267120248,1.5460441355255616,1.996319494154268,1.2978280647804232,1.996319494154268,0.0238349674422428,"LINESTRING(100.72125731842792 7.010013120577693,100.72119941672359 7.010184465128425)",1.9844020104331463,2.177598921841704,4590,0,4464,887
2736,,4465,4470,4465,20241030RUN02,05/11/2024,1.91,1.56,1.74,7.010055953289815,100.72124298500498,05/11/2024,1.9724845267120248,1.5460441355255616,1.996319494154268,1.2978280647804232,1.996319494154268,0.0238349674422428,"LINESTRING(100.72125731842792 7.010013120577693,100.72119941672359 7.010184465128425)",1.9844020104331463,2.030786361865644,4590,0,4469,888
2737,,4470,4475,4470,20241030RUN02,05/11/2024,1.18,1.74,1.46,7.0100987893585485,100.72122850957386,05/11/2024,1.9724845267120248,1.5460441355255616,1.996319494154268,1.2978280647804232,1.996319494154268,0.0238349674422428,"LINESTRING(100.72125731842792 7.010013120577693,100.72119941672359 7.010184465128425)",1.9844020104331463,1.8879414965215147,4590,0,4474,889
2738,,4475,4480,4475,20241030RUN02,05/11/2024,1.11,2.62,1.87,7.010141594764595,100.7212139436393,05/11/2024,1.9724845267120248,1.5460441355255616,1.996319494154268,1.2978280647804232,1.996319494154268,0.0238349674422428,"LINESTRING(100.72125731842792 7.010013120577693,100.72119941672359 7.010184465128425)",1.9844020104331463,2.0743787636224686,4590,0,4479,890
2739,,4480,4485,4480,20241030RUN02,05/11/2024,0.96,2.77,1.86,7.010184416736155,100.72119942673883,05/11/2024,1.8693632002081908,1.2730972103947755,1.9160693377215423,1.5201599807291526,1.9160693377215423,0.0467061375133517,"LINESTRING(100.72119941672359 7.010184465128425,100.72114113028708 7.010355679446873)",1.8927162689648664,1.9348993052014833,4590,0,4484,891
2740,,4485,4490,4485,20241030RUN02,05/11/2024,1.73,1.59,1.66,7.0102272673145825,100.7211849947395,05/11/2024,1.8693632002081908,1.2730972103947755,1.9160693377215423,1.5201599807291526,1.9160693377215423,0.0467061375133517,"LINESTRING(100.72119941672359 7.010184465128425,100.72114113028708 7.010355679446873)",1.8927162689648664,1.914284124884302,4590,0,4489,892
2741,,4490,4495,4490,20241030RUN02,05/11/2024,1.63,0.54,1.08,7.010270102404633,100.7211705169765,05/11/2024,1.8693632002081908,1.2730972103947755,1.9160693377215423,1.5201599807291526,1.9160693377215423,0.0467061375133517,"LINESTRING(100.72119941672359 7.010184465128425,100.72114113028708 7.010355679446873)",1.8927162689648664,1.9527900177037028,4590,0,4494,893
2742,,4495,4500,4495,20241030RUN02,05/11/2024,0.99,1.85,1.42,7.010312881887626,100.72115587539405,05/11/2024,1.8693632002081908,1.2730972103947755,1.9160693377215423,1.5201599807291526,1.9160693377215423,0.0467061375133517,"LINESTRING(100.72119941672359 7.010184465128425,100.72114113028708 7.010355679446873)",1.8927162689648664,1.8380712573471119,4590,0,4499,894
2743,,4500,4505,4500,20241030RUN02,05/11/2024,0.71,2.06,1.38,7.010355629496981,100.72114114065596,05/11/2024,2.634134871782553,2.014580610287421,2.656224350440537,1.5756430383283022,2.656224350440537,0.0220894786579841,"LINESTRING(100.72114113028708 7.010355679446873,100.72108184786593 7.01052655281898)",2.645179611111545,2.458511782194508,4590,0,4504,895
2744,,4505,4510,4505,20241030RUN02,05/11/2024,1.23,2.74,1.98,7.010398367781283,100.72112637896005,05/11/2024,2.634134871782553,2.014580610287421,2.656224350440537,1.5756430383283022,2.656224350440537,0.0220894786579841,"LINESTRING(100.72114113028708 7.010355679446873,100.72108184786593 7.01052655281898)",2.645179611111545,2.43446320717488,4590,0,4509,896
2745,,4510,4515,4510,20241030RUN02,05/11/2024,0.96,1.76,1.36,7.010441094693781,100.72111158444515,05/11/2024,2.634134871782553,2.014580610287421,2.656224350440537,1.5756430383283022,2.656224350440537,0.0220894786579841,"LINESTRING(100.72114113028708 7.010355679446873,100.72108184786593 7.01052655281898)",2.645179611111545,2.6466794991932567,4590,0,4514,897
2746,,4515,4520,4515,20241030RUN02,05/11/2024,0.65,1.02,0.84,7.010483806270632,100.72109674541073,05/11/2024,2.634134871782553,2.014580610287421,2.656224350440537,1.5756430383283022,2.656224350440537,0.0220894786579841,"LINESTRING(100.72114113028708 7.010355679446873,100.72108184786593 7.01052655281898)",2.645179611111545,2.86246910335045,4590,0,4519,898
2747,,4520,4525,4520,20241030RUN02,05/11/2024,0.4,0.29,0.34,7.010526501215791,100.72108185861153,05/11/2024,2.555524096527911,1.7397359392178964,2.609390219337887,1.9406775754279904,2.609390219337887,0.0538661228099757,"LINESTRING(100.72108184786593 7.01052655281898,100.72102243246746 7.010697379614128)",2.582457157932899,2.7108390243446054,4590,0,4524,899
2748,,4525,4530,4525,20241030RUN02,05/11/2024,1.67,0.17,0.92,7.010569207780202,100.72106700475015,05/11/2024,2.555524096527911,1.7397359392178964,2.609390219337887,1.9406775754279904,2.609390219337887,0.0538661228099757,"LINESTRING(100.72108184786593 7.01052655281898,100.72102243246746 7.010697379614128)",2.582457157932899,2.695073369222724,4590,0,,
2749,,4530,4535,4530,20241030RUN02,05/11/2024,2.32,0.19,1.25,7.010611922484175,100.72105217459345,05/11/2024,2.555524096527911,1.7397359392178964,2.609390219337887,1.9406775754279904,2.609390219337887,0.0538661228099757,"LINESTRING(100.72108184786593 7.01052655281898,100.72102243246746 7.010697379614128)",2.582457157932899,2.440072762753696,4590,0,4530,900
2750,,4535,4540,4535,20241030RUN02,05/11/2024,1.17,0.4,0.78,7.01065462090196,100.72103729740171,05/11/2024,2.555524096527911,1.7397359392178964,2.609390219337887,1.9406775754279904,2.609390219337887,0.0538661228099757,"LINESTRING(100.72108184786593 7.01052655281898,100.72102243246746 7.010697379614128)",2.582457157932899,2.465437158116176,4590,0,4535,901
2751,,4540,4545,4540,20241030RUN02,05/11/2024,0.32,0.14,0.23,7.010697327406304,100.72102244337279,05/11/2024,3.050313759570872,2.1264268680075964,3.4711813395684183,2.459115116522582,3.4711813395684183,0.4208675799975467,"LINESTRING(100.72102243246746 7.010697379614128,100.7209651596047 7.010868932277121)",3.260747549569645,3.059232256941614,4590,0,4540,902
2752,,4545,4550,4545,20241030RUN02,05/11/2024,1.33,0.33,0.83,7.010740092434369,100.72100775910053,05/11/2024,3.050313759570872,2.1264268680075964,3.4711813395684183,2.459115116522582,3.4711813395684183,0.4208675799975467,"LINESTRING(100.72102243246746 7.010697379614128,100.7209651596047 7.010868932277121)",3.260747549569645,3.1197309224050183,4590,0,4545,903
2753,,4550,4555,4550,20241030RUN02,05/11/2024,3.63,2.06,2.84,7.010782945938628,100.72099333613363,05/11/2024,3.050313759570872,2.1264268680075964,3.4711813395684183,2.459115116522582,3.4711813395684183,0.4208675799975467,"LINESTRING(100.72102243246746 7.010697379614128,100.7209651596047 7.010868932277121)",3.260747549569645,3.459864829049425,4590,0,4550,904
2754,,4555,4560,4555,20241030RUN02,05/11/2024,4.93,2.73,3.83,7.010825886094833,100.7209791737923,05/11/2024,3.050313759570872,2.1264268680075964,3.4711813395684183,2.459115116522582,3.4711813395684183,0.4208675799975467,"LINESTRING(100.72102243246746 7.010697379614128,100.7209651596047 7.010868932277121)",3.260747549569645,3.525216016139159,4590,0,4555,905
2755,,4560,4565,4560,20241030RUN02,05/11/2024,5.62,2.68,4.15,7.010868878430209,100.72096517088356,05/11/2024,4.926702066385582,3.828803528002812,6.889028238430533,4.925678921539333,6.889028238430533,1.9623261720449507,"LINESTRING(100.7209651596047 7.010868932277121,100.72090885246054 7.011040804730074)",5.907865152408057,6.2390229425124835,4590,0,4560,906
2756,,4565,4570,4565,20241030RUN02,05/11/2024,3.98,1.89,2.94,7.010911885430883,100.72095121277883,05/11/2024,4.926702066385582,3.828803528002812,6.889028238430533,4.925678921539333,6.889028238430533,1.9623261720449507,"LINESTRING(100.7209651596047 7.010868932277121,100.72090885246054 7.011040804730074)",5.907865152408057,5.335188777180681,4590,0,4565,907
2757,,4570,4575,4570,20241030RUN02,05/11/2024,4.03,2.14,3.08,7.010954904956485,100.7209372928531,05/11/2024,4.926702066385582,3.828803528002812,6.889028238430533,4.925678921539333,6.889028238430533,1.9623261720449507,"LINESTRING(100.7209651596047 7.010868932277121,100.72090885246054 7.011040804730074)",5.907865152408057,5.446327976289955,4590,0,4570,908
2758,,4575,4580,4575,20241030RUN02,05/11/2024,1.79,0.98,1.38,7.010997889147588,100.72092326428427,05/11/2024,4.926702066385582,3.828803528002812,6.889028238430533,4.925678921539333,6.889028238430533,1.9623261720449507,"LINESTRING(100.7209651596047 7.010868932277121,100.72090885246054 7.011040804730074)",5.907865152408057,6.485850745361146,4590,0,4575,909
2759,,4580,4585,4580,20241030RUN02,05/11/2024,3.78,1.01,2.4,7.011040750322768,100.72090886388646,,,,,,,,,,,4590,0,4580,910
2760,,4585,4590,4585,20241030RUN02,05/11/2024,4.29,0.81,2.55,7.011083495464142,100.7208941216579,,,,,,,,,,,4590,0,4585,911
2761,,4590,4595,4590,20241030RUN02,05/11/2024,4.46,0.41,2.44,7.011126153840219,100.72087912941046,,,,,,,,,,,4590,0,4590,912
