,left_rutting,right_rutting,avg_rutting,event_start,event_end,survey_code,rut_point_x,rut_point_y,iri left (m/km),iri right (m/km),iri,iri_lane,chainage,max_chainage,min_chainage,pic_count,frame_num,frame_num_ch,linkid,ramp_id,section_id,numb_start,numb_end,km_start,km_end,length,length_KM,lane,event_name,date,route,remark
164,2.93,0.0,1.46,410,415,20240726RUN02,13.849438776490151,100.44402991962046,3.671420707259813,3.271595778401421,3.471508242830617,3.7510447459901144,410,6180,0,880,57,411.0,01900124046R1AC03,191,101655,57,654,4+300,0+000,4179,4.179,R2,AC,20240726,นบ.5038,
166,3.2,0.1,1.65,415,420,20240726RUN02,13.849419205364294,100.44407160944247,3.671420707259813,3.271595778401421,3.471508242830617,3.6713830778437084,415,6180,0,880,58,418.0,01900124046R1AC03,191,101655,57,654,4+300,0+000,4179,4.179,R2,AC,20240726,นบ.5038,
170,2.85,0.28,1.56,425,430,20240726RUN02,13.849380242006497,100.44415507686446,3.351976798046972,3.228432942616786,3.290204870331879,3.159064846330647,425,6180,0,880,59,425.0,01900124046R1AC03,191,101655,57,654,4+300,0+000,4179,4.179,R2,AC,20240726,นบ.5038,
172,4.72,0.0,2.36,430,435,20240726RUN02,13.849360560211878,100.44419671204665,3.351976798046972,3.228432942616786,3.290204870331879,3.446968637116522,430,6180,0,880,60,433.0,01900124046R1AC03,191,101655,57,654,4+300,0+000,4179,4.179,R2,AC,20240726,นบ.5038,
176,6.05,0.0,3.02,440,445,20240726RUN02,13.84932048670501,100.44427962674209,2.6764693813203526,2.6918683291456658,2.6841688552330094,2.7235016087910555,440,6180,0,880,61,440.0,01900124046R1AC03,191,101655,57,654,4+300,0+000,4179,4.179,R2,AC,20240726,นบ.5038,
178,5.47,0.0,2.74,445,450,20240726RUN02,13.849300310538831,100.4443210134018,2.6764693813203526,2.6918683291456658,2.6841688552330094,2.5450230225271766,445,6180,0,880,62,447.0,01900124046R1AC03,191,101655,57,654,4+300,0+000,4179,4.179,R2,AC,20240726,นบ.5038,
180,2.94,0.0,1.47,450,455,20240726RUN02,13.849280181788139,100.44436242422303,2.6764693813203526,2.6918683291456658,2.6841688552330094,2.8786739543422946,450,6180,0,880,63,454.0,01900124046R1AC03,191,101655,57,654,4+300,0+000,4179,4.179,R2,AC,20240726,นบ.5038,
184,3.22,0.0,1.61,460,465,20240726RUN02,13.849240334135173,100.4444454529707,2.515375498915831,2.590933978704485,2.553154738810158,2.4096121003452664,460,6180,0,880,64,462.0,01900124046R1AC03,191,101655,57,654,4+300,0+000,4179,4.179,R2,AC,20240726,นบ.5038,
186,1.83,0.04,0.94,465,470,20240726RUN02,13.849220555713092,100.44448704022601,2.515375498915831,2.590933978704485,2.553154738810158,2.559471312183748,465,6180,0,880,65,469.0,01900124046R1AC03,191,101655,57,654,4+300,0+000,4179,4.179,R2,AC,20240726,นบ.5038,
190,2.74,0.09,1.42,475,480,20240726RUN02,13.849181156510454,100.44457029297081,2.515375498915831,2.590933978704485,2.553154738810158,2.6968290397320263,475,6180,0,880,66,476.0,01900124046R1AC03,191,101655,57,654,4+300,0+000,4179,4.179,R2,AC,20240726,นบ.5038,
192,3.0,0.04,1.52,480,485,20240726RUN02,13.849161611139131,100.44461199544969,4.154842023561736,2.812250911438527,3.4835464675001315,3.648771171410988,480,6180,0,880,67,483.0,01900124046R1AC03,191,101655,57,654,4+300,0+000,4179,4.179,R2,AC,20240726,นบ.5038,
196,2.66,0.0,1.33,490,495,20240726RUN02,13.849122607218753,100.44469544298032,4.154842023561736,2.812250911438527,3.4835464675001315,3.6678543140946704,490,6180,0,880,68,490.0,01900124046R1AC03,191,101655,57,654,4+300,0+000,4179,4.179,R2,AC,20240726,นบ.5038,
198,3.93,0.0,1.96,495,500,20240726RUN02,13.849103100967762,100.44473716465207,4.154842023561736,2.812250911438527,3.4835464675001315,3.517839032104096,495,6180,0,880,69,498.0,01900124046R1AC03,191,101655,57,654,4+300,0+000,4179,4.179,R2,AC,20240726,นบ.5038,
202,3.06,0.02,1.54,505,510,20240726RUN02,13.849063965047822,100.44482054735093,3.549816420024374,3.645236696925413,3.597526558474893,3.6352798346395088,505,6180,0,880,70,505.0,01900124046R1AC03,191,101655,57,654,4+300,0+000,4179,4.179,R2,AC,20240726,นบ.5038,
204,3.04,0.0,1.52,510,515,20240726RUN02,13.8490443633838,100.44486222213676,3.549816420024374,3.645236696925413,3.597526558474893,3.3810224775484237,510,6180,0,880,71,512.0,01900124046R1AC03,191,101655,57,654,4+300,0+000,4179,4.179,R2,AC,20240726,นบ.5038,
206,1.04,0.0,0.52,515,520,20240726RUN02,13.849024854619152,100.44490394254025,3.549816420024374,3.645236696925413,3.597526558474893,3.445784554352048,515,6180,0,880,72,519.0,01900124046R1AC03,191,101655,57,654,4+300,0+000,4179,4.179,R2,AC,20240726,นบ.5038,
210,3.0,0.0,1.5,525,530,20240726RUN02,13.84898604831562,100.44498748645735,5.596521322826516,2.934254304852057,4.265387813839286,4.150418211798673,525,6180,0,880,73,526.0,01900124046R1AC03,191,101655,57,654,4+300,0+000,4179,4.179,R2,AC,20240726,นบ.5038,
212,4.24,0.0,2.12,530,535,20240726RUN02,13.848966758117788,100.445029313171,5.596521322826516,2.934254304852057,4.265387813839286,4.340168221511958,530,6180,0,880,74,534.0,01900124046R1AC03,191,101655,57,654,4+300,0+000,4179,4.179,R2,AC,20240726,นบ.5038,
216,0.31,0.0,0.16,540,545,20240726RUN02,13.848928462254511,100.44511310331872,2.66006087920893,3.678186414779104,3.1691236469940174,2.9707048322333396,540,6180,0,880,75,541.0,01900124046R1AC03,191,101655,57,654,4+300,0+000,4179,4.179,R2,AC,20240726,นบ.5038,
218,0.11,0.0,0.06,545,550,20240726RUN02,13.848909473849675,100.44515507442432,2.66006087920893,3.678186414779104,3.1691236469940174,3.049237300966638,545,6180,0,880,76,548.0,01900124046R1AC03,191,101655,57,654,4+300,0+000,4179,4.179,R2,AC,20240726,นบ.5038,
222,1.0,0.14,0.57,555,560,20240726RUN02,13.848871519885153,100.44523902744389,2.66006087920893,3.678186414779104,3.1691236469940174,3.4142414071222316,555,6180,0,880,77,555.0,01900124046R1AC03,191,101655,57,654,4+300,0+000,4179,4.179,R2,AC,20240726,นบ.5038,
224,1.04,0.01,0.52,560,565,20240726RUN02,13.848852502894992,100.44528098496693,3.10279787004923,3.10651123474517,3.1046545523972,3.0768085530646814,560,6180,0,880,78,562.0,01900124046R1AC03,191,101655,57,654,4+300,0+000,4179,4.179,R2,AC,20240726,นบ.5038,
228,0.38,0.0,0.19,570,575,20240726RUN02,13.848814170374975,100.4453647575647,3.10279787004923,3.10651123474517,3.1046545523972,3.3349919244081505,570,6180,0,880,79,570.0,01900124046R1AC03,191,101655,57,654,4+300,0+000,4179,4.179,R2,AC,20240726,นบ.5038,
230,1.67,0.01,0.84,575,580,20240726RUN02,13.84879497133108,100.44540662816621,3.10279787004923,3.10651123474517,3.1046545523972,3.3663497812085668,575,6180,0,880,80,577.0,01900124046R1AC03,191,101655,57,654,4+300,0+000,4179,4.179,R2,AC,20240726,นบ.5038,
232,0.72,0.0,0.36,580,585,20240726RUN02,13.848775821432646,100.44544852231964,3.845132512362396,3.8535470983113855,3.849339805336891,4.18246534667855,580,6180,0,880,81,584.0,01900124046R1AC03,191,101655,57,654,4+300,0+000,4179,4.179,R2,AC,20240726,นบ.5038,
236,0.94,0.0,0.47,590,595,20240726RUN02,13.848737553068519,100.44553232568512,3.845132512362396,3.8535470983113855,3.849339805336891,3.4771135530793074,590,6180,0,880,82,591.0,01900124046R1AC03,191,101655,57,654,4+300,0+000,4179,4.179,R2,AC,20240726,นบ.5038,
238,1.33,0.0,0.66,595,600,20240726RUN02,13.848718372101414,100.44557420494655,3.845132512362396,3.8535470983113855,3.849339805336891,3.816839436548725,595,6180,0,880,83,599.0,01900124046R1AC03,191,101655,57,654,4+300,0+000,4179,4.179,R2,AC,20240726,นบ.5038,
242,0.88,0.0,0.44,605,610,20240726RUN02,13.848680028254844,100.4456579720943,3.279951652836104,3.4023644576283294,3.3411580552322167,3.2229577516645858,605,6180,0,880,84,606.0,01900124046R1AC03,191,101655,57,654,4+300,0+000,4179,4.179,R2,AC,20240726,นบ.5038,
244,1.36,0.02,0.69,610,615,20240726RUN02,13.848661009930169,100.44569992893842,3.279951652836104,3.4023644576283294,3.3411580552322167,3.3570442939914424,610,6180,0,880,85,613.0,01900124046R1AC03,191,101655,57,654,4+300,0+000,4179,4.179,R2,AC,20240726,นบ.5038,
248,0.07,0.0,0.04,620,625,20240726RUN02,13.84862325559382,100.44578397598693,2.627472506256874,3.205079526985968,2.916276016621421,2.7387294374157882,620,6180,0,880,86,620.0,01900124046R1AC03,191,101655,57,654,4+300,0+000,4179,4.179,R2,AC,20240726,นบ.5038,
250,0.05,0.0,0.02,625,630,20240726RUN02,13.848604560026045,100.44582608450793,2.627472506256874,3.205079526985968,2.916276016621421,3.0791990919734893,625,6180,0,880,87,627.0,01900124046R1AC03,191,101655,57,654,4+300,0+000,4179,4.179,R2,AC,20240726,นบ.5038,
254,0.59,0.18,0.38,635,640,20240726RUN02,13.848567384861209,100.44591040162426,2.627472506256874,3.205079526985968,2.916276016621421,2.942772607263779,635,6180,0,880,88,635.0,01900124046R1AC03,191,101655,57,654,4+300,0+000,4179,4.179,R2,AC,20240726,นบ.5038,
256,0.25,0.0,0.12,640,645,20240726RUN02,13.84854888581229,100.44595260095055,2.507415486941369,3.34124282399366,2.9243291554675146,2.8405449996785563,640,6180,0,880,89,642.0,01900124046R1AC03,191,101655,57,654,4+300,0+000,4179,4.179,R2,AC,20240726,นบ.5038,
258,0.2,0.0,0.1,645,650,20240726RUN02,13.84853038586586,100.44599479986942,2.507415486941369,3.34124282399366,2.9243291554675146,2.7549203213147493,645,6180,0,880,90,649.0,01900124046R1AC03,191,101655,57,654,4+300,0+000,4179,4.179,R2,AC,20240726,นบ.5038,
262,0.62,0.0,0.31,655,660,20240726RUN02,13.848493692078991,100.44607933724284,2.507415486941369,3.34124282399366,2.9243291554675146,2.7985053069244725,655,6180,0,880,91,656.0,01900124046R1AC03,191,101655,57,654,4+300,0+000,4179,4.179,R2,AC,20240726,นบ.5038,
264,0.18,0.04,0.11,660,665,20240726RUN02,13.848475551702933,100.44612169932999,3.318304099909513,3.8028208792806737,3.5605624895950934,3.313745621420593,660,6180,0,880,92,663.0,01900124046R1AC03,191,101655,57,654,4+300,0+000,4179,4.179,R2,AC,20240726,นบ.5038,
268,0.99,0.0,0.5,670,675,20240726RUN02,13.848439367852299,100.44620646687719,3.318304099909513,3.8028208792806737,3.5605624895950934,3.726712913351035,670,6180,0,880,93,671.0,01900124046R1AC03,191,101655,57,654,4+300,0+000,4179,4.179,R2,AC,20240726,นบ.5038,
270,1.14,0.0,0.57,675,680,20240726RUN02,13.848421334316837,100.44624887671851,3.318304099909513,3.8028208792806737,3.5605624895950934,3.6282999624974126,675,6180,0,880,94,678.0,01900124046R1AC03,191,101655,57,654,4+300,0+000,4179,4.179,R2,AC,20240726,นบ.5038,
274,1.27,0.0,0.64,685,690,20240726RUN02,13.848385268263073,100.44633369681654,3.769759725724877,5.272310579545119,4.5210351526349974,4.19667092510479,685,6180,0,880,95,685.0,01900124046R1AC03,191,101655,57,654,4+300,0+000,4179,4.179,R2,AC,20240726,นบ.5038,
276,1.67,0.76,1.21,690,695,20240726RUN02,13.848367138883502,100.44637606381488,3.769759725724877,5.272310579545119,4.5210351526349974,4.582627477003422,690,6180,0,880,96,692.0,01900124046R1AC03,191,101655,57,654,4+300,0+000,4179,4.179,R2,AC,20240726,นบ.5038,
278,1.49,0.12,0.8,695,700,20240726RUN02,13.848349010731859,100.44641843134342,3.769759725724877,5.272310579545119,4.5210351526349974,4.46608996110218,695,6180,0,880,97,699.0,01900124046R1AC03,191,101655,57,654,4+300,0+000,4179,4.179,R2,AC,20240726,นบ.5038,
282,2.35,0.24,1.3,705,710,20240726RUN02,13.848312969177588,100.44650326234867,4.023146102262897,4.166016805037035,4.094581453649966,4.035224433939216,705,6180,0,880,98,707.0,01900124046R1AC03,191,101655,57,654,4+300,0+000,4179,4.179,R2,AC,20240726,นบ.5038,
284,2.17,0.04,1.1,710,715,20240726RUN02,13.848295021973216,100.44654571052249,4.023146102262897,4.166016805037035,4.094581453649966,4.455296336628412,710,6180,0,880,99,714.0,01900124046R1AC03,191,101655,57,654,4+300,0+000,4179,4.179,R2,AC,20240726,นบ.5038,
288,1.77,0.57,1.17,720,725,20240726RUN02,13.848259443048992,100.4466307457225,3.6316847284382527,3.602249579490758,3.6169671539645054,3.8352530618274643,720,6180,0,880,100,721.0,01900124046R1AC03,191,101655,57,654,4+300,0+000,4179,4.179,R2,AC,20240726,นบ.5038,
290,2.3,0.18,1.24,725,730,20240726RUN02,13.848241787781417,100.4466733219725,3.6316847284382527,3.602249579490758,3.6169671539645054,3.259065208491315,725,6180,0,880,101,728.0,01900124046R1AC03,191,101655,57,654,4+300,0+000,4179,4.179,R2,AC,20240726,นบ.5038,
294,1.25,0.0,0.62,735,740,20240726RUN02,13.84820597667014,100.44675825449954,3.6316847284382527,3.602249579490758,3.6169671539645054,3.577580374426677,735,6180,0,880,102,736.0,01900124046R1AC03,191,101655,57,654,4+300,0+000,4179,4.179,R2,AC,20240726,นบ.5038,
296,1.28,0.0,0.64,740,745,20240726RUN02,13.84818760712198,100.4468005129844,2.7752150323394726,3.161626814937554,2.9684209236385133,2.767440156771534,740,6180,0,880,103,743.0,01900124046R1AC03,191,101655,57,654,4+300,0+000,4179,4.179,R2,AC,20240726,นบ.5038,
300,1.58,0.0,0.79,750,755,20240726RUN02,13.848150347973993,100.44688479131491,2.7752150323394726,3.161626814937554,2.9684209236385133,3.1614765213099822,750,6180,0,880,104,750.0,01900124046R1AC03,191,101655,57,654,4+300,0+000,4179,4.179,R2,AC,20240726,นบ.5038,
302,1.96,0.0,0.98,755,760,20240726RUN02,13.848131601010278,100.44692687596775,2.7752150323394726,3.161626814937554,2.9684209236385133,2.9789525633883227,755,6180,0,880,105,757.0,01900124046R1AC03,191,101655,57,654,4+300,0+000,4179,4.179,R2,AC,20240726,นบ.5038,
304,1.39,0.02,0.7,760,765,20240726RUN02,13.848112775620987,100.44696892393796,3.0302616858994127,2.9391529605399693,2.9847073232196912,2.78584389363136,760,6180,0,880,106,764.0,01900124046R1AC03,191,101655,57,654,4+300,0+000,4179,4.179,R2,AC,20240726,นบ.5038,
308,1.03,0.35,0.69,770,775,20240726RUN02,13.848074856560496,100.44705289342734,3.0302616858994127,2.9391529605399693,2.9847073232196912,3.039989760868931,770,6180,0,880,107,772.0,01900124046R1AC03,191,101655,57,654,4+300,0+000,4179,4.179,R2,AC,20240726,นบ.5038,
310,1.07,0.01,0.54,775,780,20240726RUN02,13.848055709373288,100.44709478895271,3.0302616858994127,2.9391529605399693,2.9847073232196912,3.070080703885029,775,6180,0,880,108,779.0,01900124046R1AC03,191,101655,57,654,4+300,0+000,4179,4.179,R2,AC,20240726,นบ.5038,
314,1.54,0.0,0.77,785,790,20240726RUN02,13.848017084830866,100.44717842104407,2.803748812300861,4.154183927342356,3.4789663698216087,3.5233830486864632,785,6180,0,880,109,786.0,01900124046R1AC03,191,101655,57,654,4+300,0+000,4179,4.179,R2,AC,20240726,นบ.5038,
316,0.85,0.0,0.42,790,795,20240726RUN02,13.847997604065652,100.44722015522431,2.803748812300861,4.154183927342356,3.4789663698216087,3.324284577521624,790,6180,0,880,110,793.0,01900124046R1AC03,191,101655,57,654,4+300,0+000,4179,4.179,R2,AC,20240726,นบ.5038,
320,1.97,0.0,0.98,800,805,20240726RUN02,13.847958475321745,100.44730354159837,3.278019823538916,3.261397012756082,3.2697084181474994,3.277713409181127,800,6180,0,880,111,800.0,01900124046R1AC03,191,101655,57,654,4+300,0+000,4179,4.179,R2,AC,20240726,นบ.5038,
322,1.39,0.0,0.7,805,810,20240726RUN02,13.847938951256506,100.44734525457243,3.278019823538916,3.261397012756082,3.2697084181474994,2.998862059008211,805,6180,0,880,112,808.0,01900124046R1AC03,191,101655,57,654,4+300,0+000,4179,4.179,R2,AC,20240726,นบ.5038,
326,1.37,0.0,0.68,815,820,20240726RUN02,13.847900019811515,100.4474287376373,3.278019823538916,3.261397012756082,3.2697084181474994,3.3616517955718437,815,6180,0,880,113,815.0,01900124046R1AC03,191,101655,57,654,4+300,0+000,4179,4.179,R2,AC,20240726,นบ.5038,
328,1.48,0.0,0.74,820,825,20240726RUN02,13.847880549676761,100.44747047702906,3.570084201301785,3.970384624849917,3.770234413075851,3.6168239007729346,820,6180,0,880,114,822.0,01900124046R1AC03,191,101655,57,654,4+300,0+000,4179,4.179,R2,AC,20240726,นบ.5038,
330,2.46,0.01,1.23,825,830,20240726RUN02,13.847861127919941,100.44751224003075,3.570084201301785,3.970384624849917,3.770234413075851,4.020528304574563,825,6180,0,880,115,829.0,01900124046R1AC03,191,101655,57,654,4+300,0+000,4179,4.179,R2,AC,20240726,นบ.5038,
334,1.43,0.0,0.72,835,840,20240726RUN02,13.847822457578216,100.44759585015488,3.570084201301785,3.970384624849917,3.770234413075851,3.8670692509030475,835,6180,0,880,116,836.0,01900124046R1AC03,191,101655,57,654,4+300,0+000,4179,4.179,R2,AC,20240726,นบ.5038,
336,2.04,0.0,1.02,840,845,20240726RUN02,13.847803108983806,100.44763764869752,2.6599462576823805,3.300615616219495,2.9802809369509378,3.1112737876074874,840,6180,0,880,117,844.0,01900124046R1AC03,191,101655,57,654,4+300,0+000,4179,4.179,R2,AC,20240726,นบ.5038,
340,1.82,0.0,0.91,850,855,20240726RUN02,13.847764195146649,100.44772114032358,2.6599462576823805,3.300615616219495,2.9802809369509378,2.9608407218572306,850,6180,0,880,118,851.0,01900124046R1AC03,191,101655,57,654,4+300,0+000,4179,4.179,R2,AC,20240726,นบ.5038,
342,2.07,0.0,1.03,855,860,20240726RUN02,13.847744602716233,100.44776281972526,2.6599462576823805,3.300615616219495,2.9802809369509378,3.208234882342415,855,6180,0,880,119,858.0,01900124046R1AC03,191,101655,57,654,4+300,0+000,4179,4.179,R2,AC,20240726,นบ.5038,
346,1.75,0.0,0.88,865,870,20240726RUN02,13.847705303754909,100.4478461222424,3.131507915577844,3.720721518936271,3.4261147172570574,3.535291656935767,865,6180,0,880,120,865.0,01900124046R1AC03,191,101655,57,654,4+300,0+000,4179,4.179,R2,AC,20240726,นบ.5038,
348,1.72,0.0,0.86,870,875,20240726RUN02,13.847685644966125,100.44788776887846,3.131507915577844,3.720721518936271,3.4261147172570574,3.3143219319685553,870,6180,0,880,121,873.0,01900124046R1AC03,191,101655,57,654,4+300,0+000,4179,4.179,R2,AC,20240726,นบ.5038,
352,1.33,0.0,0.66,880,885,20240726RUN02,13.847646389506451,100.44797109280184,3.3113148828189365,3.373884575558799,3.342599729188868,3.4518388777868796,880,6180,0,880,122,880.0,01900124046R1AC03,191,101655,57,654,4+300,0+000,4179,4.179,R2,AC,20240726,นบ.5038,
354,1.36,0.0,0.68,885,890,20240726RUN02,13.847626794625272,100.44801277094152,3.3113148828189365,3.373884575558799,3.342599729188868,3.4303940503357797,885,6180,0,880,123,887.0,01900124046R1AC03,191,101655,57,654,4+300,0+000,4179,4.179,R2,AC,20240726,นบ.5038,
356,1.09,0.0,0.55,890,895,20240726RUN02,13.847607214090733,100.44805445615575,3.3113148828189365,3.373884575558799,3.342599729188868,3.448770010839812,890,6180,0,880,124,894.0,01900124046R1AC03,191,101655,57,654,4+300,0+000,4179,4.179,R2,AC,20240726,นบ.5038,
360,1.78,0.0,0.89,900,905,20240726RUN02,13.84756810380343,100.44813785144444,2.630171155504657,2.459466884653384,2.5448190200790206,2.456706583537865,900,6180,0,880,125,901.0,01900124046R1AC03,191,101655,57,654,4+300,0+000,4179,4.179,R2,AC,20240726,นบ.5038,
362,2.12,0.04,1.08,905,910,20240726RUN02,13.847548558712033,100.44817955397556,2.630171155504657,2.459466884653384,2.5448190200790206,2.4934923773368385,905,6180,0,880,126,909.0,01900124046R1AC03,191,101655,57,654,4+300,0+000,4179,4.179,R2,AC,20240726,นบ.5038,
366,1.98,0.0,0.99,915,920,20240726RUN02,13.847509414223,100.44826293230517,2.630171155504657,2.459466884653384,2.5448190200790206,2.634381845009839,915,6180,0,880,127,916.0,01900124046R1AC03,191,101655,57,654,4+300,0+000,4179,4.179,R2,AC,20240726,นบ.5038,
368,1.91,0.0,0.96,920,925,20240726RUN02,13.847489818350574,100.448304609818,3.00452422495453,3.0597338181742773,3.032129021564404,3.117689280589982,920,6180,0,880,128,923.0,01900124046R1AC03,191,101655,57,654,4+300,0+000,4179,4.179,R2,AC,20240726,นบ.5038,
372,2.25,0.0,1.12,930,935,20240726RUN02,13.84745062977967,100.44838796637055,3.00452422495453,3.0597338181742773,3.032129021564404,2.820197998793194,930,6180,0,880,129,930.0,01900124046R1AC03,191,101655,57,654,4+300,0+000,4179,4.179,R2,AC,20240726,นบ.5038,
374,2.76,0.0,1.38,935,940,20240726RUN02,13.84743105258988,100.44842965302051,3.00452422495453,3.0597338181742773,3.032129021564404,3.2949695047573235,935,6180,0,880,130,937.0,01900124046R1AC03,191,101655,57,654,4+300,0+000,4179,4.179,R2,AC,20240726,นบ.5038,
378,1.88,0.0,0.94,945,950,20240726RUN02,13.847391641097238,100.44851289908488,2.872882148707667,2.797452386391438,2.8351672675495525,2.882113364398246,945,6180,0,880,131,945.0,01900124046R1AC03,191,101655,57,654,4+300,0+000,4179,4.179,R2,AC,20240726,นบ.5038,
380,2.24,0.01,1.12,950,955,20240726RUN02,13.847371760837522,100.44855443514518,2.872882148707667,2.797452386391438,2.8351672675495525,2.5764951116002175,950,6180,0,880,132,952.0,01900124046R1AC03,191,101655,57,654,4+300,0+000,4179,4.179,R2,AC,20240726,นบ.5038,
382,1.16,0.0,0.58,955,960,20240726RUN02,13.8473518154217,100.44859593845229,2.872882148707667,2.797452386391438,2.8351672675495525,2.5868082052378956,955,6180,0,880,133,959.0,01900124046R1AC03,191,101655,57,654,4+300,0+000,4179,4.179,R2,AC,20240726,นบ.5038,
386,2.31,0.0,1.16,965,970,20240726RUN02,13.847311945998225,100.44867895580173,4.427084400754685,4.232509015909775,4.32979670833223,4.538019010607535,965,6180,0,880,134,966.0,01900124046R1AC03,191,101655,57,654,4+300,0+000,4179,4.179,R2,AC,20240726,นบ.5038,
388,2.09,0.58,1.34,970,975,20240726RUN02,13.847292088304123,100.4487205030987,4.427084400754685,4.232509015909775,4.32979670833223,3.99058401576561,970,6180,0,880,135,974.0,01900124046R1AC03,191,101655,57,654,4+300,0+000,4179,4.179,R2,AC,20240726,นบ.5038,
392,0.51,0.0,0.26,980,985,20240726RUN02,13.847252509799937,100.44880366591794,2.457661140883125,2.4887542359669323,2.4732076884250285,2.509606477012146,980,6180,0,880,136,981.0,01900124046R1AC03,191,101655,57,654,4+300,0+000,4179,4.179,R2,AC,20240726,นบ.5038,
394,0.47,0.0,0.24,985,990,20240726RUN02,13.847232736539954,100.4488452552666,2.457661140883125,2.4887542359669323,2.4732076884250285,2.3970623358728287,985,6180,0,880,137,988.0,01900124046R1AC03,191,101655,57,654,4+300,0+000,4179,4.179,R2,AC,20240726,นบ.5038,
398,1.86,0.3,1.08,995,1000,20240726RUN02,13.847193306959491,100.44892849202891,2.457661140883125,2.4887542359669323,2.4732076884250285,2.480469979114406,995,6180,0,880,138,995.0,01900124046R1AC03,191,101655,57,654,4+300,0+000,4179,4.179,R2,AC,20240726,นบ.5038,
400,2.26,0.27,1.26,1000,1005,20240726RUN02,13.847173656426403,100.44897014219937,3.3352447963684533,3.6447225220691184,3.489983659218786,3.419385590774962,1000,6180,0,880,139,1002.0,01900124046R1AC03,191,101655,57,654,4+300,0+000,4179,4.179,R2,AC,20240726,นบ.5038,
404,0.16,0.03,0.1,1010,1015,20240726RUN02,13.847134432197743,100.4490534803534,3.3352447963684533,3.6447225220691184,3.489983659218786,3.301101862836787,1010,6180,0,880,140,1010.0,01900124046R1AC03,191,101655,57,654,4+300,0+000,4179,4.179,R2,AC,20240726,นบ.5038,
406,0.53,0.0,0.26,1015,1020,20240726RUN02,13.847114819554735,100.44909514915258,3.3352447963684533,3.6447225220691184,3.489983659218786,3.4680391617916286,1015,6180,0,880,141,1017.0,01900124046R1AC03,191,101655,57,654,4+300,0+000,4179,4.179,R2,AC,20240726,นบ.5038,
408,0.65,0.01,0.33,1020,1025,20240726RUN02,13.847095229562377,100.44913682909667,3.3123149816477166,3.266453920996398,3.289384451322057,2.9651496052883157,1020,6180,0,880,142,1024.0,01900124046R1AC03,191,101655,57,654,4+300,0+000,4179,4.179,R2,AC,20240726,นบ.5038,
412,0.7,0.02,0.36,1030,1035,20240726RUN02,13.847056067082338,100.44922019754492,3.3123149816477166,3.266453920996398,3.289384451322057,3.505887220516361,1030,6180,0,880,143,1031.0,01900124046R1AC03,191,101655,57,654,4+300,0+000,4179,4.179,R2,AC,20240726,นบ.5038,
414,0.33,0.0,0.16,1035,1040,20240726RUN02,13.847036455357664,100.44926186674917,3.3123149816477166,3.266453920996398,3.289384451322057,3.2786224716918126,1035,6180,0,880,144,1038.0,01900124046R1AC03,191,101655,57,654,4+300,0+000,4179,4.179,R2,AC,20240726,นบ.5038,
418,1.35,0.0,0.68,1045,1050,20240726RUN02,13.846997253454639,100.44934521575178,2.3520405114608374,2.466440702851738,2.4092406071562875,2.390023247566587,1045,6180,0,880,145,1046.0,01900124046R1AC03,191,101655,57,654,4+300,0+000,4179,4.179,R2,AC,20240726,นบ.5038,
420,0.51,0.0,0.26,1050,1055,20240726RUN02,13.846977623976967,100.4493868761744,2.3520405114608374,2.466440702851738,2.4092406071562875,2.4181806375031045,1050,6180,0,880,146,1053.0,01900124046R1AC03,191,101655,57,654,4+300,0+000,4179,4.179,R2,AC,20240726,นบ.5038,
424,1.46,0.0,0.73,1060,1065,20240726RUN02,13.846938295066373,100.44947016239846,3.45644607174692,4.1973118063106245,3.8268789390287723,3.9196029296184687,1060,6180,0,880,147,1060.0,01900124046R1AC03,191,101655,57,654,4+300,0+000,4179,4.179,R2,AC,20240726,นบ.5038,
426,1.26,0.0,0.63,1065,1070,20240726RUN02,13.84691858316854,100.44951178202125,3.45644607174692,4.1973118063106245,3.8268789390287723,3.5099414850938593,1065,6180,0,880,148,1067.0,01900124046R1AC03,191,101655,57,654,4+300,0+000,4179,4.179,R2,AC,20240726,นบ.5038,
428,1.33,0.0,0.66,1070,1075,20240726RUN02,13.846898855553535,100.44955339385191,3.45644607174692,4.1973118063106245,3.8268789390287723,3.87469240571001,1070,6180,0,880,149,1074.0,01900124046R1AC03,191,101655,57,654,4+300,0+000,4179,4.179,R2,AC,20240726,นบ.5038,
432,0.97,0.0,0.48,1080,1085,20240726RUN02,13.84685930935581,100.44963657216948,2.702205815765504,3.124854648419176,2.9135302320923397,2.6923133071841225,1080,6180,0,880,150,1082.0,01900124046R1AC03,191,101655,57,654,4+300,0+000,4179,4.179,R2,AC,20240726,นบ.5038,
434,0.59,0.0,0.3,1085,1090,20240726RUN02,13.846839406403037,100.44967809642874,2.702205815765504,3.124854648419176,2.9135302320923397,2.891740921209238,1085,6180,0,880,151,1089.0,01900124046R1AC03,191,101655,57,654,4+300,0+000,4179,4.179,R2,AC,20240726,นบ.5038,
438,0.58,0.0,0.29,1095,1100,20240726RUN02,13.846799239333961,100.44976096244208,2.702205815765504,3.124854648419176,2.9135302320923397,2.8372839216311316,1095,6180,0,880,152,1096.0,01900124046R1AC03,191,101655,57,654,4+300,0+000,4179,4.179,R2,AC,20240726,นบ.5038,
440,1.26,0.0,0.63,1100,1105,20240726RUN02,13.846778964723539,100.44980229794766,2.870850743586078,2.982598798612921,2.9267247710994995,2.882058749690003,1100,6180,0,880,153,1103.0,01900124046R1AC03,191,101655,57,654,4+300,0+000,4179,4.179,R2,AC,20240726,นบ.5038,
444,0.34,0.0,0.17,1110,1115,20240726RUN02,13.846738136947641,100.44988482519382,2.870850743586078,2.982598798612921,2.9267247710994995,3.0213010526678397,1110,6180,0,880,154,1111.0,01900124046R1AC03,191,101655,57,654,4+300,0+000,4179,4.179,R2,AC,20240726,นบ.5038,
446,0.51,0.0,0.26,1115,1120,20240726RUN02,13.846717621689633,100.44992603613353,2.870850743586078,2.982598798612921,2.9267247710994995,2.8026196347153203,1115,6180,0,880,155,1118.0,01900124046R1AC03,191,101655,57,654,4+300,0+000,4179,4.179,R2,AC,20240726,นบ.5038,
450,0.75,0.0,0.38,1125,1130,20240726RUN02,13.846676241495771,100.45000827449519,3.913390098796088,4.7379237997740535,4.3256569492850705,4.0137339703344415,1125,6180,0,880,156,1125.0,01900124046R1AC03,191,101655,57,654,4+300,0+000,4179,4.179,R2,AC,20240726,นบ.5038,
452,0.16,0.0,0.08,1130,1135,20240726RUN02,13.846655318374344,100.45004927011843,3.913390098796088,4.7379237997740535,4.3256569492850705,3.9255786375304247,1130,6180,0,880,157,1132.0,01900124046R1AC03,191,101655,57,654,4+300,0+000,4179,4.179,R2,AC,20240726,นบ.5038,
454,0.35,0.04,0.19,1135,1140,20240726RUN02,13.846634299930148,100.45009021465802,3.913390098796088,4.7379237997740535,4.3256569492850705,4.71141228720541,1135,6180,0,880,158,1139.0,01900124046R1AC03,191,101655,57,654,4+300,0+000,4179,4.179,R2,AC,20240726,นบ.5038,
458,0.14,0.0,0.07,1145,1150,20240726RUN02,13.846592045369176,100.45017198631206,3.380707010053027,3.666860587298694,3.5237837986758604,3.363536004033081,1145,6180,0,880,159,1147.0,01900124046R1AC03,191,101655,57,654,4+300,0+000,4179,4.179,R2,AC,20240726,นบ.5038,
460,0.07,0.0,0.04,1150,1155,20240726RUN02,13.84657079764899,100.45021280676211,3.380707010053027,3.666860587298694,3.5237837986758604,3.83399296875004,1150,6180,0,880,160,1154.0,01900124046R1AC03,191,101655,57,654,4+300,0+000,4179,4.179,R2,AC,20240726,นบ.5038,
464,0.02,0.0,0.01,1160,1165,20240726RUN02,13.846527864478208,100.45029420718144,2.893864690278087,2.4763980330426074,2.685131361660347,2.616116076140303,1160,6180,0,880,161,1161.0,01900124046R1AC03,191,101655,57,654,4+300,0+000,4179,4.179,R2,AC,20240726,นบ.5038,
466,0.0,0.0,0.0,1165,1170,20240726RUN02,13.846506115922203,100.45033475046651,2.893864690278087,2.4763980330426074,2.685131361660347,2.796445545289107,1165,6180,0,880,162,1168.0,01900124046R1AC03,191,101655,57,654,4+300,0+000,4179,4.179,R2,AC,20240726,นบ.5038,
470,0.0,0.0,0.0,1175,1180,20240726RUN02,13.846462145754808,100.45041556928724,2.893864690278087,2.4763980330426074,2.685131361660347,2.5874922460399197,1175,6180,0,880,163,1175.0,01900124046R1AC03,191,101655,57,654,4+300,0+000,4179,4.179,R2,AC,20240726,นบ.5038,
472,0.0,0.0,0.0,1180,1185,20240726RUN02,13.846439997485584,100.45045588536797,2.330299760689664,2.724350069755493,2.5273249152225787,2.681332945194612,1180,6180,0,880,164,1183.0,01900124046R1AC03,191,101655,57,654,4+300,0+000,4179,4.179,R2,AC,20240726,นบ.5038,
476,0.31,0.0,0.16,1190,1195,20240726RUN02,13.846395574141987,100.45053644441998,2.330299760689664,2.724350069755493,2.5273249152225787,2.4798382555788696,1190,6180,0,880,165,1190.0,01900124046R1AC03,191,101655,57,654,4+300,0+000,4179,4.179,R2,AC,20240726,นบ.5038,
478,1.25,0.0,0.62,1195,1200,20240726RUN02,13.846373447636173,100.45057677298723,2.330299760689664,2.724350069755493,2.5273249152225787,2.547092840237778,1195,6180,0,880,166,1197.0,01900124046R1AC03,191,101655,57,654,4+300,0+000,4179,4.179,R2,AC,20240726,นบ.5038,
480,0.49,0.0,0.24,1200,1205,20240726RUN02,13.846351399577953,100.45061714653549,2.7770170641986147,2.7077494646024904,2.7423832644005524,2.7213524273670577,1200,6180,0,880,167,1204.0,01900124046R1AC03,191,101655,57,654,4+300,0+000,4179,4.179,R2,AC,20240726,นบ.5038,
484,0.33,0.0,0.16,1210,1215,20240726RUN02,13.846307409663405,100.45069795423663,2.7770170641986147,2.7077494646024904,2.7423832644005524,2.9515585044665373,1210,6180,0,880,168,1211.0,01900124046R1AC03,191,101655,57,654,4+300,0+000,4179,4.179,R2,AC,20240726,นบ.5038,
486,0.35,0.0,0.18,1215,1220,20240726RUN02,13.846285539590015,100.45073842901186,2.7770170641986147,2.7077494646024904,2.7423832644005524,2.7604871841898944,1215,6180,0,880,169,1219.0,01900124046R1AC03,191,101655,57,654,4+300,0+000,4179,4.179,R2,AC,20240726,นบ.5038,
490,0.13,0.0,0.06,1225,1230,20240726RUN02,13.846242288202854,100.45081965292563,1.5617307957684403,1.643518417771439,1.6026246067699397,1.5320478052833584,1225,6180,0,880,170,1226.0,01900124046R1AC03,191,101655,57,654,4+300,0+000,4179,4.179,R2,AC,20240726,นบ.5038,
492,0.35,0.0,0.18,1230,1235,20240726RUN02,13.846220901773382,100.45086039750949,1.5617307957684403,1.643518417771439,1.6026246067699397,1.5631904063626696,1230,6180,0,880,171,1233.0,01900124046R1AC03,191,101655,57,654,4+300,0+000,4179,4.179,R2,AC,20240726,นบ.5038,
496,0.98,0.34,0.66,1240,1245,20240726RUN02,13.846178712276124,100.4509422040584,2.1202575234557246,1.97905442890608,2.0496559761809023,2.10250096577908,1240,6180,0,880,172,1240.0,01900124046R1AC03,191,101655,57,654,4+300,0+000,4179,4.179,R2,AC,20240726,นบ.5038,
498,0.93,0.04,0.49,1245,1250,20240726RUN02,13.846157960076402,100.4509832906725,2.1202575234557246,1.97905442890608,2.0496559761809023,2.2476584078107904,1245,6180,0,880,173,1248.0,01900124046R1AC03,191,101655,57,654,4+300,0+000,4179,4.179,R2,AC,20240726,นบ.5038,
502,1.91,0.14,1.02,1255,1260,20240726RUN02,13.846116865135498,100.4510656792376,2.1202575234557246,1.97905442890608,2.0496559761809023,1.9829068321760068,1255,6180,0,880,174,1255.0,01900124046R1AC03,191,101655,57,654,4+300,0+000,4179,4.179,R2,AC,20240726,นบ.5038,
504,2.12,0.0,1.06,1260,1265,20240726RUN02,13.84609643736766,100.45110693581732,3.1622039451510595,2.6140636176066168,2.888133781378838,3.1108242644124697,1260,6180,0,880,175,1262.0,01900124046R1AC03,191,101655,57,654,4+300,0+000,4179,4.179,R2,AC,20240726,นบ.5038,
506,1.64,0.11,0.88,1265,1270,20240726RUN02,13.846076129164977,100.45114825416833,3.1622039451510595,2.6140636176066168,2.888133781378838,3.0997025675086975,1265,6180,0,880,176,1269.0,01900124046R1AC03,191,101655,57,654,4+300,0+000,4179,4.179,R2,AC,20240726,นบ.5038,
510,1.17,0.2,0.68,1275,1280,20240726RUN02,13.84603575958961,100.45123101744356,3.1622039451510595,2.6140636176066168,2.888133781378838,2.792887664116639,1275,6180,0,880,177,1276.0,01900124046R1AC03,191,101655,57,654,4+300,0+000,4179,4.179,R2,AC,20240726,นบ.5038,
512,1.16,1.11,1.14,1280,1285,20240726RUN02,13.84601572795476,100.45127247695224,2.192160557203551,1.997727031761372,2.094943794482462,1.9838061273867493,1280,6180,0,880,178,1284.0,01900124046R1AC03,191,101655,57,654,4+300,0+000,4179,4.179,R2,AC,20240726,นบ.5038,
516,0.95,1.21,1.08,1290,1295,20240726RUN02,13.845976017358968,100.45135557349408,2.192160557203551,1.997727031761372,2.094943794482462,1.9979118629668902,1290,6180,0,880,179,1291.0,01900124046R1AC03,191,101655,57,654,4+300,0+000,4179,4.179,R2,AC,20240726,นบ.5038,
518,1.84,1.93,1.88,1295,1300,20240726RUN02,13.84595619368282,100.45139713760798,2.192160557203551,1.997727031761372,2.094943794482462,2.241012023033504,1295,6180,0,880,180,1298.0,01900124046R1AC03,191,101655,57,654,4+300,0+000,4179,4.179,R2,AC,20240726,นบ.5038,
522,0.99,4.4,2.7,1305,1310,20240726RUN02,13.845916360375856,100.4514801725708,3.698541642357865,4.075114027739809,3.886827835048837,4.067233740165406,1305,6180,0,880,181,1305.0,01900124046R1AC03,191,101655,57,654,4+300,0+000,4179,4.179,R2,AC,20240726,นบ.5038,
524,0.1,3.39,1.74,1310,1315,20240726RUN02,13.845896365101341,100.45152165047816,3.698541642357865,4.075114027739809,3.886827835048837,3.7789527725227803,1310,6180,0,880,182,1312.0,01900124046R1AC03,191,101655,57,654,4+300,0+000,4179,4.179,R2,AC,20240726,นบ.5038,
528,0.33,2.61,1.47,1320,1325,20240726RUN02,13.845856388473724,100.45160461331962,3.134511945547069,3.424445717231196,3.2794788313891328,3.0771324195189704,1320,6180,0,880,183,1320.0,01900124046R1AC03,191,101655,57,654,4+300,0+000,4179,4.179,R2,AC,20240726,นบ.5038,
530,0.24,2.77,1.5,1325,1330,20240726RUN02,13.845836509630677,100.4516461498046,3.134511945547069,3.424445717231196,3.2794788313891328,3.4750774296092573,1325,6180,0,880,184,1327.0,01900124046R1AC03,191,101655,57,654,4+300,0+000,4179,4.179,R2,AC,20240726,นบ.5038,
532,0.75,2.18,1.46,1330,1335,20240726RUN02,13.845816700657995,100.4516877212117,3.134511945547069,3.424445717231196,3.2794788313891328,3.3182406650154372,1330,6180,0,880,185,1334.0,01900124046R1AC03,191,101655,57,654,4+300,0+000,4179,4.179,R2,AC,20240726,นบ.5038,
536,0.78,3.98,2.38,1340,1345,20240726RUN02,13.845777220985003,100.45177093292843,3.9763220072261296,4.009336162297159,3.9928290847616443,4.052367830854069,1340,6180,0,880,186,1341.0,01900124046R1AC03,191,101655,57,654,4+300,0+000,4179,4.179,R2,AC,20240726,นบ.5038,
538,0.42,1.43,0.92,1345,1350,20240726RUN02,13.845757508793135,100.4518125524833,3.9763220072261296,4.009336162297159,3.9928290847616443,3.634541543090994,1345,6180,0,880,187,1348.0,01900124046R1AC03,191,101655,57,654,4+300,0+000,4179,4.179,R2,AC,20240726,นบ.5038,
542,0.27,3.72,2.0,1355,1360,20240726RUN02,13.845718222817798,100.45189586004811,3.9763220072261296,4.009336162297159,3.9928290847616443,3.7683633706026467,1355,6180,0,880,188,1356.0,01900124046R1AC03,191,101655,57,654,4+300,0+000,4179,4.179,R2,AC,20240726,นบ.5038,
544,0.38,3.29,1.84,1360,1365,20240726RUN02,13.845698588796054,100.45193751828279,3.60350469402189,4.043674289138558,3.8235894915802238,3.720907552131012,1360,6180,0,880,189,1363.0,01900124046R1AC03,191,101655,57,654,4+300,0+000,4179,4.179,R2,AC,20240726,นบ.5038,
548,0.52,6.75,3.64,1370,1375,20240726RUN02,13.845659231415368,100.45202079053168,3.60350469402189,4.043674289138558,3.8235894915802238,3.553705815246278,1370,6180,0,880,190,1370.0,01900124046R1AC03,191,101655,57,654,4+300,0+000,4179,4.179,R2,AC,20240726,นบ.5038,
550,0.06,3.94,2.0,1375,1380,20240726RUN02,13.845639667995997,100.45206248353645,3.60350469402189,4.043674289138558,3.8235894915802238,3.8659653999770303,1375,6180,0,880,191,1377.0,01900124046R1AC03,191,101655,57,654,4+300,0+000,4179,4.179,R2,AC,20240726,นบ.5038,
554,0.05,3.12,1.58,1385,1390,20240726RUN02,13.84560054614683,100.45214587197502,2.5885196441032896,2.7035304551261445,2.646025049614717,2.5252641962917513,1385,6180,0,880,192,1385.0,01900124046R1AC03,191,101655,57,654,4+300,0+000,4179,4.179,R2,AC,20240726,นบ.5038,
556,0.0,3.77,1.88,1390,1395,20240726RUN02,13.845580881799002,100.45218751520649,2.5885196441032896,2.7035304551261445,2.646025049614717,2.441577440142788,1390,6180,0,880,193,1392.0,01900124046R1AC03,191,101655,57,654,4+300,0+000,4179,4.179,R2,AC,20240726,นบ.5038,
558,0.0,5.23,2.62,1395,1400,20240726RUN02,13.845561190509208,100.4522291451083,2.5885196441032896,2.7035304551261445,2.646025049614717,2.6059779928871576,1395,6180,0,880,194,1399.0,01900124046R1AC03,191,101655,57,654,4+300,0+000,4179,4.179,R2,AC,20240726,นบ.5038,
562,0.0,3.58,1.79,1405,1410,20240726RUN02,13.845521783021873,100.4523123925322,2.3514969302887403,2.225481831094873,2.2884893806918067,2.107442630123432,1405,6180,0,880,195,1406.0,01900124046R1AC03,191,101655,57,654,4+300,0+000,4179,4.179,R2,AC,20240726,นบ.5038,
564,0.0,5.2,2.6,1410,1415,20240726RUN02,13.84550210318085,100.45235402808038,2.3514969302887403,2.225481831094873,2.2884893806918067,2.194170601005469,1410,6180,0,880,196,1413.0,01900124046R1AC03,191,101655,57,654,4+300,0+000,4179,4.179,R2,AC,20240726,นบ.5038,
568,0.0,5.45,2.72,1420,1425,20240726RUN02,13.845463058479718,100.45243745432427,4.109233717637229,4.8206090812677616,4.464921399452495,4.545437158818151,1420,6180,0,880,197,1421.0,01900124046R1AC03,191,101655,57,654,4+300,0+000,4179,4.179,R2,AC,20240726,นบ.5038,
570,0.38,3.65,2.02,1425,1430,20240726RUN02,13.845443643068132,100.45247921972498,4.109233717637229,4.8206090812677616,4.464921399452495,4.886205214749879,1425,6180,0,880,198,1428.0,01900124046R1AC03,191,101655,57,654,4+300,0+000,4179,4.179,R2,AC,20240726,นบ.5038,
574,2.8,0.0,1.4,1435,1440,20240726RUN02,13.845404891956786,100.45256278938129,4.109233717637229,4.8206090812677616,4.464921399452495,4.497397652868551,1435,6180,0,880,199,1435.0,01900124046R1AC03,191,101655,57,654,4+300,0+000,4179,4.179,R2,AC,20240726,นบ.5038,
576,1.9,0.0,0.95,1440,1445,20240726RUN02,13.845385482019969,100.45260455755893,2.719172973718597,3.883963205186255,3.301568089452426,3.2702338734302403,1440,6180,0,880,200,1442.0,01900124046R1AC03,191,101655,57,654,4+300,0+000,4179,4.179,R2,AC,20240726,นบ.5038,
578,4.54,0.17,2.36,1445,1450,20240726RUN02,13.845366047060745,100.4526463135588,2.719172973718597,3.883963205186255,3.301568089452426,3.244595790516409,1445,6180,0,880,201,1449.0,01900124046R1AC03,191,101655,57,654,4+300,0+000,4179,4.179,R2,AC,20240726,นบ.5038,
582,1.47,1.51,1.49,1455,1460,20240726RUN02,13.845327120804916,100.45272979794437,2.719172973718597,3.883963205186255,3.301568089452426,3.2881268233390477,1455,6180,0,880,202,1457.0,01900124046R1AC03,191,101655,57,654,4+300,0+000,4179,4.179,R2,AC,20240726,นบ.5038,
584,0.09,2.83,1.46,1460,1465,20240726RUN02,13.845307688328313,100.45277155503693,2.399481134001312,1.9121581420959448,2.1558196380486283,2.194741175783156,1460,6180,0,880,203,1464.0,01900124046R1AC03,191,101655,57,654,4+300,0+000,4179,4.179,R2,AC,20240726,นบ.5038,
588,0.11,1.84,0.98,1470,1475,20240726RUN02,13.845268800125735,100.45285505779843,2.399481134001312,1.9121581420959448,2.1558196380486283,2.2013487245207797,1470,6180,0,880,204,1471.0,01900124046R1AC03,191,101655,57,654,4+300,0+000,4179,4.179,R2,AC,20240726,นบ.5038,
590,0.45,5.18,2.82,1475,1480,20240726RUN02,13.845249470070023,100.45289686456398,2.399481134001312,1.9121581420959448,2.1558196380486283,2.2255980326754816,1475,6180,0,880,205,1478.0,01900124046R1AC03,191,101655,57,654,4+300,0+000,4179,4.179,R2,AC,20240726,นบ.5038,
594,0.11,3.99,2.05,1485,1490,20240726RUN02,13.845211433160078,100.4529807759126,2.377192522327948,3.0019580620295,2.689575292178724,2.7132139438071214,1485,6180,0,880,206,1486.0,01900124046R1AC03,191,101655,57,654,4+300,0+000,4179,4.179,R2,AC,20240726,นบ.5038,
596,0.44,3.02,1.73,1490,1495,20240726RUN02,13.845193072715947,100.45302303758575,2.377192522327948,3.0019580620295,2.689575292178724,2.574000361173158,1490,6180,0,880,207,1493.0,01900124046R1AC03,191,101655,57,654,4+300,0+000,4179,4.179,R2,AC,20240726,นบ.5038,
600,3.43,1.08,2.26,1500,1505,20240726RUN02,13.845158039019466,100.45310830529543,2.746152093713708,2.058382797118637,2.4022674454161725,2.179242616707872,1500,6180,0,880,208,1500.0,01900124046R1AC03,191,101655,57,654,4+300,0+000,4179,4.179,R2,AC,20240726,นบ.5038,
602,2.38,1.86,2.12,1505,1510,20240726RUN02,13.84514142878488,100.4531513186107,2.746152093713708,2.058382797118637,2.4022674454161725,2.6325206567463333,1505,6180,0,880,209,1507.0,01900124046R1AC03,191,101655,57,654,4+300,0+000,4179,4.179,R2,AC,20240726,นบ.5038,
604,2.42,1.04,1.73,1510,1515,20240726RUN02,13.8451254899648,100.45319459706548,2.746152093713708,2.058382797118637,2.4022674454161725,2.389172148663997,1510,6180,0,880,210,1514.0,01900124046R1AC03,191,101655,57,654,4+300,0+000,4179,4.179,R2,AC,20240726,นบ.5038,
608,1.88,4.19,3.04,1520,1525,20240726RUN02,13.845096214066238,100.45328210454221,14.372236727223497,14.713889062398492,14.543062894810994,15.976679496367726,1520,6180,0,880,211,1522.0,01900124046R1AC03,191,101655,57,654,4+300,0+000,4179,4.179,R2,AC,20240726,นบ.5038,
610,0.39,4.48,2.44,1525,1530,20240726RUN02,13.845082307977925,100.45332611122213,14.372236727223497,14.713889062398492,14.543062894810994,14.631368885662232,1525,6180,0,880,212,1529.0,01900124046R1AC03,191,101655,57,654,4+300,0+000,4179,4.179,R2,AC,20240726,นบ.5038,
614,0.22,2.94,1.58,1535,1540,20240726RUN02,13.845056969096262,100.45341485682914,14.372236727223497,14.713889062398492,14.543062894810994,13.226649443958838,1535,6180,0,880,213,1536.0,01900124046R1AC03,191,101655,57,654,4+300,0+000,4179,4.179,R2,AC,20240726,นบ.5038,
616,2.2,1.59,1.9,1540,1545,20240726RUN02,13.84504854977145,100.45346029305365,3.4075274419746227,3.740763769363884,3.574145605669253,3.8680530849382624,1540,6180,0,880,214,1543.0,01900124046R1AC03,191,101655,57,654,4+300,0+000,4179,4.179,R2,AC,20240726,นบ.5038,
620,0.94,2.47,1.7,1550,1555,20240726RUN02,13.84503395211184,100.4535515808689,3.4075274419746227,3.740763769363884,3.574145605669253,3.804263788253076,1550,6180,0,880,215,1550.0,01900124046R1AC03,191,101655,57,654,4+300,0+000,4179,4.179,R2,AC,20240726,นบ.5038,
622,0.05,6.51,3.28,1555,1560,20240726RUN02,13.845026770958455,100.45359724428995,3.4075274419746227,3.740763769363884,3.574145605669253,3.3701469811811764,1555,6180,0,880,216,1558.0,01900124046R1AC03,191,101655,57,654,4+300,0+000,4179,4.179,R2,AC,20240726,นบ.5038,
626,0.27,8.36,4.31,1565,1570,20240726RUN02,13.845012741096888,100.45368862516676,2.530829897466009,2.396259857125973,2.463544877295991,2.6773657377400335,1565,6180,0,880,217,1565.0,01900124046R1AC03,191,101655,57,654,4+300,0+000,4179,4.179,R2,AC,20240726,นบ.5038,
628,0.18,4.55,2.36,1570,1575,20240726RUN02,13.84500566517313,100.45373430575181,2.530829897466009,2.396259857125973,2.463544877295991,2.4696512873587144,1570,6180,0,880,218,1572.0,01900124046R1AC03,191,101655,57,654,4+300,0+000,4179,4.179,R2,AC,20240726,นบ.5038,
630,0.21,5.1,2.66,1575,1580,20240726RUN02,13.844998488358737,100.45377996985093,2.530829897466009,2.396259857125973,2.463544877295991,2.548141589120561,1575,6180,0,880,219,1579.0,01900124046R1AC03,191,101655,57,654,4+300,0+000,4179,4.179,R2,AC,20240726,นบ.5038,
634,0.06,4.94,2.5,1585,1590,20240726RUN02,13.84498385508897,100.45387125142973,2.475710784789542,2.219452394196054,2.347581589492798,2.5211285008619058,1585,6180,0,880,220,1586.0,01900124046R1AC03,191,101655,57,654,4+300,0+000,4179,4.179,R2,AC,20240726,นบ.5038,
636,0.31,6.66,3.48,1590,1595,20240726RUN02,13.844976457919342,100.45391687867239,2.475710784789542,2.219452394196054,2.347581589492798,2.3616126702783107,1590,6180,0,880,221,1594.0,01900124046R1AC03,191,101655,57,654,4+300,0+000,4179,4.179,R2,AC,20240726,นบ.5038,
640,0.44,5.48,2.96,1600,1605,20240726RUN02,13.844961634238329,100.45400812812736,2.9497793586475685,1.8940350939140933,2.421907226280831,2.3094657215394685,1600,6180,0,880,222,1601.0,01900124046R1AC03,191,101655,57,654,4+300,0+000,4179,4.179,R2,AC,20240726,นบ.5038,
642,0.1,4.76,2.43,1605,1610,20240726RUN02,13.844954245441738,100.45405375677394,2.9497793586475685,1.8940350939140933,2.421907226280831,2.455577981809478,1605,6180,0,880,223,1608.0,01900124046R1AC03,191,101655,57,654,4+300,0+000,4179,4.179,R2,AC,20240726,นบ.5038,
646,0.03,2.65,1.34,1615,1620,20240726RUN02,13.84493953961112,100.45414502622947,2.9497793586475685,1.8940350939140933,2.421907226280831,2.404067643400239,1615,6180,0,880,224,1615.0,01900124046R1AC03,191,101655,57,654,4+300,0+000,4179,4.179,R2,AC,20240726,นบ.5038,
648,0.06,3.02,1.54,1620,1625,20240726RUN02,13.844932196351335,100.45419066257611,5.141417199352793,3.916252075512208,4.5288346374325,4.3375304180293615,1620,6180,0,880,225,1623.0,01900124046R1AC03,191,101655,57,654,4+300,0+000,4179,4.179,R2,AC,20240726,นบ.5038,
652,0.0,5.31,2.66,1630,1635,20240726RUN02,13.844917459312544,100.45428192669223,5.141417199352793,3.916252075512208,4.5288346374325,4.37924569922985,1630,6180,0,880,226,1630.0,01900124046R1AC03,191,101655,57,654,4+300,0+000,4179,4.179,R2,AC,20240726,นบ.5038,
654,0.04,3.94,1.99,1635,1640,20240726RUN02,13.844910036971257,100.45432754964799,5.141417199352793,3.916252075512208,4.5288346374325,4.979691680395772,1635,6180,0,880,227,1637.0,01900124046R1AC03,191,101655,57,654,4+300,0+000,4179,4.179,R2,AC,20240726,นบ.5038,
656,0.0,3.67,1.84,1640,1645,20240726RUN02,13.844902660568456,100.4543731803756,3.40773154735395,2.837238032073995,3.1224847897139725,2.8912260533936585,1640,6180,0,880,228,1644.0,01900124046R1AC03,191,101655,57,654,4+300,0+000,4179,4.179,R2,AC,20240726,นบ.5038,
660,0.0,3.83,1.92,1650,1655,20240726RUN02,13.844888103199512,100.454464474819,3.40773154735395,2.837238032073995,3.1224847897139725,3.274919799662506,1650,6180,0,880,229,1651.0,01900124046R1AC03,191,101655,57,654,4+300,0+000,4179,4.179,R2,AC,20240726,นบ.5038,
662,0.03,4.49,2.26,1655,1660,20240726RUN02,13.844880892409359,100.4545101333325,3.40773154735395,2.837238032073995,3.1224847897139725,3.357685518273992,1655,6180,0,880,230,1659.0,01900124046R1AC03,191,101655,57,654,4+300,0+000,4179,4.179,R2,AC,20240726,นบ.5038,
666,0.0,4.45,2.22,1665,1670,20240726RUN02,13.84486672141491,100.45460149131985,3.095514709010642,1.7103456442868312,2.4029301766487365,2.4659004741084094,1665,6180,0,880,231,1666.0,01900124046R1AC03,191,101655,57,654,4+300,0+000,4179,4.179,R2,AC,20240726,นบ.5038,
668,0.0,4.31,2.15,1670,1675,20240726RUN02,13.844859435842876,100.4546471373321,3.095514709010642,1.7103456442868312,2.4029301766487365,2.1829561505916177,1670,6180,0,880,232,1673.0,01900124046R1AC03,191,101655,57,654,4+300,0+000,4179,4.179,R2,AC,20240726,นบ.5038,
672,0.0,4.3,2.15,1680,1685,20240726RUN02,13.844844362814648,100.45473834403141,2.084528152481132,1.8490613879232125,1.9667947702021722,1.899282044958195,1680,6180,0,880,233,1680.0,01900124046R1AC03,191,101655,57,654,4+300,0+000,4179,4.179,R2,AC,20240726,นบ.5038,
674,0.0,3.52,1.76,1685,1690,20240726RUN02,13.844836692168215,100.4547839239784,2.084528152481132,1.8490613879232125,1.9667947702021722,2.13220647692613,1685,6180,0,880,234,1687.0,01900124046R1AC03,191,101655,57,654,4+300,0+000,4179,4.179,R2,AC,20240726,นบ.5038,
678,0.0,3.41,1.7,1695,1700,20240726RUN02,13.844821448281293,100.45487510094867,2.084528152481132,1.8490613879232125,1.9667947702021722,2.100862102097204,1695,6180,0,880,235,1695.0,01900124046R1AC03,191,101655,57,654,4+300,0+000,4179,4.179,R2,AC,20240726,นบ.5038,
680,0.0,3.29,1.64,1700,1705,20240726RUN02,13.844813958734864,100.45492071241816,1.9087001230446123,2.5142810885921434,2.211490605818378,2.160504572092077,1700,6180,0,880,236,1702.0,01900124046R1AC03,191,101655,57,654,4+300,0+000,4179,4.179,R2,AC,20240726,นบ.5038,
682,0.11,3.76,1.93,1705,1710,20240726RUN02,13.844806452600338,100.45496632104617,1.9087001230446123,2.5142810885921434,2.211490605818378,2.0934919587788916,1705,6180,0,880,237,1709.0,01900124046R1AC03,191,101655,57,654,4+300,0+000,4179,4.179,R2,AC,20240726,นบ.5038,
686,0.03,3.2,1.62,1715,1720,20240726RUN02,13.84479127616642,100.45505750980246,1.9087001230446123,2.5142810885921434,2.211490605818378,2.0532013676939243,1715,6180,0,880,238,1716.0,01900124046R1AC03,191,101655,57,654,4+300,0+000,4179,4.179,R2,AC,20240726,นบ.5038,
688,0.06,1.55,0.8,1720,1725,20240726RUN02,13.844783601333203,100.45510308900778,1.910604799356788,3.1472071505672945,2.5289059749620413,2.344394631877864,1720,6180,0,880,239,1723.0,01900124046R1AC03,191,101655,57,654,4+300,0+000,4179,4.179,R2,AC,20240726,นบ.5038,
692,0.66,0.02,0.34,1730,1735,20240726RUN02,13.84476840263266,100.45519427375362,1.910604799356788,3.1472071505672945,2.5289059749620413,2.4724639430899313,1730,6180,0,880,240,1731.0,01900124046R1AC03,191,101655,57,654,4+300,0+000,4179,4.179,R2,AC,20240726,นบ.5038,
694,2.42,0.0,1.21,1735,1740,20240726RUN02,13.844761047958864,100.45523990818965,1.910604799356788,3.1472071505672945,2.5289059749620413,2.468686922078328,1735,6180,0,880,241,1738.0,01900124046R1AC03,191,101655,57,654,4+300,0+000,4179,4.179,R2,AC,20240726,นบ.5038,
698,1.92,0.01,0.96,1745,1750,20240726RUN02,13.84474641623757,100.45533119014179,2.8926580144129304,2.2655294584653616,2.579093736439146,2.58149034912538,1745,6180,0,880,242,1745.0,01900124046R1AC03,191,101655,57,654,4+300,0+000,4179,4.179,R2,AC,20240726,นบ.5038,
700,2.59,0.08,1.34,1750,1755,20240726RUN02,13.84473905676774,100.4553768237659,2.8926580144129304,2.2655294584653616,2.579093736439146,2.8106395446957304,1750,6180,0,880,243,1752.0,01900124046R1AC03,191,101655,57,654,4+300,0+000,4179,4.179,R2,AC,20240726,นบ.5038,
704,0.66,0.27,0.46,1760,1765,20240726RUN02,13.84472421613489,100.45546807030698,2.893827418645057,2.790343732747707,2.842085575696382,3.0776752887212164,1760,6180,0,880,244,1760.0,01900124046R1AC03,191,101655,57,654,4+300,0+000,4179,4.179,R2,AC,20240726,นบ.5038,
706,0.48,2.0,1.24,1765,1770,20240726RUN02,13.84471671172911,100.45551367923737,2.893827418645057,2.790343732747707,2.842085575696382,2.5590553253838797,1765,6180,0,880,245,1767.0,01900124046R1AC03,191,101655,57,654,4+300,0+000,4179,4.179,R2,AC,20240726,นบ.5038,
708,0.88,2.41,1.64,1770,1775,20240726RUN02,13.84470918264647,100.45555928385376,2.893827418645057,2.790343732747707,2.842085575696382,2.7662343051370852,1770,6180,0,880,246,1774.0,01900124046R1AC03,191,101655,57,654,4+300,0+000,4179,4.179,R2,AC,20240726,นบ.5038,
712,0.12,8.99,4.56,1780,1785,20240726RUN02,13.844694170064509,100.45565050096252,3.062733484074612,2.679657693330097,2.8711955887023546,2.995401222596477,1780,6180,0,880,247,1781.0,01900124046R1AC03,191,101655,57,654,4+300,0+000,4179,4.179,R2,AC,20240726,นบ.5038,
714,0.0,11.85,5.92,1785,1790,20240726RUN02,13.844686652185652,100.45569610749658,3.062733484074612,2.679657693330097,2.8711955887023546,2.785539105828697,1785,6180,0,880,248,1788.0,01900124046R1AC03,191,101655,57,654,4+300,0+000,4179,4.179,R2,AC,20240726,นบ.5038,
718,0.01,2.99,1.5,1795,1800,20240726RUN02,13.844671472875259,100.45578729570974,3.062733484074612,2.679657693330097,2.8711955887023546,2.9333904905221284,1795,6180,0,880,249,1796.0,01900124046R1AC03,191,101655,57,654,4+300,0+000,4179,4.179,R2,AC,20240726,นบ.5038,
720,4.6,2.03,3.31,1800,1805,20240726RUN02,13.844663908350132,100.45583289417482,5.076202791742573,5.039528215755791,5.057865503749182,5.1411684578682975,1800,6180,0,880,250,1803.0,01900124046R1AC03,191,101655,57,654,4+300,0+000,4179,4.179,R2,AC,20240726,นบ.5038,
724,6.67,0.41,3.54,1810,1815,20240726RUN02,13.844648966352269,100.45592412349824,5.076202791742573,5.039528215755791,5.057865503749182,4.991091907001731,1810,6180,0,880,251,1810.0,01900124046R1AC03,191,101655,57,654,4+300,0+000,4179,4.179,R2,AC,20240726,นบ.5038,
726,4.21,0.2,2.2,1815,1820,20240726RUN02,13.84464147989729,100.45596973540478,5.076202791742573,5.039528215755791,5.057865503749182,5.371351175165466,1815,6180,0,880,252,1817.0,01900124046R1AC03,191,101655,57,654,4+300,0+000,4179,4.179,R2,AC,20240726,นบ.5038,
728,7.95,0.26,4.11,1820,1825,20240726RUN02,13.844634067746643,100.45601536005888,4.530514389912572,3.1492626334599825,3.839888511686277,3.6342974496848903,1820,6180,0,880,253,1824.0,01900124046R1AC03,191,101655,57,654,4+300,0+000,4179,4.179,R2,AC,20240726,นบ.5038,
732,0.98,8.95,4.96,1830,1835,20240726RUN02,13.844619358569593,100.4561066289048,4.530514389912572,3.1492626334599825,3.839888511686277,4.112832979059622,1830,6180,0,880,254,1832.0,01900124046R1AC03,191,101655,57,654,4+300,0+000,4179,4.179,R2,AC,20240726,นบ.5038,
734,0.07,4.87,2.47,1835,1840,20240726RUN02,13.844612012698002,100.45615226482686,4.530514389912572,3.1492626334599825,3.839888511686277,3.4729298367529555,1835,6180,0,880,255,1839.0,01900124046R1AC03,191,101655,57,654,4+300,0+000,4179,4.179,R2,AC,20240726,นบ.5038,
738,0.18,0.02,0.1,1845,1850,20240726RUN02,13.844597158382157,100.45624350906239,2.092565388691511,1.9656190859459013,2.0290922373187064,2.1088969559689743,1845,6180,0,880,256,1846.0,01900124046R1AC03,191,101655,57,654,4+300,0+000,4179,4.179,R2,AC,20240726,นบ.5038,
740,0.14,0.41,0.28,1850,1855,20240726RUN02,13.844589607952814,100.45628910996858,2.092565388691511,1.9656190859459013,2.0290922373187064,2.1606110660377538,1850,6180,0,880,257,1853.0,01900124046R1AC03,191,101655,57,654,4+300,0+000,4179,4.179,R2,AC,20240726,นบ.5038,
744,0.01,0.16,0.08,1860,1865,20240726RUN02,13.844574412250042,100.45638029523303,2.7730683705650785,2.485343463832102,2.62920591719859,2.583859339622875,1860,6180,0,880,258,1860.0,01900124046R1AC03,191,101655,57,654,4+300,0+000,4179,4.179,R2,AC,20240726,นบ.5038,
746,0.05,2.04,1.04,1865,1870,20240726RUN02,13.844566933548453,100.45642590854531,2.7730683705650785,2.485343463832102,2.62920591719859,2.589096346216291,1865,6180,0,880,259,1868.0,01900124046R1AC03,191,101655,57,654,4+300,0+000,4179,4.179,R2,AC,20240726,นบ.5038,
750,0.11,1.23,0.67,1875,1880,20240726RUN02,13.844552074990503,100.45651715210063,2.7730683705650785,2.485343463832102,2.62920591719859,2.7643073079176594,1875,6180,0,880,260,1875.0,01900124046R1AC03,191,101655,57,654,4+300,0+000,4179,4.179,R2,AC,20240726,นบ.5038,
752,0.2,0.54,0.37,1880,1885,20240726RUN02,13.844544676356909,100.4565627790485,1.8606517036148968,1.774168083849461,1.817409893732179,1.9445936908242938,1880,6180,0,880,261,1882.0,01900124046R1AC03,191,101655,57,654,4+300,0+000,4179,4.179,R2,AC,20240726,นบ.5038,
754,0.0,0.5,0.25,1885,1890,20240726RUN02,13.844537313577677,100.45660841208891,1.8606517036148968,1.774168083849461,1.817409893732179,1.9749361518661548,1885,6180,0,880,262,1889.0,01900124046R1AC03,191,101655,57,654,4+300,0+000,4179,4.179,R2,AC,20240726,นบ.5038,
758,0.77,0.39,0.58,1895,1900,20240726RUN02,13.844522887068988,100.45669972806715,1.8606517036148968,1.774168083849461,1.817409893732179,1.6545058267374797,1895,6180,0,880,263,1897.0,01900124046R1AC03,191,101655,57,654,4+300,0+000,4179,4.179,R2,AC,20240726,นบ.5038,
760,0.47,0.72,0.6,1900,1905,20240726RUN02,13.844515826321581,100.45674541104826,2.1345493337422847,1.9903083829411088,2.062428858341697,2.086862401699467,1900,6180,0,880,264,1904.0,01900124046R1AC03,191,101655,57,654,4+300,0+000,4179,4.179,R2,AC,20240726,นบ.5038,
764,2.35,0.23,1.29,1910,1915,20240726RUN02,13.84450177891834,100.4568367889879,2.1345493337422847,1.9903083829411088,2.062428858341697,2.0617340477264854,1910,6180,0,880,265,1911.0,01900124046R1AC03,191,101655,57,654,4+300,0+000,4179,4.179,R2,AC,20240726,นบ.5038,
766,2.08,0.01,1.04,1915,1920,20240726RUN02,13.844494794260688,100.45688248423446,2.1345493337422847,1.9903083829411088,2.062428858341697,2.094467509899606,1915,6180,0,880,266,1918.0,01900124046R1AC03,191,101655,57,654,4+300,0+000,4179,4.179,R2,AC,20240726,นบ.5038,
770,3.15,0.01,1.58,1925,1930,20240726RUN02,13.844480642531133,100.4569738452378,2.312597946768717,1.7675931238661553,2.040095535317436,1.940652289345202,1925,6180,0,880,267,1925.0,01900124046R1AC03,191,101655,57,654,4+300,0+000,4179,4.179,R2,AC,20240726,นบ.5038,
772,2.54,0.0,1.27,1930,1935,20240726RUN02,13.844473402308891,100.45701949874679,2.312597946768717,1.7675931238661553,2.040095535317436,2.021431377796169,1930,6180,0,880,268,1933.0,01900124046R1AC03,191,101655,57,654,4+300,0+000,4179,4.179,R2,AC,20240726,นบ.5038,
776,3.19,0.02,1.6,1940,1945,20240726RUN02,13.844458582470562,100.45711074870422,2.8407616403754523,2.52379319564846,2.682277418011956,2.857090983078142,1940,6180,0,880,269,1940.0,01900124046R1AC03,191,101655,57,654,4+300,0+000,4179,4.179,R2,AC,20240726,นบ.5038,
778,2.06,0.0,1.03,1945,1950,20240726RUN02,13.844450980157081,100.45715634056917,2.8407616403754523,2.52379319564846,2.682277418011956,2.4934043811158726,1945,6180,0,880,270,1947.0,01900124046R1AC03,191,101655,57,654,4+300,0+000,4179,4.179,R2,AC,20240726,นบ.5038,
780,0.87,0.0,0.44,1950,1955,20240726RUN02,13.84444330514588,100.45720191970257,2.8407616403754523,2.52379319564846,2.682277418011956,2.770876386554777,1950,6180,0,880,271,1954.0,01900124046R1AC03,191,101655,57,654,4+300,0+000,4179,4.179,R2,AC,20240726,นบ.5038,
784,1.51,0.0,0.76,1960,1965,20240726RUN02,13.844427919982856,100.45729307168074,2.916305890706089,3.5339192411568527,3.2251125659314708,3.2776806075801854,1960,6180,0,880,272,1961.0,01900124046R1AC03,191,101655,57,654,4+300,0+000,4179,4.179,R2,AC,20240726,นบ.5038,
786,1.25,0.0,0.62,1965,1970,20240726RUN02,13.844420288735673,100.45733865844826,2.916305890706089,3.5339192411568527,3.2251125659314708,3.1751529913701524,1965,6180,0,880,273,1969.0,01900124046R1AC03,191,101655,57,654,4+300,0+000,4179,4.179,R2,AC,20240726,นบ.5038,
790,2.23,0.0,1.12,1975,1980,20240726RUN02,13.84440519388852,100.45742986123753,2.916305890706089,3.5339192411568527,3.2251125659314708,3.4909993941802884,1975,6180,0,880,274,1976.0,01900124046R1AC03,191,101655,57,654,4+300,0+000,4179,4.179,R2,AC,20240726,นบ.5038,
792,1.57,0.0,0.78,1980,1985,20240726RUN02,13.844397650957204,100.45747546341553,1.985149982807545,1.759222262917874,1.8721861228627095,2.0353723233889514,1980,6180,0,880,275,1983.0,01900124046R1AC03,191,101655,57,654,4+300,0+000,4179,4.179,R2,AC,20240726,นบ.5038,
796,1.39,0.01,0.7,1990,1995,20240726RUN02,13.844382770653441,100.45756670305926,1.985149982807545,1.759222262917874,1.8721861228627095,1.7429946464176105,1990,6180,0,880,276,1990.0,01900124046R1AC03,191,101655,57,654,4+300,0+000,4179,4.179,R2,AC,20240726,นบ.5038,
798,1.64,0.0,0.82,1995,2000,20240726RUN02,13.844375509929645,100.45761235315658,1.985149982807545,1.759222262917874,1.8721861228627095,1.9323248418703107,1995,6180,0,880,277,1998.0,01900124046R1AC03,191,101655,57,654,4+300,0+000,4179,4.179,R2,AC,20240726,นบ.5038,
802,1.76,0.0,0.88,2005,2010,20240726RUN02,13.844361324415642,100.4577037086336,2.444752435076397,2.2984952669819227,2.3716238510291596,2.3082881522914303,2005,6180,0,880,278,2005.0,01900124046R1AC03,191,101655,57,654,4+300,0+000,4179,4.179,R2,AC,20240726,นบ.5038,
804,2.27,0.03,1.15,2010,2015,20240726RUN02,13.84435435507369,100.45774940629396,2.444752435076397,2.2984952669819227,2.3716238510291596,2.515223173168268,2010,6180,0,880,279,2012.0,01900124046R1AC03,191,101655,57,654,4+300,0+000,4179,4.179,R2,AC,20240726,นบ.5038,
806,1.49,0.0,0.74,2015,2020,20240726RUN02,13.844347416767029,100.45779510887846,2.444752435076397,2.2984952669819227,2.3716238510291596,2.3032158421662112,2015,6180,0,880,280,2019.0,01900124046R1AC03,191,101655,57,654,4+300,0+000,4179,4.179,R2,AC,20240726,นบ.5038,
810,2.99,0.04,1.52,2025,2030,20240726RUN02,13.844333681969273,100.45788653652542,2.030817120265929,2.3115944497617806,2.171205785013855,2.0005729244737895,2025,6180,0,880,281,2026.0,01900124046R1AC03,191,101655,57,654,4+300,0+000,4179,4.179,R2,AC,20240726,นบ.5038,
812,1.33,0.0,0.66,2030,2035,20240726RUN02,13.844326817407698,100.45793225075329,2.030817120265929,2.3115944497617806,2.171205785013855,2.2122072412610962,2030,6180,0,880,282,2034.0,01900124046R1AC03,191,101655,57,654,4+300,0+000,4179,4.179,R2,AC,20240726,นบ.5038,
816,1.45,0.04,0.74,2040,2045,20240726RUN02,13.844312456900779,100.45802357710076,1.7893363258504331,1.550366786098299,1.669851555974366,1.5941473171982472,2040,6180,0,880,283,2041.0,01900124046R1AC03,191,101655,57,654,4+300,0+000,4179,4.179,R2,AC,20240726,นบ.5038,
818,2.43,0.01,1.22,2045,2050,20240726RUN02,13.844304912315291,100.45806917895918,1.7893363258504331,1.550366786098299,1.669851555974366,1.5294187283813456,2045,6180,0,880,284,2048.0,01900124046R1AC03,191,101655,57,654,4+300,0+000,4179,4.179,R2,AC,20240726,นบ.5038,
822,1.75,0.0,0.88,2055,2060,20240726RUN02,13.844289300146393,100.45816029029386,1.7893363258504331,1.550366786098299,1.669851555974366,1.8292155449206615,2055,6180,0,880,285,2055.0,01900124046R1AC03,191,101655,57,654,4+300,0+000,4179,4.179,R2,AC,20240726,นบ.5038,
824,1.68,0.0,0.84,2060,2065,20240726RUN02,13.84428138306035,100.45820582596203,2.2840592055537043,2.471386870223399,2.3777230378885514,2.4007103120797657,2060,6180,0,880,286,2062.0,01900124046R1AC03,191,101655,57,654,4+300,0+000,4179,4.179,R2,AC,20240726,นบ.5038,
828,2.48,0.07,1.27,2070,2075,20240726RUN02,13.844265599681052,100.45829690652727,2.2840592055537043,2.471386870223399,2.3777230378885514,2.487432335134244,2070,6180,0,880,287,2070.0,01900124046R1AC03,191,101655,57,654,4+300,0+000,4179,4.179,R2,AC,20240726,นบ.5038,
830,1.81,0.0,0.9,2075,2080,20240726RUN02,13.844257747522589,100.45834245394654,2.2840592055537043,2.471386870223399,2.3777230378885514,2.2253509596603465,2075,6180,0,880,288,2077.0,01900124046R1AC03,191,101655,57,654,4+300,0+000,4179,4.179,R2,AC,20240726,นบ.5038,
832,2.04,0.0,1.02,2080,2085,20240726RUN02,13.844249889628665,100.4583880003656,2.297661547535951,2.014724875519628,2.1561932115277895,2.3575520225594286,2080,6180,0,880,289,2084.0,01900124046R1AC03,191,101655,57,654,4+300,0+000,4179,4.179,R2,AC,20240726,นบ.5038,
836,1.57,0.0,0.78,2090,2095,20240726RUN02,13.844234160558797,100.4584790907401,2.297661547535951,2.014724875519628,2.1561932115277895,2.0132858984322968,2090,6180,0,880,290,2091.0,01900124046R1AC03,191,101655,57,654,4+300,0+000,4179,4.179,R2,AC,20240726,นบ.5038,
838,1.58,0.05,0.82,2095,2100,20240726RUN02,13.844226294568946,100.45852463567272,2.297661547535951,2.014724875519628,2.1561932115277895,2.1743645826897473,2095,6180,0,880,291,2098.0,01900124046R1AC03,191,101655,57,654,4+300,0+000,4179,4.179,R2,AC,20240726,นบ.5038,
842,0.62,0.23,0.42,2105,2110,20240726RUN02,13.844210508153937,100.45861571570737,3.1378810630583205,2.58023104866008,2.8590560558592,2.668218675554272,2105,6180,0,880,292,2106.0,01900124046R1AC03,191,101655,57,654,4+300,0+000,4179,4.179,R2,AC,20240726,นบ.5038,
844,1.11,0.05,0.58,2110,2115,20240726RUN02,13.844202639926896,100.45866126022077,3.1378810630583205,2.58023104866008,2.8590560558592,3.016379057552245,2110,6180,0,880,293,2113.0,01900124046R1AC03,191,101655,57,654,4+300,0+000,4179,4.179,R2,AC,20240726,นบ.5038,
848,0.29,0.0,0.14,2120,2125,20240726RUN02,13.844186949794986,100.4587523576084,2.336555532304972,1.864020974118733,2.1002882532118523,1.9794460332719437,2120,6180,0,880,294,2120.0,01900124046R1AC03,191,101655,57,654,4+300,0+000,4179,4.179,R2,AC,20240726,นบ.5038,
850,0.75,0.06,0.4,2125,2130,20240726RUN02,13.844179116384987,100.4587979084311,2.336555532304972,1.864020974118733,2.1002882532118523,2.300879205704936,2125,6180,0,880,295,2127.0,01900124046R1AC03,191,101655,57,654,4+300,0+000,4179,4.179,R2,AC,20240726,นบ.5038,
854,0.5,0.0,0.25,2135,2140,20240726RUN02,13.844163414013668,100.45888900364905,2.336555532304972,1.864020974118733,2.1002882532118523,2.1314332304412513,2135,6180,0,880,296,2135.0,01900124046R1AC03,191,101655,57,654,4+300,0+000,4179,4.179,R2,AC,20240726,นบ.5038,
856,0.8,0.0,0.4,2140,2145,20240726RUN02,13.84415555987942,100.45893455072745,2.413087554909992,1.7258862364533825,2.0694868956816874,1.944392429261791,2140,6180,0,880,297,2142.0,01900124046R1AC03,191,101655,57,654,4+300,0+000,4179,4.179,R2,AC,20240726,นบ.5038,
858,0.88,0.07,0.48,2145,2150,20240726RUN02,13.844147719384901,100.45898010026055,2.413087554909992,1.7258862364533825,2.0694868956816874,2.192022871685234,2145,6180,0,880,298,2149.0,01900124046R1AC03,191,101655,57,654,4+300,0+000,4179,4.179,R2,AC,20240726,นบ.5038,
862,1.44,0.4,0.92,2155,2160,20240726RUN02,13.844131998819487,100.45907119210105,2.413087554909992,1.7258862364533825,2.0694868956816874,1.8948896914237714,2155,6180,0,880,299,2156.0,01900124046R1AC03,191,101655,57,654,4+300,0+000,4179,4.179,R2,AC,20240726,นบ.5038,
864,0.6,0.26,0.43,2160,2165,20240726RUN02,13.844124104362233,100.45911673182287,2.506870170231874,2.728874603309792,2.6178723867708333,2.374911134851796,2160,6180,0,880,300,2163.0,01900124046R1AC03,191,101655,57,654,4+300,0+000,4179,4.179,R2,AC,20240726,นบ.5038,
868,0.28,0.31,0.3,2170,2175,20240726RUN02,13.844108306961855,100.45920780983312,2.506870170231874,2.728874603309792,2.6178723867708333,2.4631277229270356,2170,6180,0,880,301,2171.0,01900124046R1AC03,191,101655,57,654,4+300,0+000,4179,4.179,R2,AC,20240726,นบ.5038,
870,0.16,0.11,0.14,2175,2180,20240726RUN02,13.8441004918062,100.45925336390347,2.506870170231874,2.728874603309792,2.6178723867708333,2.730420119033848,2175,6180,0,880,302,2178.0,01900124046R1AC03,191,101655,57,654,4+300,0+000,4179,4.179,R2,AC,20240726,นบ.5038,
874,0.54,0.4,0.47,2185,2190,20240726RUN02,13.844084929177724,100.4593444841725,3.7355068409257246,4.887473421861816,4.31149013139377,4.4494220683209145,2185,6180,0,880,303,2185.0,01900124046R1AC03,191,101655,57,654,4+300,0+000,4179,4.179,R2,AC,20240726,นบ.5038,
876,0.82,0.37,0.6,2190,2195,20240726RUN02,13.844077031475614,100.45939002333364,3.7355068409257246,4.887473421861816,4.31149013139377,4.429944600660166,2190,6180,0,880,304,2192.0,01900124046R1AC03,191,101655,57,654,4+300,0+000,4179,4.179,R2,AC,20240726,นบ.5038,
878,0.58,1.12,0.85,2195,2200,20240726RUN02,13.844069109448911,100.45943555814719,3.7355068409257246,4.887473421861816,4.31149013139377,4.304299992985236,2195,6180,0,880,305,2199.0,01900124046R1AC03,191,101655,57,654,4+300,0+000,4179,4.179,R2,AC,20240726,นบ.5038,
882,0.94,0.05,0.5,2205,2210,20240726RUN02,13.844053263338663,100.45952662727596,2.17777603871634,2.737994217411784,2.457885128064062,2.3287694074281275,2205,6180,0,880,306,2207.0,01900124046R1AC03,191,101655,57,654,4+300,0+000,4179,4.179,R2,AC,20240726,นบ.5038,
884,0.36,0.23,0.3,2210,2215,20240726RUN02,13.844045393076902,100.45957217136488,2.17777603871634,2.737994217411784,2.457885128064062,2.47762977161281,2210,6180,0,880,307,2214.0,01900124046R1AC03,191,101655,57,654,4+300,0+000,4179,4.179,R2,AC,20240726,นบ.5038,
888,0.31,0.0,0.16,2220,2225,20240726RUN02,13.844029782527926,100.45966328297997,1.7954437226002784,2.098024362792269,1.9467340426962736,1.8791688833020646,2220,6180,0,880,308,2221.0,01900124046R1AC03,191,101655,57,654,4+300,0+000,4179,4.179,R2,AC,20240726,นบ.5038,
890,0.36,0.01,0.18,2225,2230,20240726RUN02,13.844022074959398,100.4597088562499,1.7954437226002784,2.098024362792269,1.9467340426962736,2.0017405851672296,2225,6180,0,880,309,2228.0,01900124046R1AC03,191,101655,57,654,4+300,0+000,4179,4.179,R2,AC,20240726,นบ.5038,
894,0.89,0.02,0.46,2235,2240,20240726RUN02,13.84400673122268,100.4598000153921,1.7954437226002784,2.098024362792269,1.9467340426962736,2.04285188460171,2235,6180,0,880,310,2235.0,01900124046R1AC03,191,101655,57,654,4+300,0+000,4179,4.179,R2,AC,20240726,นบ.5038,
896,1.37,0.12,0.75,2240,2245,20240726RUN02,13.843999014493576,100.45984558704387,3.03808076102173,2.8698217256082166,2.9539512433149735,2.7334823676051787,2240,6180,0,880,311,2243.0,01900124046R1AC03,191,101655,57,654,4+300,0+000,4179,4.179,R2,AC,20240726,นบ.5038,
900,0.86,0.0,0.43,2250,2255,20240726RUN02,13.843983708065094,100.45993675270397,3.03808076102173,2.8698217256082166,2.9539512433149735,2.767781804700399,2250,6180,0,880,312,2250.0,01900124046R1AC03,191,101655,57,654,4+300,0+000,4179,4.179,R2,AC,20240726,นบ.5038,
902,1.78,0.01,0.9,2255,2260,20240726RUN02,13.843976092846336,100.45998234218169,3.03808076102173,2.8698217256082166,2.9539512433149735,3.0758572851329897,2255,6180,0,880,313,2257.0,01900124046R1AC03,191,101655,57,654,4+300,0+000,4179,4.179,R2,AC,20240726,นบ.5038,
904,1.52,0.0,0.76,2260,2265,20240726RUN02,13.843968370761218,100.4600279128309,1.6770310382844569,1.7696383618871168,1.7233347000857868,1.6556573881301127,2260,6180,0,880,314,2264.0,01900124046R1AC03,191,101655,57,654,4+300,0+000,4179,4.179,R2,AC,20240726,นบ.5038,
908,2.05,0.0,1.02,2270,2275,20240726RUN02,13.843952691957512,100.46011901211037,1.6770310382844569,1.7696383618871168,1.7233347000857868,1.8590467891629707,2270,6180,0,880,315,2272.0,01900124046R1AC03,191,101655,57,654,4+300,0+000,4179,4.179,R2,AC,20240726,นบ.5038,
910,0.65,0.0,0.32,2275,2280,20240726RUN02,13.843944707244653,100.46016453531047,1.6770310382844569,1.7696383618871168,1.7233347000857868,1.8619824281691792,2275,6180,0,880,316,2279.0,01900124046R1AC03,191,101655,57,654,4+300,0+000,4179,4.179,R2,AC,20240726,นบ.5038,
914,0.75,0.0,0.38,2285,2290,20240726RUN02,13.843928614701927,100.46025555904124,1.910835307323079,2.693154884228219,2.301995095775649,2.1973339080918377,2285,6180,0,880,317,2286.0,01900124046R1AC03,191,101655,57,654,4+300,0+000,4179,4.179,R2,AC,20240726,นบ.5038,
916,0.02,0.0,0.01,2290,2295,20240726RUN02,13.843920600942583,100.46030107691757,1.910835307323079,2.693154884228219,2.301995095775649,2.425429489553916,2290,6180,0,880,318,2293.0,01900124046R1AC03,191,101655,57,654,4+300,0+000,4179,4.179,R2,AC,20240726,นบ.5038,
920,0.41,0.14,0.28,2300,2305,20240726RUN02,13.843904635791379,100.46039212413473,1.9038149386107937,2.0418778536691766,1.9728463961399851,1.9282744792391036,2300,6180,0,880,319,2300.0,01900124046R1AC03,191,101655,57,654,4+300,0+000,4179,4.179,R2,AC,20240726,นบ.5038,
922,0.73,0.0,0.36,2305,2310,20240726RUN02,13.843896713712693,100.4604376588214,1.9038149386107937,2.0418778536691766,1.9728463961399851,1.8328691354944038,2305,6180,0,880,320,2308.0,01900124046R1AC03,191,101655,57,654,4+300,0+000,4179,4.179,R2,AC,20240726,นบ.5038,
926,0.57,0.08,0.32,2315,2320,20240726RUN02,13.843880954760012,100.46052874369737,1.9038149386107937,2.0418778536691766,1.9728463961399851,2.1365432588342688,2315,6180,0,880,321,2315.0,01900124046R1AC03,191,101655,57,654,4+300,0+000,4179,4.179,R2,AC,20240726,นบ.5038,
928,0.71,0.0,0.36,2320,2325,20240726RUN02,13.843873144464542,100.46057429862715,2.441068669443819,2.466633735477894,2.4538512024608563,2.4106763265476787,2320,6180,0,880,322,2322.0,01900124046R1AC03,191,101655,57,654,4+300,0+000,4179,4.179,R2,AC,20240726,นบ.5038,
930,0.51,0.0,0.26,2325,2330,20240726RUN02,13.843865371758776,100.4606198602588,2.441068669443819,2.466633735477894,2.4538512024608563,2.5158660035696983,2325,6180,0,880,323,2329.0,01900124046R1AC03,191,101655,57,654,4+300,0+000,4179,4.179,R2,AC,20240726,นบ.5038,
934,2.07,0.06,1.06,2335,2340,20240726RUN02,13.843849919066981,100.46071100006024,2.441068669443819,2.466633735477894,2.4538512024608563,2.592719980945608,2335,6180,0,880,324,2336.0,01900124046R1AC03,191,101655,57,654,4+300,0+000,4179,4.179,R2,AC,20240726,นบ.5038,
936,2.39,0.09,1.24,2340,2345,20240726RUN02,13.843842213254497,100.46075657355753,2.3509578411477428,1.681352795946074,2.0161553185469083,2.0072883568122255,2340,6180,0,880,325,2344.0,01900124046R1AC03,191,101655,57,654,4+300,0+000,4179,4.179,R2,AC,20240726,นบ.5038,
940,1.24,0.0,0.62,2350,2355,20240726RUN02,13.843826791240945,100.46084771868053,2.3509578411477428,1.681352795946074,2.0161553185469083,2.148462511232492,2350,6180,0,880,326,2351.0,01900124046R1AC03,191,101655,57,654,4+300,0+000,4179,4.179,R2,AC,20240726,นบ.5038,
942,1.56,0.0,0.78,2355,2360,20240726RUN02,13.843819037182556,100.46089328358,2.3509578411477428,1.681352795946074,2.0161553185469083,1.9640706908174197,2355,6180,0,880,327,2358.0,01900124046R1AC03,191,101655,57,654,4+300,0+000,4179,4.179,R2,AC,20240726,นบ.5038,
946,0.94,0.0,0.47,2365,2370,20240726RUN02,13.843803586058021,100.46098442359495,3.0476763145855346,2.1259423577395955,2.586809336162565,2.4829935987248772,2365,6180,0,880,328,2365.0,01900124046R1AC03,191,101655,57,654,4+300,0+000,4179,4.179,R2,AC,20240726,นบ.5038,
948,0.53,0.0,0.26,2370,2375,20240726RUN02,13.843795780293831,100.46102997927828,3.0476763145855346,2.1259423577395955,2.586809336162565,2.707147555984836,2370,6180,0,880,329,2372.0,01900124046R1AC03,191,101655,57,654,4+300,0+000,4179,4.179,R2,AC,20240726,นบ.5038,
952,3.93,0.52,2.22,2380,2385,20240726RUN02,13.843779794028721,100.46112102240667,4.01446411977356,3.789772423404939,3.9021182715892495,3.6667440853935274,2380,6180,0,880,330,2380.0,01900124046R1AC03,191,101655,57,654,4+300,0+000,4179,4.179,R2,AC,20240726,นบ.5038,
954,1.57,0.34,0.96,2385,2390,20240726RUN02,13.843771662581618,100.46116651840207,4.01446411977356,3.789772423404939,3.9021182715892495,3.817536516220701,2385,6180,0,880,331,2387.0,01900124046R1AC03,191,101655,57,654,4+300,0+000,4179,4.179,R2,AC,20240726,นบ.5038,
956,2.27,1.15,1.71,2390,2395,20240726RUN02,13.843763523695625,100.46121201299661,4.01446411977356,3.789772423404939,3.9021182715892495,3.95727799097767,2390,6180,0,880,332,2394.0,01900124046R1AC03,191,101655,57,654,4+300,0+000,4179,4.179,R2,AC,20240726,นบ.5038,
960,0.67,3.57,2.12,2400,2405,20240726RUN02,13.843747344403114,100.46130302055312,3.4226977680025503,3.4411829802997937,3.4319403741511723,3.293236126949688,2400,6180,0,880,333,2401.0,01900124046R1AC03,191,101655,57,654,4+300,0+000,4179,4.179,R2,AC,20240726,นบ.5038,
962,3.54,6.36,4.95,2405,2410,20240726RUN02,13.843739450999237,100.4613485603522,3.4226977680025503,3.4411829802997937,3.4319403741511723,3.580477664432843,2405,6180,0,880,334,2409.0,01900124046R1AC03,191,101655,57,654,4+300,0+000,4179,4.179,R2,AC,20240726,นบ.5038,
966,1.62,2.44,2.03,2415,2420,20240726RUN02,13.843723826643668,100.46143966944142,3.4226977680025503,3.4411829802997937,3.4319403741511723,3.2556234141105596,2415,6180,0,880,335,2416.0,01900124046R1AC03,191,101655,57,654,4+300,0+000,4179,4.179,R2,AC,20240726,นบ.5038,
968,0.37,0.09,0.23,2420,2425,20240726RUN02,13.843716008604716,100.46148522297565,2.206105535045367,1.4844478418569105,1.845276688451139,1.9230349895006547,2420,6180,0,880,336,2423.0,01900124046R1AC03,191,101655,57,654,4+300,0+000,4179,4.179,R2,AC,20240726,นบ.5038,
972,0.08,0.13,0.11,2430,2435,20240726RUN02,13.84370024883772,100.4615763075335,2.206105535045367,1.4844478418569105,1.845276688451139,1.6708574976101065,2430,6180,0,880,337,2430.0,01900124046R1AC03,191,101655,57,654,4+300,0+000,4179,4.179,R2,AC,20240726,นบ.5038,
974,0.16,0.03,0.1,2435,2440,20240726RUN02,13.84369226339132,100.46162183061168,2.206105535045367,1.4844478418569105,1.845276688451139,1.8435338899341065,2435,6180,0,880,338,2437.0,01900124046R1AC03,191,101655,57,654,4+300,0+000,4179,4.179,R2,AC,20240726,นบ.5038,
978,0.25,0.18,0.22,2445,2450,20240726RUN02,13.843676262167898,100.46171287119022,1.7773376996150771,1.8829742628504067,1.830155981232742,1.721299686520288,2445,6180,0,880,339,2445.0,01900124046R1AC03,191,101655,57,654,4+300,0+000,4179,4.179,R2,AC,20240726,นบ.5038,
980,0.25,0.13,0.19,2450,2455,20240726RUN02,13.843668237379498,100.46175838699612,1.7773376996150771,1.8829742628504067,1.830155981232742,1.66332238536086,2450,6180,0,880,340,2452.0,01900124046R1AC03,191,101655,57,654,4+300,0+000,4179,4.179,R2,AC,20240726,นบ.5038,
982,0.12,0.86,0.49,2455,2460,20240726RUN02,13.843660235197806,100.46180390693733,1.7773376996150771,1.8829742628504067,1.830155981232742,1.7401785471357882,2455,6180,0,880,341,2459.0,01900124046R1AC03,191,101655,57,654,4+300,0+000,4179,4.179,R2,AC,20240726,นบ.5038,
986,0.03,1.26,0.64,2465,2470,20240726RUN02,13.843644400246772,100.4618949778655,2.070031324801578,1.9254533978933548,1.9977423613474663,1.828475254442451,2465,6180,0,880,342,2466.0,01900124046R1AC03,191,101655,57,654,4+300,0+000,4179,4.179,R2,AC,20240726,นบ.5038,
988,0.12,0.19,0.16,2470,2475,20240726RUN02,13.843636573822927,100.46194052983495,2.070031324801578,1.9254533978933548,1.9977423613474663,1.934235026706849,2470,6180,0,880,343,2473.0,01900124046R1AC03,191,101655,57,654,4+300,0+000,4179,4.179,R2,AC,20240726,นบ.5038,
992,0.26,0.67,0.46,2480,2485,20240726RUN02,13.84362091697961,100.46203163305569,2.902557255772206,2.3881278659673306,2.6453425608697683,2.5862703769712247,2480,6180,0,880,344,2481.0,01900124046R1AC03,191,101655,57,654,4+300,0+000,4179,4.179,R2,AC,20240726,นบ.5038,
994,0.45,0.7,0.57,2485,2490,20240726RUN02,13.843613076694988,100.46207718251452,2.902557255772206,2.3881278659673306,2.6453425608697683,2.8859278666383164,2485,6180,0,880,345,2488.0,01900124046R1AC03,191,101655,57,654,4+300,0+000,4179,4.179,R2,AC,20240726,นบ.5038,
998,1.24,0.47,0.86,2495,2500,20240726RUN02,13.843597586886077,100.46216831557302,2.902557255772206,2.3881278659673306,2.6453425608697683,2.790194720146497,2495,6180,0,880,346,2495.0,01900124046R1AC03,191,101655,57,654,4+300,0+000,4179,4.179,R2,AC,20240726,นบ.5038,
1000,0.29,0.57,0.43,2500,2505,20240726RUN02,13.843589871299343,100.46221388729856,2.1036345826566496,2.4433919790152085,2.273513280835929,2.0935151884789325,2500,6180,0,880,347,2502.0,01900124046R1AC03,191,101655,57,654,4+300,0+000,4179,4.179,R2,AC,20240726,นบ.5038,
1002,0.46,0.08,0.27,2505,2510,20240726RUN02,13.843582147748503,100.46225945760303,2.1036345826566496,2.4433919790152085,2.273513280835929,2.0798817569619192,2505,6180,0,880,348,2509.0,01900124046R1AC03,191,101655,57,654,4+300,0+000,4179,4.179,R2,AC,20240726,นบ.5038,
1006,0.31,0.06,0.18,2515,2520,20240726RUN02,13.843566673281185,100.46235059344224,2.1036345826566496,2.4433919790152085,2.273513280835929,2.462642470719983,2515,6180,0,880,349,2517.0,01900124046R1AC03,191,101655,57,654,4+300,0+000,4179,4.179,R2,AC,20240726,นบ.5038,
1008,0.6,0.47,0.53,2520,2525,20240726RUN02,13.843558936469597,100.4623961614311,2.258081275321693,2.283113085247468,2.2705971802845806,2.0549192810133263,2520,6180,0,880,350,2524.0,01900124046R1AC03,191,101655,57,654,4+300,0+000,4179,4.179,R2,AC,20240726,นบ.5038,
1012,0.81,0.48,0.64,2530,2535,20240726RUN02,13.84354343845339,100.46248729295817,2.258081275321693,2.283113085247468,2.2705971802845806,2.4431755158016006,2530,6180,0,880,351,2531.0,01900124046R1AC03,191,101655,57,654,4+300,0+000,4179,4.179,R2,AC,20240726,นบ.5038,
1014,0.16,1.98,1.07,2535,2540,20240726RUN02,13.84353569307036,100.46253285934351,2.258081275321693,2.283113085247468,2.2705971802845806,2.073516440580733,2535,6180,0,880,352,2538.0,01900124046R1AC03,191,101655,57,654,4+300,0+000,4179,4.179,R2,AC,20240726,นบ.5038,
1018,0.26,0.84,0.55,2545,2550,20240726RUN02,13.843520111684098,100.46262397601679,1.8306442002385064,2.008906826794743,1.9197755135166248,2.100237833341428,2545,6180,0,880,353,2546.0,01900124046R1AC03,191,101655,57,654,4+300,0+000,4179,4.179,R2,AC,20240726,นบ.5038,
1020,0.05,0.02,0.04,2550,2555,20240726RUN02,13.843512384362796,100.46266954566423,1.8306442002385064,2.008906826794743,1.9197755135166248,1.8327066767901854,2550,6180,0,880,354,2553.0,01900124046R1AC03,191,101655,57,654,4+300,0+000,4179,4.179,R2,AC,20240726,นบ.5038,
1024,0.49,0.0,0.24,2560,2565,20240726RUN02,13.843497154120456,100.46276072442784,2.9771595108113167,2.0414521572045925,2.5093058340079546,2.504878662724848,2560,6180,0,880,355,2560.0,01900124046R1AC03,191,101655,57,654,4+300,0+000,4179,4.179,R2,AC,20240726,นบ.5038,
1026,0.32,1.95,1.14,2565,2570,20240726RUN02,13.843489736473508,100.46280634789993,2.9771595108113167,2.0414521572045925,2.5093058340079546,2.4654266610737383,2565,6180,0,880,356,2567.0,01900124046R1AC03,191,101655,57,654,4+300,0+000,4179,4.179,R2,AC,20240726,นบ.5038,
1028,0.03,1.48,0.76,2570,2575,20240726RUN02,13.843482513784217,100.46285200403845,2.9771595108113167,2.0414521572045925,2.5093058340079546,2.386766150124426,2570,6180,0,880,357,2574.0,01900124046R1AC03,191,101655,57,654,4+300,0+000,4179,4.179,R2,AC,20240726,นบ.5038,
1032,0.0,0.27,0.14,2580,2585,20240726RUN02,13.843468879678694,100.46294344630897,2.033877269081496,2.056962333668039,2.0454198013747673,2.1434503375119096,2580,6180,0,880,358,2582.0,01900124046R1AC03,191,101655,57,654,4+300,0+000,4179,4.179,R2,AC,20240726,นบ.5038,
1034,0.62,2.43,1.52,2585,2590,20240726RUN02,13.843462574361439,100.46298924453419,2.033877269081496,2.056962333668039,2.0454198013747673,1.9450352350275528,2585,6180,0,880,359,2589.0,01900124046R1AC03,191,101655,57,654,4+300,0+000,4179,4.179,R2,AC,20240726,นบ.5038,
1038,0.33,0.37,0.35,2595,2600,20240726RUN02,13.843451041353012,100.46308098907481,2.033877269081496,2.056962333668039,2.0454198013747673,1.9492938886461497,2595,6180,0,880,360,2596.0,01900124046R1AC03,191,101655,57,654,4+300,0+000,4179,4.179,R2,AC,20240726,นบ.5038,
1040,0.78,0.73,0.76,2600,2605,20240726RUN02,13.843445699014751,100.46312691547519,3.0842227841040497,2.205725687659278,2.644974235881664,2.512275647522649,2600,6180,0,880,361,2603.0,01900124046R1AC03,191,101655,57,654,4+300,0+000,4179,4.179,R2,AC,20240726,นบ.5038,
1044,0.02,0.39,0.2,2610,2615,20240726RUN02,13.843435535554828,100.4632188301682,3.0842227841040497,2.205725687659278,2.644974235881664,2.6539287041926656,2610,6180,0,880,362,2610.0,01900124046R1AC03,191,101655,57,654,4+300,0+000,4179,4.179,R2,AC,20240726,นบ.5038,
1046,0.09,1.04,0.57,2615,2620,20240726RUN02,13.843430587872218,100.46326480283606,3.0842227841040497,2.205725687659278,2.644974235881664,2.715771619623586,2615,6180,0,880,363,2618.0,01900124046R1AC03,191,101655,57,654,4+300,0+000,4179,4.179,R2,AC,20240726,นบ.5038,
1050,0.03,4.18,2.1,2625,2630,20240726RUN02,13.843421280881431,100.4633568120936,3.1491181630525418,2.9058434039051573,3.0274807834788495,3.213685793312748,2625,6180,0,880,364,2625.0,01900124046R1AC03,191,101655,57,654,4+300,0+000,4179,4.179,R2,AC,20240726,นบ.5038,
1052,0.0,4.18,2.09,2630,2635,20240726RUN02,13.843416937826314,100.46340284876752,3.1491181630525418,2.9058434039051573,3.0274807834788495,3.178813132664639,2630,6180,0,880,365,2632.0,01900124046R1AC03,191,101655,57,654,4+300,0+000,4179,4.179,R2,AC,20240726,นบ.5038,
1054,0.24,6.03,3.14,2635,2640,20240726RUN02,13.8434126983957,100.46344889562874,3.1491181630525418,2.9058434039051573,3.0274807834788495,2.789468412744725,2635,6180,0,880,366,2639.0,01900124046R1AC03,191,101655,57,654,4+300,0+000,4179,4.179,R2,AC,20240726,นบ.5038,
1058,2.42,2.43,2.42,2645,2650,20240726RUN02,13.843404466232359,100.46354101295776,3.1030176652257757,2.6950370374247297,2.8990273513252527,2.7038134459420715,2645,6180,0,880,367,2647.0,01900124046R1AC03,191,101655,57,654,4+300,0+000,4179,4.179,R2,AC,20240726,นบ.5038,
1060,2.39,1.1,1.74,2650,2655,20240726RUN02,13.84340057057643,100.46358709163103,3.1030176652257757,2.6950370374247297,2.8990273513252527,2.9097706776775483,2650,6180,0,880,368,2654.0,01900124046R1AC03,191,101655,57,654,4+300,0+000,4179,4.179,R2,AC,20240726,นบ.5038,
1064,4.77,1.74,3.26,2660,2665,20240726RUN02,13.843393581947032,100.46367931575433,3.954364739613281,3.2681835184509755,3.611274129032128,3.3405654506441786,2660,6180,0,880,369,2661.0,01900124046R1AC03,191,101655,57,654,4+300,0+000,4179,4.179,R2,AC,20240726,นบ.5038,
1066,5.07,0.0,2.54,2665,2670,20240726RUN02,13.843390427824671,100.46372545391503,3.954364739613281,3.2681835184509755,3.611274129032128,3.680753241256155,2665,6180,0,880,370,2668.0,01900124046R1AC03,191,101655,57,654,4+300,0+000,4179,4.179,R2,AC,20240726,นบ.5038,
1070,9.19,0.0,4.6,2675,2680,20240726RUN02,13.843384751909966,100.46381777273245,3.954364739613281,3.2681835184509755,3.611274129032128,3.765657316869183,2675,6180,0,880,371,2675.0,01900124046R1AC03,191,101655,57,654,4+300,0+000,4179,4.179,R2,AC,20240726,นบ.5038,
1072,5.13,0.0,2.56,2680,2685,20240726RUN02,13.843382327910458,100.46386395692166,3.135951980617563,3.792336408111957,3.46414419436476,3.420864612594126,2680,6180,0,880,372,2683.0,01900124046R1AC03,191,101655,57,654,4+300,0+000,4179,4.179,R2,AC,20240726,นบ.5038,
1076,5.95,0.0,2.98,2690,2695,20240726RUN02,13.843378331596407,100.4639563675436,3.135951980617563,3.792336408111957,3.46414419436476,3.555835797627822,2690,6180,0,880,373,2690.0,01900124046R1AC03,191,101655,57,654,4+300,0+000,4179,4.179,R2,AC,20240726,นบ.5038,
1078,5.35,0.29,2.82,2695,2700,20240726RUN02,13.84337683786421,100.4640025931563,3.135951980617563,3.792336408111957,3.46414419436476,3.228909888352289,2695,6180,0,880,374,2697.0,01900124046R1AC03,191,101655,57,654,4+300,0+000,4179,4.179,R2,AC,20240726,นบ.5038,
1080,4.86,0.54,2.7,2700,2705,20240726RUN02,13.843375654631078,100.46404882831939,3.201421877919566,3.830368462189656,3.515895170054611,3.812819492123848,2700,6180,0,880,375,2704.0,01900124046R1AC03,191,101655,57,654,4+300,0+000,4179,4.179,R2,AC,20240726,นบ.5038,
1084,3.15,0.19,1.67,2710,2715,20240726RUN02,13.843374246070375,100.46414131856118,3.201421877919566,3.830368462189656,3.515895170054611,3.401777575981974,2710,6180,0,880,376,2711.0,01900124046R1AC03,191,101655,57,654,4+300,0+000,4179,4.179,R2,AC,20240726,นบ.5038,
1086,1.7,0.44,1.07,2715,2720,20240726RUN02,13.843374015859322,100.46418756913941,3.201421877919566,3.830368462189656,3.515895170054611,3.3075824810165897,2715,6180,0,880,377,2719.0,01900124046R1AC03,191,101655,57,654,4+300,0+000,4179,4.179,R2,AC,20240726,นบ.5038,
1090,2.49,0.79,1.64,2725,2730,20240726RUN02,13.843374287197594,100.46428007040345,4.531083758397516,3.733691886680838,4.132387822539177,3.8573408660394373,2725,6180,0,880,378,2726.0,01900124046R1AC03,191,101655,57,654,4+300,0+000,4179,4.179,R2,AC,20240726,นบ.5038,
1092,3.42,0.82,2.12,2730,2735,20240726RUN02,13.843374763272784,100.46432631877266,4.531083758397516,3.733691886680838,4.132387822539177,4.513984047611385,2730,6180,0,880,379,2733.0,01900124046R1AC03,191,101655,57,654,4+300,0+000,4179,4.179,R2,AC,20240726,นบ.5038,
1096,2.6,0.83,1.72,2740,2745,20240726RUN02,13.843376087622227,100.46441881029368,8.169397770017419,7.730500775899712,7.949949272958565,8.324861273366283,2740,6180,0,880,380,2740.0,01900124046R1AC03,191,101655,57,654,4+300,0+000,4179,4.179,R2,AC,20240726,นบ.5038,
1098,1.25,1.0,1.12,2745,2750,20240726RUN02,13.843376922116477,100.46446505319341,8.169397770017419,7.730500775899712,7.949949272958565,8.64798660911139,2745,6180,0,880,381,2747.0,01900124046R1AC03,191,101655,57,654,4+300,0+000,4179,4.179,R2,AC,20240726,นบ.5038,
1102,7.46,4.91,6.18,2755,2760,20240726RUN02,13.843378832250695,100.46455753385791,8.169397770017419,7.730500775899712,7.949949272958565,7.332830097779654,2755,6180,0,880,382,2755.0,01900124046R1AC03,191,101655,57,654,4+300,0+000,4179,4.179,R2,AC,20240726,นบ.5038,
1104,4.47,2.0,3.24,2760,2765,20240726RUN02,13.84338005568765,100.46460376738396,6.669026278715871,7.727434065370611,7.198230172043241,6.56317747849195,2760,6180,0,880,383,2762.0,01900124046R1AC03,191,101655,57,654,4+300,0+000,4179,4.179,R2,AC,20240726,นบ.5038,
1106,3.44,2.59,3.01,2765,2770,20240726RUN02,13.843381528886457,100.46464999331705,6.669026278715871,7.727434065370611,7.198230172043241,7.467748858908606,2765,6180,0,880,384,2769.0,01900124046R1AC03,191,101655,57,654,4+300,0+000,4179,4.179,R2,AC,20240726,นบ.5038,
1110,4.86,1.22,3.04,2775,2780,20240726RUN02,13.843385122305254,100.46474242114687,6.669026278715871,7.727434065370611,7.198230172043241,7.060621702276817,2775,6180,0,880,385,2776.0,01900124046R1AC03,191,101655,57,654,4+300,0+000,4179,4.179,R2,AC,20240726,นบ.5038,
1112,3.88,0.22,2.05,2780,2785,20240726RUN02,13.843387184595601,100.46478862327683,8.32755183547885,9.314327863730584,8.820939849604716,7.95916939867501,2780,6180,0,880,386,2784.0,01900124046R1AC03,191,101655,57,654,4+300,0+000,4179,4.179,R2,AC,20240726,นบ.5038,
1116,2.24,0.41,1.33,2790,2795,20240726RUN02,13.843391816363333,100.46488100182629,8.32755183547885,9.314327863730584,8.820939849604716,9.055687153305369,2790,6180,0,880,387,2791.0,01900124046R1AC03,191,101655,57,654,4+300,0+000,4179,4.179,R2,AC,20240726,นบ.5038,
1118,0.99,0.55,0.77,2795,2800,20240726RUN02,13.843394495453682,100.46492717085327,8.32755183547885,9.314327863730584,8.820939849604716,9.130955011304641,2795,6180,0,880,388,2798.0,01900124046R1AC03,191,101655,57,654,4+300,0+000,4179,4.179,R2,AC,20240726,นบ.5038,
1122,1.06,0.78,0.92,2805,2810,20240726RUN02,13.843400875594154,100.46501944000943,6.007869270403639,7.7039649542906705,6.855917112347155,6.372517664509347,2805,6180,0,880,389,2805.0,01900124046R1AC03,191,101655,57,654,4+300,0+000,4179,4.179,R2,AC,20240726,นบ.5038,
1124,0.1,1.77,0.94,2810,2815,20240726RUN02,13.84340462897349,100.4650655304814,6.007869270403639,7.7039649542906705,6.855917112347155,7.015165673814444,2810,6180,0,880,390,2812.0,01900124046R1AC03,191,101655,57,654,4+300,0+000,4179,4.179,R2,AC,20240726,นบ.5038,
1128,0.43,3.97,2.2,2820,2825,20240726RUN02,13.843413019838454,100.4651576313724,3.1199460782180317,2.648273830839867,2.8841099545289492,2.7163112292363802,2820,6180,0,880,391,2820.0,01900124046R1AC03,191,101655,57,654,4+300,0+000,4179,4.179,R2,AC,20240726,นบ.5038,
1130,0.11,2.18,1.14,2825,2830,20240726RUN02,13.843417616051163,100.4652036420673,3.1199460782180317,2.648273830839867,2.8841099545289492,3.1315688143974545,2825,6180,0,880,392,2827.0,01900124046R1AC03,191,101655,57,654,4+300,0+000,4179,4.179,R2,AC,20240726,นบ.5038,
1132,0.19,1.11,0.65,2830,2835,20240726RUN02,13.84342244729095,100.46524962756416,3.1199460782180317,2.648273830839867,2.8841099545289492,2.803373070343474,2830,6180,0,880,393,2834.0,01900124046R1AC03,191,101655,57,654,4+300,0+000,4179,4.179,R2,AC,20240726,นบ.5038,
1136,0.19,0.4,0.3,2840,2845,20240726RUN02,13.843433006121149,100.46534149489959,2.017745472855308,1.7178970099650273,1.8678212414101676,1.9124171861027008,2840,6180,0,880,394,2841.0,01900124046R1AC03,191,101655,57,654,4+300,0+000,4179,4.179,R2,AC,20240726,นบ.5038,
1138,0.4,0.02,0.21,2845,2850,20240726RUN02,13.843438702010877,100.46538737674723,2.017745472855308,1.7178970099650273,1.8678212414101676,1.743748060191718,2845,6180,0,880,395,2848.0,01900124046R1AC03,191,101655,57,654,4+300,0+000,4179,4.179,R2,AC,20240726,นบ.5038,
1142,0.96,0.0,0.48,2855,2860,20240726RUN02,13.843450489768012,100.46547908808637,2.017745472855308,1.7178970099650273,1.8678212414101676,1.976274541173764,2855,6180,0,880,396,2856.0,01900124046R1AC03,191,101655,57,654,4+300,0+000,4179,4.179,R2,AC,20240726,นบ.5038,
1144,0.89,0.0,0.44,2860,2865,20240726RUN02,13.84345636630159,100.46552494610958,3.014200442004661,2.7474723410840385,2.88083639154435,3.0332032692957336,2860,6180,0,880,397,2863.0,01900124046R1AC03,191,101655,57,654,4+300,0+000,4179,4.179,R2,AC,20240726,นบ.5038,
1148,0.67,0.08,0.38,2870,2875,20240726RUN02,13.843468577285622,100.46561659886389,3.014200442004661,2.7474723410840385,2.88083639154435,2.7750450119578507,2870,6180,0,880,398,2870.0,01900124046R1AC03,191,101655,57,654,4+300,0+000,4179,4.179,R2,AC,20240726,นบ.5038,
1150,0.61,0.0,0.3,2875,2880,20240726RUN02,13.843475319594704,100.46566233170384,3.014200442004661,2.7474723410840385,2.88083639154435,2.764682817578759,2875,6180,0,880,399,2877.0,01900124046R1AC03,191,101655,57,654,4+300,0+000,4179,4.179,R2,AC,20240726,นบ.5038,
1152,1.03,0.0,0.52,2880,2885,20240726RUN02,13.843482511580568,100.46570799279971,2.211372450808293,1.926301683366613,2.0688370670874527,1.97931257935633,2880,6180,0,880,400,2884.0,01900124046R1AC03,191,101655,57,654,4+300,0+000,4179,4.179,R2,AC,20240726,นบ.5038,
1156,0.71,0.0,0.36,2890,2895,20240726RUN02,13.84349815101125,100.46579909776467,2.211372450808293,1.926301683366613,2.0688370670874527,2.0432128642579923,2890,6180,0,880,401,2892.0,01900124046R1AC03,191,101655,57,654,4+300,0+000,4179,4.179,R2,AC,20240726,นบ.5038,
1158,1.22,0.0,0.61,2895,2900,20240726RUN02,13.84350637560311,100.46584457609586,2.211372450808293,1.926301683366613,2.0688370670874527,2.2737996286801363,2895,6180,0,880,402,2899.0,01900124046R1AC03,191,101655,57,654,4+300,0+000,4179,4.179,R2,AC,20240726,นบ.5038,
1162,1.55,0.09,0.82,2905,2910,20240726RUN02,13.843522761432883,100.46593554479618,3.276046956379528,3.0796883661840635,3.1778676612817955,3.186329275148456,2905,6180,0,880,403,2906.0,01900124046R1AC03,191,101655,57,654,4+300,0+000,4179,4.179,R2,AC,20240726,นบ.5038,
1164,0.91,0.0,0.46,2910,2915,20240726RUN02,13.84353092352307,100.46598103500098,3.276046956379528,3.0796883661840635,3.1778676612817955,3.3038613490532835,2910,6180,0,880,404,2913.0,01900124046R1AC03,191,101655,57,654,4+300,0+000,4179,4.179,R2,AC,20240726,นบ.5038,
1168,1.33,0.0,0.66,2920,2925,20240726RUN02,13.84354776393007,100.46607191628804,2.507127459249026,2.117248605569128,2.312188032409077,2.48035622194051,2920,6180,0,880,405,2921.0,01900124046R1AC03,191,101655,57,654,4+300,0+000,4179,4.179,R2,AC,20240726,นบ.5038,
1170,1.48,0.0,0.74,2925,2930,20240726RUN02,13.84355659571272,100.46611727517843,2.507127459249026,2.117248605569128,2.312188032409077,2.27484249047581,2925,6180,0,880,406,2928.0,01900124046R1AC03,191,101655,57,654,4+300,0+000,4179,4.179,R2,AC,20240726,นบ.5038,
1174,1.58,0.0,0.79,2935,2940,20240726RUN02,13.843575226820455,100.46620778947727,2.507127459249026,2.117248605569128,2.312188032409077,2.3260132331212966,2935,6180,0,880,407,2935.0,01900124046R1AC03,191,101655,57,654,4+300,0+000,4179,4.179,R2,AC,20240726,นบ.5038,
1176,2.35,0.0,1.18,2940,2945,20240726RUN02,13.843584971397517,100.46625295225245,3.076804781852972,3.2780422614783813,3.1774235216656765,3.088091906702505,2940,6180,0,880,408,2942.0,01900124046R1AC03,191,101655,57,654,4+300,0+000,4179,4.179,R2,AC,20240726,นบ.5038,
1178,1.98,0.0,0.99,2945,2950,20240726RUN02,13.843594930068372,100.46629806609593,3.076804781852972,3.2780422614783813,3.1774235216656765,3.0576906442925216,2945,6180,0,880,409,2949.0,01900124046R1AC03,191,101655,57,654,4+300,0+000,4179,4.179,R2,AC,20240726,นบ.5038,
1182,2.88,0.0,1.44,2955,2960,20240726RUN02,13.843615435559412,100.46638815533584,3.076804781852972,3.2780422614783813,3.1774235216656765,3.4671390199030365,2955,6180,0,880,410,2957.0,01900124046R1AC03,191,101655,57,654,4+300,0+000,4179,4.179,R2,AC,20240726,นบ.5038,
1184,2.2,0.0,1.1,2960,2965,20240726RUN02,13.843626028225788,100.46643311765598,2.5210175211504717,2.415264424585023,2.4681409728677473,2.6958881224291127,2960,6180,0,880,411,2964.0,01900124046R1AC03,191,101655,57,654,4+300,0+000,4179,4.179,R2,AC,20240726,นบ.5038,
1188,2.75,0.04,1.4,2970,2975,20240726RUN02,13.84364777452759,100.46652290176782,2.5210175211504717,2.415264424585023,2.4681409728677473,2.504174656210526,2970,6180,0,880,412,2971.0,01900124046R1AC03,191,101655,57,654,4+300,0+000,4179,4.179,R2,AC,20240726,นบ.5038,
1190,2.31,0.0,1.16,2975,2980,20240726RUN02,13.843658835851532,100.46656774576306,2.5210175211504717,2.415264424585023,2.4681409728677473,2.430158920154133,2975,6180,0,880,413,2978.0,01900124046R1AC03,191,101655,57,654,4+300,0+000,4179,4.179,R2,AC,20240726,นบ.5038,
1194,1.02,0.03,0.52,2985,2990,20240726RUN02,13.843681147635928,100.4666573846493,2.559242772369921,2.122366223198753,2.3408044977843367,2.53787089212756,2985,6180,0,880,414,2985.0,01900124046R1AC03,191,101655,57,654,4+300,0+000,4179,4.179,R2,AC,20240726,นบ.5038,
1196,0.65,0.0,0.32,2990,2995,20240726RUN02,13.843692507761737,100.46670215035878,2.559242772369921,2.122366223198753,2.3408044977843367,2.350112152399434,2990,6180,0,880,415,2993.0,01900124046R1AC03,191,101655,57,654,4+300,0+000,4179,4.179,R2,AC,20240726,นบ.5038,
1200,0.29,0.1,0.2,3000,3005,20240726RUN02,13.843715757362448,100.4667915390646,2.0853869900561217,2.202547936727827,2.1439674633919745,1.9426337010178012,3000,6180,0,880,416,3000.0,01900124046R1AC03,191,101655,57,654,4+300,0+000,4179,4.179,R2,AC,20240726,นบ.5038,
1202,0.21,0.09,0.15,3005,3010,20240726RUN02,13.843727685185804,100.46683614986243,2.0853869900561217,2.202547936727827,2.1439674633919745,2.210051832715501,3005,6180,0,880,417,3007.0,01900124046R1AC03,191,101655,57,654,4+300,0+000,4179,4.179,R2,AC,20240726,นบ.5038,
1204,0.11,0.0,0.06,3010,3015,20240726RUN02,13.843739754929304,100.46688072069477,2.0853869900561217,2.202547936727827,2.1439674633919745,2.14029786289806,3010,6180,0,880,418,3014.0,01900124046R1AC03,191,101655,57,654,4+300,0+000,4179,4.179,R2,AC,20240726,นบ.5038,
1208,0.12,0.34,0.23,3020,3025,20240726RUN02,13.843764328858084,100.4669697374545,1.940096738632157,2.060285654226914,2.0001911964295354,1.85671887295565,3020,6180,0,880,419,3021.0,01900124046R1AC03,191,101655,57,654,4+300,0+000,4179,4.179,R2,AC,20240726,นบ.5038,
1210,0.05,0.02,0.04,3025,3030,20240726RUN02,13.843777115031369,100.46701409833409,1.940096738632157,2.060285654226914,2.0001911964295354,2.1788745634060716,3025,6180,0,880,420,3029.0,01900124046R1AC03,191,101655,57,654,4+300,0+000,4179,4.179,R2,AC,20240726,นบ.5038,
1214,0.03,0.0,0.02,3035,3040,20240726RUN02,13.843803959606124,100.46710242466699,1.940096738632157,2.060285654226914,2.0001911964295354,1.8460170672295884,3035,6180,0,880,421,3036.0,01900124046R1AC03,191,101655,57,654,4+300,0+000,4179,4.179,R2,AC,20240726,นบ.5038,
1216,0.1,0.56,0.33,3040,3045,20240726RUN02,13.843817888715614,100.46714642375528,2.8242115898198508,2.9091523821320786,2.8666819859759647,2.9566243346266865,3040,6180,0,880,422,3043.0,01900124046R1AC03,191,101655,57,654,4+300,0+000,4179,4.179,R2,AC,20240726,นบ.5038,
1220,0.05,1.56,0.8,3050,3055,20240726RUN02,13.843846202409805,100.4672342695536,2.8242115898198508,2.9091523821320786,2.8666819859759647,2.7505944740836172,3050,6180,0,880,423,3050.0,01900124046R1AC03,191,101655,57,654,4+300,0+000,4179,4.179,R2,AC,20240726,นบ.5038,
1222,0.34,0.48,0.41,3055,3060,20240726RUN02,13.843860330313479,100.46727820225664,2.8242115898198508,2.9091523821320786,2.8666819859759647,2.814196636918314,3055,6180,0,880,424,3058.0,01900124046R1AC03,191,101655,57,654,4+300,0+000,4179,4.179,R2,AC,20240726,นบ.5038,
1226,1.13,1.19,1.16,3065,3070,20240726RUN02,13.843888235126096,100.46736618497371,1.5895853670941429,2.0832123362584296,1.8363988516762864,1.8675746362143673,3065,6180,0,880,425,3065.0,01900124046R1AC03,191,101655,57,654,4+300,0+000,4179,4.179,R2,AC,20240726,นบ.5038,
1228,0.4,1.91,1.16,3070,3075,20240726RUN02,13.84390217848391,100.46741017935864,1.5895853670941429,2.0832123362584296,1.8363988516762864,1.7734457284763077,3070,6180,0,880,426,3072.0,01900124046R1AC03,191,101655,57,654,4+300,0+000,4179,4.179,R2,AC,20240726,นบ.5038,
1230,0.66,0.68,0.67,3075,3080,20240726RUN02,13.843916124832324,100.46745417277614,1.5895853670941429,2.0832123362584296,1.8363988516762864,1.755500374534485,3075,6180,0,880,427,3079.0,01900124046R1AC03,191,101655,57,654,4+300,0+000,4179,4.179,R2,AC,20240726,นบ.5038,
1234,0.49,0.76,0.62,3085,3090,20240726RUN02,13.843943930011273,100.46754218865817,1.0487472581686963,1.5972408999842571,1.3229940790764767,1.4278249304502237,3085,6180,0,880,428,3086.0,01900124046R1AC03,191,101655,57,654,4+300,0+000,4179,4.179,R2,AC,20240726,นบ.5038,
1236,0.5,0.05,0.28,3090,3095,20240726RUN02,13.843957835589276,100.46758619566079,1.0487472581686963,1.5972408999842571,1.3229940790764767,1.2552992779538672,3090,6180,0,880,429,3094.0,01900124046R1AC03,191,101655,57,654,4+300,0+000,4179,4.179,R2,AC,20240726,นบ.5038,
1240,0.38,0.0,0.19,3100,3105,20240726RUN02,13.843985901681966,100.46767412482487,1.724962299851156,1.813323152705682,1.769142726278419,1.9293851065429322,3100,6180,0,880,430,3101.0,01900124046R1AC03,191,101655,57,654,4+300,0+000,4179,4.179,R2,AC,20240726,นบ.5038,
1242,0.12,0.16,0.14,3105,3110,20240726RUN02,13.844000038023587,100.46771805478055,1.724962299851156,1.813323152705682,1.769142726278419,1.7013282835432908,3105,6180,0,880,431,3108.0,01900124046R1AC03,191,101655,57,654,4+300,0+000,4179,4.179,R2,AC,20240726,นบ.5038,
1246,0.87,0.0,0.44,3115,3120,20240726RUN02,13.84402854514687,100.46780583524611,1.724962299851156,1.813323152705682,1.769142726278419,1.7168013105867377,3115,6180,0,880,432,3115.0,01900124046R1AC03,191,101655,57,654,4+300,0+000,4179,4.179,R2,AC,20240726,นบ.5038,
1248,0.31,0.0,0.16,3120,3125,20240726RUN02,13.844042886028685,100.4678496957268,1.9825059994342509,2.4039033929386235,2.193204696186437,2.373875840463396,3120,6180,0,880,433,3122.0,01900124046R1AC03,191,101655,57,654,4+300,0+000,4179,4.179,R2,AC,20240726,นบ.5038,
1252,1.39,0.0,0.7,3130,3135,20240726RUN02,13.844071528482468,100.46793743016664,1.9825059994342509,2.4039033929386235,2.193204696186437,2.087995554830424,3130,6180,0,880,434,3130.0,01900124046R1AC03,191,101655,57,654,4+300,0+000,4179,4.179,R2,AC,20240726,นบ.5038,
1254,1.32,0.0,0.66,3135,3140,20240726RUN02,13.84408580789561,100.46798131169514,1.9825059994342509,2.4039033929386235,2.193204696186437,2.0559986065224702,3135,6180,0,880,435,3137.0,01900124046R1AC03,191,101655,57,654,4+300,0+000,4179,4.179,R2,AC,20240726,นบ.5038,
1256,1.7,0.02,0.86,3140,3145,20240726RUN02,13.84410014553824,100.46802517331837,2.1275356478665417,2.134905105645067,2.1312203767558042,2.144973764864873,3140,6180,0,880,436,3144.0,01900124046R1AC03,191,101655,57,654,4+300,0+000,4179,4.179,R2,AC,20240726,นบ.5038,
1260,1.33,0.0,0.66,3150,3155,20240726RUN02,13.844128975597995,100.46811284338908,2.1275356478665417,2.134905105645067,2.1312203767558042,1.9203156047153007,3150,6180,0,880,437,3151.0,01900124046R1AC03,191,101655,57,654,4+300,0+000,4179,4.179,R2,AC,20240726,นบ.5038,
1262,0.4,0.0,0.2,3155,3160,20240726RUN02,13.844143154565694,100.4681567589889,2.1275356478665417,2.134905105645067,2.1312203767558042,2.154053788364756,3155,6180,0,880,438,3159.0,01900124046R1AC03,191,101655,57,654,4+300,0+000,4179,4.179,R2,AC,20240726,นบ.5038,
1266,0.23,0.04,0.14,3165,3170,20240726RUN02,13.844170724530514,100.4682448521583,2.3823451238096784,3.01823172021664,2.700288422013159,2.5787688564556586,3165,6180,0,880,439,3166.0,01900124046R1AC03,191,101655,57,654,4+300,0+000,4179,4.179,R2,AC,20240726,นบ.5038,
1268,0.56,0.0,0.28,3170,3175,20240726RUN02,13.844184189306906,100.46828900270415,2.3823451238096784,3.01823172021664,2.700288422013159,2.7778234517857197,3170,6180,0,880,440,3173.0,01900124046R1AC03,191,101655,57,654,4+300,0+000,4179,4.179,R2,AC,20240726,นบ.5038,
1272,1.11,0.0,0.56,3180,3185,20240726RUN02,13.844211253902564,100.46837726029607,1.7192025907416348,1.7171991225421717,1.7182008566419031,1.5614796839949852,3180,6180,0,880,441,3180.0,01900124046R1AC03,191,101655,57,654,4+300,0+000,4179,4.179,R2,AC,20240726,นบ.5038,
1274,0.42,0.0,0.21,3185,3190,20240726RUN02,13.844225221958377,100.46842124656177,1.7192025907416348,1.7171991225421717,1.7182008566419031,1.779591212203209,3185,6180,0,880,442,3187.0,01900124046R1AC03,191,101655,57,654,4+300,0+000,4179,4.179,R2,AC,20240726,นบ.5038,
1278,1.12,0.0,0.56,3195,3200,20240726RUN02,13.844254092518888,100.46850890278198,1.7192025907416348,1.7171991225421717,1.7182008566419031,1.7262484755063454,3195,6180,0,880,443,3195.0,01900124046R1AC03,191,101655,57,654,4+300,0+000,4179,4.179,R2,AC,20240726,นบ.5038,
1280,0.91,0.0,0.46,3200,3205,20240726RUN02,13.84426864913032,100.46855268897717,2.0626519254652487,1.7106017523346977,1.8866268388999732,1.7490786500644793,3200,6180,0,880,444,3202.0,01900124046R1AC03,191,101655,57,654,4+300,0+000,4179,4.179,R2,AC,20240726,นบ.5038,
1282,1.4,0.14,0.77,3205,3210,20240726RUN02,13.844283219264991,100.46859647047135,2.0626519254652487,1.7106017523346977,1.8866268388999732,1.9697060840903897,3205,6180,0,880,445,3209.0,01900124046R1AC03,191,101655,57,654,4+300,0+000,4179,4.179,R2,AC,20240726,นบ.5038,
1286,1.93,0.14,1.03,3215,3220,20240726RUN02,13.844312253958455,100.46868407008316,2.0626519254652487,1.7106017523346977,1.8866268388999732,1.9690424561397233,3215,6180,0,880,446,3216.0,01900124046R1AC03,191,101655,57,654,4+300,0+000,4179,4.179,R2,AC,20240726,นบ.5038,
1288,2.51,0.39,1.45,3220,3225,20240726RUN02,13.844326694573839,100.4687278964641,5.51239359142895,4.527391014826359,5.019892303127655,5.121995659023566,3220,6180,0,880,447,3223.0,01900124046R1AC03,191,101655,57,654,4+300,0+000,4179,4.179,R2,AC,20240726,นบ.5038,
1292,2.28,0.16,1.22,3230,3235,20240726RUN02,13.844355388408312,100.46881561358263,5.51239359142895,4.527391014826359,5.019892303127655,4.831177196054102,3230,6180,0,880,448,3231.0,01900124046R1AC03,191,101655,57,654,4+300,0+000,4179,4.179,R2,AC,20240726,นบ.5038,
1294,3.64,0.36,2.0,3235,3240,20240726RUN02,13.844369610684822,100.46885951457426,5.51239359142895,4.527391014826359,5.019892303127655,4.6161506588444094,3235,6180,0,880,449,3238.0,01900124046R1AC03,191,101655,57,654,4+300,0+000,4179,4.179,R2,AC,20240726,นบ.5038,
1298,4.11,0.62,2.37,3245,3250,20240726RUN02,13.84439793363026,100.46894735761072,3.753316934088621,3.419394241046253,3.5863555875674367,3.7218230639048446,3245,6180,0,880,450,3245.0,01900124046R1AC03,191,101655,57,654,4+300,0+000,4179,4.179,R2,AC,20240726,นบ.5038,
1300,4.16,0.6,2.38,3250,3255,20240726RUN02,13.84441208423883,100.4689912827481,3.753316934088621,3.419394241046253,3.5863555875674367,3.4202844786170123,3250,6180,0,880,451,3252.0,01900124046R1AC03,191,101655,57,654,4+300,0+000,4179,4.179,R2,AC,20240726,นบ.5038,
1302,3.77,0.31,2.04,3255,3260,20240726RUN02,13.844426224963907,100.4690352112335,3.753316934088621,3.419394241046253,3.5863555875674367,3.5808463455974855,3255,6180,0,880,452,3259.0,01900124046R1AC03,191,101655,57,654,4+300,0+000,4179,4.179,R2,AC,20240726,นบ.5038,
1306,1.67,0.01,0.84,3265,3270,20240726RUN02,13.844454432223415,100.46912309307699,1.4895237456316577,1.094161465603578,1.2918426056176178,1.172890015286231,3265,6180,0,880,453,3267.0,01900124046R1AC03,191,101655,57,654,4+300,0+000,4179,4.179,R2,AC,20240726,นบ.5038,
1308,1.81,0.03,0.92,3270,3275,20240726RUN02,13.844468454068908,100.46916706139298,1.4895237456316577,1.094161465603578,1.2918426056176178,1.2806367845207147,3270,6180,0,880,454,3274.0,01900124046R1AC03,191,101655,57,654,4+300,0+000,4179,4.179,R2,AC,20240726,นบ.5038,
1312,1.69,0.0,0.84,3280,3285,20240726RUN02,13.84449638267758,100.4692550363759,1.9056727133202809,1.044079349652737,1.474876031486509,1.5057134787292594,3280,6180,0,880,455,3281.0,01900124046R1AC03,191,101655,57,654,4+300,0+000,4179,4.179,R2,AC,20240726,นบ.5038,
1314,2.05,0.01,1.03,3285,3290,20240726RUN02,13.8445103002469,100.46929903936447,1.9056727133202809,1.044079349652737,1.474876031486509,1.4469594932964334,3285,6180,0,880,456,3288.0,01900124046R1AC03,191,101655,57,654,4+300,0+000,4179,4.179,R2,AC,20240726,นบ.5038,
1318,1.87,0.0,0.94,3295,3300,20240726RUN02,13.844538033988902,100.46938707890594,1.9056727133202809,1.044079349652737,1.474876031486509,1.4592415925919382,3295,6180,0,880,457,3296.0,01900124046R1AC03,191,101655,57,654,4+300,0+000,4179,4.179,R2,AC,20240726,นบ.5038,
1320,1.36,0.0,0.68,3300,3305,20240726RUN02,13.844551859907734,100.46943111217978,1.649924626426153,1.210103003430024,1.4300138149280883,1.4346185762299437,3300,6180,0,880,458,3303.0,01900124046R1AC03,191,101655,57,654,4+300,0+000,4179,4.179,R2,AC,20240726,นบ.5038,
1324,0.93,0.0,0.46,3310,3315,20240726RUN02,13.844579473405462,100.46951919140814,1.649924626426153,1.210103003430024,1.4300138149280883,1.4311687426968411,3310,6180,0,880,459,3310.0,01900124046R1AC03,191,101655,57,654,4+300,0+000,4179,4.179,R2,AC,20240726,นบ.5038,
1326,1.65,0.0,0.82,3315,3320,20240726RUN02,13.844593258291741,100.46956323821293,1.649924626426153,1.210103003430024,1.4300138149280883,1.338647477103395,3315,6180,0,880,460,3317.0,01900124046R1AC03,191,101655,57,654,4+300,0+000,4179,4.179,R2,AC,20240726,นบ.5038,
1328,2.61,0.0,1.3,3320,3325,20240726RUN02,13.844607090065306,100.46960726958106,1.579713116130114,1.2105146811923533,1.3951138986612337,1.450397012626182,3320,6180,0,880,461,3324.0,01900124046R1AC03,191,101655,57,654,4+300,0+000,4179,4.179,R2,AC,20240726,นบ.5038,
1332,1.45,0.0,0.72,3330,3335,20240726RUN02,13.844634809928193,100.469695313813,1.579713116130114,1.2105146811923533,1.3951138986612337,1.4035089695970844,3330,6180,0,880,462,3332.0,01900124046R1AC03,191,101655,57,654,4+300,0+000,4179,4.179,R2,AC,20240726,นบ.5038,
1334,1.41,0.0,0.7,3335,3340,20240726RUN02,13.844648751392828,100.46973930894124,1.579713116130114,1.2105146811923533,1.3951138986612337,1.262925891548393,3335,6180,0,880,463,3339.0,01900124046R1AC03,191,101655,57,654,4+300,0+000,4179,4.179,R2,AC,20240726,นบ.5038,
1338,2.44,0.0,1.22,3345,3350,20240726RUN02,13.844676687635982,100.46982728153607,2.6112607738266047,2.16967722887648,2.3904690013515424,2.4514007657756505,3345,6180,0,880,464,3346.0,01900124046R1AC03,191,101655,57,654,4+300,0+000,4179,4.179,R2,AC,20240726,นบ.5038,
1340,3.07,0.0,1.54,3350,3355,20240726RUN02,13.844690654295311,100.46987126832465,2.6112607738266047,2.16967722887648,2.3904690013515424,2.540896527066062,3350,6180,0,880,465,3353.0,01900124046R1AC03,191,101655,57,654,4+300,0+000,4179,4.179,R2,AC,20240726,นบ.5038,
1344,2.28,0.0,1.14,3360,3365,20240726RUN02,13.844718622700873,100.4699592302599,2.0125675980736526,1.8679377156016168,1.9402526568376346,1.9357443463990698,3360,6180,0,880,466,3360.0,01900124046R1AC03,191,101655,57,654,4+300,0+000,4179,4.179,R2,AC,20240726,นบ.5038,
1346,3.33,0.0,1.66,3365,3370,20240726RUN02,13.844732563546636,100.47000322564634,2.0125675980736526,1.8679377156016168,1.9402526568376346,1.7813236846305767,3365,6180,0,880,467,3368.0,01900124046R1AC03,191,101655,57,654,4+300,0+000,4179,4.179,R2,AC,20240726,นบ.5038,
1350,2.47,0.04,1.26,3375,3380,20240726RUN02,13.844760473101752,100.4700912072553,2.0125675980736526,1.8679377156016168,1.9402526568376346,1.7629496384242684,3375,6180,0,880,468,3375.0,01900124046R1AC03,191,101655,57,654,4+300,0+000,4179,4.179,R2,AC,20240726,นบ.5038,
1352,2.72,0.0,1.36,3380,3385,20240726RUN02,13.844774461415875,100.4701351869216,1.5960739144680165,1.5757788650199616,1.585926389743989,1.5631358514298395,3380,6180,0,880,469,3382.0,01900124046R1AC03,191,101655,57,654,4+300,0+000,4179,4.179,R2,AC,20240726,นบ.5038,
1354,1.83,0.0,0.92,3385,3390,20240726RUN02,13.844788442674076,100.4701791689293,1.5960739144680165,1.5757788650199616,1.585926389743989,1.7158611917086763,3385,6180,0,880,470,3389.0,01900124046R1AC03,191,101655,57,654,4+300,0+000,4179,4.179,R2,AC,20240726,นบ.5038,
1358,0.44,0.0,0.22,3395,3400,20240726RUN02,13.844816287399748,100.47026717205247,1.5960739144680165,1.5757788650199616,1.585926389743989,1.4874556488403705,3395,6180,0,880,471,3396.0,01900124046R1AC03,191,101655,57,654,4+300,0+000,4179,4.179,R2,AC,20240726,นบ.5038,
1360,0.87,0.1,0.48,3400,3405,20240726RUN02,13.844830181492563,100.47031118293636,2.0836348598463426,1.3963165880025412,1.739975723924442,1.722266931451947,3400,6180,0,880,472,3404.0,01900124046R1AC03,191,101655,57,654,4+300,0+000,4179,4.179,R2,AC,20240726,นบ.5038,
1364,1.64,0.0,0.82,3410,3415,20240726RUN02,13.844857705677066,100.47039929158078,2.0836348598463426,1.3963165880025412,1.739975723924442,1.667492443800816,3410,6180,0,880,473,3411.0,01900124046R1AC03,191,101655,57,654,4+300,0+000,4179,4.179,R2,AC,20240726,นบ.5038,
1366,1.47,0.0,0.74,3415,3420,20240726RUN02,13.84487152468519,100.4704433272275,2.0836348598463426,1.3963165880025412,1.739975723924442,1.6840523848865048,3415,6180,0,880,474,3418.0,01900124046R1AC03,191,101655,57,654,4+300,0+000,4179,4.179,R2,AC,20240726,นบ.5038,
1370,1.4,0.0,0.7,3425,3430,20240726RUN02,13.844899735296869,100.47053120794106,1.58681554261725,1.4246380926654023,1.5057268176413263,1.6305067439898169,3425,6180,0,880,475,3425.0,01900124046R1AC03,191,101655,57,654,4+300,0+000,4179,4.179,R2,AC,20240726,นบ.5038,
1372,1.34,0.0,0.67,3430,3435,20240726RUN02,13.844913988970086,100.47057509821475,1.58681554261725,1.4246380926654023,1.5057268176413263,1.435367818155075,3430,6180,0,880,476,3433.0,01900124046R1AC03,191,101655,57,654,4+300,0+000,4179,4.179,R2,AC,20240726,นบ.5038,
1376,1.81,0.0,0.9,3440,3445,20240726RUN02,13.844942615317148,100.47066283821052,2.738510135136136,2.2480098165819857,2.493259975859061,2.5797668903107147,3440,6180,0,880,477,3440.0,01900124046R1AC03,191,101655,57,654,4+300,0+000,4179,4.179,R2,AC,20240726,นบ.5038,
1378,1.49,0.0,0.74,3445,3450,20240726RUN02,13.844956897292066,100.47070671887377,2.738510135136136,2.2480098165819857,2.493259975859061,2.5515583802635406,3445,6180,0,880,478,3447.0,01900124046R1AC03,191,101655,57,654,4+300,0+000,4179,4.179,R2,AC,20240726,นบ.5038,
1380,1.23,0.0,0.62,3450,3455,20240726RUN02,13.844971100000004,100.47075062644235,2.738510135136136,2.2480098165819857,2.493259975859061,2.3003709789113005,3450,6180,0,880,479,3454.0,01900124046R1AC03,191,101655,57,654,4+300,0+000,4179,4.179,R2,AC,20240726,นบ.5038,
1384,2.25,0.0,1.12,3460,3465,20240726RUN02,13.844999649456142,100.47083839260779,3.119638957840819,2.088203178166967,2.603921068003893,2.6947749984028033,3460,6180,0,880,480,3461.0,01900124046R1AC03,191,101655,57,654,4+300,0+000,4179,4.179,R2,AC,20240726,นบ.5038,
1386,3.85,0.0,1.92,3465,3470,20240726RUN02,13.845014073687572,100.47088222448573,3.119638957840819,2.088203178166967,2.603921068003893,2.733277904266349,3465,6180,0,880,481,3469.0,01900124046R1AC03,191,101655,57,654,4+300,0+000,4179,4.179,R2,AC,20240726,นบ.5038,
1390,3.41,0.0,1.7,3475,3480,20240726RUN02,13.84504336865192,100.47096973300916,3.119638957840819,2.088203178166967,2.603921068003893,2.7959124585878063,3475,6180,0,880,482,3476.0,01900124046R1AC03,191,101655,57,654,4+300,0+000,4179,4.179,R2,AC,20240726,นบ.5038,
1392,2.23,0.0,1.12,3480,3485,20240726RUN02,13.845057980301554,100.47101349984644,3.381543608948053,2.328283039654543,2.854913324301298,2.9205119555085552,3480,6180,0,880,483,3483.0,01900124046R1AC03,191,101655,57,654,4+300,0+000,4179,4.179,R2,AC,20240726,นบ.5038,
1396,2.68,0.0,1.34,3490,3495,20240726RUN02,13.845086290853889,100.47110134570214,3.381543608948053,2.328283039654543,2.854913324301298,2.9213260050932517,3490,6180,0,880,484,3490.0,01900124046R1AC03,191,101655,57,654,4+300,0+000,4179,4.179,R2,AC,20240726,นบ.5038,
1398,2.0,0.0,1.0,3495,3500,20240726RUN02,13.84509973564005,100.47114550223655,3.381543608948053,2.328283039654543,2.854913324301298,2.9489060202077493,3495,6180,0,880,485,3497.0,01900124046R1AC03,191,101655,57,654,4+300,0+000,4179,4.179,R2,AC,20240726,นบ.5038,
1402,0.7,0.0,0.35,3505,3510,20240726RUN02,13.845125309411745,100.47123422386854,2.6804532322131687,3.1773591061578688,2.9289061691855185,2.738537822848184,3505,6180,0,880,486,3505.0,01900124046R1AC03,191,101655,57,654,4+300,0+000,4179,4.179,R2,AC,20240726,นบ.5038,
1404,0.8,0.0,0.4,3510,3515,20240726RUN02,13.845138373641177,100.47127850000184,2.6804532322131687,3.1773591061578688,2.9289061691855185,2.7643946182907273,3510,6180,0,880,487,3512.0,01900124046R1AC03,191,101655,57,654,4+300,0+000,4179,4.179,R2,AC,20240726,นบ.5038,
1406,0.49,0.0,0.24,3515,3520,20240726RUN02,13.84515184093767,100.47132264968991,2.6804532322131687,3.1773591061578688,2.9289061691855185,3.1432852614424256,3515,6180,0,880,488,3519.0,01900124046R1AC03,191,101655,57,654,4+300,0+000,4179,4.179,R2,AC,20240726,นบ.5038,
1410,1.72,0.24,0.98,3525,3530,20240726RUN02,13.845178962489932,100.47141088928782,3.316107977203848,3.5613072982303144,3.4387076377170813,3.733984910215439,3525,6180,0,880,489,3526.0,01900124046R1AC03,191,101655,57,654,4+300,0+000,4179,4.179,R2,AC,20240726,นบ.5038,
1412,0.81,0.11,0.46,3530,3535,20240726RUN02,13.84519257693545,100.47145499162826,3.316107977203848,3.5613072982303144,3.4387076377170813,3.2636685511532293,3530,6180,0,880,490,3533.0,01900124046R1AC03,191,101655,57,654,4+300,0+000,4179,4.179,R2,AC,20240726,นบ.5038,
1416,0.73,0.0,0.36,3540,3545,20240726RUN02,13.84522004742928,100.4715431178404,2.214741626943255,2.9937339180531204,2.6042377724981876,2.722906176506634,3540,6180,0,880,491,3541.0,01900124046R1AC03,191,101655,57,654,4+300,0+000,4179,4.179,R2,AC,20240726,นบ.5038,
1418,0.55,0.0,0.28,3545,3550,20240726RUN02,13.845233896863782,100.47158714359928,2.214741626943255,2.9937339180531204,2.6042377724981876,2.4479934310236366,3545,6180,0,880,492,3548.0,01900124046R1AC03,191,101655,57,654,4+300,0+000,4179,4.179,R2,AC,20240726,นบ.5038,
1422,0.73,0.29,0.51,3555,3560,20240726RUN02,13.84526167102976,100.47167517032682,2.214741626943255,2.9937339180531204,2.6042377724981876,2.6446095103755822,3555,6180,0,880,493,3555.0,01900124046R1AC03,191,101655,57,654,4+300,0+000,4179,4.179,R2,AC,20240726,นบ.5038,
1424,0.63,0.02,0.32,3560,3565,20240726RUN02,13.845275542357697,100.47171918895174,2.471054030729019,3.127029000529413,2.7990415156292157,2.574507647445171,3560,6180,0,880,494,3562.0,01900124046R1AC03,191,101655,57,654,4+300,0+000,4179,4.179,R2,AC,20240726,นบ.5038,
1428,1.31,0.0,0.66,3570,3575,20240726RUN02,13.845303398155787,100.47180718889597,2.471054030729019,3.127029000529413,2.7990415156292157,2.976783921142586,3570,6180,0,880,495,3570.0,01900124046R1AC03,191,101655,57,654,4+300,0+000,4179,4.179,R2,AC,20240726,นบ.5038,
1430,0.35,0.0,0.18,3575,3580,20240726RUN02,13.845317451291244,100.47185114732443,2.471054030729019,3.127029000529413,2.7990415156292157,2.602253271994945,3575,6180,0,880,496,3577.0,01900124046R1AC03,191,101655,57,654,4+300,0+000,4179,4.179,R2,AC,20240726,นบ.5038,
1432,0.49,0.0,0.24,3580,3585,20240726RUN02,13.845331593882465,100.47189507582746,2.685892205776732,3.784225152061144,3.235058678918938,3.1438265851971496,3580,6180,0,880,497,3584.0,01900124046R1AC03,191,101655,57,654,4+300,0+000,4179,4.179,R2,AC,20240726,นบ.5038,
1436,0.11,0.0,0.06,3590,3595,20240726RUN02,13.84536028181275,100.47198279595779,2.685892205776732,3.784225152061144,3.235058678918938,3.045234117849338,3590,6180,0,880,498,3591.0,01900124046R1AC03,191,101655,57,654,4+300,0+000,4179,4.179,R2,AC,20240726,นบ.5038,
1438,1.53,1.02,1.27,3595,3600,20240726RUN02,13.845374853732938,100.4720265773509,2.685892205776732,3.784225152061144,3.235058678918938,3.380545796214257,3595,6180,0,880,499,3598.0,01900124046R1AC03,191,101655,57,654,4+300,0+000,4179,4.179,R2,AC,20240726,นบ.5038,
1442,0.41,0.0,0.2,3605,3610,20240726RUN02,13.845404252051972,100.47211405079814,3.342699806586836,4.645787233084692,3.994243519835764,3.862399624972643,3605,6180,0,880,500,3606.0,01900124046R1AC03,191,101655,57,654,4+300,0+000,4179,4.179,R2,AC,20240726,นบ.5038,
1444,1.23,0.02,0.62,3610,3615,20240726RUN02,13.845418982266239,100.47215777662237,3.342699806586836,4.645787233084692,3.994243519835764,3.810124167920163,3610,6180,0,880,501,3613.0,01900124046R1AC03,191,101655,57,654,4+300,0+000,4179,4.179,R2,AC,20240726,นบ.5038,
1448,1.33,0.0,0.66,3620,3625,20240726RUN02,13.845448706211082,100.47224513465763,2.5322562972240235,4.1462151895572585,3.339235743390641,3.29351960713138,3620,6180,0,880,502,3620.0,01900124046R1AC03,191,101655,57,654,4+300,0+000,4179,4.179,R2,AC,20240726,นบ.5038,
1450,1.77,0.0,0.88,3625,3630,20240726RUN02,13.845463726740359,100.4722887568545,2.5322562972240235,4.1462151895572585,3.339235743390641,3.455733981240782,3625,6180,0,880,503,3627.0,01900124046R1AC03,191,101655,57,654,4+300,0+000,4179,4.179,R2,AC,20240726,นบ.5038,
1452,0.75,0.0,0.38,3630,3635,20240726RUN02,13.84547887424232,100.47233233317071,2.5322562972240235,4.1462151895572585,3.339235743390641,3.477164279167219,3630,6180,0,880,504,3634.0,01900124046R1AC03,191,101655,57,654,4+300,0+000,4179,4.179,R2,AC,20240726,นบ.5038,
1456,1.66,0.0,0.83,3640,3645,20240726RUN02,13.845509819384562,100.47241924586541,2.1887767779087395,3.003600927558891,2.5961888527338153,2.586164098145721,3640,6180,0,880,505,3642.0,01900124046R1AC03,191,101655,57,654,4+300,0+000,4179,4.179,R2,AC,20240726,นบ.5038,
1458,1.01,0.0,0.5,3645,3650,20240726RUN02,13.845525719922659,100.47246254050273,2.1887767779087395,3.003600927558891,2.5961888527338153,2.621146316906985,3645,6180,0,880,506,3649.0,01900124046R1AC03,191,101655,57,654,4+300,0+000,4179,4.179,R2,AC,20240726,นบ.5038,
1462,1.66,0.0,0.83,3655,3660,20240726RUN02,13.845558288940904,100.47254882947175,2.1887767779087395,3.003600927558891,2.5961888527338153,2.4860859129243185,3655,6180,0,880,507,3656.0,01900124046R1AC03,191,101655,57,654,4+300,0+000,4179,4.179,R2,AC,20240726,นบ.5038,
1464,0.75,0.0,0.38,3660,3665,20240726RUN02,13.84557518581981,100.47259172686559,3.154994531591368,3.8992838658010776,3.527139198696223,3.4521188505539135,3660,6180,0,880,508,3663.0,01900124046R1AC03,191,101655,57,654,4+300,0+000,4179,4.179,R2,AC,20240726,นบ.5038,
1468,0.4,0.0,0.2,3670,3675,20240726RUN02,13.845610232556192,100.47267699241871,3.154994531591368,3.8992838658010776,3.527139198696223,3.5507230401198853,3670,6180,0,880,509,3671.0,01900124046R1AC03,191,101655,57,654,4+300,0+000,4179,4.179,R2,AC,20240726,นบ.5038,
1470,0.38,0.0,0.19,3675,3680,20240726RUN02,13.845628399473322,100.47271934267015,3.154994531591368,3.8992838658010776,3.527139198696223,3.4234047859618917,3675,6180,0,880,510,3678.0,01900124046R1AC03,191,101655,57,654,4+300,0+000,4179,4.179,R2,AC,20240726,นบ.5038,
1474,0.18,0.0,0.09,3685,3690,20240726RUN02,13.84566619248106,100.4728033697745,3.3387555183735884,4.773349012021381,4.056052265197485,4.330789320614748,3685,6180,0,880,511,3685.0,01900124046R1AC03,191,101655,57,654,4+300,0+000,4179,4.179,R2,AC,20240726,นบ.5038,
1476,0.41,0.0,0.2,3690,3695,20240726RUN02,13.845685806127332,100.47284503868748,3.3387555183735884,4.773349012021381,4.056052265197485,3.6550290328127786,3690,6180,0,880,512,3692.0,01900124046R1AC03,191,101655,57,654,4+300,0+000,4179,4.179,R2,AC,20240726,นบ.5038,
1478,0.47,0.0,0.24,3695,3700,20240726RUN02,13.845705869842899,100.47288648247867,3.3387555183735884,4.773349012021381,4.056052265197485,4.096615971123539,3695,6180,0,880,513,3699.0,01900124046R1AC03,191,101655,57,654,4+300,0+000,4179,4.179,R2,AC,20240726,นบ.5038,
1482,0.26,0.0,0.13,3705,3710,20240726RUN02,13.845747440583542,100.47296861933658,3.384003302255153,3.3438903545408687,3.363946828398011,3.375602686792158,3705,6180,0,880,514,3707.0,01900124046R1AC03,191,101655,57,654,4+300,0+000,4179,4.179,R2,AC,20240726,นบ.5038,
1484,0.23,0.03,0.13,3710,3715,20240726RUN02,13.845768980461642,100.47300927953896,3.384003302255153,3.3438903545408687,3.363946828398011,3.687796519577198,3710,6180,0,880,515,3714.0,01900124046R1AC03,191,101655,57,654,4+300,0+000,4179,4.179,R2,AC,20240726,นบ.5038,
1488,0.28,0.0,0.14,3720,3725,20240726RUN02,13.845813448521008,100.4730898122172,2.8277388075987897,3.839334199290553,3.3335365034446713,3.0931256670498772,3720,6180,0,880,516,3721.0,01900124046R1AC03,191,101655,57,654,4+300,0+000,4179,4.179,R2,AC,20240726,นบ.5038,
1490,0.43,0.02,0.22,3725,3730,20240726RUN02,13.845836284394949,100.47312972501865,2.8277388075987897,3.839334199290553,3.3335365034446713,3.075406218451612,3725,6180,0,880,517,3728.0,01900124046R1AC03,191,101655,57,654,4+300,0+000,4179,4.179,R2,AC,20240726,นบ.5038,
1494,0.29,0.0,0.14,3735,3740,20240726RUN02,13.845883156511082,100.47320881690501,2.8277388075987897,3.839334199290553,3.3335365034446713,3.5289780969531357,3735,6180,0,880,518,3735.0,01900124046R1AC03,191,101655,57,654,4+300,0+000,4179,4.179,R2,AC,20240726,นบ.5038,
1496,0.19,0.0,0.1,3740,3745,20240726RUN02,13.845907186295623,100.47324798856953,2.934677594820754,2.65344401879037,2.794060806805562,2.949916436933736,3740,6180,0,880,519,3743.0,01900124046R1AC03,191,101655,57,654,4+300,0+000,4179,4.179,R2,AC,20240726,นบ.5038,
1500,0.29,0.0,0.14,3750,3755,20240726RUN02,13.845956297000601,100.47332564515733,2.934677594820754,2.65344401879037,2.794060806805562,2.5824336483008836,3750,6180,0,880,520,3750.0,01900124046R1AC03,191,101655,57,654,4+300,0+000,4179,4.179,R2,AC,20240726,นบ.5038,
1502,0.44,0.0,0.22,3755,3760,20240726RUN02,13.845981369198991,100.47336412650553,2.934677594820754,2.65344401879037,2.794060806805562,2.8605485121304843,3755,6180,0,880,521,3757.0,01900124046R1AC03,191,101655,57,654,4+300,0+000,4179,4.179,R2,AC,20240726,นบ.5038,
1504,0.01,0.0,0.0,3760,3765,20240726RUN02,13.846006783461739,100.47340237211655,3.926480232641193,3.771552724688988,3.8490164786650904,4.15605071920084,3760,6180,0,880,522,3764.0,01900124046R1AC03,191,101655,57,654,4+300,0+000,4179,4.179,R2,AC,20240726,นบ.5038,
1508,0.63,0.16,0.4,3770,3775,20240726RUN02,13.846058675860267,100.47347811002557,3.926480232641193,3.771552724688988,3.8490164786650904,3.918453701027742,3770,6180,0,880,523,3771.0,01900124046R1AC03,191,101655,57,654,4+300,0+000,4179,4.179,R2,AC,20240726,นบ.5038,
1510,0.29,0.83,0.56,3775,3780,20240726RUN02,13.846085151394039,100.47351559381895,3.926480232641193,3.771552724688988,3.8490164786650904,3.5729359519110724,3775,6180,0,880,524,3779.0,01900124046R1AC03,191,101655,57,654,4+300,0+000,4179,4.179,R2,AC,20240726,นบ.5038,
1514,0.25,0.4,0.32,3785,3790,20240726RUN02,13.846139195835558,100.47358973792703,3.391357197625468,2.7297628667108604,3.0605600321681643,3.11115225551965,3785,6180,0,880,525,3786.0,01900124046R1AC03,191,101655,57,654,4+300,0+000,4179,4.179,R2,AC,20240726,นบ.5038,
1516,0.22,0.0,0.11,3790,3795,20240726RUN02,13.846166798468255,100.47362636005883,3.391357197625468,2.7297628667108604,3.0605600321681643,3.0303281274584632,3790,6180,0,880,526,3793.0,01900124046R1AC03,191,101655,57,654,4+300,0+000,4179,4.179,R2,AC,20240726,นบ.5038,
1520,0.53,0.44,0.48,3800,3805,20240726RUN02,13.846223080937076,100.47369873933596,2.2448973853466825,2.3446047445626688,2.2947510649546756,2.520767713314461,3800,6180,0,880,527,3800.0,01900124046R1AC03,191,101655,57,654,4+300,0+000,4179,4.179,R2,AC,20240726,นบ.5038,
1522,0.6,0.38,0.49,3805,3810,20240726RUN02,13.846251718899662,100.47373451903488,2.2448973853466825,2.3446047445626688,2.2947510649546756,2.1996699289595982,3805,6180,0,880,528,3808.0,01900124046R1AC03,191,101655,57,654,4+300,0+000,4179,4.179,R2,AC,20240726,นบ.5038,
1526,0.3,0.19,0.24,3815,3820,20240726RUN02,13.84631005439591,100.47380517443958,2.2448973853466825,2.3446047445626688,2.2947510649546756,2.2450443917680794,3815,6180,0,880,529,3815.0,01900124046R1AC03,191,101655,57,654,4+300,0+000,4179,4.179,R2,AC,20240726,นบ.5038,
1528,0.18,0.27,0.22,3820,3825,20240726RUN02,13.84633977299542,100.47384001880108,1.8225534075870284,2.413672716009972,2.1181130617985002,2.076613066173731,3820,6180,0,880,530,3822.0,01900124046R1AC03,191,101655,57,654,4+300,0+000,4179,4.179,R2,AC,20240726,นบ.5038,
1530,0.15,0.41,0.28,3825,3830,20240726RUN02,13.846369884988057,100.47387450749972,1.8225534075870284,2.413672716009972,2.1181130617985002,2.1077061113911184,3825,6180,0,880,531,3829.0,01900124046R1AC03,191,101655,57,654,4+300,0+000,4179,4.179,R2,AC,20240726,นบ.5038,
1534,0.98,0.34,0.66,3835,3840,20240726RUN02,13.846431309191107,100.47394236497121,1.8225534075870284,2.413672716009972,2.1181130617985002,2.2957866701635816,3835,6180,0,880,532,3836.0,01900124046R1AC03,191,101655,57,654,4+300,0+000,4179,4.179,R2,AC,20240726,นบ.5038,
1536,0.96,0.29,0.62,3840,3845,20240726RUN02,13.84646258298157,100.47397575306157,1.4900332715775706,1.4422709083879892,1.46615208998278,1.3421251445820845,3840,6180,0,880,533,3844.0,01900124046R1AC03,191,101655,57,654,4+300,0+000,4179,4.179,R2,AC,20240726,นบ.5038,
1540,1.06,0.49,0.78,3850,3855,20240726RUN02,13.846526040451744,100.47404162285603,1.4900332715775706,1.4422709083879892,1.46615208998278,1.3876202426121076,3850,6180,0,880,534,3851.0,01900124046R1AC03,191,101655,57,654,4+300,0+000,4179,4.179,R2,AC,20240726,นบ.5038,
1542,1.09,0.37,0.73,3855,3860,20240726RUN02,13.84655819526864,100.47407412268328,1.4900332715775706,1.4422709083879892,1.46615208998278,1.601818135596262,3855,6180,0,880,535,3858.0,01900124046R1AC03,191,101655,57,654,4+300,0+000,4179,4.179,R2,AC,20240726,นบ.5038,
1546,1.12,0.26,0.69,3865,3870,20240726RUN02,13.846623266656886,100.47413832268654,2.54389383884682,2.3490743144668493,2.4464840766568345,2.2557275158424703,3865,6180,0,880,536,3865.0,01900124046R1AC03,191,101655,57,654,4+300,0+000,4179,4.179,R2,AC,20240726,นบ.5038,
1548,0.67,0.01,0.34,3870,3875,20240726RUN02,13.846656136069578,100.4741700650528,2.54389383884682,2.3490743144668493,2.4464840766568345,2.6089088472655106,3870,6180,0,880,537,3872.0,01900124046R1AC03,191,101655,57,654,4+300,0+000,4179,4.179,R2,AC,20240726,นบ.5038,
1552,0.18,0.15,0.16,3880,3885,20240726RUN02,13.846722472680216,100.47423289466248,3.870005052131329,3.30178209654584,3.5858935743385842,3.3301366930001315,3880,6180,0,880,538,3880.0,01900124046R1AC03,191,101655,57,654,4+300,0+000,4179,4.179,R2,AC,20240726,นบ.5038,
1554,0.75,0.39,0.57,3885,3890,20240726RUN02,13.846755891360612,100.47426403067611,3.870005052131329,3.30178209654584,3.5858935743385842,3.861846962417849,3885,6180,0,880,539,3887.0,01900124046R1AC03,191,101655,57,654,4+300,0+000,4179,4.179,R2,AC,20240726,นบ.5038,
1556,1.27,0.94,1.1,3890,3895,20240726RUN02,13.846789463539851,100.47429499316017,3.870005052131329,3.30178209654584,3.5858935743385842,3.6329651379948467,3890,6180,0,880,540,3894.0,01900124046R1AC03,191,101655,57,654,4+300,0+000,4179,4.179,R2,AC,20240726,นบ.5038,
1560,0.92,0.15,0.54,3900,3905,20240726RUN02,13.846857123753312,100.47435632672949,2.542398624365733,3.799195057207779,3.170796840786756,3.1175454852581987,3900,6180,0,880,541,3901.0,01900124046R1AC03,191,101655,57,654,4+300,0+000,4179,4.179,R2,AC,20240726,นบ.5038,
1562,0.51,0.01,0.26,3905,3910,20240726RUN02,13.846891106935583,100.47438681605492,2.542398624365733,3.799195057207779,3.170796840786756,2.989200330856021,3905,6180,0,880,542,3908.0,01900124046R1AC03,191,101655,57,654,4+300,0+000,4179,4.179,R2,AC,20240726,นบ.5038,
1566,0.22,0.14,0.18,3915,3920,20240726RUN02,13.846959217151463,100.47444762628153,2.542398624365733,3.799195057207779,3.170796840786756,3.403000119526503,3915,6180,0,880,543,3916.0,01900124046R1AC03,191,101655,57,654,4+300,0+000,4179,4.179,R2,AC,20240726,นบ.5038,
1568,0.61,0.15,0.38,3920,3925,20240726RUN02,13.846993357785795,100.47447793079168,2.0523903146859253,3.1645559618903976,2.6084731382881614,2.563146701098855,3920,6180,0,880,544,3923.0,01900124046R1AC03,191,101655,57,654,4+300,0+000,4179,4.179,R2,AC,20240726,นบ.5038,
1572,1.13,0.47,0.8,3930,3935,20240726RUN02,13.847061735275627,100.47453842610028,2.0523903146859253,3.1645559618903976,2.6084731382881614,2.3996750225846344,3930,6180,0,880,545,3930.0,01900124046R1AC03,191,101655,57,654,4+300,0+000,4179,4.179,R2,AC,20240726,นบ.5038,
1574,0.69,0.09,0.39,3935,3940,20240726RUN02,13.847095956123484,100.47456863572698,2.0523903146859253,3.1645559618903976,2.6084731382881614,2.8660971626085665,3935,6180,0,880,546,3937.0,01900124046R1AC03,191,101655,57,654,4+300,0+000,4179,4.179,R2,AC,20240726,นบ.5038,
1578,0.7,0.56,0.63,3945,3950,20240726RUN02,13.847164240112576,100.4746292414603,2.079211399271805,2.826928149111623,2.453069774191714,2.5930712975574006,3945,6180,0,880,547,3945.0,01900124046R1AC03,191,101655,57,654,4+300,0+000,4179,4.179,R2,AC,20240726,นบ.5038,
1580,0.45,0.03,0.24,3950,3955,20240726RUN02,13.847198287175338,100.4746596560703,2.079211399271805,2.826928149111623,2.453069774191714,2.350675545584282,3950,6180,0,880,548,3952.0,01900124046R1AC03,191,101655,57,654,4+300,0+000,4179,4.179,R2,AC,20240726,นบ.5038,
1582,0.55,0.43,0.49,3955,3960,20240726RUN02,13.847232279888967,100.4746901343001,2.079211399271805,2.826928149111623,2.453069774191714,2.4120007702064683,3955,6180,0,880,549,3959.0,01900124046R1AC03,191,101655,57,654,4+300,0+000,4179,4.179,R2,AC,20240726,นบ.5038,
1586,0.62,0.25,0.44,3965,3970,20240726RUN02,13.847300120880192,100.47475125906176,1.8343140530869224,2.887637075058775,2.3609755640728487,2.1582307602418087,3965,6180,0,880,550,3966.0,01900124046R1AC03,191,101655,57,654,4+300,0+000,4179,4.179,R2,AC,20240726,นบ.5038,
1588,0.32,0.03,0.18,3970,3975,20240726RUN02,13.847334004284109,100.4747818645444,1.8343140530869224,2.887637075058775,2.3609755640728487,2.274257118014835,3970,6180,0,880,551,3973.0,01900124046R1AC03,191,101655,57,654,4+300,0+000,4179,4.179,R2,AC,20240726,นบ.5038,
1592,0.47,0.29,0.38,3980,3985,20240726RUN02,13.847401709824462,100.47484314645614,2.3412781698384943,2.3114734464583053,2.3263758081484,2.2299709364190203,3980,6180,0,880,552,3981.0,01900124046R1AC03,191,101655,57,654,4+300,0+000,4179,4.179,R2,AC,20240726,นบ.5038,
1594,0.11,0.15,0.13,3985,3990,20240726RUN02,13.847435584684607,100.47487376180884,2.3412781698384943,2.3114734464583053,2.3263758081484,2.4482065990653505,3985,6180,0,880,553,3988.0,01900124046R1AC03,191,101655,57,654,4+300,0+000,4179,4.179,R2,AC,20240726,นบ.5038,
1598,0.21,0.48,0.34,3995,4000,20240726RUN02,13.847503430289056,100.47493488124721,2.3412781698384943,2.3114734464583053,2.3263758081484,2.14397315289784,3995,6180,0,880,554,3995.0,01900124046R1AC03,191,101655,57,654,4+300,0+000,4179,4.179,R2,AC,20240726,นบ.5038,
1600,0.27,0.0,0.14,4000,4005,20240726RUN02,13.847537373056156,100.47496541777876,1.6751691221805616,2.5874524211638663,2.131310771672214,2.2921698063469957,4000,6180,0,880,555,4002.0,01900124046R1AC03,191,101655,57,654,4+300,0+000,4179,4.179,R2,AC,20240726,นบ.5038,
1602,0.29,0.38,0.34,4005,4010,20240726RUN02,13.847571303442603,100.4749959687302,1.6751691221805616,2.5874524211638663,2.131310771672214,2.0771964984618596,4005,6180,0,880,556,4009.0,01900124046R1AC03,191,101655,57,654,4+300,0+000,4179,4.179,R2,AC,20240726,นบ.5038,
1606,0.62,0.32,0.47,4015,4020,20240726RUN02,13.847639211682559,100.47505701535833,1.6751691221805616,2.5874524211638663,2.131310771672214,2.113847486634878,4015,6180,0,880,557,4017.0,01900124046R1AC03,191,101655,57,654,4+300,0+000,4179,4.179,R2,AC,20240726,นบ.5038,
1608,0.08,0.07,0.08,4020,4025,20240726RUN02,13.847673223095454,100.47508747176572,2.306978521159266,3.54498192734837,2.925980224253818,3.060656201861367,4020,6180,0,880,558,4024.0,01900124046R1AC03,191,101655,57,654,4+300,0+000,4179,4.179,R2,AC,20240726,นบ.5038,
1612,0.34,0.7,0.52,4030,4035,20240726RUN02,13.847741394673333,100.47514821016553,2.306978521159266,3.54498192734837,2.925980224253818,2.7411329079111715,4030,6180,0,880,559,4031.0,01900124046R1AC03,191,101655,57,654,4+300,0+000,4179,4.179,R2,AC,20240726,นบ.5038,
1614,0.14,0.04,0.09,4035,4040,20240726RUN02,13.847775546395784,100.47517850168173,2.306978521159266,3.54498192734837,2.925980224253818,2.8898208469909057,4035,6180,0,880,560,4038.0,01900124046R1AC03,191,101655,57,654,4+300,0+000,4179,4.179,R2,AC,20240726,นบ.5038,
1618,0.12,0.14,0.13,4045,4050,20240726RUN02,13.847844001326903,100.4752389054098,2.5248007366737584,3.1590864179375355,2.841943577305647,2.8227423811764467,4045,6180,0,880,561,4045.0,01900124046R1AC03,191,101655,57,654,4+300,0+000,4179,4.179,R2,AC,20240726,นบ.5038,
1620,0.32,0.12,0.22,4050,4055,20240726RUN02,13.847878314636983,100.47526900506952,2.5248007366737584,3.1590864179375355,2.841943577305647,2.5713970092873515,4050,6180,0,880,562,4053.0,01900124046R1AC03,191,101655,57,654,4+300,0+000,4179,4.179,R2,AC,20240726,นบ.5038,
1624,0.55,0.11,0.33,4060,4065,20240726RUN02,13.847947066161144,100.47532905491158,1.745601717325837,2.5570765357335747,2.151339126529706,2.304581271079131,4060,6180,0,880,563,4060.0,01900124046R1AC03,191,101655,57,654,4+300,0+000,4179,4.179,R2,AC,20240726,นบ.5038,
1626,0.68,0.44,0.56,4065,4070,20240726RUN02,13.847981457590471,100.47535906103056,1.745601717325837,2.5570765357335747,2.151339126529706,2.1186179742374027,4065,6180,0,880,564,4067.0,01900124046R1AC03,191,101655,57,654,4+300,0+000,4179,4.179,R2,AC,20240726,นบ.5038,
1628,1.11,0.08,0.6,4070,4075,20240726RUN02,13.848015812667194,100.47538911078297,1.745601717325837,2.5570765357335747,2.151339126529706,2.0100605423683184,4070,6180,0,880,565,4074.0,01900124046R1AC03,191,101655,57,654,4+300,0+000,4179,4.179,R2,AC,20240726,นบ.5038,
1632,1.29,0.47,0.88,4080,4085,20240726RUN02,13.848084447252795,100.47544930060491,2.178314569117433,2.449306019669112,2.3138102943932726,2.2913091711947255,4080,6180,0,880,566,4082.0,01900124046R1AC03,191,101655,57,654,4+300,0+000,4179,4.179,R2,AC,20240726,นบ.5038,
1634,1.61,0.47,1.04,4085,4090,20240726RUN02,13.848118743841685,100.47547942024299,2.178314569117433,2.449306019669112,2.3138102943932726,2.2318978779807823,4085,6180,0,880,567,4089.0,01900124046R1AC03,191,101655,57,654,4+300,0+000,4179,4.179,R2,AC,20240726,นบ.5038,
1638,1.26,0.49,0.88,4095,4100,20240726RUN02,13.848187368400005,100.47553962209973,2.178314569117433,2.449306019669112,2.3138102943932726,2.4061127652976246,4095,6180,0,880,568,4096.0,01900124046R1AC03,191,101655,57,654,4+300,0+000,4179,4.179,R2,AC,20240726,นบ.5038,
1640,1.2,0.07,0.64,4100,4105,20240726RUN02,13.848221674789507,100.47556973006972,2.5199136406390026,3.083033277619931,2.8014734591294665,2.8457524360841058,4100,6180,0,880,569,4103.0,01900124046R1AC03,191,101655,57,654,4+300,0+000,4179,4.179,R2,AC,20240726,นบ.5038,
1644,1.56,0.17,0.86,4110,4115,20240726RUN02,13.848290097900673,100.47563017147858,2.5199136406390026,3.083033277619931,2.8014734591294665,2.8436640953387617,4110,6180,0,880,570,4110.0,01900124046R1AC03,191,101655,57,654,4+300,0+000,4179,4.179,R2,AC,20240726,นบ.5038,
1646,1.03,0.01,0.52,4115,4120,20240726RUN02,13.848324194991918,100.47566052748122,2.5199136406390026,3.083033277619931,2.8014734591294665,2.9597086672874777,4115,6180,0,880,571,4118.0,01900124046R1AC03,191,101655,57,654,4+300,0+000,4179,4.179,R2,AC,20240726,นบ.5038,
1650,1.49,0.45,0.97,4125,4130,20240726RUN02,13.848392278285809,100.47572136973469,2.285698277919865,2.7031177092639123,2.4944079935918886,2.7429173219072256,4125,6180,0,880,572,4125.0,01900124046R1AC03,191,101655,57,654,4+300,0+000,4179,4.179,R2,AC,20240726,นบ.5038,
1652,1.04,0.03,0.54,4130,4135,20240726RUN02,13.848426326236387,100.47575178345011,2.285698277919865,2.7031177092639123,2.4944079935918886,2.5778561277558905,4130,6180,0,880,573,4132.0,01900124046R1AC03,191,101655,57,654,4+300,0+000,4179,4.179,R2,AC,20240726,นบ.5038,
1654,1.14,0.02,0.58,4135,4140,20240726RUN02,13.848460384083413,100.47578218561728,2.285698277919865,2.7031177092639123,2.4944079935918886,2.3101160653066857,4135,6180,0,880,574,4139.0,01900124046R1AC03,191,101655,57,654,4+300,0+000,4179,4.179,R2,AC,20240726,นบ.5038,
1658,2.02,0.16,1.09,4145,4150,20240726RUN02,13.84852847684877,100.47584301686625,2.678125991634692,3.3102457402402194,2.994185865937456,3.160764174006105,4145,6180,0,880,575,4146.0,01900124046R1AC03,191,101655,57,654,4+300,0+000,4179,4.179,R2,AC,20240726,นบ.5038,
1660,1.5,0.43,0.96,4150,4155,20240726RUN02,13.848562517279753,100.47587343945929,2.678125991634692,3.3102457402402194,2.994185865937456,2.877048825814092,4150,6180,0,880,576,4154.0,01900124046R1AC03,191,101655,57,654,4+300,0+000,4179,4.179,R2,AC,20240726,นบ.5038,
1664,1.37,0.07,0.72,4160,4165,20240726RUN02,13.848630694126388,100.47593417187994,2.409568071214528,3.0955223156999625,2.7525451934572454,2.7169776286261254,4160,6180,0,880,577,4161.0,01900124046R1AC03,191,101655,57,654,4+300,0+000,4179,4.179,R2,AC,20240726,นบ.5038,
1666,1.3,0.25,0.78,4165,4170,20240726RUN02,13.848664825036648,100.47596448811925,2.409568071214528,3.0955223156999625,2.7525451934572454,2.9557628683690353,4165,6180,0,880,578,4168.0,01900124046R1AC03,191,101655,57,654,4+300,0+000,4179,4.179,R2,AC,20240726,นบ.5038,
1670,1.07,0.2,0.64,4175,4180,20240726RUN02,13.848733082382504,100.47602512579789,2.409568071214528,3.0955223156999625,2.7525451934572454,2.5068270456596498,4175,6180,0,880,579,4175.0,01900124046R1AC03,191,101655,57,654,4+300,0+000,4179,4.179,R2,AC,20240726,นบ.5038,
1672,1.94,1.24,1.59,4180,4185,20240726RUN02,13.848767208345343,100.47605544783158,2.745897109204267,2.285757098991802,2.515827104098035,2.301894387681502,4180,6180,0,880,580,4182.0,01900124046R1AC03,191,101655,57,654,4+300,0+000,4179,4.179,R2,AC,20240726,นบ.5038,
1676,0.67,0.23,0.45,4190,4195,20240726RUN02,13.848835301349702,100.47611627865989,2.745897109204267,2.285757098991802,2.515827104098035,2.552565322014825,4190,6180,0,880,581,4190.0,01900124046R1AC03,191,101655,57,654,4+300,0+000,4179,4.179,R2,AC,20240726,นบ.5038,
1678,0.74,0.17,0.46,4195,4200,20240726RUN02,13.848869254482208,100.47614680327614,2.745897109204267,2.285757098991802,2.515827104098035,2.7496295672911324,4195,6180,0,880,582,4197.0,01900124046R1AC03,191,101655,57,654,4+300,0+000,4179,4.179,R2,AC,20240726,นบ.5038,
1680,1.42,0.58,1.0,4200,4205,20240726RUN02,13.848903199402956,100.47617733746661,1.6240507238201327,2.7227428966135374,2.1733968102168353,2.029411287754943,4200,6180,0,880,583,4204.0,01900124046R1AC03,191,101655,57,654,4+300,0+000,4179,4.179,R2,AC,20240726,นบ.5038,
1684,1.2,0.7,0.95,4210,4215,20240726RUN02,13.848971169019455,100.4762383128119,1.6240507238201327,2.7227428966135374,2.1733968102168353,2.3693942796775085,4210,6180,0,880,584,4211.0,01900124046R1AC03,191,101655,57,654,4+300,0+000,4179,4.179,R2,AC,20240726,นบ.5038,
1686,0.91,0.95,0.93,4215,4220,20240726RUN02,13.849005199199917,100.47626874742053,1.6240507238201327,2.7227428966135374,2.1733968102168353,2.1764376058437804,4215,6180,0,880,585,4219.0,01900124046R1AC03,191,101655,57,654,4+300,0+000,4179,4.179,R2,AC,20240726,นบ.5038,
1690,1.19,1.73,1.46,4225,4230,20240726RUN02,13.849073247599296,100.47632963065993,2.0358532039087325,3.154092469548321,2.5949728367285267,2.650477659184678,4225,6180,0,880,586,4226.0,01900124046R1AC03,191,101655,57,654,4+300,0+000,4179,4.179,R2,AC,20240726,นบ.5038,
1692,0.28,1.28,0.78,4230,4235,20240726RUN02,13.849107252092903,100.47636009529661,2.0358532039087325,3.154092469548321,2.5949728367285267,2.3691796492310924,4230,6180,0,880,587,4233.0,01900124046R1AC03,191,101655,57,654,4+300,0+000,4179,4.179,R2,AC,20240726,นบ.5038,
1696,0.47,2.55,1.51,4240,4245,20240726RUN02,13.849175227700128,100.47642106361789,2.271696897867437,3.655239688784373,2.9634682933259047,2.935288816642973,4240,6180,0,880,588,4240.0,01900124046R1AC03,191,101655,57,654,4+300,0+000,4179,4.179,R2,AC,20240726,นบ.5038,
1698,0.94,3.06,2.0,4245,4250,20240726RUN02,13.849209215402507,100.47645154789805,2.271696897867437,3.655239688784373,2.9634682933259047,3.0369828286201037,4245,6180,0,880,589,4247.0,01900124046R1AC03,191,101655,57,654,4+300,0+000,4179,4.179,R2,AC,20240726,นบ.5038,
1702,0.03,2.12,1.08,4255,4260,20240726RUN02,13.849277296801418,100.47651239229177,2.271696897867437,3.655239688784373,2.9634682933259047,2.835333489926386,4255,6180,0,880,590,4255.0,01900124046R1AC03,191,101655,57,654,4+300,0+000,4179,4.179,R2,AC,20240726,นบ.5038,
1704,0.71,2.25,1.48,4260,4265,20240726RUN02,13.849311389027626,100.47654275407287,1.98284407452108,2.9528382332156564,2.467841153868368,2.2874257038710053,4260,6180,0,880,591,4262.0,01900124046R1AC03,191,101655,57,654,4+300,0+000,4179,4.179,R2,AC,20240726,นบ.5038,
1706,0.43,1.8,1.12,4265,4270,20240726RUN02,13.84934550929688,100.4765730828098,1.98284407452108,2.9528382332156564,2.467841153868368,2.586607731056611,4265,6180,0,880,592,4269.0,01900124046R1AC03,191,101655,57,654,4+300,0+000,4179,4.179,R2,AC,20240726,นบ.5038,
1710,0.03,2.31,1.17,4275,4280,20240726RUN02,13.849413854537552,100.47663361672527,1.98284407452108,2.9528382332156564,2.467841153868368,2.61837712801385,4275,6180,0,880,593,4276.0,01900124046R1AC03,191,101655,57,654,4+300,0+000,4179,4.179,R2,AC,20240726,นบ.5038,
1712,0.03,2.39,1.21,4280,4285,20240726RUN02,13.849448023983467,100.47666388746258,2.02152945089482,2.911633547730532,2.4665814993126762,2.490587855075738,4280,6180,0,880,594,4283.0,01900124046R1AC03,191,101655,57,654,4+300,0+000,4179,4.179,R2,AC,20240726,นบ.5038,
1716,0.0,1.38,0.69,4290,4295,20240726RUN02,13.84951635490466,100.4767244383434,2.02152945089482,2.911633547730532,2.4665814993126762,2.4350821778647167,4290,6180,0,880,595,4291.0,01900124046R1AC03,191,101655,57,654,4+300,0+000,4179,4.179,R2,AC,20240726,นบ.5038,
1718,0.01,1.83,0.92,4295,4300,20240726RUN02,13.849550520272523,100.47675471392705,2.02152945089482,2.911633547730532,2.4665814993126762,2.603572703660317,4295,6180,0,880,596,4298.0,01900124046R1AC03,191,101655,57,654,4+300,0+000,4179,4.179,R2,AC,20240726,นบ.5038,
1722,0.03,0.93,0.48,4305,4310,20240726RUN02,13.849618913314373,100.47681519132188,3.051289921039042,3.4211614652363247,3.2362256931376834,3.3235826410786466,4305,6180,0,880,597,4305.0,01900124046R1AC03,191,101655,57,654,4+300,0+000,4179,4.179,R2,AC,20240726,นบ.5038,
1724,0.0,0.12,0.06,4310,4315,20240726RUN02,13.849653105337724,100.4768454353568,3.051289921039042,3.4211614652363247,3.2362256931376834,2.9866673731775917,4310,6180,0,880,598,4312.0,01900124046R1AC03,191,101655,57,654,4+300,0+000,4179,4.179,R2,AC,20240726,นบ.5038,
1728,0.2,1.15,0.68,4320,4325,20240726RUN02,13.849721338137451,100.47690610207576,2.681704680476048,3.4625804937127302,3.072142587094389,3.17590865905909,4320,6180,0,880,599,4320.0,01900124046R1AC03,191,101655,57,654,4+300,0+000,4179,4.179,R2,AC,20240726,นบ.5038,
1730,0.01,0.89,0.45,4325,4330,20240726RUN02,13.849755369324164,100.47693653551283,2.681704680476048,3.4625804937127302,3.072142587094389,3.0027697117712675,4325,6180,0,880,600,4327.0,01900124046R1AC03,191,101655,57,654,4+300,0+000,4179,4.179,R2,AC,20240726,นบ.5038,
1732,0.0,0.77,0.38,4330,4335,20240726RUN02,13.849789350504407,100.47696702742503,2.681704680476048,3.4625804937127302,3.072142587094389,2.8178726739903897,4330,6180,0,880,601,4334.0,01900124046R1AC03,191,101655,57,654,4+300,0+000,4179,4.179,R2,AC,20240726,นบ.5038,
1736,0.06,1.4,0.73,4340,4345,20240726RUN02,13.849857208565568,100.47702813278845,1.5130864522691598,1.8496325358854664,1.681359494077313,1.6987601688346086,4340,6180,0,880,602,4341.0,01900124046R1AC03,191,101655,57,654,4+300,0+000,4179,4.179,R2,AC,20240726,นบ.5038,
1738,0.13,1.82,0.98,4345,4350,20240726RUN02,13.849891134264697,100.47705868936727,1.5130864522691598,1.8496325358854664,1.681359494077313,1.5328989614552904,4345,6180,0,880,603,4348.0,01900124046R1AC03,191,101655,57,654,4+300,0+000,4179,4.179,R2,AC,20240726,นบ.5038,
1742,0.0,1.2,0.6,4355,4360,20240726RUN02,13.849958976599774,100.4771198130817,1.5130864522691598,1.8496325358854664,1.681359494077313,1.5449974772207835,4355,6180,0,880,604,4356.0,01900124046R1AC03,191,101655,57,654,4+300,0+000,4179,4.179,R2,AC,20240726,นบ.5038,
1744,0.46,1.47,0.96,4360,4365,20240726RUN02,13.849992900218325,100.47715037210322,2.9919560905166835,2.579676203210238,2.7858161468634606,2.8710821224539864,4360,6180,0,880,605,4363.0,01900124046R1AC03,191,101655,57,654,4+300,0+000,4179,4.179,R2,AC,20240726,นบ.5038,
1748,1.14,1.24,1.19,4370,4375,20240726RUN02,13.850060809004168,100.47721141851184,2.9919560905166835,2.579676203210238,2.7858161468634606,2.6130562827655193,4370,6180,0,880,606,4370.0,01900124046R1AC03,191,101655,57,654,4+300,0+000,4179,4.179,R2,AC,20240726,นบ.5038,
1750,0.23,0.46,0.34,4375,4380,20240726RUN02,13.850094777556558,100.47724192522918,2.9919560905166835,2.579676203210238,2.7858161468634606,2.849053013907964,4375,6180,0,880,607,4377.0,01900124046R1AC03,191,101655,57,654,4+300,0+000,4179,4.179,R2,AC,20240726,นบ.5038,
1752,0.72,1.17,0.94,4380,4385,20240726RUN02,13.850128753997188,100.47727242277632,2.243612278890312,3.1301816119587533,2.6868969454245324,2.7415360350323894,4380,6180,0,880,608,4384.0,01900124046R1AC03,191,101655,57,654,4+300,0+000,4179,4.179,R2,AC,20240726,นบ.5038,
1756,1.94,1.3,1.62,4390,4395,20240726RUN02,13.850196707709989,100.47733341698176,2.243612278890312,3.1301816119587533,2.6868969454245324,2.9459785648054186,4390,6180,0,880,609,4392.0,01900124046R1AC03,191,101655,57,654,4+300,0+000,4179,4.179,R2,AC,20240726,นบ.5038,
1758,1.84,1.92,1.88,4395,4400,20240726RUN02,13.8502306921404,100.47736390524487,2.243612278890312,3.1301816119587533,2.6868969454245324,2.5287947379696147,4395,6180,0,880,610,4399.0,01900124046R1AC03,191,101655,57,654,4+300,0+000,4179,4.179,R2,AC,20240726,นบ.5038,
1762,0.14,1.22,0.68,4405,4410,20240726RUN02,13.850298662014225,100.47742488037319,2.840915508792632,2.8269051880854787,2.8339103484390553,2.7229389798364516,4405,6180,0,880,611,4406.0,01900124046R1AC03,191,101655,57,654,4+300,0+000,4179,4.179,R2,AC,20240726,นบ.5038,
1764,0.02,1.68,0.85,4410,4415,20240726RUN02,13.850332628018402,100.47745539004451,2.840915508792632,2.8269051880854787,2.8339103484390553,2.8644843273416356,4410,6180,0,880,612,4413.0,01900124046R1AC03,191,101655,57,654,4+300,0+000,4179,4.179,R2,AC,20240726,นบ.5038,
1768,0.0,2.23,1.12,4420,4425,20240726RUN02,13.850400685278348,100.47751626302339,2.2475467475162234,3.0568078587683445,2.6521773031422837,2.7097457338445468,4420,6180,0,880,613,4420.0,01900124046R1AC03,191,101655,57,654,4+300,0+000,4179,4.179,R2,AC,20240726,นบ.5038,
1770,0.0,1.88,0.94,4425,4430,20240726RUN02,13.850434742851478,100.47754666566996,2.2475467475162234,3.0568078587683445,2.6521773031422837,2.5482048433964755,4425,6180,0,880,614,4428.0,01900124046R1AC03,191,101655,57,654,4+300,0+000,4179,4.179,R2,AC,20240726,นบ.5038,
1774,0.1,2.63,1.36,4435,4440,20240726RUN02,13.850502872728585,100.47760745359574,2.2475467475162234,3.0568078587683445,2.6521773031422837,2.6046774214100554,4435,6180,0,880,615,4435.0,01900124046R1AC03,191,101655,57,654,4+300,0+000,4179,4.179,R2,AC,20240726,นบ.5038,
1776,0.08,3.15,1.62,4440,4445,20240726RUN02,13.850536981548595,100.47763779598638,2.844771073046298,3.6804961740925553,3.2626336235694264,3.3329207120306226,4440,6180,0,880,616,4442.0,01900124046R1AC03,191,101655,57,654,4+300,0+000,4179,4.179,R2,AC,20240726,นบ.5038,
1778,0.3,2.73,1.52,4445,4450,20240726RUN02,13.85057109575539,100.47766813204352,2.844771073046298,3.6804961740925553,3.2626336235694264,3.536584965001497,4445,6180,0,880,617,4449.0,01900124046R1AC03,191,101655,57,654,4+300,0+000,4179,4.179,R2,AC,20240726,นบ.5038,
1782,3.62,3.28,3.45,4455,4460,20240726RUN02,13.850639358722676,100.47772876345522,2.844771073046298,3.6804961740925553,3.2626336235694264,3.494947855787646,4455,6180,0,880,618,4457.0,01900124046R1AC03,191,101655,57,654,4+300,0+000,4179,4.179,R2,AC,20240726,นบ.5038,
1784,0.92,2.5,1.71,4460,4465,20240726RUN02,13.85067355395557,100.47775900378069,4.348330726090111,4.854271666463444,4.601301196276777,4.658155375613766,4460,6180,0,880,619,4464.0,01900124046R1AC03,191,101655,57,654,4+300,0+000,4179,4.179,R2,AC,20240726,นบ.5038,
1788,1.76,0.8,1.28,4470,4475,20240726RUN02,13.850741948347068,100.47781947991339,4.348330726090111,4.854271666463444,4.601301196276777,4.5638582027644485,4470,6180,0,880,620,4471.0,01900124046R1AC03,191,101655,57,654,4+300,0+000,4179,4.179,R2,AC,20240726,นบ.5038,
1790,1.28,0.2,0.74,4475,4480,20240726RUN02,13.850776148290745,100.47784971467081,4.348330726090111,4.854271666463444,4.601301196276777,4.647944245381087,4475,6180,0,880,621,4478.0,01900124046R1AC03,191,101655,57,654,4+300,0+000,4179,4.179,R2,AC,20240726,นบ.5038,
1794,1.35,1.47,1.41,4485,4490,20240726RUN02,13.850844550370425,100.47791018173906,2.5597846798285806,2.2664863356426883,2.4131355077356345,2.498016882354451,4485,6180,0,880,622,4485.0,01900124046R1AC03,191,101655,57,654,4+300,0+000,4179,4.179,R2,AC,20240726,นบ.5038,
1796,1.25,1.78,1.52,4490,4495,20240726RUN02,13.850878767849775,100.47794039571974,2.5597846798285806,2.2664863356426883,2.4131355077356345,2.2338344119928544,4490,6180,0,880,623,4493.0,01900124046R1AC03,191,101655,57,654,4+300,0+000,4179,4.179,R2,AC,20240726,นบ.5038,
1800,1.67,0.93,1.3,4500,4505,20240726RUN02,13.850947137158233,100.47800090144125,1.923462857154384,2.1365487865739685,2.0300058218641763,2.131624596463536,4500,6180,0,880,624,4500.0,01900124046R1AC03,191,101655,57,654,4+300,0+000,4179,4.179,R2,AC,20240726,นบ.5038,
1802,1.48,1.14,1.31,4505,4510,20240726RUN02,13.8509812702584,100.47803121521287,1.923462857154384,2.1365487865739685,2.0300058218641763,1.941306184218344,4505,6180,0,880,625,4507.0,01900124046R1AC03,191,101655,57,654,4+300,0+000,4179,4.179,R2,AC,20240726,นบ.5038,
1804,1.81,0.36,1.08,4510,4515,20240726RUN02,13.851015402692942,100.47806152978417,1.923462857154384,2.1365487865739685,2.0300058218641763,2.0426485492293347,4510,6180,0,880,626,4514.0,01900124046R1AC03,191,101655,57,654,4+300,0+000,4179,4.179,R2,AC,20240726,นบ.5038,
1808,1.51,0.05,0.78,4520,4525,20240726RUN02,13.851083656383393,100.47812217214596,2.093613181751695,1.820069518169224,1.9568413499604596,2.074741271629847,4520,6180,0,880,627,4521.0,01900124046R1AC03,191,101655,57,654,4+300,0+000,4179,4.179,R2,AC,20240726,นบ.5038,
1810,2.26,0.08,1.17,4525,4530,20240726RUN02,13.851117731581892,100.47815255416909,2.093613181751695,1.820069518169224,1.9568413499604596,2.122367731715623,4525,6180,0,880,628,4529.0,01900124046R1AC03,191,101655,57,654,4+300,0+000,4179,4.179,R2,AC,20240726,นบ.5038,
1814,1.23,0.06,0.64,4535,4540,20240726RUN02,13.851185757079222,100.47821346464133,2.093613181751695,1.820069518169224,1.9568413499604596,1.9554044292968713,4535,6180,0,880,629,4536.0,01900124046R1AC03,191,101655,57,654,4+300,0+000,4179,4.179,R2,AC,20240726,นบ.5038,
1816,0.59,0.14,0.36,4540,4545,20240726RUN02,13.85121974413583,100.47824394985396,2.795073291576593,2.042712714659482,2.4188930031180376,2.2747355458026797,4540,6180,0,880,630,4543.0,01900124046R1AC03,191,101655,57,654,4+300,0+000,4179,4.179,R2,AC,20240726,นบ.5038,
1820,1.07,0.06,0.57,4550,4555,20240726RUN02,13.851287647355035,100.47830500300903,2.795073291576593,2.042712714659482,2.4188930031180376,2.2853088225564595,4550,6180,0,880,631,4550.0,01900124046R1AC03,191,101655,57,654,4+300,0+000,4179,4.179,R2,AC,20240726,นบ.5038,
1822,0.64,0.21,0.42,4555,4560,20240726RUN02,13.851321595027422,100.47833553416568,2.795073291576593,2.042712714659482,2.4188930031180376,2.578247226865294,4555,6180,0,880,632,4557.0,01900124046R1AC03,191,101655,57,654,4+300,0+000,4179,4.179,R2,AC,20240726,นบ.5038,
1826,0.59,0.01,0.3,4565,4570,20240726RUN02,13.851389624997543,100.47839643924029,2.534047268432541,2.5908270696904543,2.5624371690614973,2.738614656789271,4565,6180,0,880,633,4565.0,01900124046R1AC03,191,101655,57,654,4+300,0+000,4179,4.179,R2,AC,20240726,นบ.5038,
1828,0.78,0.02,0.4,4570,4575,20240726RUN02,13.851423747919224,100.47842676514868,2.534047268432541,2.5908270696904543,2.5624371690614973,2.4402750714615533,4570,6180,0,880,634,4572.0,01900124046R1AC03,191,101655,57,654,4+300,0+000,4179,4.179,R2,AC,20240726,นบ.5038,
1830,0.27,0.1,0.18,4575,4580,20240726RUN02,13.851457902794035,100.47845705336935,2.534047268432541,2.5908270696904543,2.5624371690614973,2.4183619694830885,4575,6180,0,880,635,4579.0,01900124046R1AC03,191,101655,57,654,4+300,0+000,4179,4.179,R2,AC,20240726,นบ.5038,
1834,0.47,0.0,0.24,4585,4590,20240726RUN02,13.851526338692619,100.47851748045217,2.811071252513055,2.996072486520548,2.9035718695168016,2.6705160048429066,4585,6180,0,880,636,4586.0,01900124046R1AC03,191,101655,57,654,4+300,0+000,4179,4.179,R2,AC,20240726,นบ.5038,
1836,0.53,0.0,0.26,4590,4595,20240726RUN02,13.851560605869455,100.4785476355238,2.811071252513055,2.996072486520548,2.9035718695168016,2.777122239940653,4590,6180,0,880,637,4594.0,01900124046R1AC03,191,101655,57,654,4+300,0+000,4179,4.179,R2,AC,20240726,นบ.5038,
1840,0.28,2.1,1.19,4600,4605,20240726RUN02,13.85162909067322,100.47860800453918,2.209648820659515,2.7808809274673902,2.4952648740634524,2.4934845145526574,4600,6180,0,880,638,4601.0,01900124046R1AC03,191,101655,57,654,4+300,0+000,4179,4.179,R2,AC,20240726,นบ.5038,
1842,0.69,7.13,3.91,4605,4610,20240726RUN02,13.851663352010219,100.47863816638902,2.209648820659515,2.7808809274673902,2.4952648740634524,2.6215240031704954,4605,6180,0,880,639,4608.0,01900124046R1AC03,191,101655,57,654,4+300,0+000,4179,4.179,R2,AC,20240726,นบ.5038,
1846,0.06,1.97,1.01,4615,4620,20240726RUN02,13.85173211789361,100.47869819921841,2.209648820659515,2.7808809274673902,2.4952648740634524,2.413163210688389,4615,6180,0,880,640,4615.0,01900124046R1AC03,191,101655,57,654,4+300,0+000,4179,4.179,R2,AC,20240726,นบ.5038,
1848,0.41,4.21,2.31,4620,4625,20240726RUN02,13.851766669811798,100.47872801178984,2.0070445412245745,2.50505325171374,2.2560488964691574,2.202773538028707,4620,6180,0,880,641,4622.0,01900124046R1AC03,191,101655,57,654,4+300,0+000,4179,4.179,R2,AC,20240726,นบ.5038,
1852,1.03,5.83,3.43,4630,4635,20240726RUN02,13.851836198269394,100.47878711775327,2.0070445412245745,2.50505325171374,2.2560488964691574,2.4130419438301045,4630,6180,0,880,642,4630.0,01900124046R1AC03,191,101655,57,654,4+300,0+000,4179,4.179,R2,AC,20240726,นบ.5038,
1854,1.3,4.27,2.78,4635,4640,20240726RUN02,13.851871017141981,100.47881660350627,2.0070445412245745,2.50505325171374,2.2560488964691574,2.227149451310338,4635,6180,0,880,643,4637.0,01900124046R1AC03,191,101655,57,654,4+300,0+000,4179,4.179,R2,AC,20240726,นบ.5038,
1856,0.54,0.68,0.61,4640,4645,20240726RUN02,13.851905786595239,100.47884615036968,1.840375045239111,2.176248861814085,2.008311953526598,2.1778300826124055,4640,6180,0,880,644,4644.0,01900124046R1AC03,191,101655,57,654,4+300,0+000,4179,4.179,R2,AC,20240726,นบ.5038,
1860,1.04,0.0,0.52,4650,4655,20240726RUN02,13.851975104789537,100.47890551509083,1.840375045239111,2.176248861814085,2.008311953526598,1.958736011056815,4650,6180,0,880,645,4651.0,01900124046R1AC03,191,101655,57,654,4+300,0+000,4179,4.179,R2,AC,20240726,นบ.5038,
1862,1.08,0.0,0.54,4655,4660,20240726RUN02,13.85200962155107,100.4789353708517,1.840375045239111,2.176248861814085,2.008311953526598,1.9149656951798397,4655,6180,0,880,646,4658.0,01900124046R1AC03,191,101655,57,654,4+300,0+000,4179,4.179,R2,AC,20240726,นบ.5038,
1866,0.72,0.03,0.38,4665,4670,20240726RUN02,13.852078301604003,100.47899550772853,2.885462190968081,2.381714553985681,2.633588372476881,2.5291634448311497,4665,6180,0,880,647,4666.0,01900124046R1AC03,191,101655,57,654,4+300,0+000,4179,4.179,R2,AC,20240726,นบ.5038,
1868,0.63,0.09,0.36,4670,4675,20240726RUN02,13.852112507514548,100.479025736096,2.885462190968081,2.381714553985681,2.633588372476881,2.793604370172027,4670,6180,0,880,648,4673.0,01900124046R1AC03,191,101655,57,654,4+300,0+000,4179,4.179,R2,AC,20240726,นบ.5038,
1872,0.5,0.15,0.32,4680,4685,20240726RUN02,13.852180777177265,100.47908636114947,2.298559209670393,2.115441446441084,2.2070003280557384,2.2621012629658903,4680,6180,0,880,649,4680.0,01900124046R1AC03,191,101655,57,654,4+300,0+000,4179,4.179,R2,AC,20240726,นบ.5038,
1874,0.4,0.08,0.24,4685,4690,20240726RUN02,13.85221482797681,100.47911677251268,2.298559209670393,2.115441446441084,2.2070003280557384,2.054053465921448,4685,6180,0,880,650,4687.0,01900124046R1AC03,191,101655,57,654,4+300,0+000,4179,4.179,R2,AC,20240726,นบ.5038,
1876,0.26,0.13,0.2,4690,4695,20240726RUN02,13.852248850335169,100.47914721727781,2.298559209670393,2.115441446441084,2.2070003280557384,2.2549256603114283,4690,6180,0,880,651,4694.0,01900124046R1AC03,191,101655,57,654,4+300,0+000,4179,4.179,R2,AC,20240726,นบ.5038,
1880,0.58,0.07,0.32,4700,4705,20240726RUN02,13.852316949683823,100.47920804296453,1.3152282744479138,1.7959612227985464,1.5555947486232302,1.5278736265046993,4700,6180,0,880,652,4702.0,01900124046R1AC03,191,101655,57,654,4+300,0+000,4179,4.179,R2,AC,20240726,นบ.5038,
1882,0.51,0.0,0.26,4705,4710,20240726RUN02,13.852351028912233,100.47923842118746,1.3152282744479138,1.7959612227985464,1.5555947486232302,1.4129259296931218,4705,6180,0,880,653,4709.0,01900124046R1AC03,191,101655,57,654,4+300,0+000,4179,4.179,R2,AC,20240726,นบ.5038,
1887,1.04,0.04,0.54,4715,4720,20240726RUN02,13.852419367662888,100.47929896509619,1.3152282744479138,1.7959612227985464,1.5555947486232302,1.6870135619348483,4715,6180,0,880,654,4716.0,01900990008R1AC04,191,101641,654,861,2+520,0+000,1449,1.449,R2,AC,20240726,ส.008,
1889,0.83,0.0,0.42,4720,4725,20240726RUN02,13.852453615611244,100.47932914403607,2.457498584460062,2.3466412720163783,2.40206992823822,2.3782249495154155,4720,6180,0,880,655,4723.0,01900990008R1AC04,191,101641,654,861,2+520,0+000,1449,1.449,R2,AC,20240726,ส.008,
1893,0.7,0.0,0.35,4730,4735,20240726RUN02,13.85252208951192,100.47938952799777,2.457498584460062,2.3466412720163783,2.40206992823822,2.5884431091184386,4730,6180,0,880,656,4731.0,01900990008R1AC04,191,101641,654,861,2+520,0+000,1449,1.449,R2,AC,20240726,ส.008,
1895,0.21,0.0,0.1,4735,4740,20240726RUN02,13.852556316395061,100.47941973188826,2.457498584460062,2.3466412720163783,2.40206992823822,2.3678704330892377,4735,6180,0,880,657,4738.0,01900990008R1AC04,191,101641,654,861,2+520,0+000,1449,1.449,R2,AC,20240726,ส.008,
1899,1.49,0.0,0.74,4745,4750,20240726RUN02,13.852624726808306,100.47948019102387,2.597145438755632,2.5543751683464304,2.5757603035510312,2.7263050437550853,4745,6180,0,880,658,4745.0,01900990008R1AC04,191,101641,654,861,2+520,0+000,1449,1.449,R2,AC,20240726,ส.008,
1901,1.07,0.0,0.54,4750,4755,20240726RUN02,13.852658902240801,100.47951045583264,2.597145438755632,2.5543751683464304,2.5757603035510312,2.6908950063996633,4750,6180,0,880,659,4752.0,01900990008R1AC04,191,101641,654,861,2+520,0+000,1449,1.449,R2,AC,20240726,ส.008,
1903,1.78,0.0,0.89,4755,4760,20240726RUN02,13.852693008396203,100.4795408022966,2.597145438755632,2.5543751683464304,2.5757603035510312,2.4677494681237557,4755,6180,0,880,660,4759.0,01900990008R1AC04,191,101641,654,861,2+520,0+000,1449,1.449,R2,AC,20240726,ส.008,
1907,1.4,0.0,0.7,4765,4770,20240726RUN02,13.852761182273436,100.47960154040703,1.9124746797488013,1.8516841039920449,1.882079391870423,1.7122822155841215,4765,6180,0,880,661,4767.0,01900990008R1AC04,191,101641,654,861,2+520,0+000,1449,1.449,R2,AC,20240726,ส.008,
1909,2.0,0.0,1.0,4770,4775,20240726RUN02,13.852795266926151,100.4796319120541,1.9124746797488013,1.8516841039920449,1.882079391870423,2.0160186954425052,4770,6180,0,880,662,4774.0,01900990008R1AC04,191,101641,654,861,2+520,0+000,1449,1.449,R2,AC,20240726,ส.008,
1913,1.88,0.01,0.94,4780,4785,20240726RUN02,13.852863416933486,100.47969267789047,1.9860803881507068,2.915750465562884,2.4509154268567954,2.3241036288728862,4780,6180,0,880,663,4781.0,01900990008R1AC04,191,101641,654,861,2+520,0+000,1449,1.449,R2,AC,20240726,ส.008,
1915,1.95,0.02,0.98,4785,4790,20240726RUN02,13.852897493694604,100.4797230586456,1.9860803881507068,2.915750465562884,2.4509154268567954,2.5332618829130213,4785,6180,0,880,664,4788.0,01900990008R1AC04,191,101641,654,861,2+520,0+000,1449,1.449,R2,AC,20240726,ส.008,
1919,1.67,0.0,0.84,4795,4800,20240726RUN02,13.852965613435819,100.47978385977702,1.9860803881507068,2.915750465562884,2.4509154268567954,2.483551000931858,4795,6180,0,880,665,4795.0,01900990008R1AC04,191,101641,654,861,2+520,0+000,1449,1.449,R2,AC,20240726,ส.008,
1921,1.53,0.0,0.76,4800,4805,20240726RUN02,13.85299967676966,100.47981425619004,1.6578076044459733,2.00044902708371,1.8291283157648417,1.909197391587109,4800,6180,0,880,666,4803.0,01900990008R1AC04,191,101641,654,861,2+520,0+000,1449,1.449,R2,AC,20240726,ส.008,
1925,1.23,0.0,0.62,4810,4815,20240726RUN02,13.853067859195653,100.47987498340987,1.6578076044459733,2.00044902708371,1.8291283157648417,1.7783296508194462,4810,6180,0,880,667,4810.0,01900990008R1AC04,191,101641,654,861,2+520,0+000,1449,1.449,R2,AC,20240726,ส.008,
1927,0.95,0.01,0.48,4815,4820,20240726RUN02,13.853101961415359,100.47990533403588,1.6578076044459733,2.00044902708371,1.8291283157648417,1.9151540738505977,4815,6180,0,880,668,4817.0,01900990008R1AC04,191,101641,654,861,2+520,0+000,1449,1.449,R2,AC,20240726,ส.008,
1929,1.07,0.0,0.54,4820,4825,20240726RUN02,13.853136070610525,100.47993567643933,1.8882123573892675,2.036596764663368,1.9624045610263177,1.8795673585665855,4820,6180,0,880,669,4824.0,01900990008R1AC04,191,101641,654,861,2+520,0+000,1449,1.449,R2,AC,20240726,ส.008,
1933,2.57,0.04,1.3,4830,4835,20240726RUN02,13.85320436508376,100.47999627142723,1.8882123573892675,2.036596764663368,1.9624045610263177,2.002135784973817,4830,6180,0,880,670,4832.0,01900990008R1AC04,191,101641,654,861,2+520,0+000,1449,1.449,R2,AC,20240726,ส.008,
1935,1.42,0.11,0.76,4835,4840,20240726RUN02,13.853238587769837,100.48002647958283,1.8882123573892675,2.036596764663368,1.9624045610263177,2.0781727386187256,4835,6180,0,880,671,4839.0,01900990008R1AC04,191,101641,654,861,2+520,0+000,1449,1.449,R2,AC,20240726,ส.008,
1939,2.22,0.0,1.11,4845,4850,20240726RUN02,13.853307049570867,100.48008687628885,1.1702801685312545,2.194102025126342,1.6821910968287983,1.5849771614954422,4845,6180,0,880,672,4846.0,01900990008R1AC04,191,101641,654,861,2+520,0+000,1449,1.449,R2,AC,20240726,ส.008,
1941,2.03,0.04,1.03,4850,4855,20240726RUN02,13.85334122219673,100.48011714369167,1.1702801685312545,2.194102025126342,1.6821910968287983,1.6771776061649708,4850,6180,0,880,673,4853.0,01900990008R1AC04,191,101641,654,861,2+520,0+000,1449,1.449,R2,AC,20240726,ส.008,
1945,1.75,0.01,0.88,4860,4865,20240726RUN02,13.853409497703536,100.48017776077077,2.4867656109407448,2.301719794456754,2.394242702698749,2.5057554547684595,4860,6180,0,880,674,4860.0,01900990008R1AC04,191,101641,654,861,2+520,0+000,1449,1.449,R2,AC,20240726,ส.008,
1947,1.54,0.01,0.78,4865,4870,20240726RUN02,13.853443568430018,100.48020814812037,2.4867656109407448,2.301719794456754,2.394242702698749,2.345843344624445,4865,6180,0,880,675,4868.0,01900990008R1AC04,191,101641,654,861,2+520,0+000,1449,1.449,R2,AC,20240726,ส.008,
1951,1.38,0.02,0.7,4875,4880,20240726RUN02,13.853511507894787,100.48026915925165,2.4867656109407448,2.301719794456754,2.394242702698749,2.3521919234907984,4875,6180,0,880,676,4875.0,01900990008R1AC04,191,101641,654,861,2+520,0+000,1449,1.449,R2,AC,20240726,ส.008,
1953,1.94,0.57,1.25,4880,4885,20240726RUN02,13.853545437885774,100.48029971098148,2.805741572053387,3.133076310436336,2.9694089412448617,2.6890340361777447,4880,6180,0,880,677,4882.0,01900990008R1AC04,191,101641,654,861,2+520,0+000,1449,1.449,R2,AC,20240726,ส.008,
1955,1.52,0.06,0.79,4885,4890,20240726RUN02,13.85357935338497,100.48033027963423,2.805741572053387,3.133076310436336,2.9694089412448617,3.1584502781785133,4885,6180,0,880,678,4889.0,01900990008R1AC04,191,101641,654,861,2+520,0+000,1449,1.449,R2,AC,20240726,ส.008,
1959,2.24,0.76,1.5,4895,4900,20240726RUN02,13.853647230614317,100.48039136305358,2.805741572053387,3.133076310436336,2.9694089412448617,2.723492246183283,4895,6180,0,880,679,4896.0,01900990008R1AC04,191,101641,654,861,2+520,0+000,1449,1.449,R2,AC,20240726,ส.008,
1961,1.47,0.02,0.74,4900,4905,20240726RUN02,13.85368117960723,100.48042189272238,2.413440438129041,2.809986037802349,2.611713237965695,2.394756659863938,4900,6180,0,880,680,4904.0,01900990008R1AC04,191,101641,654,861,2+520,0+000,1449,1.449,R2,AC,20240726,ส.008,
1965,1.61,0.0,0.8,4910,4915,20240726RUN02,13.85374920422589,100.48048280397832,2.413440438129041,2.809986037802349,2.611713237965695,2.7593614105529625,4910,6180,0,880,681,4911.0,01900990008R1AC04,191,101641,654,861,2+520,0+000,1449,1.449,R2,AC,20240726,ส.008,
1967,1.68,0.06,0.87,4915,4920,20240726RUN02,13.85378327209336,100.48051319453262,2.413440438129041,2.809986037802349,2.611713237965695,2.5536186150877853,4915,6180,0,880,682,4918.0,01900990008R1AC04,191,101641,654,861,2+520,0+000,1449,1.449,R2,AC,20240726,ส.008,
1971,0.77,0.02,0.4,4925,4930,20240726RUN02,13.853851375205739,100.48057401393565,2.3407090526288465,2.564786463281669,2.4527477579552577,2.215125087482345,4925,6180,0,880,683,4925.0,01900990008R1AC04,191,101641,654,861,2+520,0+000,1449,1.449,R2,AC,20240726,ส.008,
1973,1.69,0.05,0.87,4930,4935,20240726RUN02,13.853885399025103,100.48060445608257,2.3407090526288465,2.564786463281669,2.4527477579552577,2.2155202603260853,4930,6180,0,880,684,4932.0,01900990008R1AC04,191,101641,654,861,2+520,0+000,1449,1.449,R2,AC,20240726,ส.008,
1977,1.72,0.07,0.9,4940,4945,20240726RUN02,13.853953499263294,100.48066527873189,2.0999721475155995,2.4354502248184424,2.2677111861670207,2.2962771987425845,4940,6180,0,880,685,4940.0,01900990008R1AC04,191,101641,654,861,2+520,0+000,1449,1.449,R2,AC,20240726,ส.008,
1979,1.13,0.0,0.56,4945,4950,20240726RUN02,13.85398754996744,100.48069568936431,2.0999721475155995,2.4354502248184424,2.2677111861670207,2.07523406325023,4945,6180,0,880,686,4947.0,01900990008R1AC04,191,101641,654,861,2+520,0+000,1449,1.449,R2,AC,20240726,ส.008,
1981,1.3,0.0,0.65,4950,4955,20240726RUN02,13.8540216037905,100.48072609628076,2.0999721475155995,2.4354502248184424,2.2677111861670207,2.2334794211973508,4950,6180,0,880,687,4954.0,01900990008R1AC04,191,101641,654,861,2+520,0+000,1449,1.449,R2,AC,20240726,ส.008,
1985,1.66,0.0,0.83,4960,4965,20240726RUN02,13.854089739498683,100.48078687710063,2.430373843605331,1.674808204390864,2.0525910239980973,2.047358509854303,4960,6180,0,880,688,4961.0,01900990008R1AC04,191,101641,654,861,2+520,0+000,1449,1.449,R2,AC,20240726,ส.008,
1987,2.06,0.0,1.03,4965,4970,20240726RUN02,13.854123764689568,100.48081731757485,2.430373843605331,1.674808204390864,2.0525910239980973,2.0446155563224355,4965,6180,0,880,689,4969.0,01900990008R1AC04,191,101641,654,861,2+520,0+000,1449,1.449,R2,AC,20240726,ส.008,
1991,1.76,0.0,0.88,4975,4980,20240726RUN02,13.854191753603528,100.4808782705712,2.430373843605331,1.674808204390864,2.0525910239980973,2.093315891784167,4975,6180,0,880,690,4976.0,01900990008R1AC04,191,101641,654,861,2+520,0+000,1449,1.449,R2,AC,20240726,ส.008,
1993,1.8,0.0,0.9,4980,4985,20240726RUN02,13.854225695827338,100.48090880796657,1.804170978325576,1.3302798435267702,1.5672254109261732,1.5279982961120437,4980,6180,0,880,691,4983.0,01900990008R1AC04,191,101641,654,861,2+520,0+000,1449,1.449,R2,AC,20240726,ส.008,
1997,1.51,0.03,0.77,4990,4995,20240726RUN02,13.854293569879347,100.48096989504084,1.804170978325576,1.3302798435267702,1.5672254109261732,1.4503667947879093,4990,6180,0,880,692,4990.0,01900990008R1AC04,191,101641,654,861,2+520,0+000,1449,1.449,R2,AC,20240726,ส.008,
1999,1.91,0.0,0.96,4995,5000,20240726RUN02,13.854327482937974,100.48100046651068,1.804170978325576,1.3302798435267702,1.5672254109261732,1.5826873659609093,4995,6180,0,880,693,4997.0,01900990008R1AC04,191,101641,654,861,2+520,0+000,1449,1.449,R2,AC,20240726,ส.008,
2003,1.55,0.01,0.78,5005,5010,20240726RUN02,13.854395289542541,100.48106163213987,3.0640679150031453,2.231046493801065,2.647557204402105,2.782354170495941,5005,6180,0,880,694,5005.0,01900990008R1AC04,191,101641,654,861,2+520,0+000,1449,1.449,R2,AC,20240726,ส.008,
2005,1.92,0.0,0.96,5010,5015,20240726RUN02,13.854429130293704,100.48109228750742,3.0640679150031453,2.231046493801065,2.647557204402105,2.6367470944598423,5010,6180,0,880,695,5012.0,01900990008R1AC04,191,101641,654,861,2+520,0+000,1449,1.449,R2,AC,20240726,ส.008,
2007,1.81,0.0,0.9,5015,5020,20240726RUN02,13.854462933281255,100.48112298648813,3.0640679150031453,2.231046493801065,2.647557204402105,2.5812317293912668,5015,6180,0,880,696,5019.0,01900990008R1AC04,191,101641,654,861,2+520,0+000,1449,1.449,R2,AC,20240726,ส.008,
2011,1.0,0.0,0.5,5025,5030,20240726RUN02,13.85453051130696,100.48118441674723,2.219229041345684,2.43571510059822,2.327472070971952,2.404360101550862,5025,6180,0,880,697,5026.0,01900990008R1AC04,191,101641,654,861,2+520,0+000,1449,1.449,R2,AC,20240726,ส.008,
2013,1.0,0.0,0.5,5030,5035,20240726RUN02,13.854564207108062,100.48121523897014,2.219229041345684,2.43571510059822,2.327472070971952,2.0977414807293213,5030,6180,0,880,698,5033.0,01900990008R1AC04,191,101641,654,861,2+520,0+000,1449,1.449,R2,AC,20240726,ส.008,
2017,0.73,0.0,0.36,5040,5045,20240726RUN02,13.854631450999968,100.48127705234874,4.969700267403505,3.714945025416878,4.342322646410191,4.067739044665821,5040,6180,0,880,699,5041.0,01900990008R1AC04,191,101641,654,861,2+520,0+000,1449,1.449,R2,AC,20240726,ส.008,
2019,0.77,0.0,0.38,5045,5050,20240726RUN02,13.85466501028832,100.48130803029682,4.969700267403505,3.714945025416878,4.342322646410191,3.926086168561933,5045,6180,0,880,700,5048.0,01900990008R1AC04,191,101641,654,861,2+520,0+000,1449,1.449,R2,AC,20240726,ส.008,
2023,1.82,1.82,1.82,5055,5060,20240726RUN02,13.854731818910865,100.48137033582965,4.969700267403505,3.714945025416878,4.342322646410191,4.653424380056451,5055,6180,0,880,701,5055.0,01900990008R1AC04,191,101641,654,861,2+520,0+000,1449,1.449,R2,AC,20240726,ส.008,
2025,2.04,0.59,1.32,5060,5065,20240726RUN02,13.854765048548286,100.48140168390543,3.902310177441895,3.672176195571918,3.7872431865069065,3.5039909749139424,5060,6180,0,880,702,5062.0,01900990008R1AC04,191,101641,654,861,2+520,0+000,1449,1.449,R2,AC,20240726,ส.008,
2027,1.33,0.8,1.06,5065,5070,20240726RUN02,13.854798194433657,100.48143312473941,3.902310177441895,3.672176195571918,3.7872431865069065,3.630884806588126,5065,6180,0,880,703,5069.0,01900990008R1AC04,191,101641,654,861,2+520,0+000,1449,1.449,R2,AC,20240726,ส.008,
2031,1.42,0.02,0.72,5075,5080,20240726RUN02,13.854864163017874,100.48149636127287,3.902310177441895,3.672176195571918,3.7872431865069065,3.7504720374449305,5075,6180,0,880,704,5077.0,01900990008R1AC04,191,101641,654,861,2+520,0+000,1449,1.449,R2,AC,20240726,ส.008,
2033,1.54,0.0,0.77,5080,5085,20240726RUN02,13.854896987134667,100.48152815375353,4.3823078186973365,3.3204803346025407,3.851394076649939,3.85561743432021,5080,6180,0,880,705,5084.0,01900990008R1AC04,191,101641,654,861,2+520,0+000,1449,1.449,R2,AC,20240726,ส.008,
2037,1.64,0.0,0.82,5090,5095,20240726RUN02,13.854962165708274,100.48159224196915,4.3823078186973365,3.3204803346025407,3.851394076649939,3.651917108104506,5090,6180,0,880,706,5091.0,01900990008R1AC04,191,101641,654,861,2+520,0+000,1449,1.449,R2,AC,20240726,ส.008,
2039,1.81,0.0,0.9,5095,5100,20240726RUN02,13.854994348326906,100.48162471390107,4.3823078186973365,3.3204803346025407,3.851394076649939,3.6904872832039057,5095,6180,0,880,707,5098.0,01900990008R1AC04,191,101641,654,861,2+520,0+000,1449,1.449,R2,AC,20240726,ส.008,
2043,0.6,0.03,0.32,5105,5110,20240726RUN02,13.85505770160755,100.48169069011453,3.980879677687571,2.509900725109695,3.245390201398633,3.3987787911348457,5105,6180,0,880,708,5106.0,01900990008R1AC04,191,101641,654,861,2+520,0+000,1449,1.449,R2,AC,20240726,ส.008,
2045,0.41,0.0,0.2,5110,5115,20240726RUN02,13.85508885403713,100.48172419802168,3.980879677687571,2.509900725109695,3.245390201398633,3.349476179543206,5110,6180,0,880,709,5113.0,01900990008R1AC04,191,101641,654,861,2+520,0+000,1449,1.449,R2,AC,20240726,ส.008,
2049,1.0,0.0,0.5,5120,5125,20240726RUN02,13.855150038243595,100.4817922840348,4.183213273039392,3.214869582718899,3.6990414278791457,3.55900847428365,5120,6180,0,880,710,5120.0,01900990008R1AC04,191,101641,654,861,2+520,0+000,1449,1.449,R2,AC,20240726,ส.008,
2051,0.3,0.0,0.15,5125,5130,20240726RUN02,13.855179975671252,100.48182693258401,4.183213273039392,3.214869582718899,3.6990414278791457,3.8498386245402716,5125,6180,0,880,711,5127.0,01900990008R1AC04,191,101641,654,861,2+520,0+000,1449,1.449,R2,AC,20240726,ส.008,
2053,1.41,0.0,0.7,5130,5135,20240726RUN02,13.85520943031016,100.48186201166503,4.183213273039392,3.214869582718899,3.6990414278791457,3.7733092325496194,5130,6180,0,880,712,5134.0,01900990008R1AC04,191,101641,654,861,2+520,0+000,1449,1.449,R2,AC,20240726,ส.008,
2057,1.54,0.0,0.77,5140,5145,20240726RUN02,13.855266486590594,100.4819337498801,3.492870434934335,4.489055066086504,3.9909627505104197,3.639049298058265,5140,6180,0,880,713,5142.0,01900990008R1AC04,191,101641,654,861,2+520,0+000,1449,1.449,R2,AC,20240726,ส.008,
2059,1.39,0.0,0.7,5145,5150,20240726RUN02,13.855293983326801,100.48197045581159,3.492870434934335,4.489055066086504,3.9909627505104197,3.9899410923773724,5145,6180,0,880,714,5149.0,01900990008R1AC04,191,101641,654,861,2+520,0+000,1449,1.449,R2,AC,20240726,ส.008,
2063,1.47,0.0,0.74,5155,5160,20240726RUN02,13.85534677601218,100.4820455333999,3.492870434934335,4.489055066086504,3.9909627505104197,4.0130870158172955,5155,6180,0,880,715,5156.0,01900990008R1AC04,191,101641,654,861,2+520,0+000,1449,1.449,R2,AC,20240726,ส.008,
2065,1.12,0.0,0.56,5160,5165,20240726RUN02,13.855371843514915,100.48208401749447,1.9690097283089776,2.630304124885372,2.2996569265971747,2.4849602325069378,5160,6180,0,880,716,5163.0,01900990008R1AC04,191,101641,654,861,2+520,0+000,1449,1.449,R2,AC,20240726,ส.008,
2069,1.33,0.0,0.66,5170,5175,20240726RUN02,13.855418939822455,100.48216296030532,1.9690097283089776,2.630304124885372,2.2996569265971747,2.2455668060310057,5170,6180,0,880,717,5170.0,01900990008R1AC04,191,101641,654,861,2+520,0+000,1449,1.449,R2,AC,20240726,ส.008,
2071,1.63,0.0,0.82,5175,5180,20240726RUN02,13.855441019479649,100.48220331607382,1.9690097283089776,2.630304124885372,2.2996569265971747,2.134991540153021,5175,6180,0,880,718,5178.0,01900990008R1AC04,191,101641,654,861,2+520,0+000,1449,1.449,R2,AC,20240726,ส.008,
2075,1.56,0.0,0.78,5185,5190,20240726RUN02,13.85548242828198,100.48228553369825,2.1677939675930764,2.9856464592568805,2.5767202134249785,2.328404357642065,5185,6180,0,880,719,5185.0,01900990008R1AC04,191,101641,654,861,2+520,0+000,1449,1.449,R2,AC,20240726,ส.008,
2077,1.16,0.0,0.58,5190,5195,20240726RUN02,13.855501688808571,100.48232737450277,2.1677939675930764,2.9856464592568805,2.5767202134249785,2.4895199343657244,5190,6180,0,880,720,5192.0,01900990008R1AC04,191,101641,654,861,2+520,0+000,1449,1.449,R2,AC,20240726,ส.008,
2079,0.78,0.0,0.39,5195,5200,20240726RUN02,13.85552000403491,100.48236965771682,2.1677939675930764,2.9856464592568805,2.5767202134249785,2.642265332829152,5195,6180,0,880,721,5199.0,01900990008R1AC04,191,101641,654,861,2+520,0+000,1449,1.449,R2,AC,20240726,ส.008,
2083,0.69,0.0,0.34,5205,5210,20240726RUN02,13.855553923223216,100.48245539512325,1.8145001101908915,2.9640889958798504,2.389294553035371,2.4890940527461156,5205,6180,0,880,722,5206.0,01900990008R1AC04,191,101641,654,861,2+520,0+000,1449,1.449,R2,AC,20240726,ส.008,
2085,1.16,0.0,0.58,5210,5215,20240726RUN02,13.855569523440163,100.48249880397805,1.8145001101908915,2.9640889958798504,2.389294553035371,2.358847787952705,5210,6180,0,880,723,5214.0,01900990008R1AC04,191,101641,654,861,2+520,0+000,1449,1.449,R2,AC,20240726,ส.008,
2089,1.64,0.0,0.82,5220,5225,20240726RUN02,13.855597839906027,100.48258664445,3.297807760323872,2.9107915846836847,3.104299672503778,3.3044442033109047,5220,6180,0,880,724,5221.0,01900990008R1AC04,191,101641,654,861,2+520,0+000,1449,1.449,R2,AC,20240726,ส.008,
2091,0.96,0.0,0.48,5225,5230,20240726RUN02,13.855610517780603,100.48263103913472,3.297807760323872,2.9107915846836847,3.104299672503778,2.8393048594979424,5225,6180,0,880,725,5228.0,01900990008R1AC04,191,101641,654,861,2+520,0+000,1449,1.449,R2,AC,20240726,ส.008,
2095,2.14,0.0,1.07,5235,5240,20240726RUN02,13.855632954350702,100.48272064148155,3.297807760323872,2.9107915846836847,3.104299672503778,3.0214570129407052,5235,6180,0,880,726,5235.0,01900990008R1AC04,191,101641,654,861,2+520,0+000,1449,1.449,R2,AC,20240726,ส.008,
2097,1.97,0.0,0.98,5240,5245,20240726RUN02,13.855642641455209,100.48276581832263,2.376713383323352,2.627622719277493,2.5021680513004223,2.406329985485021,5240,6180,0,880,727,5243.0,01900990008R1AC04,191,101641,654,861,2+520,0+000,1449,1.449,R2,AC,20240726,ส.008,
2101,1.3,0.0,0.65,5250,5255,20240726RUN02,13.855658857639874,100.48285681449829,2.376713383323352,2.627622719277493,2.5021680513004223,2.696028961638324,5250,6180,0,880,728,5250.0,01900990008R1AC04,191,101641,654,861,2+520,0+000,1449,1.449,R2,AC,20240726,ส.008,
2103,1.23,0.0,0.62,5255,5260,20240726RUN02,13.855665382134369,100.48290258188023,2.376713383323352,2.627622719277493,2.5021680513004223,2.270818331359504,5255,6180,0,880,729,5257.0,01900990008R1AC04,191,101641,654,861,2+520,0+000,1449,1.449,R2,AC,20240726,ส.008,
2105,1.7,0.0,0.85,5260,5265,20240726RUN02,13.855670878542123,100.4829484904961,2.857343979100735,2.5302754740354265,2.6938097265680807,2.4485015147268823,5260,6180,0,880,730,5264.0,01900990008R1AC04,191,101641,654,861,2+520,0+000,1449,1.449,R2,AC,20240726,ส.008,
2109,1.61,0.0,0.8,5270,5275,20240726RUN02,13.855678808963642,100.48304063210657,2.857343979100735,2.5302754740354265,2.6938097265680807,2.7672216639481513,5270,6180,0,880,731,5271.0,01900990008R1AC04,191,101641,654,861,2+520,0+000,1449,1.449,R2,AC,20240726,ส.008,
2111,1.48,0.0,0.74,5275,5280,20240726RUN02,13.855681277711195,100.48308681518755,2.857343979100735,2.5302754740354265,2.6938097265680807,2.90525626894588,5275,6180,0,880,732,5279.0,01900990008R1AC04,191,101641,654,861,2+520,0+000,1449,1.449,R2,AC,20240726,ส.008,
2115,1.63,0.0,0.82,5285,5290,20240726RUN02,13.855683136450013,100.48317929333712,2.6665102379510057,3.622619775833028,3.144565006892017,3.0762370913272927,5285,6180,0,880,733,5286.0,01900990008R1AC04,191,101641,654,861,2+520,0+000,1449,1.449,R2,AC,20240726,ส.008,
2117,1.81,0.0,0.9,5290,5295,20240726RUN02,13.855682543146031,100.48322554150523,2.6665102379510057,3.622619775833028,3.144565006892017,3.215226980725689,5290,6180,0,880,734,5293.0,01900990008R1AC04,191,101641,654,861,2+520,0+000,1449,1.449,R2,AC,20240726,ส.008,
2121,1.24,0.0,0.62,5300,5305,20240726RUN02,13.855678509205156,100.48331794857624,2.0602682996491324,2.466115307915975,2.263191803782554,2.204723846300593,5300,6180,0,880,735,5300.0,01900990008R1AC04,191,101641,654,861,2+520,0+000,1449,1.449,R2,AC,20240726,ส.008,
2123,0.88,0.0,0.44,5305,5310,20240726RUN02,13.855675197687615,100.48336407664421,2.0602682996491324,2.466115307915975,2.263191803782554,2.1633185921580598,5305,6180,0,880,736,5307.0,01900990008R1AC04,191,101641,654,861,2+520,0+000,1449,1.449,R2,AC,20240726,ส.008,
2127,0.93,0.0,0.46,5315,5320,20240726RUN02,13.855666285940595,100.4834561275264,2.0602682996491324,2.466115307915975,2.263191803782554,2.057709411786018,5315,6180,0,880,737,5315.0,01900990008R1AC04,191,101641,654,861,2+520,0+000,1449,1.449,R2,AC,20240726,ส.008,
2129,0.46,0.0,0.23,5320,5325,20240726RUN02,13.855660716275983,100.48350202738212,2.3507729781192017,2.664065619405924,2.5074192987625628,2.427645743346871,5320,6180,0,880,738,5322.0,01900990008R1AC04,191,101641,654,861,2+520,0+000,1449,1.449,R2,AC,20240726,ส.008,
2131,0.16,0.0,0.08,5325,5330,20240726RUN02,13.855654415132715,100.4835478280446,2.3507729781192017,2.664065619405924,2.5074192987625628,2.260118621659025,5325,6180,0,880,739,5329.0,01900990008R1AC04,191,101641,654,861,2+520,0+000,1449,1.449,R2,AC,20240726,ส.008,
2135,0.44,0.0,0.22,5335,5340,20240726RUN02,13.855639816012483,100.48363911604518,2.3507729781192017,2.664065619405924,2.5074192987625628,2.693082113398139,5335,6180,0,880,740,5336.0,01900990008R1AC04,191,101641,654,861,2+520,0+000,1449,1.449,R2,AC,20240726,ส.008,
2137,1.36,0.0,0.68,5340,5345,20240726RUN02,13.85563158686227,100.48368459536562,2.954715985912438,3.8801589379525,3.417437461932469,3.422161664745522,5340,6180,0,880,741,5344.0,01900990008R1AC04,191,101641,654,861,2+520,0+000,1449,1.449,R2,AC,20240726,ส.008,
2141,0.1,0.0,0.05,5350,5355,20240726RUN02,13.855613520152598,100.4837752325988,2.954715985912438,3.8801589379525,3.417437461932469,3.6379680335858997,5350,6180,0,880,742,5351.0,01900990008R1AC04,191,101641,654,861,2+520,0+000,1449,1.449,R2,AC,20240726,ส.008,
2143,0.04,0.0,0.02,5355,5360,20240726RUN02,13.855603898340968,100.4838204249332,2.954715985912438,3.8801589379525,3.417437461932469,3.410962791738484,5355,6180,0,880,743,5358.0,01900990008R1AC04,191,101641,654,861,2+520,0+000,1449,1.449,R2,AC,20240726,ส.008,
2147,2.63,0.0,1.32,5365,5370,20240726RUN02,13.855583821622407,100.48391061918063,2.9339933476821667,2.613184364314258,2.773588855998212,2.79741946945568,5365,6180,0,880,744,5365.0,01900990008R1AC04,191,101641,654,861,2+520,0+000,1449,1.449,R2,AC,20240726,ส.008,
2149,2.34,0.0,1.17,5370,5375,20240726RUN02,13.855573382376733,100.48395562118,2.9339933476821667,2.613184364314258,2.773588855998212,2.565815361640239,5370,6180,0,880,745,5372.0,01900990008R1AC04,191,101641,654,861,2+520,0+000,1449,1.449,R2,AC,20240726,ส.008,
2153,1.95,0.0,0.98,5380,5385,20240726RUN02,13.855551789344105,100.48404544794968,3.39378076934425,3.315750469956141,3.3547656196501956,3.086080549773724,5380,6180,0,880,746,5380.0,01900990008R1AC04,191,101641,654,861,2+520,0+000,1449,1.449,R2,AC,20240726,ส.008,
2155,1.93,0.0,0.96,5385,5390,20240726RUN02,13.855540592818889,100.4840902588432,3.39378076934425,3.315750469956141,3.3547656196501956,3.527525166178524,5385,6180,0,880,747,5387.0,01900990008R1AC04,191,101641,654,861,2+520,0+000,1449,1.449,R2,AC,20240726,ส.008,
2157,2.83,0.0,1.42,5390,5395,20240726RUN02,13.855529155634231,100.48413500608768,3.39378076934425,3.315750469956141,3.3547656196501956,3.3302449355154833,5390,6180,0,880,748,5394.0,01900990008R1AC04,191,101641,654,861,2+520,0+000,1449,1.449,R2,AC,20240726,ส.008,
2161,1.89,0.0,0.94,5400,5405,20240726RUN02,13.855505854660827,100.48422438554582,2.8387302978279934,3.25150174074584,3.0451160192869167,3.0721242558663384,5400,6180,0,880,749,5401.0,01900990008R1AC04,191,101641,654,861,2+520,0+000,1449,1.449,R2,AC,20240726,ส.008,
2163,1.89,0.0,0.94,5405,5410,20240726RUN02,13.855494006619486,100.48426902096126,2.8387302978279934,3.25150174074584,3.0451160192869167,2.8189686513341243,5405,6180,0,880,750,5408.0,01900990008R1AC04,191,101641,654,861,2+520,0+000,1449,1.449,R2,AC,20240726,ส.008,
2167,2.14,0.0,1.07,5415,5420,20240726RUN02,13.855470118339678,100.4843582379921,2.8387302978279934,3.25150174074584,3.0451160192869167,2.92281427296981,5415,6180,0,880,751,5416.0,01900990008R1AC04,191,101641,654,861,2+520,0+000,1449,1.449,R2,AC,20240726,ส.008,
2169,1.87,0.0,0.94,5420,5425,20240726RUN02,13.855458032627789,100.48440280647647,3.2292424999044127,3.648036948456266,3.438639724180339,3.3854579115299335,5420,6180,0,880,752,5423.0,01900990008R1AC04,191,101641,654,861,2+520,0+000,1449,1.449,R2,AC,20240726,ส.008,
2173,1.74,0.1,0.92,5430,5435,20240726RUN02,13.85543344151004,100.48449182322464,3.2292424999044127,3.648036948456266,3.438639724180339,3.3220956720122805,5430,6180,0,880,753,5430.0,01900990008R1AC04,191,101641,654,861,2+520,0+000,1449,1.449,R2,AC,20240726,ส.008,
2175,1.91,0.0,0.96,5435,5440,20240726RUN02,13.855421025926226,100.48453629670658,3.2292424999044127,3.648036948456266,3.438639724180339,3.4905533232654418,5435,6180,0,880,754,5437.0,01900990008R1AC04,191,101641,654,861,2+520,0+000,1449,1.449,R2,AC,20240726,ส.008,
2177,1.94,0.01,0.98,5440,5445,20240726RUN02,13.855408547583778,100.48458075176772,3.237309923199588,3.242529863755387,3.2399198934774875,3.2166292218925205,5440,6180,0,880,755,5444.0,01900990008R1AC04,191,101641,654,861,2+520,0+000,1449,1.449,R2,AC,20240726,ส.008,
2181,1.62,0.02,0.82,5450,5455,20240726RUN02,13.855383503564093,100.48466963610434,3.237309923199588,3.242529863755387,3.2399198934774875,3.12516067244614,5450,6180,0,880,756,5452.0,01900990008R1AC04,191,101641,654,861,2+520,0+000,1449,1.449,R2,AC,20240726,ส.008,
2183,2.66,0.0,1.33,5455,5460,20240726RUN02,13.855370895762201,100.48471405286931,3.237309923199588,3.242529863755387,3.2399198934774875,3.045920222915077,5455,6180,0,880,757,5459.0,01900990008R1AC04,191,101641,654,861,2+520,0+000,1449,1.449,R2,AC,20240726,ส.008,
2187,1.26,0.0,0.63,5465,5470,20240726RUN02,13.855345696043027,100.4848028911235,2.515677575905898,2.24499454844676,2.3803360621763288,2.2264440211073615,5465,6180,0,880,758,5466.0,01900990008R1AC04,191,101641,654,861,2+520,0+000,1449,1.449,R2,AC,20240726,ส.008,
2189,1.44,0.0,0.72,5470,5475,20240726RUN02,13.855333094693824,100.48484730978312,2.515677575905898,2.24499454844676,2.3803360621763288,2.407617938342424,5470,6180,0,880,759,5473.0,01900990008R1AC04,191,101641,654,861,2+520,0+000,1449,1.449,R2,AC,20240726,ส.008,
2193,1.65,0.05,0.85,5480,5485,20240726RUN02,13.855307734341737,100.48493609997955,2.5545328043862083,2.5205419752797398,2.5375373898329743,2.6205338234433264,5480,6180,0,880,760,5481.0,01900990008R1AC04,191,101641,654,861,2+520,0+000,1449,1.449,R2,AC,20240726,ส.008,
2195,1.5,0.0,0.75,5485,5490,20240726RUN02,13.855295001799362,100.48498047941034,2.5545328043862083,2.5205419752797398,2.5375373898329743,2.5763193972540233,5485,6180,0,880,761,5488.0,01900990008R1AC04,191,101641,654,861,2+520,0+000,1449,1.449,R2,AC,20240726,ส.008,
2199,1.89,0.0,0.94,5495,5500,20240726RUN02,13.855269542988673,100.48506924011198,2.5545328043862083,2.5205419752797398,2.5375373898329743,2.2941915900908754,5495,6180,0,880,762,5495.0,01900990008R1AC04,191,101641,654,861,2+520,0+000,1449,1.449,R2,AC,20240726,ส.008,
2201,1.67,0.0,0.84,5500,5505,20240726RUN02,13.855256769862084,100.48511360728672,2.29369813612153,2.506793980074709,2.4002460580981193,2.5855007370562797,5500,6180,0,880,763,5502.0,01900990008R1AC04,191,101641,654,861,2+520,0+000,1449,1.449,R2,AC,20240726,ส.008,
2203,1.52,0.0,0.76,5505,5510,20240726RUN02,13.855243969119492,100.48515796610032,2.29369813612153,2.506793980074709,2.4002460580981193,2.523094228136273,5505,6180,0,880,764,5509.0,01900990008R1AC04,191,101641,654,861,2+520,0+000,1449,1.449,R2,AC,20240726,ส.008,
2207,1.97,0.01,0.99,5515,5520,20240726RUN02,13.855218309398248,100.48524666610986,2.29369813612153,2.506793980074709,2.4002460580981193,2.2005533196109144,5515,6180,0,880,765,5517.0,01900990008R1AC04,191,101641,654,861,2+520,0+000,1449,1.449,R2,AC,20240726,ส.008,
2209,1.59,0.04,0.82,5520,5525,20240726RUN02,13.855205450470855,100.48529100728315,3.218383781618585,3.60096847512956,3.4096761283740724,3.696390957995862,5520,6180,0,880,766,5524.0,01900990008R1AC04,191,101641,654,861,2+520,0+000,1449,1.449,R2,AC,20240726,ส.008,
2213,1.26,0.0,0.63,5530,5535,20240726RUN02,13.855179743024655,100.48537969286377,3.218383781618585,3.60096847512956,3.4096761283740724,3.4448571543419306,5530,6180,0,880,767,5531.0,01900990008R1AC04,191,101641,654,861,2+520,0+000,1449,1.449,R2,AC,20240726,ส.008,
2215,2.01,0.0,1.0,5535,5540,20240726RUN02,13.855166876779702,100.48542403173862,3.218383781618585,3.60096847512956,3.4096761283740724,3.463409687636441,5535,6180,0,880,768,5538.0,01900990008R1AC04,191,101641,654,861,2+520,0+000,1449,1.449,R2,AC,20240726,ส.008,
2219,1.96,0.0,0.98,5545,5550,20240726RUN02,13.855141082134526,100.4855126906885,2.115400435300813,3.112208880390586,2.6138046578456997,2.5956150746920734,5545,6180,0,880,769,5545.0,01900990008R1AC04,191,101641,654,861,2+520,0+000,1449,1.449,R2,AC,20240726,ส.008,
2221,2.08,0.0,1.04,5550,5555,20240726RUN02,13.8551281469437,100.48555700860565,2.115400435300813,3.112208880390586,2.6138046578456997,2.745906659696466,5550,6180,0,880,770,5553.0,01900990008R1AC04,191,101641,654,861,2+520,0+000,1449,1.449,R2,AC,20240726,ส.008,
2225,1.5,0.0,0.75,5560,5565,20240726RUN02,13.85510226567113,100.48564564105361,2.681973636701096,4.352457859813205,3.5172157482571507,3.3146584048537733,5560,6180,0,880,771,5560.0,01900990008R1AC04,191,101641,654,861,2+520,0+000,1449,1.449,R2,AC,20240726,ส.008,
2227,0.8,0.0,0.4,5565,5570,20240726RUN02,13.855089337857617,100.48568996117612,2.681973636701096,4.352457859813205,3.5172157482571507,3.4182583032842024,5565,6180,0,880,772,5567.0,01900990008R1AC04,191,101641,654,861,2+520,0+000,1449,1.449,R2,AC,20240726,ส.008,
2229,0.43,0.0,0.22,5570,5575,20240726RUN02,13.855076431048621,100.48573428774888,2.681973636701096,4.352457859813205,3.5172157482571507,3.6842575888711826,5570,6180,0,880,773,5574.0,01900990008R1AC04,191,101641,654,861,2+520,0+000,1449,1.449,R2,AC,20240726,ส.008,
2233,1.0,0.0,0.5,5580,5585,20240726RUN02,13.855050649811124,100.48582295064233,2.333025562096009,2.781648746659627,2.557337154377818,2.605900624821389,5580,6180,0,880,774,5581.0,01900990008R1AC04,191,101641,654,861,2+520,0+000,1449,1.449,R2,AC,20240726,ส.008,
2235,0.42,0.0,0.21,5585,5590,20240726RUN02,13.855037839136521,100.48586730641928,2.333025562096009,2.781648746659627,2.557337154377818,2.540199187614614,5585,6180,0,880,775,5589.0,01900990008R1AC04,191,101641,654,861,2+520,0+000,1449,1.449,R2,AC,20240726,ส.008,
2239,0.78,0.0,0.39,5595,5600,20240726RUN02,13.855012318070324,100.48595604805242,2.333025562096009,2.781648746659627,2.557337154377818,2.365911313651358,5595,6180,0,880,776,5596.0,01900990008R1AC04,191,101641,654,861,2+520,0+000,1449,1.449,R2,AC,20240726,ส.008,
2241,1.36,0.01,0.68,5600,5605,20240726RUN02,13.854999632727662,100.48600044147314,2.423237803131273,2.594778132331768,2.5090079677315202,2.51624852460831,5600,6180,0,880,777,5603.0,01900990008R1AC04,191,101641,654,861,2+520,0+000,1449,1.449,R2,AC,20240726,ส.008,
2245,1.34,0.03,0.68,5610,5615,20240726RUN02,13.85497418237698,100.48608920448453,2.423237803131273,2.594778132331768,2.5090079677315202,2.4078852767703514,5610,6180,0,880,778,5610.0,01900990008R1AC04,191,101641,654,861,2+520,0+000,1449,1.449,R2,AC,20240726,ส.008,
2247,1.35,0.0,0.68,5615,5620,20240726RUN02,13.854961388619223,100.48613356539552,2.423237803131273,2.594778132331768,2.5090079677315202,2.6451235816313154,5615,6180,0,880,779,5618.0,01900990008R1AC04,191,101641,654,861,2+520,0+000,1449,1.449,R2,AC,20240726,ส.008,
2251,1.42,0.0,0.71,5625,5630,20240726RUN02,13.854935933213648,100.4862223269804,1.9608386886806817,1.9297062924727584,1.94527249057672,1.9562074011137403,5625,6180,0,880,780,5625.0,01900990008R1AC04,191,101641,654,861,2+520,0+000,1449,1.449,R2,AC,20240726,ส.008,
2253,1.41,0.0,0.7,5630,5635,20240726RUN02,13.85492322715513,100.48626671429301,1.9608386886806817,1.9297062924727584,1.94527249057672,1.976370936947413,5630,6180,0,880,781,5632.0,01900990008R1AC04,191,101641,654,861,2+520,0+000,1449,1.449,R2,AC,20240726,ส.008,
2255,1.63,0.0,0.82,5635,5640,20240726RUN02,13.854910536169568,100.48631110608362,1.9608386886806817,1.9297062924727584,1.94527249057672,1.8031512469309314,5635,6180,0,880,782,5639.0,01900990008R1AC04,191,101641,654,861,2+520,0+000,1449,1.449,R2,AC,20240726,ส.008,
2259,1.4,0.0,0.7,5645,5650,20240726RUN02,13.85488532503023,100.48639994060663,3.8567322251119007,4.102454431663869,3.979593328387885,3.810475471854961,5645,6180,0,880,783,5646.0,01900990008R1AC04,191,101641,654,861,2+520,0+000,1449,1.449,R2,AC,20240726,ส.008,
2261,1.6,0.0,0.8,5650,5655,20240726RUN02,13.854872806260424,100.48644438357319,3.8567322251119007,4.102454431663869,3.979593328387885,3.882870769010969,5650,6180,0,880,784,5654.0,01900990008R1AC04,191,101641,654,861,2+520,0+000,1449,1.449,R2,AC,20240726,ส.008,
2265,2.74,0.0,1.37,5660,5665,20240726RUN02,13.854848016769282,100.48653334219613,3.30087047257638,2.9732344575630787,3.137052465069729,3.157277467654104,5660,6180,0,880,785,5661.0,01900990008R1AC04,191,101641,654,861,2+520,0+000,1449,1.449,R2,AC,20240726,ส.008,
2267,2.38,0.0,1.19,5665,5670,20240726RUN02,13.85483582033302,100.48657787891777,3.30087047257638,2.9732344575630787,3.137052465069729,3.16415808648499,5665,6180,0,880,786,5668.0,01900990008R1AC04,191,101641,654,861,2+520,0+000,1449,1.449,R2,AC,20240726,ส.008,
2271,1.75,0.0,0.88,5675,5680,20240726RUN02,13.85481196244035,100.48666710369395,3.30087047257638,2.9732344575630787,3.137052465069729,2.970943882526207,5675,6180,0,880,787,5675.0,01900990008R1AC04,191,101641,654,861,2+520,0+000,1449,1.449,R2,AC,20240726,ส.008,
2273,2.23,0.0,1.12,5680,5685,20240726RUN02,13.854800319285424,100.48671179518999,3.176583872123781,3.0867448209743023,3.1316643465490417,3.0645669839550456,5680,6180,0,880,788,5682.0,01900990008R1AC04,191,101641,654,861,2+520,0+000,1449,1.449,R2,AC,20240726,ส.008,
2277,2.24,0.0,1.12,5690,5695,20240726RUN02,13.854777643545185,100.48680134205287,3.176583872123781,3.0867448209743023,3.1316643465490417,3.278589351582453,5690,6180,0,880,789,5690.0,01900990008R1AC04,191,101641,654,861,2+520,0+000,1449,1.449,R2,AC,20240726,ส.008,
2279,1.88,0.0,0.94,5695,5700,20240726RUN02,13.854766675394101,100.48684621199143,3.176583872123781,3.0867448209743023,3.1316643465490417,2.925236640915886,5695,6180,0,880,790,5697.0,01900990008R1AC04,191,101641,654,861,2+520,0+000,1449,1.449,R2,AC,20240726,ส.008,
2281,2.25,0.0,1.12,5700,5705,20240726RUN02,13.854756006260176,100.48689115737763,5.115047081911608,3.554157998145105,4.3346025400283565,4.049906268997745,5700,6180,0,880,791,5704.0,01900990008R1AC04,191,101641,654,861,2+520,0+000,1449,1.449,R2,AC,20240726,ส.008,
2285,2.06,0.0,1.03,5710,5715,20240726RUN02,13.854735705318832,100.48698129874981,5.115047081911608,3.554157998145105,4.3346025400283565,4.767049028861252,5710,6180,0,880,792,5711.0,01900990008R1AC04,191,101641,654,861,2+520,0+000,1449,1.449,R2,AC,20240726,ส.008,
2287,1.91,0.0,0.96,5715,5720,20240726RUN02,13.854725994880278,100.48702647119944,5.115047081911608,3.554157998145105,4.3346025400283565,4.1543230350100915,5715,6180,0,880,793,5718.0,01900990008R1AC04,191,101641,654,861,2+520,0+000,1449,1.449,R2,AC,20240726,ส.008,
2291,1.82,0.0,0.91,5725,5730,20240726RUN02,13.85470777344826,100.48711707557688,3.707281535507943,2.937708845339226,3.3224951904235844,3.2717813322359506,5725,6180,0,880,794,5726.0,01900990008R1AC04,191,101641,654,861,2+520,0+000,1449,1.449,R2,AC,20240726,ส.008,
2293,1.08,0.0,0.54,5730,5735,20240726RUN02,13.854699515030655,100.4871625492212,3.707281535507943,2.937708845339226,3.3224951904235844,3.2615284071831163,5730,6180,0,880,795,5733.0,01900990008R1AC04,191,101641,654,861,2+520,0+000,1449,1.449,R2,AC,20240726,ส.008,
2297,0.99,0.0,0.5,5740,5745,20240726RUN02,13.854684965307271,100.48725384430817,2.7626561637947478,2.6406354474309053,2.7016458056128263,2.549474180828917,5740,6180,0,880,796,5740.0,01900990008R1AC04,191,101641,654,861,2+520,0+000,1449,1.449,R2,AC,20240726,ส.008,
2299,0.87,0.0,0.44,5745,5750,20240726RUN02,13.854679012320357,100.48729969298691,2.7626561637947478,2.6406354474309053,2.7016458056128263,2.631872853559649,5745,6180,0,880,797,5747.0,01900990008R1AC04,191,101641,654,861,2+520,0+000,1449,1.449,R2,AC,20240726,ส.008,
2303,1.6,0.04,0.82,5755,5760,20240726RUN02,13.854670686243171,100.48739179356139,2.7626561637947478,2.6406354474309053,2.7016458056128263,2.9652368414285686,5755,6180,0,880,798,5755.0,01900990008R1AC04,191,101641,654,861,2+520,0+000,1449,1.449,R2,AC,20240726,ส.008,
2305,2.27,0.01,1.14,5760,5765,20240726RUN02,13.854668417777038,100.48743798647554,4.035228409388925,4.324022019916407,4.179625214652665,4.35840508897724,5760,6180,0,880,799,5762.0,01900990008R1AC04,191,101641,654,861,2+520,0+000,1449,1.449,R2,AC,20240726,ส.008,
2307,1.45,0.38,0.92,5765,5770,20240726RUN02,13.854667432029702,100.48748422666279,4.035228409388925,4.324022019916407,4.179625214652665,4.467293527475718,5765,6180,0,880,800,5769.0,01900990008R1AC04,191,101641,654,861,2+520,0+000,1449,1.449,R2,AC,20240726,ส.008,
2311,1.98,0.02,1.0,5775,5780,20240726RUN02,13.85466937132977,100.48757669667886,4.035228409388925,4.324022019916407,4.179625214652665,3.9052169143762545,5775,6180,0,880,801,5776.0,01900990008R1AC04,191,101641,654,861,2+520,0+000,1449,1.449,R2,AC,20240726,ส.008,
2313,1.2,0.08,0.64,5780,5785,20240726RUN02,13.8546724040622,100.48762284364767,3.517194646596507,2.951987745367377,3.234591195981942,3.436616652987988,5780,6180,0,880,802,5783.0,01900990008R1AC04,191,101641,654,861,2+520,0+000,1449,1.449,R2,AC,20240726,ส.008,
2317,1.52,0.11,0.82,5790,5795,20240726RUN02,13.854681782048743,100.48771484236258,3.517194646596507,2.951987745367377,3.234591195981942,3.384103934602554,5790,6180,0,880,803,5791.0,01900990008R1AC04,191,101641,654,861,2+520,0+000,1449,1.449,R2,AC,20240726,ส.008,
2319,1.48,0.23,0.86,5795,5800,20240726RUN02,13.85468790699844,100.48776066753886,3.517194646596507,2.951987745367377,3.234591195981942,2.940247164763206,5795,6180,0,880,804,5798.0,01900990008R1AC04,191,101641,654,861,2+520,0+000,1449,1.449,R2,AC,20240726,ส.008,
2323,0.6,0.23,0.42,5805,5810,20240726RUN02,13.854702901586856,100.4878518849148,2.581174988490112,3.1808441993311725,2.881009593910642,2.9804729334839286,5805,6180,0,880,805,5805.0,01900990008R1AC04,191,101641,654,861,2+520,0+000,1449,1.449,R2,AC,20240726,ส.008,
2325,0.4,0.18,0.29,5810,5815,20240726RUN02,13.854712136190823,100.48789715925963,2.581174988490112,3.1808441993311725,2.881009593910642,2.832193034220889,5810,6180,0,880,806,5812.0,01900990008R1AC04,191,101641,654,861,2+520,0+000,1449,1.449,R2,AC,20240726,ส.008,
2327,1.46,0.97,1.21,5815,5820,20240726RUN02,13.85472303787941,100.48794204331143,2.581174988490112,3.1808441993311725,2.881009593910642,2.8358404351820954,5815,6180,0,880,807,5819.0,01900990008R1AC04,191,101641,654,861,2+520,0+000,1449,1.449,R2,AC,20240726,ส.008,
2331,1.16,0.91,1.03,5825,5830,20240726RUN02,13.854748487452849,100.4880307978139,1.9339742419266197,2.6190647901558,2.27651951604121,2.1206659564898893,5825,6180,0,880,808,5827.0,01900990008R1AC04,191,101641,654,861,2+520,0+000,1449,1.449,R2,AC,20240726,ส.008,
2333,0.82,0.61,0.72,5830,5835,20240726RUN02,13.854762468469449,100.4880747812326,1.9339742419266197,2.6190647901558,2.27651951604121,2.0775561906744984,5830,6180,0,880,809,5834.0,01900990008R1AC04,191,101641,654,861,2+520,0+000,1449,1.449,R2,AC,20240726,ส.008,
2337,2.2,0.56,1.38,5840,5845,20240726RUN02,13.854792130444753,100.48816216130963,2.7315601572568027,2.9830431358352643,2.8573016465460332,2.9198817119831046,5840,6180,0,880,810,5841.0,01900990008R1AC04,191,101641,654,861,2+520,0+000,1449,1.449,R2,AC,20240726,ส.008,
2339,1.58,0.61,1.1,5845,5850,20240726RUN02,13.854807689465035,100.48820558635796,2.7315601572568027,2.9830431358352643,2.8573016465460332,2.71964433991857,5845,6180,0,880,811,5848.0,01900990008R1AC04,191,101641,654,861,2+520,0+000,1449,1.449,R2,AC,20240726,ส.008,
2343,0.94,1.09,1.02,5855,5860,20240726RUN02,13.85483997855154,100.48829198673802,2.7315601572568027,2.9830431358352643,2.8573016465460332,2.951264107988859,5855,6180,0,880,812,5855.0,01900990008R1AC04,191,101641,654,861,2+520,0+000,1449,1.449,R2,AC,20240726,ส.008,
2345,0.98,0.95,0.96,5860,5865,20240726RUN02,13.854856616665144,100.48833499078728,2.2952659017755908,2.139716942738328,2.217491422256959,2.0846193636446664,5860,6180,0,880,813,5863.0,01900990008R1AC04,191,101641,654,861,2+520,0+000,1449,1.449,R2,AC,20240726,ส.008,
2349,0.64,0.3,0.47,5870,5875,20240726RUN02,13.854890960886253,100.48842055666033,2.2952659017755908,2.139716942738328,2.217491422256959,2.033670585104641,5870,6180,0,880,814,5870.0,01900990008R1AC04,191,101641,654,861,2+520,0+000,1449,1.449,R2,AC,20240726,ส.008,
2351,0.7,0.69,0.7,5875,5880,20240726RUN02,13.854908852787865,100.48846302995298,2.2952659017755908,2.139716942738328,2.217491422256959,2.36107813945189,5875,6180,0,880,815,5877.0,01900990008R1AC04,191,101641,654,861,2+520,0+000,1449,1.449,R2,AC,20240726,ส.008,
2353,0.48,0.58,0.53,5880,5885,20240726RUN02,13.854927300518087,100.48850525348077,2.1535060091459792,3.1010306901517817,2.6272683496488805,2.6939345639733157,5880,6180,0,880,816,5884.0,01900990008R1AC04,191,101641,654,861,2+520,0+000,1449,1.449,R2,AC,20240726,ส.008,
2357,0.78,0.89,0.84,5890,5895,20240726RUN02,13.85496591230388,100.48858888987218,2.1535060091459792,3.1010306901517817,2.6272683496488805,2.5114431200364273,5890,6180,0,880,817,5892.0,01900990008R1AC04,191,101641,654,861,2+520,0+000,1449,1.449,R2,AC,20240726,ส.008,
2359,1.3,0.16,0.73,5895,5900,20240726RUN02,13.854986172557002,100.48863023377848,2.1535060091459792,3.1010306901517817,2.6272683496488805,2.728268230546471,5895,6180,0,880,818,5899.0,01900990008R1AC04,191,101641,654,861,2+520,0+000,1449,1.449,R2,AC,20240726,ส.008,
2363,7.38,0.37,3.88,5905,5910,20240726RUN02,13.855028559236404,100.48871193278589,9.132801853258645,9.251330359689792,9.192066106474218,9.232765781914686,5905,6180,0,880,819,5906.0,01900990008R1AC04,191,101641,654,861,2+520,0+000,1449,1.449,R2,AC,20240726,ส.008,
2365,3.6,0.08,1.84,5910,5915,20240726RUN02,13.855051629168809,100.48875168987523,9.132801853258645,9.251330359689792,9.192066106474218,9.373154094973032,5910,6180,0,880,820,5913.0,01900990008R1AC04,191,101641,654,861,2+520,0+000,1449,1.449,R2,AC,20240726,ส.008,
2369,0.74,0.0,0.37,5920,5925,20240726RUN02,13.855110080685895,100.488821950562,3.6580642616961145,4.528853230984193,4.093458746340154,4.237668398775799,5920,6180,0,880,821,5920.0,01900990008R1AC04,191,101641,654,861,2+520,0+000,1449,1.449,R2,AC,20240726,ส.008,
2371,0.81,0.0,0.4,5925,5930,20240726RUN02,13.855143409710529,100.4888531825544,3.6580642616961145,4.528853230984193,4.093458746340154,3.8492419364848174,5925,6180,0,880,822,5928.0,01900990008R1AC04,191,101641,654,861,2+520,0+000,1449,1.449,R2,AC,20240726,ส.008,
2375,0.93,0.0,0.46,5935,5940,20240726RUN02,13.855211760454864,100.4889137064388,3.6580642616961145,4.528853230984193,4.093458746340154,3.8487248636057956,5935,6180,0,880,823,5935.0,01900990008R1AC04,191,101641,654,861,2+520,0+000,1449,1.449,R2,AC,20240726,ส.008,
2377,0.83,0.0,0.42,5940,5945,20240726RUN02,13.855246089322993,100.48894378681317,4.121278931907206,4.307183332957204,4.2142311324322055,4.231608231715073,5940,6180,0,880,824,5942.0,01900990008R1AC04,191,101641,654,861,2+520,0+000,1449,1.449,R2,AC,20240726,ส.008,
2379,0.95,0.0,0.48,5945,5950,20240726RUN02,13.855280355817206,100.48897394142828,4.121278931907206,4.307183332957204,4.2142311324322055,4.047962452662693,5945,6180,0,880,825,5949.0,01900990008R1AC04,191,101641,654,861,2+520,0+000,1449,1.449,R2,AC,20240726,ส.008,
2383,1.27,0.0,0.64,5955,5960,20240726RUN02,13.855348600889931,100.48903459132383,4.121278931907206,4.307183332957204,4.2142311324322055,3.9435402377296724,5955,6180,0,880,826,5956.0,01900990008R1AC04,191,101641,654,861,2+520,0+000,1449,1.449,R2,AC,20240726,ส.008,
2385,0.59,0.0,0.3,5960,5965,20240726RUN02,13.85538260724113,100.48906505271798,3.777690780806272,4.548822862369503,4.163256821587888,4.20338650690712,5960,6180,0,880,827,5964.0,01900990008R1AC04,191,101641,654,861,2+520,0+000,1449,1.449,R2,AC,20240726,ส.008,
2389,1.79,0.0,0.9,5970,5975,20240726RUN02,13.85545039176555,100.4891262410225,3.777690780806272,4.548822862369503,4.163256821587888,3.9801196117293656,5970,6180,0,880,828,5971.0,01900990008R1AC04,191,101641,654,861,2+520,0+000,1449,1.449,R2,AC,20240726,ส.008,
2391,1.29,0.0,0.64,5975,5980,20240726RUN02,13.855484063741038,100.4891570887177,3.777690780806272,4.548822862369503,4.163256821587888,4.2553090475833475,5975,6180,0,880,829,5978.0,01900990008R1AC04,191,101641,654,861,2+520,0+000,1449,1.449,R2,AC,20240726,ส.008,
2395,2.1,0.0,1.05,5985,5990,20240726RUN02,13.855550175603117,100.4892201582548,4.517314768024077,4.75568611366411,4.6365004408440935,4.327471886915497,5985,6180,0,880,830,5985.0,01900990008R1AC04,191,101641,654,861,2+520,0+000,1449,1.449,R2,AC,20240726,ส.008,
2397,0.74,0.0,0.37,5990,5995,20240726RUN02,13.855582334909942,100.48925265172953,4.517314768024077,4.75568611366411,4.6365004408440935,4.611040729916546,5990,6180,0,880,831,5993.0,01900990008R1AC04,191,101641,654,861,2+520,0+000,1449,1.449,R2,AC,20240726,ส.008,
2401,1.03,0.05,0.54,6000,6005,20240726RUN02,13.855644538001004,100.48931975315013,2.6328940011740665,2.591406273283977,2.6121501372290217,2.4031800786923645,6000,6180,0,880,832,6000.0,01900990008R1AC04,191,101641,654,861,2+520,0+000,1449,1.449,R2,AC,20240726,ส.008,
2403,1.02,0.0,0.51,6005,6010,20240726RUN02,13.855674583903356,100.48935430084629,2.6328940011740665,2.591406273283977,2.6121501372290217,2.8537503091864034,6005,6180,0,880,833,6007.0,01900990008R1AC04,191,101641,654,861,2+520,0+000,1449,1.449,R2,AC,20240726,ส.008,
2405,0.55,0.0,0.28,6010,6015,20240726RUN02,13.85570400679943,100.48938940552362,2.6328940011740665,2.591406273283977,2.6121501372290217,2.3895991451347576,6010,6180,0,880,834,6014.0,01900990008R1AC04,191,101641,654,861,2+520,0+000,1449,1.449,R2,AC,20240726,ส.008,
2409,0.66,0.0,0.33,6020,6025,20240726RUN02,13.855761088797989,100.48946111955371,6.4985743281015385,7.559343106447097,7.0289587172743175,6.548466907299946,6020,6180,0,880,835,6021.0,01900990008R1AC04,191,101641,654,861,2+520,0+000,1449,1.449,R2,AC,20240726,ส.008,
2411,1.08,0.0,0.54,6025,6030,20240726RUN02,13.855788701630235,100.48949773220782,6.4985743281015385,7.559343106447097,7.0289587172743175,6.930054426872455,6025,6180,0,880,836,6029.0,01900990008R1AC04,191,101641,654,861,2+520,0+000,1449,1.449,R2,AC,20240726,ส.008,
2415,1.21,0.0,0.6,6035,6040,20240726RUN02,13.855841763728229,100.48957260752115,6.4985743281015385,7.559343106447097,7.0289587172743175,7.464163085900914,6035,6180,0,880,837,6036.0,01900990008R1AC04,191,101641,654,861,2+520,0+000,1449,1.449,R2,AC,20240726,ส.008,
2417,1.1,0.0,0.55,6040,6045,20240726RUN02,13.855867052502168,100.48961093809905,7.530536165895555,6.866144508551196,7.198340337223375,7.632718257838206,6040,6180,0,880,838,6043.0,01900990008R1AC04,191,101641,654,861,2+520,0+000,1449,1.449,R2,AC,20240726,ส.008,
2421,1.43,0.0,0.72,6050,6055,20240726RUN02,13.855914785699124,100.48968947902227,7.530536165895555,6.866144508551196,7.198340337223375,7.25706280459626,6050,6180,0,880,839,6050.0,01900990008R1AC04,191,101641,654,861,2+520,0+000,1449,1.449,R2,AC,20240726,ส.008,
2423,1.7,0.0,0.85,6055,6060,20240726RUN02,13.855937302752508,100.48972958095278,7.530536165895555,6.866144508551196,7.198340337223375,6.818895710721214,6055,6180,0,880,840,6057.0,01900990008R1AC04,191,101641,654,861,2+520,0+000,1449,1.449,R2,AC,20240726,ส.008,
2427,2.43,0.0,1.22,6065,6070,20240726RUN02,13.85597990310115,100.48981115981624,5.569863887448333,4.514422438922304,5.042143163185319,4.9832545076025685,6065,6180,0,880,841,6065.0,01900990008R1AC04,191,101641,654,861,2+520,0+000,1449,1.449,R2,AC,20240726,ส.008,
2429,2.1,0.0,1.05,6070,6075,20240726RUN02,13.855999851095534,100.48985266164745,5.569863887448333,4.514422438922304,5.042143163185319,5.414056807481538,6070,6180,0,880,842,6072.0,01900990008R1AC04,191,101641,654,861,2+520,0+000,1449,1.449,R2,AC,20240726,ส.008,
2431,1.76,0.0,0.88,6075,6080,20240726RUN02,13.856018815837631,100.48989464347004,5.569863887448333,4.514422438922304,5.042143163185319,5.070419622389032,6075,6180,0,880,843,6079.0,01900990008R1AC04,191,101641,654,861,2+520,0+000,1449,1.449,R2,AC,20240726,ส.008,
2435,1.88,0.0,0.94,6085,6090,20240726RUN02,13.856053757538186,100.4899799481655,6.403875896620429,5.234916041203264,5.819395968911847,5.244675647415003,6085,6180,0,880,844,6086.0,01900990008R1AC04,191,101641,654,861,2+520,0+000,1449,1.449,R2,AC,20240726,ส.008,
2437,2.86,0.2,1.53,6090,6095,20240726RUN02,13.85606981109381,100.49002318331709,6.403875896620429,5.234916041203264,5.819395968911847,5.870157095168692,6090,6180,0,880,845,6093.0,01900990008R1AC04,191,101641,654,861,2+520,0+000,1449,1.449,R2,AC,20240726,ส.008,
2441,1.66,0.0,0.83,6100,6105,20240726RUN02,13.856098793069394,100.49011079542335,6.735490780935555,6.6207864706745,6.678138625805028,6.738569683065364,6100,6180,0,880,846,6101.0,01900990008R1AC04,191,101641,654,861,2+520,0+000,1449,1.449,R2,AC,20240726,ส.008,
2443,4.63,0.5,2.56,6105,6110,20240726RUN02,13.856111531430777,100.49015517099208,6.735490780935555,6.6207864706745,6.678138625805028,7.334367149492705,6105,6180,0,880,847,6108.0,01900990008R1AC04,191,101641,654,861,2+520,0+000,1449,1.449,R2,AC,20240726,ส.008,
2447,4.52,0.0,2.26,6115,6120,20240726RUN02,13.856133616803673,100.49024486673551,6.735490780935555,6.6207864706745,6.678138625805028,6.184030225568675,6115,6180,0,880,848,6115.0,01900990008R1AC04,191,101641,654,861,2+520,0+000,1449,1.449,R2,AC,20240726,ส.008,
2449,4.69,0.11,2.4,6120,6125,20240726RUN02,13.856143672396431,100.49028996004124,4.782250531411579,5.930026597824543,5.356138564618061,4.942161978870131,6120,6180,0,880,849,6122.0,01900990008R1AC04,191,101641,654,861,2+520,0+000,1449,1.449,R2,AC,20240726,ส.008,
2453,2.55,0.11,1.33,6130,6135,20240726RUN02,13.85616210068453,100.49038052072154,4.782250531411579,5.930026597824543,5.356138564618061,5.514314204964315,6130,6180,0,880,850,6130.0,01900990008R1AC04,191,101641,654,861,2+520,0+000,1449,1.449,R2,AC,20240726,ส.008,
2455,2.28,0.89,1.58,6135,6140,20240726RUN02,13.856170369721864,100.49042599265428,4.782250531411579,5.930026597824543,5.356138564618061,5.422666093327886,6135,6180,0,880,851,6137.0,01900990008R1AC04,191,101641,654,861,2+520,0+000,1449,1.449,R2,AC,20240726,ส.008,
2457,4.39,0.49,2.44,6140,6145,20240726RUN02,13.856178036612794,100.49047157503969,4.7434123091913545,7.756644936344405,6.25002862276788,6.671092929564026,6140,6180,0,880,852,6144.0,01900990008R1AC04,191,101641,654,861,2+520,0+000,1449,1.449,R2,AC,20240726,ส.008,
2461,6.98,0.59,3.78,6150,6155,20240726RUN02,13.856192049565433,100.49056296119194,4.7434123091913545,7.756644936344405,6.25002862276788,5.976582041970617,6150,6180,0,880,853,6151.0,01900990008R1AC04,191,101641,654,861,2+520,0+000,1449,1.449,R2,AC,20240726,ส.008,
2463,4.22,0.54,2.38,6155,6160,20240726RUN02,13.85619826764674,100.49060877421883,4.7434123091913545,7.756644936344405,6.25002862276788,6.350594412353473,6155,6180,0,880,854,6158.0,01900990008R1AC04,191,101641,654,861,2+520,0+000,1449,1.449,R2,AC,20240726,ส.008,
2467,3.01,0.35,1.68,6165,6170,20240726RUN02,13.856209283297465,100.49070059006249,,,,,6165,6180,0,880,855,6166.0,01900990008R1AC04,191,101641,654,861,2+520,0+000,1449,1.449,R2,AC,20240726,ส.008,
2469,1.75,0.4,1.08,6170,6175,20240726RUN02,13.856214272394014,100.49074656028216,,,,,6170,6180,0,880,856,6173.0,01900990008R1AC04,191,101641,654,861,2+520,0+000,1449,1.449,R2,AC,20240726,ส.008,
2473,2.6,2.64,2.62,6180,6185,20240726RUN02,13.856223935273565,100.49083853608572,,,,,6180,6180,0,880,857,6180.0,01900990008R1AC04,191,101641,654,861,2+520,0+000,1449,1.449,R2,AC,20240726,ส.008,
2608,2.56,0.0,1.28,335,340,20240726RUN03,13.855809889762984,100.48968811391968,6.669262653956409,7.756346658180496,7.212804656068452,6.744509784588866,335,6035,0,857,47,339.0,01900990008L1AC05,191,101641,47,252,0+000,2+520,1435,1.435,L2,AC,20240726,ส.008,
2612,2.16,0.0,1.08,345,350,20240726RUN03,13.855759933505897,100.4896110299772,3.1626271192007263,3.485583215812932,3.324105167506829,3.45658282258314,345,6035,0,857,48,346.0,01900990008L1AC05,191,101641,47,252,0+000,2+520,1435,1.435,L2,AC,20240726,ส.008,
2614,3.63,0.0,1.82,350,355,20240726RUN03,13.855733680294628,100.4895733826937,3.1626271192007263,3.485583215812932,3.324105167506829,3.304500963352361,350,6035,0,857,49,353.0,01900990008L1AC05,191,101641,47,252,0+000,2+520,1435,1.435,L2,AC,20240726,ส.008,
2618,4.6,0.0,2.3,360,365,20240726RUN03,13.855678634002562,100.48950002216502,9.029255672606798,5.200635189681679,7.114945431144239,7.643935452919247,360,6035,0,857,50,361.0,01900990008L1AC05,191,101641,47,252,0+000,2+520,1435,1.435,L2,AC,20240726,ส.008,
2620,6.7,0.0,3.35,365,370,20240726RUN03,13.855649779182993,100.4894644254874,9.029255672606798,5.200635189681679,7.114945431144239,6.935355295284749,365,6035,0,857,51,368.0,01900990008L1AC05,191,101641,47,252,0+000,2+520,1435,1.435,L2,AC,20240726,ส.008,
2624,8.66,0.0,4.33,375,380,20240726RUN03,13.855589594698097,100.48939542008972,9.029255672606798,5.200635189681679,7.114945431144239,6.795178384473104,375,6035,0,857,52,375.0,01900990008L1AC05,191,101641,47,252,0+000,2+520,1435,1.435,L2,AC,20240726,ส.008,
2626,8.28,0.0,4.14,380,385,20240726RUN03,13.855558318592658,100.48936203402255,-1.0,54.15408094553801,26.577040472769006,28.40913713381522,380,6035,0,857,53,382.0,01900990008L1AC05,191,101641,47,252,0+000,2+520,1435,1.435,L2,AC,20240726,ส.008,
2628,0.0,0.0,0.0,385,390,20240726RUN03,13.855526274329867,100.48932941998565,-1.0,54.15408094553801,26.577040472769006,24.61947063114709,385,6035,0,857,54,389.0,01900990008L1AC05,191,101641,47,252,0+000,2+520,1435,1.435,L2,AC,20240726,ส.008,
2632,0.0,0.0,0.0,395,400,20240726RUN03,13.85546010283673,100.48926641330497,-1.0,54.15408094553801,26.577040472769006,26.58912766227903,395,6035,0,857,55,397.0,01900990008L1AC05,191,101641,47,252,0+000,2+520,1435,1.435,L2,AC,20240726,ส.008,
2634,0.0,0.0,0.0,400,405,20240726RUN03,0.0,0.0,-1.0,-1.0,-1.0,-1.0777668021379931,400,6035,0,857,56,404.0,01900990008L1AC05,191,101641,47,252,0+000,2+520,1435,1.435,L2,AC,20240726,ส.008,
2638,0.0,0.0,0.0,410,415,20240726RUN03,0.0,0.0,-1.0,-1.0,-1.0,-1.0379434460960424,410,6035,0,857,57,411.0,01900990008L1AC05,191,101641,47,252,0+000,2+520,1435,1.435,L2,AC,20240726,ส.008,
2640,0.0,0.0,0.0,415,420,20240726RUN03,0.0,0.0,-1.0,-1.0,-1.0,-0.9674842771762389,415,6035,0,857,58,418.0,01900990008L1AC05,191,101641,47,252,0+000,2+520,1435,1.435,L2,AC,20240726,ส.008,
2644,0.0,0.0,0.0,425,430,20240726RUN03,13.85525426327347,100.48908577615899,-1.0,-1.0,-1.0,-1.0890447734471647,425,6035,0,857,59,425.0,01900990008L1AC05,191,101641,47,252,0+000,2+520,1435,1.435,L2,AC,20240726,ส.008,
2646,0.0,0.0,0.0,430,435,20240726RUN03,13.855219903562613,100.48905573038171,-1.0,-1.0,-1.0,-1.0182792634632176,430,6035,0,857,60,433.0,01900990008L1AC05,191,101641,47,252,0+000,2+520,1435,1.435,L2,AC,20240726,ส.008,
2650,0.0,0.0,0.0,440,445,20240726RUN03,13.85515153351275,100.48899522382132,16.068264619908405,36.35908023416439,26.213672427036396,26.15441803830184,440,6035,0,857,61,440.0,01900990008L1AC05,191,101641,47,252,0+000,2+520,1435,1.435,L2,AC,20240726,ส.008,
2652,0.0,0.0,0.0,445,450,20240726RUN03,13.855117576192688,100.48896470289942,16.068264619908405,36.35908023416439,26.213672427036396,26.379750153104187,445,6035,0,857,62,447.0,01900990008L1AC05,191,101641,47,252,0+000,2+520,1435,1.435,L2,AC,20240726,ส.008,
2654,0.0,1.95,0.98,450,455,20240726RUN03,13.855083809967024,100.48893396087722,16.068264619908405,36.35908023416439,26.213672427036396,25.833895004003722,450,6035,0,857,63,454.0,01900990008L1AC05,191,101641,47,252,0+000,2+520,1435,1.435,L2,AC,20240726,ส.008,
2658,0.0,3.08,1.54,460,465,20240726RUN03,13.855017003121507,100.48887165382085,3.816684481174134,5.46857112211977,4.642627801646952,4.93406563100228,460,6035,0,857,64,462.0,01900990008L1AC05,191,101641,47,252,0+000,2+520,1435,1.435,L2,AC,20240726,ส.008,
2660,0.0,1.36,0.68,465,470,20240726RUN03,13.854984094892641,100.48883995260815,3.816684481174134,5.46857112211977,4.642627801646952,5.089410217035545,465,6035,0,857,65,469.0,01900990008L1AC05,191,101641,47,252,0+000,2+520,1435,1.435,L2,AC,20240726,ส.008,
2664,0.0,2.53,1.26,475,480,20240726RUN03,13.854919589235275,100.48877515881452,3.816684481174134,5.46857112211977,4.642627801646952,4.557501468139906,475,6035,0,857,66,476.0,01900990008L1AC05,191,101641,47,252,0+000,2+520,1435,1.435,L2,AC,20240726,ส.008,
2666,0.0,2.21,1.1,480,485,20240726RUN03,13.85488815053227,100.48874193275167,2.288528007442611,2.807995553741638,2.5482617805921244,2.3079222871953027,480,6035,0,857,67,483.0,01900990008L1AC05,191,101641,47,252,0+000,2+520,1435,1.435,L2,AC,20240726,ส.008,
2670,0.61,2.69,1.65,490,495,20240726RUN03,13.854827624476176,100.48867324373641,2.288528007442611,2.807995553741638,2.5482617805921244,2.6770675147567564,490,6035,0,857,68,490.0,01900990008L1AC05,191,101641,47,252,0+000,2+520,1435,1.435,L2,AC,20240726,ส.008,
2672,1.34,2.57,1.96,495,500,20240726RUN03,13.854798759597422,100.4886376565913,2.288528007442611,2.807995553741638,2.5482617805921244,2.7926550690248666,495,6035,0,857,69,498.0,01900990008L1AC05,191,101641,47,252,0+000,2+520,1435,1.435,L2,AC,20240726,ส.008,
2676,2.04,0.53,1.28,505,510,20240726RUN03,13.854744591044458,100.48856362731948,3.0806647020178057,3.231256913695296,3.155960807856551,3.3462130844068234,505,6035,0,857,70,505.0,01900990008L1AC05,191,101641,47,252,0+000,2+520,1435,1.435,L2,AC,20240726,ส.008,
2678,3.12,0.05,1.58,510,515,20240726RUN03,13.854719474286325,100.48852517825513,3.0806647020178057,3.231256913695296,3.155960807856551,3.0038000597969616,510,6035,0,857,71,512.0,01900990008L1AC05,191,101641,47,252,0+000,2+520,1435,1.435,L2,AC,20240726,ส.008,
2680,3.13,0.0,1.56,515,520,20240726RUN03,13.85469567923441,100.48848585811521,3.0806647020178057,3.231256913695296,3.155960807856551,2.8711522077339513,515,6035,0,857,72,519.0,01900990008L1AC05,191,101641,47,252,0+000,2+520,1435,1.435,L2,AC,20240726,ส.008,
2684,3.1,0.0,1.55,525,530,20240726RUN03,13.854651944050335,100.48840492088198,3.223862584747468,3.6817814882244178,3.4528220364859425,3.3185902818015127,525,6035,0,857,73,526.0,01900990008L1AC05,191,101641,47,252,0+000,2+520,1435,1.435,L2,AC,20240726,ส.008,
2686,3.4,0.0,1.7,530,535,20240726RUN03,13.854631941925593,100.48836344656502,3.223862584747468,3.6817814882244178,3.4528220364859425,3.6809960067794307,530,6035,0,857,74,534.0,01900990008L1AC05,191,101641,47,252,0+000,2+520,1435,1.435,L2,AC,20240726,ส.008,
2690,2.02,0.0,1.01,540,545,20240726RUN03,13.854595424537692,100.4882788401519,4.049970957803723,4.273876119286043,4.161923538544883,4.012641156629442,540,6035,0,857,75,541.0,01900990008L1AC05,191,101641,47,252,0+000,2+520,1435,1.435,L2,AC,20240726,ส.008,
2692,4.04,0.0,2.02,545,550,20240726RUN03,13.85457898515235,100.48823575780904,4.049970957803723,4.273876119286043,4.161923538544883,3.9415928317815707,545,6035,0,857,76,548.0,01900990008L1AC05,191,101641,47,252,0+000,2+520,1435,1.435,L2,AC,20240726,ส.008,
2696,2.76,0.0,1.38,555,560,20240726RUN03,13.854550067412044,100.48814813038483,4.049970957803723,4.273876119286043,4.161923538544883,4.534183118220803,555,6035,0,857,77,555.0,01900990008L1AC05,191,101641,47,252,0+000,2+520,1435,1.435,L2,AC,20240726,ส.008,
2698,2.75,0.0,1.38,560,565,20240726RUN03,13.85453775674481,100.48810362907523,1.991132039857845,2.523850946356305,2.257491493107075,2.3153618895366543,560,6035,0,857,78,562.0,01900990008L1AC05,191,101641,47,252,0+000,2+520,1435,1.435,L2,AC,20240726,ส.008,
2702,3.62,0.0,1.81,570,575,20240726RUN03,13.854517914875405,100.48801340102699,1.991132039857845,2.523850946356305,2.257491493107075,2.111453400950916,570,6035,0,857,79,570.0,01900990008L1AC05,191,101641,47,252,0+000,2+520,1435,1.435,L2,AC,20240726,ส.008,
2704,3.62,0.0,1.81,575,580,20240726RUN03,13.854510461457775,100.48796778391197,1.991132039857845,2.523850946356305,2.257491493107075,2.302935285421396,575,6035,0,857,80,577.0,01900990008L1AC05,191,101641,47,252,0+000,2+520,1435,1.435,L2,AC,20240726,ส.008,
2706,3.44,0.0,1.72,580,585,20240726RUN03,13.854504627667168,100.48792192038562,1.882147899240162,2.000230465631038,1.9411891824356,2.0809738559481628,580,6035,0,857,81,584.0,01900990008L1AC05,191,101641,47,252,0+000,2+520,1435,1.435,L2,AC,20240726,ส.008,
2710,3.29,0.0,1.64,590,595,20240726RUN03,13.854497629132021,100.48782970990077,1.882147899240162,2.000230465631038,1.9411891824356,1.9767047268361988,590,6035,0,857,82,591.0,01900990008L1AC05,191,101641,47,252,0+000,2+520,1435,1.435,L2,AC,20240726,ส.008,
2712,3.42,0.0,1.71,595,600,20240726RUN03,13.854496430012865,100.48778347553345,1.882147899240162,2.000230465631038,1.9411891824356,1.9347192352897937,595,6035,0,857,83,599.0,01900990008L1AC05,191,101641,47,252,0+000,2+520,1435,1.435,L2,AC,20240726,ส.008,
2716,3.51,0.0,1.76,605,610,20240726RUN03,13.854498603817323,100.48769101243856,4.935381365909083,3.875106682798612,4.4052440243538475,4.093395302934674,605,6035,0,857,84,606.0,01900990008L1AC05,191,101641,47,252,0+000,2+520,1435,1.435,L2,AC,20240726,ส.008,
2718,4.77,0.0,2.38,610,615,20240726RUN03,13.854501705314135,100.48764486970047,4.935381365909083,3.875106682798612,4.4052440243538475,4.034965127706949,610,6035,0,857,85,613.0,01900990008L1AC05,191,101641,47,252,0+000,2+520,1435,1.435,L2,AC,20240726,ส.008,
2722,2.98,0.0,1.49,620,625,20240726RUN03,13.854510693029207,100.48755282665309,2.7860582678847625,3.202721180593021,2.994389724238892,3.254930059535318,620,6035,0,857,86,620.0,01900990008L1AC05,191,101641,47,252,0+000,2+520,1435,1.435,L2,AC,20240726,ส.008,
2724,2.26,0.0,1.13,625,630,20240726RUN03,13.854516267949691,100.48750692739925,2.7860582678847625,3.202721180593021,2.994389724238892,2.8398611585862334,625,6035,0,857,87,627.0,01900990008L1AC05,191,101641,47,252,0+000,2+520,1435,1.435,L2,AC,20240726,ส.008,
2728,1.4,0.0,0.7,635,640,20240726RUN03,13.85452930154887,100.48741539018715,2.7860582678847625,3.202721180593021,2.994389724238892,3.079919573908297,635,6035,0,857,88,635.0,01900990008L1AC05,191,101641,47,252,0+000,2+520,1435,1.435,L2,AC,20240726,ส.008,
2730,1.58,0.0,0.79,640,645,20240726RUN03,13.854536390182043,100.48736970975939,3.840072902118102,3.785384456259696,3.812728679188899,3.6419210831560265,640,6035,0,857,89,642.0,01900990008L1AC05,191,101641,47,252,0+000,2+520,1435,1.435,L2,AC,20240726,ส.008,
2732,1.81,0.0,0.9,645,650,20240726RUN03,13.85454378148944,100.48732407960257,3.840072902118102,3.785384456259696,3.812728679188899,4.172468768527144,645,6035,0,857,90,649.0,01900990008L1AC05,191,101641,47,252,0+000,2+520,1435,1.435,L2,AC,20240726,ส.008,
2736,1.97,0.0,0.98,655,660,20240726RUN03,13.854559589705879,100.4872330004541,3.840072902118102,3.785384456259696,3.812728679188899,3.603888016969057,655,6035,0,857,91,656.0,01900990008L1AC05,191,101641,47,252,0+000,2+520,1435,1.435,L2,AC,20240726,ส.008,
2738,3.41,0.0,1.7,660,665,20240726RUN03,13.854568118034402,100.48718757868124,4.447185249634674,4.680260819100564,4.563723034367619,4.174323431783605,660,6035,0,857,92,663.0,01900990008L1AC05,191,101641,47,252,0+000,2+520,1435,1.435,L2,AC,20240726,ส.008,
2742,0.97,0.0,0.48,670,675,20240726RUN03,13.854586636612474,100.48709703673079,4.447185249634674,4.680260819100564,4.563723034367619,4.732369829379368,670,6035,0,857,93,671.0,01900990008L1AC05,191,101641,47,252,0+000,2+520,1435,1.435,L2,AC,20240726,ส.008,
2744,0.56,0.0,0.28,675,680,20240726RUN03,13.85459645299189,100.4870518880805,4.447185249634674,4.680260819100564,4.563723034367619,4.535208078387659,675,6035,0,857,94,678.0,01900990008L1AC05,191,101641,47,252,0+000,2+520,1435,1.435,L2,AC,20240726,ส.008,
2748,0.94,0.0,0.47,685,690,20240726RUN03,13.854616931350517,100.48696178821474,3.244916716476644,3.2462079923079137,3.2455623543922787,3.3406422662120705,685,6035,0,857,95,685.0,01900990008L1AC05,191,101641,47,252,0+000,2+520,1435,1.435,L2,AC,20240726,ส.008,
2750,1.28,0.0,0.64,690,695,20240726RUN03,13.854627546879616,100.48691682932201,3.244916716476644,3.2462079923079137,3.2455623543922787,3.0270931157374124,690,6035,0,857,96,692.0,01900990008L1AC05,191,101641,47,252,0+000,2+520,1435,1.435,L2,AC,20240726,ส.008,
2752,0.98,0.0,0.49,695,700,20240726RUN03,13.854638311216243,100.48687190748561,3.244916716476644,3.2462079923079137,3.2455623543922787,3.290808347418733,695,6035,0,857,97,699.0,01900990008L1AC05,191,101641,47,252,0+000,2+520,1435,1.435,L2,AC,20240726,ส.008,
2756,0.8,0.0,0.4,705,710,20240726RUN03,13.854660103659311,100.48678213049183,1.9719256296546144,2.6345666054727275,2.303246117563671,2.2363972023336736,705,6035,0,857,98,707.0,01900990008L1AC05,191,101641,47,252,0+000,2+520,1435,1.435,L2,AC,20240726,ส.008,
2758,0.48,0.0,0.24,710,715,20240726RUN03,13.854671150596214,100.48673728055998,1.9719256296546144,2.6345666054727275,2.303246117563671,2.2155514359438286,710,6035,0,857,99,714.0,01900990008L1AC05,191,101641,47,252,0+000,2+520,1435,1.435,L2,AC,20240726,ส.008,
2762,0.4,0.0,0.2,720,725,20240726RUN03,13.854693520039424,100.4866476523434,3.5233523014428,3.3195698419740136,3.421461071708407,3.2414741718236018,720,6035,0,857,100,721.0,01900990008L1AC05,191,101641,47,252,0+000,2+520,1435,1.435,L2,AC,20240726,ส.008,
2764,0.61,0.0,0.3,725,730,20240726RUN03,13.854704917439532,100.48660289437397,3.5233523014428,3.3195698419740136,3.421461071708407,3.265245260512468,725,6035,0,857,101,728.0,01900990008L1AC05,191,101641,47,252,0+000,2+520,1435,1.435,L2,AC,20240726,ส.008,
2768,0.52,0.0,0.26,735,740,20240726RUN03,13.854728045546777,100.48651346803011,3.5233523014428,3.3195698419740136,3.421461071708407,3.636845958975176,735,6035,0,857,102,736.0,01900990008L1AC05,191,101641,47,252,0+000,2+520,1435,1.435,L2,AC,20240726,ส.008,
2770,0.9,0.0,0.45,740,745,20240726RUN03,13.854739736988321,100.48646878955704,2.210339252309282,2.3801278107259694,2.295233531517626,2.519776273698721,740,6035,0,857,103,743.0,01900990008L1AC05,191,101641,47,252,0+000,2+520,1435,1.435,L2,AC,20240726,ส.008,
2774,1.24,0.0,0.62,750,755,20240726RUN03,13.854763447210413,100.48637952308925,2.210339252309282,2.3801278107259694,2.295233531517626,2.4766110477402963,750,6035,0,857,104,750.0,01900990008L1AC05,191,101641,47,252,0+000,2+520,1435,1.435,L2,AC,20240726,ส.008,
2776,0.76,0.0,0.38,755,760,20240726RUN03,13.854775528703316,100.48633495348155,2.210339252309282,2.3801278107259694,2.295233531517626,2.146734939867908,755,6035,0,857,105,757.0,01900990008L1AC05,191,101641,47,252,0+000,2+520,1435,1.435,L2,AC,20240726,ส.008,
2778,0.32,0.0,0.16,760,765,20240726RUN03,13.854787851463199,100.48629045313453,2.5940090824414552,2.630619482706808,2.6123142825741317,2.598129368913073,760,6035,0,857,106,764.0,01900990008L1AC05,191,101641,47,252,0+000,2+520,1435,1.435,L2,AC,20240726,ส.008,
2782,0.28,0.0,0.14,770,775,20240726RUN03,13.854813335444932,100.48620170073288,2.5940090824414552,2.630619482706808,2.6123142825741317,2.781603118699046,770,6035,0,857,107,772.0,01900990008L1AC05,191,101641,47,252,0+000,2+520,1435,1.435,L2,AC,20240726,ส.008,
2784,0.12,0.0,0.06,775,780,20240726RUN03,13.854826528863235,100.48615746260266,2.5940090824414552,2.630619482706808,2.6123142825741317,2.425734562994267,775,6035,0,857,108,779.0,01900990008L1AC05,191,101641,47,252,0+000,2+520,1435,1.435,L2,AC,20240726,ส.008,
2788,0.31,0.0,0.16,785,790,20240726RUN03,13.854853497521834,100.486069170302,2.480360676450992,3.2769744613312084,2.8786675688911,2.7992726918987363,785,6035,0,857,109,786.0,01900990008L1AC05,191,101641,47,252,0+000,2+520,1435,1.435,L2,AC,20240726,ส.008,
2790,0.21,0.0,0.1,790,795,20240726RUN03,13.854867130270119,100.48602507186708,2.480360676450992,3.2769744613312084,2.8786675688911,2.987797013463238,790,6035,0,857,110,793.0,01900990008L1AC05,191,101641,47,252,0+000,2+520,1435,1.435,L2,AC,20240726,ส.008,
2794,0.32,0.0,0.16,800,805,20240726RUN03,13.854894579341119,100.48593693465273,2.2100925917311205,2.744477826740253,2.4772852092356867,2.4073946058269344,800,6035,0,857,111,800.0,01900990008L1AC05,191,101641,47,252,0+000,2+520,1435,1.435,L2,AC,20240726,ส.008,
2796,0.23,0.0,0.12,805,810,20240726RUN03,13.854908284404402,100.48589285970743,2.2100925917311205,2.744477826740253,2.4772852092356867,2.233136596602815,805,6035,0,857,112,808.0,01900990008L1AC05,191,101641,47,252,0+000,2+520,1435,1.435,L2,AC,20240726,ส.008,
2800,0.4,0.0,0.2,815,820,20240726RUN03,13.854935360849096,100.48580460192287,2.2100925917311205,2.744477826740253,2.4772852092356867,2.578442048859813,815,6035,0,857,113,815.0,01900990008L1AC05,191,101641,47,252,0+000,2+520,1435,1.435,L2,AC,20240726,ส.008,
2802,0.27,0.0,0.14,820,825,20240726RUN03,13.854948703245997,100.48576041058413,2.203181258638372,3.082448481681082,2.642814870159727,2.665492509214838,820,6035,0,857,114,822.0,01900990008L1AC05,191,101641,47,252,0+000,2+520,1435,1.435,L2,AC,20240726,ส.008,
2804,0.01,0.0,0.0,825,830,20240726RUN03,13.854961884349997,100.48571616855953,2.203181258638372,3.082448481681082,2.642814870159727,2.5185510869384222,825,6035,0,857,115,829.0,01900990008L1AC05,191,101641,47,252,0+000,2+520,1435,1.435,L2,AC,20240726,ส.008,
2808,0.28,0.0,0.14,835,840,20240726RUN03,13.854987900337566,100.4856275772677,2.203181258638372,3.082448481681082,2.642814870159727,2.397044057662086,835,6035,0,857,116,836.0,01900990008L1AC05,191,101641,47,252,0+000,2+520,1435,1.435,L2,AC,20240726,ส.008,
2810,0.18,0.0,0.09,840,845,20240726RUN03,13.855000777397958,100.48558324151445,3.3485398561983044,4.821404195707241,4.084972025952773,3.995147231548392,840,6035,0,857,117,844.0,01900990008L1AC05,191,101641,47,252,0+000,2+520,1435,1.435,L2,AC,20240726,ส.008,
2814,0.65,0.04,0.34,850,855,20240726RUN03,13.855026402078856,100.48549453077176,3.3485398561983044,4.821404195707241,4.084972025952773,4.267225476110145,850,6035,0,857,118,851.0,01900990008L1AC05,191,101641,47,252,0+000,2+520,1435,1.435,L2,AC,20240726,ส.008,
2816,0.12,0.0,0.06,855,860,20240726RUN03,13.855039120612,100.48545014710622,3.3485398561983044,4.821404195707241,4.084972025952773,4.106899398100011,855,6035,0,857,119,858.0,01900990008L1AC05,191,101641,47,252,0+000,2+520,1435,1.435,L2,AC,20240726,ส.008,
2820,0.67,0.02,0.34,865,870,20240726RUN03,13.855064649143028,100.48536140730545,3.207429330800323,2.4019647928717265,2.8046970618360247,2.6500814212174686,865,6035,0,857,120,865.0,01900990008L1AC05,191,101641,47,252,0+000,2+520,1435,1.435,L2,AC,20240726,ส.008,
2822,0.43,0.03,0.23,870,875,20240726RUN03,13.855077444144277,100.48531704665061,3.207429330800323,2.4019647928717265,2.8046970618360247,2.777211370324768,870,6035,0,857,121,873.0,01900990008L1AC05,191,101641,47,252,0+000,2+520,1435,1.435,L2,AC,20240726,ส.008,
2826,0.22,0.0,0.11,880,885,20240726RUN03,13.85510306300662,100.48522833410912,2.78862410028852,2.7258986700812065,2.7572613851848633,2.806707720124618,880,6035,0,857,122,880.0,01900990008L1AC05,191,101641,47,252,0+000,2+520,1435,1.435,L2,AC,20240726,ส.008,
2828,0.13,0.0,0.06,885,890,20240726RUN03,13.855115918506023,100.48518399179679,2.78862410028852,2.7258986700812065,2.7572613851848633,2.5363346232219803,885,6035,0,857,123,887.0,01900990008L1AC05,191,101641,47,252,0+000,2+520,1435,1.435,L2,AC,20240726,ส.008,
2830,0.16,0.05,0.11,890,895,20240726RUN03,13.855128805467253,100.48513965901917,2.78862410028852,2.7258986700812065,2.7572613851848633,2.8356539116615247,890,6035,0,857,124,894.0,01900990008L1AC05,191,101641,47,252,0+000,2+520,1435,1.435,L2,AC,20240726,ส.008,
2834,0.32,0.05,0.18,900,905,20240726RUN03,13.855154549141677,100.48505098423749,2.609249254074558,3.5041829333340164,3.056716093704287,2.915375557247466,900,6035,0,857,125,901.0,01900990008L1AC05,191,101641,47,252,0+000,2+520,1435,1.435,L2,AC,20240726,ส.008,
2836,0.39,0.07,0.23,905,910,20240726RUN03,13.855167370087257,100.48500663141917,2.609249254074558,3.5041829333340164,3.056716093704287,2.8806387005925123,905,6035,0,857,126,909.0,01900990008L1AC05,191,101641,47,252,0+000,2+520,1435,1.435,L2,AC,20240726,ส.008,
2840,0.31,0.25,0.28,915,920,20240726RUN03,13.855192856179206,100.48491787877241,2.609249254074558,3.5041829333340164,3.056716093704287,3.101431734614735,915,6035,0,857,127,916.0,01900990008L1AC05,191,101641,47,252,0+000,2+520,1435,1.435,L2,AC,20240726,ส.008,
2842,0.25,0.0,0.12,920,925,20240726RUN03,13.855205567022326,100.48487349275686,1.7548383417628075,2.743228259499345,2.2490333006310763,2.2556103260797267,920,6035,0,857,128,923.0,01900990008L1AC05,191,101641,47,252,0+000,2+520,1435,1.435,L2,AC,20240726,ส.008,
2846,0.81,0.22,0.52,930,935,20240726RUN03,13.85523108679547,100.4847847502126,1.7548383417628075,2.743228259499345,2.2490333006310763,2.427764857467437,930,6035,0,857,129,930.0,01900990008L1AC05,191,101641,47,252,0+000,2+520,1435,1.435,L2,AC,20240726,ส.008,
2848,0.46,0.19,0.32,935,940,20240726RUN03,13.855243905649075,100.484740396743,1.7548383417628075,2.743228259499345,2.2490333006310763,2.2085930903272564,935,6035,0,857,130,937.0,01900990008L1AC05,191,101641,47,252,0+000,2+520,1435,1.435,L2,AC,20240726,ส.008,
2852,0.64,0.05,0.34,945,950,20240726RUN03,13.855269682996894,100.48465173223244,4.714098517924815,5.2094082551760525,4.961753386550434,5.037818332640007,945,6035,0,857,131,945.0,01900990008L1AC05,191,101641,47,252,0+000,2+520,1435,1.435,L2,AC,20240726,ส.008,
2854,0.44,0.05,0.24,950,955,20240726RUN03,13.855282624330039,100.48460741601903,4.714098517924815,5.2094082551760525,4.961753386550434,4.698746544318651,950,6035,0,857,132,952.0,01900990008L1AC05,191,101641,47,252,0+000,2+520,1435,1.435,L2,AC,20240726,ส.008,
2856,0.69,0.12,0.4,955,960,20240726RUN03,13.855295575104012,100.484563102698,4.714098517924815,5.2094082551760525,4.961753386550434,5.058405434489192,955,6035,0,857,133,959.0,01900990008L1AC05,191,101641,47,252,0+000,2+520,1435,1.435,L2,AC,20240726,ส.008,
2860,0.69,0.03,0.36,965,970,20240726RUN03,13.855321514350566,100.48447448762299,4.156344256688808,5.426186590544633,4.7912654236167205,5.208501200631126,965,6035,0,857,134,966.0,01900990008L1AC05,191,101641,47,252,0+000,2+520,1435,1.435,L2,AC,20240726,ส.008,
2862,0.43,0.0,0.22,970,975,20240726RUN03,13.855334512039855,100.48443018870309,4.156344256688808,5.426186590544633,4.7912654236167205,4.455203203323321,970,6035,0,857,135,974.0,01900990008L1AC05,191,101641,47,252,0+000,2+520,1435,1.435,L2,AC,20240726,ส.008,
2866,0.75,0.09,0.42,980,985,20240726RUN03,13.855360535003731,100.48434159936129,4.52162550674694,4.064609391900751,4.293117449323845,4.539155176691755,980,6035,0,857,136,981.0,01900990008L1AC05,191,101641,47,252,0+000,2+520,1435,1.435,L2,AC,20240726,ส.008,
2868,0.38,0.0,0.19,985,990,20240726RUN03,13.855373473953588,100.48429728242932,4.52162550674694,4.064609391900751,4.293117449323845,4.487974070328589,985,6035,0,857,137,988.0,01900990008L1AC05,191,101641,47,252,0+000,2+520,1435,1.435,L2,AC,20240726,ส.008,
2872,1.08,0.09,0.59,995,1000,20240726RUN03,13.85539907022344,100.4842085630759,4.52162550674694,4.064609391900751,4.293117449323845,4.464864495288588,995,6035,0,857,138,995.0,01900990008L1AC05,191,101641,47,252,0+000,2+520,1435,1.435,L2,AC,20240726,ส.008,
2874,1.31,0.14,0.73,1000,1005,20240726RUN03,13.855411695053252,100.48416415136187,3.9244856252857065,4.54666992847508,4.235577776880393,4.202070227112343,1000,6035,0,857,139,1002.0,01900990008L1AC05,191,101641,47,252,0+000,2+520,1435,1.435,L2,AC,20240726,ส.008,
2878,1.24,0.47,0.86,1010,1015,20240726RUN03,13.855436874826001,100.48407530713493,3.9244856252857065,4.54666992847508,4.235577776880393,3.9812884736248932,1010,6035,0,857,140,1010.0,01900990008L1AC05,191,101641,47,252,0+000,2+520,1435,1.435,L2,AC,20240726,ส.008,
2880,1.63,0.58,1.1,1015,1020,20240726RUN03,13.855449402962416,100.4840308667263,3.9244856252857065,4.54666992847508,4.235577776880393,4.394062459759621,1015,6035,0,857,141,1017.0,01900990008L1AC05,191,101641,47,252,0+000,2+520,1435,1.435,L2,AC,20240726,ส.008,
2882,0.94,0.03,0.48,1020,1025,20240726RUN03,13.855461902926466,100.48398641801224,3.413635636789041,3.952774218847683,3.6832049278183616,3.6119126428905526,1020,6035,0,857,142,1024.0,01900990008L1AC05,191,101641,47,252,0+000,2+520,1435,1.435,L2,AC,20240726,ส.008,
2886,1.56,0.41,0.98,1030,1035,20240726RUN03,13.85548702369023,100.48389755626732,3.413635636789041,3.952774218847683,3.6832049278183616,4.016097350746892,1030,6035,0,857,143,1031.0,01900990008L1AC05,191,101641,47,252,0+000,2+520,1435,1.435,L2,AC,20240726,ส.008,
2888,0.69,0.01,0.35,1035,1040,20240726RUN03,13.85549960442528,100.48385313143531,3.413635636789041,3.952774218847683,3.6832049278183616,3.6251273184077766,1035,6035,0,857,144,1038.0,01900990008L1AC05,191,101641,47,252,0+000,2+520,1435,1.435,L2,AC,20240726,ส.008,
2892,1.27,0.04,0.66,1045,1050,20240726RUN03,13.855524478812908,100.48376419748301,3.139296211043635,3.101218234252512,3.1202572226480734,3.2071341166100025,1045,6035,0,857,145,1046.0,01900990008L1AC05,191,101641,47,252,0+000,2+520,1435,1.435,L2,AC,20240726,ส.008,
2894,0.62,0.1,0.36,1050,1055,20240726RUN03,13.855536429190646,100.48371959085337,3.139296211043635,3.101218234252512,3.1202572226480734,3.093235010416453,1050,6035,0,857,146,1053.0,01900990008L1AC05,191,101641,47,252,0+000,2+520,1435,1.435,L2,AC,20240726,ส.008,
2898,0.29,0.0,0.14,1060,1065,20240726RUN03,13.855558905646532,100.4836299927693,3.2447393924727344,2.5865077131809304,2.9156235528268324,3.0963081649773927,1060,6035,0,857,147,1060.0,01900990008L1AC05,191,101641,47,252,0+000,2+520,1435,1.435,L2,AC,20240726,ส.008,
2900,0.49,0.11,0.3,1065,1070,20240726RUN03,13.855569284407318,100.48358497620532,3.2447393924727344,2.5865077131809304,2.9156235528268324,2.9345736192498952,1065,6035,0,857,148,1067.0,01900990008L1AC05,191,101641,47,252,0+000,2+520,1435,1.435,L2,AC,20240726,ส.008,
2902,0.18,0.0,0.09,1070,1075,20240726RUN03,13.855579007389725,100.48353980671133,3.2447393924727344,2.5865077131809304,2.9156235528268324,2.811389803029104,1070,6035,0,857,149,1074.0,01900990008L1AC05,191,101641,47,252,0+000,2+520,1435,1.435,L2,AC,20240726,ส.008,
2906,0.44,0.34,0.39,1080,1085,20240726RUN03,13.855596032236333,100.4834489620464,3.608432457860423,3.5319661258962256,3.5701992918783243,3.3372431811705354,1080,6035,0,857,150,1082.0,01900990008L1AC05,191,101641,47,252,0+000,2+520,1435,1.435,L2,AC,20240726,ส.008,
2908,1.16,0.56,0.86,1085,1090,20240726RUN03,13.855603197252982,100.48340329474051,3.608432457860423,3.5319661258962256,3.5701992918783243,3.6141106752291163,1085,6035,0,857,151,1089.0,01900990008L1AC05,191,101641,47,252,0+000,2+520,1435,1.435,L2,AC,20240726,ส.008,
2912,0.79,0.75,0.77,1095,1100,20240726RUN03,13.855614423937544,100.48331151404201,3.608432457860423,3.5319661258962256,3.5701992918783243,3.912946299062069,1095,6035,0,857,152,1096.0,01900990008L1AC05,191,101641,47,252,0+000,2+520,1435,1.435,L2,AC,20240726,ส.008,
2914,0.61,0.52,0.56,1100,1105,20240726RUN03,13.85561826004957,100.48326542923887,2.7769020172354635,3.11281435934751,2.944858188291487,2.8230520911521833,1100,6035,0,857,153,1103.0,01900990008L1AC05,191,101641,47,252,0+000,2+520,1435,1.435,L2,AC,20240726,ส.008,
2918,0.99,1.87,1.43,1110,1115,20240726RUN03,13.85562181035715,100.4831730104992,2.7769020172354635,3.11281435934751,2.944858188291487,2.6860738765495067,1110,6035,0,857,154,1111.0,01900990008L1AC05,191,101641,47,252,0+000,2+520,1435,1.435,L2,AC,20240726,ส.008,
2920,1.37,0.92,1.14,1115,1120,20240726RUN03,13.85562140439886,100.48312676096076,2.7769020172354635,3.11281435934751,2.944858188291487,2.814251687820018,1115,6035,0,857,155,1118.0,01900990008L1AC05,191,101641,47,252,0+000,2+520,1435,1.435,L2,AC,20240726,ส.008,
2924,0.74,0.8,0.77,1125,1130,20240726RUN03,13.855616616527058,100.48303439734069,2.618253026520406,4.2929765948239496,3.455614810672178,3.486336265355206,1125,6035,0,857,156,1125.0,01900990008L1AC05,191,101641,47,252,0+000,2+520,1435,1.435,L2,AC,20240726,ส.008,
2926,0.07,1.19,0.63,1130,1135,20240726RUN03,13.855612324635175,100.48298835451234,2.618253026520406,4.2929765948239496,3.455614810672178,3.436108849562224,1130,6035,0,857,157,1132.0,01900990008L1AC05,191,101641,47,252,0+000,2+520,1435,1.435,L2,AC,20240726,ส.008,
2928,0.12,1.57,0.84,1135,1140,20240726RUN03,13.855606919170574,100.48294243441737,2.618253026520406,4.2929765948239496,3.455614810672178,3.3528217371999305,1135,6035,0,857,158,1139.0,01900990008L1AC05,191,101641,47,252,0+000,2+520,1435,1.435,L2,AC,20240726,ส.008,
2932,0.4,0.77,0.58,1145,1150,20240726RUN03,13.855593028290702,100.48285103513672,2.4075755736238964,2.799243887535826,2.603409730579861,2.7504640035712726,1145,6035,0,857,159,1147.0,01900990008L1AC05,191,101641,47,252,0+000,2+520,1435,1.435,L2,AC,20240726,ส.008,
2934,0.19,1.09,0.64,1150,1155,20240726RUN03,13.855584556823233,100.48280560290925,2.4075755736238964,2.799243887535826,2.603409730579861,2.5536932950659774,1150,6035,0,857,160,1154.0,01900990008L1AC05,191,101641,47,252,0+000,2+520,1435,1.435,L2,AC,20240726,ส.008,
2938,1.39,0.21,0.8,1160,1165,20240726RUN03,13.855564385591169,100.48271543936636,2.050651393405752,2.887361520110681,2.4690064567582164,2.6185638218689724,1160,6035,0,857,161,1161.0,01900990008L1AC05,191,101641,47,252,0+000,2+520,1435,1.435,L2,AC,20240726,ส.008,
2940,1.51,0.31,0.91,1165,1170,20240726RUN03,13.855552627485324,100.48267078040423,2.050651393405752,2.887361520110681,2.4690064567582164,2.265857778775734,1165,6035,0,857,162,1168.0,01900990008L1AC05,191,101641,47,252,0+000,2+520,1435,1.435,L2,AC,20240726,ส.008,
2944,1.25,1.09,1.17,1175,1180,20240726RUN03,13.855525747665956,100.48258246991657,2.050651393405752,2.887361520110681,2.4690064567582164,2.387080723239715,1175,6035,0,857,163,1175.0,01900990008L1AC05,191,101641,47,252,0+000,2+520,1435,1.435,L2,AC,20240726,ส.008,
2946,1.26,0.5,0.88,1180,1185,20240726RUN03,13.85551068384389,100.48253886325038,2.9977384925996344,2.524319898526581,2.7610291955631077,2.6581110585215306,1180,6035,0,857,164,1183.0,01900990008L1AC05,191,101641,47,252,0+000,2+520,1435,1.435,L2,AC,20240726,ส.008,
2950,0.38,0.4,0.39,1190,1195,20240726RUN03,13.855477359554087,100.48245288443805,2.9977384925996344,2.524319898526581,2.7610291955631077,2.949308257241364,1190,6035,0,857,165,1190.0,01900990008L1AC05,191,101641,47,252,0+000,2+520,1435,1.435,L2,AC,20240726,ส.008,
2952,0.23,0.16,0.2,1195,1200,20240726RUN03,13.855459097645591,100.48241057721293,2.9977384925996344,2.524319898526581,2.7610291955631077,2.4855253939073836,1195,6035,0,857,166,1197.0,01900990008L1AC05,191,101641,47,252,0+000,2+520,1435,1.435,L2,AC,20240726,ส.008,
2954,0.29,0.24,0.26,1200,1205,20240726RUN03,13.855439776270332,100.48236876564305,2.3106016551696684,2.6413478963125203,2.4759747757410944,2.2990074261108124,1200,6035,0,857,167,1204.0,01900990008L1AC05,191,101641,47,252,0+000,2+520,1435,1.435,L2,AC,20240726,ส.008,
2958,0.39,0.13,0.26,1210,1215,20240726RUN03,13.855398126619345,100.48228667682234,2.3106016551696684,2.6413478963125203,2.4759747757410944,2.3580472097558056,1210,6035,0,857,168,1211.0,01900990008L1AC05,191,101641,47,252,0+000,2+520,1435,1.435,L2,AC,20240726,ส.008,
2960,0.36,0.39,0.38,1215,1220,20240726RUN03,13.855375806676339,100.48224645986339,2.3106016551696684,2.6413478963125203,2.4759747757410944,2.704309655705811,1215,6035,0,857,169,1219.0,01900990008L1AC05,191,101641,47,252,0+000,2+520,1435,1.435,L2,AC,20240726,ส.008,
2964,0.93,0.32,0.62,1225,1230,20240726RUN03,13.855328136893137,100.48216787791536,3.542605264246743,3.57506347574432,3.5588343699955316,3.471452749804578,1225,6035,0,857,170,1226.0,01900990008L1AC05,191,101641,47,252,0+000,2+520,1435,1.435,L2,AC,20240726,ส.008,
2966,1.46,0.3,0.88,1230,1235,20240726RUN03,13.855302783841942,100.48212959045354,3.542605264246743,3.57506347574432,3.5588343699955316,3.256442071330819,1230,6035,0,857,171,1233.0,01900990008L1AC05,191,101641,47,252,0+000,2+520,1435,1.435,L2,AC,20240726,ส.008,
2970,1.24,0.26,0.75,1240,1245,20240726RUN03,13.855249126557242,100.48205516195965,3.4577632707240875,4.291414499544569,3.874588885134328,3.8844790228199884,1240,6035,0,857,172,1240.0,01900990008L1AC05,191,101641,47,252,0+000,2+520,1435,1.435,L2,AC,20240726,ส.008,
2972,0.96,0.02,0.49,1245,1250,20240726RUN03,13.855220910799243,100.48201903270918,3.4577632707240875,4.291414499544569,3.874588885134328,3.912769731252112,1245,6035,0,857,173,1248.0,01900990008L1AC05,191,101641,47,252,0+000,2+520,1435,1.435,L2,AC,20240726,ส.008,
2976,1.43,0.18,0.8,1255,1260,20240726RUN03,13.85516200561243,100.48194888144025,3.4577632707240875,4.291414499544569,3.874588885134328,3.56957433337443,1255,6035,0,857,174,1255.0,01900990008L1AC05,191,101641,47,252,0+000,2+520,1435,1.435,L2,AC,20240726,ส.008,
2978,0.91,0.0,0.46,1260,1265,20240726RUN03,13.855131400292038,100.4819148503775,2.53583604989171,2.0267285198393195,2.2812822848655148,2.086112219926184,1260,6035,0,857,175,1262.0,01900990008L1AC05,191,101641,47,252,0+000,2+520,1435,1.435,L2,AC,20240726,ส.008,
2980,1.27,0.0,0.64,1265,1270,20240726RUN03,13.855100184007235,100.4818814052421,2.53583604989171,2.0267285198393195,2.2812822848655148,2.3309579181207565,1265,6035,0,857,176,1269.0,01900990008L1AC05,191,101641,47,252,0+000,2+520,1435,1.435,L2,AC,20240726,ส.008,
2984,0.85,0.0,0.42,1275,1280,20240726RUN03,13.8550363714929,100.48181589560102,2.53583604989171,2.0267285198393195,2.2812822848655148,2.2185214620880362,1275,6035,0,857,177,1276.0,01900990008L1AC05,191,101641,47,252,0+000,2+520,1435,1.435,L2,AC,20240726,ส.008,
2986,0.48,0.0,0.24,1280,1285,20240726RUN03,13.855003812301767,100.4817838194933,2.018574077395492,1.917628044921226,1.968101061158359,1.8178916097986488,1280,6035,0,857,178,1284.0,01900990008L1AC05,191,101641,47,252,0+000,2+520,1435,1.435,L2,AC,20240726,ส.008,
2990,1.0,0.0,0.5,1290,1295,20240726RUN03,13.854937415596424,100.48172105747044,2.018574077395492,1.917628044921226,1.968101061158359,1.98522282149411,1290,6035,0,857,179,1291.0,01900990008L1AC05,191,101641,47,252,0+000,2+520,1435,1.435,L2,AC,20240726,ส.008,
2992,1.22,0.0,0.61,1295,1300,20240726RUN03,13.854903670076148,100.48169029225845,2.018574077395492,1.917628044921226,1.968101061158359,2.0640368278255883,1295,6035,0,857,180,1298.0,01900990008L1AC05,191,101641,47,252,0+000,2+520,1435,1.435,L2,AC,20240726,ส.008,
2996,1.37,0.0,0.68,1305,1310,20240726RUN03,13.854835323277403,100.48162976033962,2.87995960650932,2.0644339262704863,2.472196766389903,2.2367984026211114,1305,6035,0,857,181,1305.0,01900990008L1AC05,191,101641,47,252,0+000,2+520,1435,1.435,L2,AC,20240726,ส.008,
2998,1.69,0.0,0.84,1310,1315,20240726RUN03,13.854800874396838,100.48159982248993,2.87995960650932,2.0644339262704863,2.472196766389903,2.606823107996462,1310,6035,0,857,182,1312.0,01900990008L1AC05,191,101641,47,252,0+000,2+520,1435,1.435,L2,AC,20240726,ส.008,
3002,2.35,0.01,1.18,1320,1325,20240726RUN03,13.85473189693338,100.48154004291364,2.6312800155371514,2.818511773239546,2.724895894388349,2.5217022456039797,1320,6035,0,857,183,1320.0,01900990008L1AC05,191,101641,47,252,0+000,2+520,1435,1.435,L2,AC,20240726,ส.008,
3004,0.56,0.0,0.28,1325,1330,20240726RUN03,13.85469748184555,100.4815100643709,2.6312800155371514,2.818511773239546,2.724895894388349,2.6702565350391114,1325,6035,0,857,184,1327.0,01900990008L1AC05,191,101641,47,252,0+000,2+520,1435,1.435,L2,AC,20240726,ส.008,
3006,0.51,0.0,0.26,1330,1335,20240726RUN03,13.854663143599343,100.4814799937229,2.6312800155371514,2.818511773239546,2.724895894388349,2.704675125254413,1330,6035,0,857,185,1334.0,01900990008L1AC05,191,101641,47,252,0+000,2+520,1435,1.435,L2,AC,20240726,ส.008,
3010,2.07,0.01,1.04,1340,1345,20240726RUN03,13.854594783918182,100.48141947566619,2.147600957604588,2.047535684249839,2.0975683209272136,2.1125080912434857,1340,6035,0,857,186,1341.0,01900990008L1AC05,191,101641,47,252,0+000,2+520,1435,1.435,L2,AC,20240726,ส.008,
3012,1.89,0.0,0.94,1345,1350,20240726RUN03,13.854560566782274,100.48138926076824,2.147600957604588,2.047535684249839,2.0975683209272136,2.228884434749264,1345,6035,0,857,187,1348.0,01900990008L1AC05,191,101641,47,252,0+000,2+520,1435,1.435,L2,AC,20240726,ส.008,
3016,1.17,0.0,0.58,1355,1360,20240726RUN03,13.854491836456557,100.48132918390017,2.147600957604588,2.047535684249839,2.0975683209272136,2.1768976646476412,1355,6035,0,857,188,1356.0,01900990008L1AC05,191,101641,47,252,0+000,2+520,1435,1.435,L2,AC,20240726,ส.008,
3018,1.46,0.0,0.73,1360,1365,20240726RUN03,13.854457445875312,100.48129917586893,2.519906000413078,2.7156857906598466,2.6177958955364624,2.569345486170827,1360,6035,0,857,189,1363.0,01900990008L1AC05,191,101641,47,252,0+000,2+520,1435,1.435,L2,AC,20240726,ส.008,
3022,1.05,0.0,0.52,1370,1375,20240726RUN03,13.854388792584503,100.48123900657512,2.519906000413078,2.7156857906598466,2.6177958955364624,2.7687216601119657,1370,6035,0,857,190,1370.0,01900990008L1AC05,191,101641,47,252,0+000,2+520,1435,1.435,L2,AC,20240726,ส.008,
3024,1.28,0.0,0.64,1375,1380,20240726RUN03,13.854354528944784,100.48120884674765,2.519906000413078,2.7156857906598466,2.6177958955364624,2.800893946988912,1375,6035,0,857,191,1377.0,01900990008L1AC05,191,101641,47,252,0+000,2+520,1435,1.435,L2,AC,20240726,ส.008,
3028,1.1,0.28,0.69,1385,1390,20240726RUN03,13.854286093623672,100.48114841777927,3.157893147611716,3.2313157300160835,3.1946044388139,3.1738842946563253,1385,6035,0,857,192,1385.0,01900990008L1AC05,191,101641,47,252,0+000,2+520,1435,1.435,L2,AC,20240726,ส.008,
3030,1.39,0.2,0.8,1390,1395,20240726RUN03,13.85425188382468,100.48111819396489,3.157893147611716,3.2313157300160835,3.1946044388139,2.887067308310534,1390,6035,0,857,193,1392.0,01900990008L1AC05,191,101641,47,252,0+000,2+520,1435,1.435,L2,AC,20240726,ส.008,
3032,0.33,0.0,0.16,1395,1400,20240726RUN03,13.854217659948239,100.48108798678525,3.157893147611716,3.2313157300160835,3.1946044388139,3.398474432796794,1395,6035,0,857,194,1399.0,01900990008L1AC05,191,101641,47,252,0+000,2+520,1435,1.435,L2,AC,20240726,ส.008,
3036,0.36,0.0,0.18,1405,1410,20240726RUN03,13.854149121255231,100.48102768059294,2.2884619424866885,1.989662448429076,2.1390621954578823,2.231061925059969,1405,6035,0,857,195,1406.0,01900990008L1AC05,191,101641,47,252,0+000,2+520,1435,1.435,L2,AC,20240726,ส.008,
3038,0.32,0.0,0.16,1410,1415,20240726RUN03,13.854114772812434,100.4809976219016,2.2884619424866885,1.989662448429076,2.1390621954578823,2.0030714005791146,1410,6035,0,857,196,1413.0,01900990008L1AC05,191,101641,47,252,0+000,2+520,1435,1.435,L2,AC,20240726,ส.008,
3042,0.73,0.0,0.36,1420,1425,20240726RUN03,13.854046041928807,100.48093754518082,2.6068895661311062,2.490143813431508,2.548516689781307,2.674115191643765,1420,6035,0,857,197,1421.0,01900990008L1AC05,191,101641,47,252,0+000,2+520,1435,1.435,L2,AC,20240726,ส.008,
3044,0.22,0.0,0.11,1425,1430,20240726RUN03,13.85401170086775,100.48090747764272,2.6068895661311062,2.490143813431508,2.548516689781307,2.63606811743234,1425,6035,0,857,198,1428.0,01900990008L1AC05,191,101641,47,252,0+000,2+520,1435,1.435,L2,AC,20240726,ส.008,
3048,0.94,0.02,0.48,1435,1440,20240726RUN03,13.853943055017496,100.48084729915182,2.6068895661311062,2.490143813431508,2.548516689781307,2.6052155616143082,1435,6035,0,857,199,1435.0,01900990008L1AC05,191,101641,47,252,0+000,2+520,1435,1.435,L2,AC,20240726,ส.008,
3050,0.61,0.0,0.3,1440,1445,20240726RUN03,13.853908723362647,100.48081722038187,2.237665986136657,2.205022768052305,2.221344377094481,2.1640646265830417,1440,6035,0,857,200,1442.0,01900990008L1AC05,191,101641,47,252,0+000,2+520,1435,1.435,L2,AC,20240726,ส.008,
3052,0.73,0.0,0.36,1445,1450,20240726RUN03,13.853874419534344,100.48078710835337,2.237665986136657,2.205022768052305,2.221344377094481,2.1647045225905184,1445,6035,0,857,201,1449.0,01900990008L1AC05,191,101641,47,252,0+000,2+520,1435,1.435,L2,AC,20240726,ส.008,
3056,1.92,0.13,1.02,1455,1460,20240726RUN03,13.853805888219737,100.48072679340686,2.237665986136657,2.205022768052305,2.221344377094481,2.0853449918898805,1455,6035,0,857,202,1457.0,01900990008L1AC05,191,101641,47,252,0+000,2+520,1435,1.435,L2,AC,20240726,ส.008,
3058,1.5,0.16,0.83,1460,1465,20240726RUN03,13.853771644633362,100.48069660970035,2.19346554518488,2.564177091139133,2.3788213181620064,2.350479325894872,1460,6035,0,857,203,1464.0,01900990008L1AC05,191,101641,47,252,0+000,2+520,1435,1.435,L2,AC,20240726,ส.008,
3062,1.38,0.1,0.74,1470,1475,20240726RUN03,13.853703200221405,100.4806361915449,2.19346554518488,2.564177091139133,2.3788213181620064,2.285134855980837,1470,6035,0,857,204,1471.0,01900990008L1AC05,191,101641,47,252,0+000,2+520,1435,1.435,L2,AC,20240726,ส.008,
3064,1.43,0.0,0.72,1475,1480,20240726RUN03,13.853669038531969,100.48060591084725,2.19346554518488,2.564177091139133,2.3788213181620064,2.581729542379722,1475,6035,0,857,205,1478.0,01900990008L1AC05,191,101641,47,252,0+000,2+520,1435,1.435,L2,AC,20240726,ส.008,
3068,1.58,0.17,0.88,1485,1490,20240726RUN03,13.853600832158087,100.48054521148954,2.962096220828077,2.423800213467551,2.692948217147814,2.57781929893431,1485,6035,0,857,206,1486.0,01900990008L1AC05,191,101641,47,252,0+000,2+520,1435,1.435,L2,AC,20240726,ส.008,
3070,1.1,0.0,0.55,1490,1495,20240726RUN03,13.853566747483267,100.48051484004817,2.962096220828077,2.423800213467551,2.692948217147814,2.9158583247837804,1490,6035,0,857,207,1493.0,01900990008L1AC05,191,101641,47,252,0+000,2+520,1435,1.435,L2,AC,20240726,ส.008,
3074,2.2,0.01,1.1,1500,1505,20240726RUN03,13.853498634866378,100.4804540306252,2.626607832845075,2.926417173137189,2.7765125029911317,2.6908068566578605,1500,6035,0,857,208,1500.0,01900990008L1AC05,191,101641,47,252,0+000,2+520,1435,1.435,L2,AC,20240726,ส.008,
3076,1.72,0.17,0.94,1505,1510,20240726RUN03,13.85346458562624,100.48042361764277,2.626607832845075,2.926417173137189,2.7765125029911317,2.9486707805742425,1505,6035,0,857,209,1507.0,01900990008L1AC05,191,101641,47,252,0+000,2+520,1435,1.435,L2,AC,20240726,ส.008,
3078,2.35,0.08,1.22,1510,1515,20240726RUN03,13.853430524633524,100.48039321847497,2.626607832845075,2.926417173137189,2.7765125029911317,2.985141090622739,1510,6035,0,857,210,1514.0,01900990008L1AC05,191,101641,47,252,0+000,2+520,1435,1.435,L2,AC,20240726,ส.008,
3082,2.16,0.0,1.08,1520,1525,20240726RUN03,13.853362440553768,100.48033237569358,1.9778537177722284,2.72184691804334,2.349850317907784,2.3142609189192194,1520,6035,0,857,211,1522.0,01900990008L1AC05,191,101641,47,252,0+000,2+520,1435,1.435,L2,AC,20240726,ส.008,
3084,1.2,0.04,0.62,1525,1530,20240726RUN03,13.853328440789351,100.48030190488932,1.9778537177722284,2.72184691804334,2.349850317907784,2.2654277656879396,1525,6035,0,857,212,1529.0,01900990008L1AC05,191,101641,47,252,0+000,2+520,1435,1.435,L2,AC,20240726,ส.008,
3088,1.59,0.08,0.84,1535,1540,20240726RUN03,13.853260646969217,100.48024072371659,1.9778537177722284,2.72184691804334,2.349850317907784,2.2694551483440146,1535,6035,0,857,213,1536.0,01900990008L1AC05,191,101641,47,252,0+000,2+520,1435,1.435,L2,AC,20240726,ส.008,
3090,1.34,0.24,0.79,1540,1545,20240726RUN03,13.85322674796052,100.48021013557192,1.8773302914919152,3.024274722176867,2.450802506834391,2.5737165197950587,1540,6035,0,857,214,1543.0,01900990008L1AC05,191,101641,47,252,0+000,2+520,1435,1.435,L2,AC,20240726,ส.008,
3094,0.71,0.01,0.36,1550,1555,20240726RUN03,13.853159002411758,100.48014889846536,1.8773302914919152,3.024274722176867,2.450802506834391,2.38521141914389,1550,6035,0,857,215,1550.0,01900990008L1AC05,191,101641,47,252,0+000,2+520,1435,1.435,L2,AC,20240726,ส.008,
3096,1.4,0.0,0.7,1555,1560,20240726RUN03,13.85312506371241,100.48011835653057,1.8773302914919152,3.024274722176867,2.450802506834391,2.433267483484555,1555,6035,0,857,216,1558.0,01900990008L1AC05,191,101641,47,252,0+000,2+520,1435,1.435,L2,AC,20240726,ส.008,
3100,0.91,0.25,0.58,1565,1570,20240726RUN03,13.853057056937837,100.48005742357661,2.410556347218244,3.0163988411297264,2.7134775941739853,2.732846196667272,1565,6035,0,857,217,1565.0,01900990008L1AC05,191,101641,47,252,0+000,2+520,1435,1.435,L2,AC,20240726,ส.008,
3102,1.07,0.11,0.59,1570,1575,20240726RUN03,13.853023043120329,100.48002696932306,2.410556347218244,3.0163988411297264,2.7134775941739853,2.8960151631978035,1570,6035,0,857,218,1572.0,01900990008L1AC05,191,101641,47,252,0+000,2+520,1435,1.435,L2,AC,20240726,ส.008,
3104,1.37,0.13,0.75,1575,1580,20240726RUN03,13.852989015119562,100.47999653169636,2.410556347218244,3.0163988411297264,2.7134775941739853,2.4602758732104806,1575,6035,0,857,219,1579.0,01900990008L1AC05,191,101641,47,252,0+000,2+520,1435,1.435,L2,AC,20240726,ส.008,
3108,1.26,0.04,0.65,1585,1590,20240726RUN03,13.852920840397525,100.47993579584445,2.0962309768831875,2.2432661996320853,2.1697485882576366,2.01379159692821,1585,6035,0,857,220,1586.0,01900990008L1AC05,191,101641,47,252,0+000,2+520,1435,1.435,L2,AC,20240726,ส.008,
3110,2.04,0.26,1.15,1590,1595,20240726RUN03,13.852886668521167,100.47990552756794,2.0962309768831875,2.2432661996320853,2.1697485882576366,2.183097301014003,1590,6035,0,857,221,1594.0,01900990008L1AC05,191,101641,47,252,0+000,2+520,1435,1.435,L2,AC,20240726,ส.008,
3114,1.23,0.08,0.66,1600,1605,20240726RUN03,13.8528182492632,100.47984508045788,2.0656247677430386,2.2752460656034748,2.1704354166732567,2.078265732272087,1600,6035,0,857,222,1601.0,01900990008L1AC05,191,101641,47,252,0+000,2+520,1435,1.435,L2,AC,20240726,ส.008,
3116,1.54,0.5,1.02,1605,1610,20240726RUN03,13.852784018736873,100.4798148817084,2.0656247677430386,2.2752460656034748,2.1704354166732567,2.127740061858983,1605,6035,0,857,223,1608.0,01900990008L1AC05,191,101641,47,252,0+000,2+520,1435,1.435,L2,AC,20240726,ส.008,
3120,0.61,0.12,0.36,1615,1620,20240726RUN03,13.852715496991847,100.47975455638984,2.0656247677430386,2.2752460656034748,2.1704354166732567,2.3002035454388823,1615,6035,0,857,224,1615.0,01900990008L1AC05,191,101641,47,252,0+000,2+520,1435,1.435,L2,AC,20240726,ส.008,
3122,0.96,0.24,0.6,1620,1625,20240726RUN03,13.852681232895785,100.47972439756286,2.075135984102861,2.609047775982821,2.342091880042841,2.4520819280075252,1620,6035,0,857,225,1623.0,01900990008L1AC05,191,101641,47,252,0+000,2+520,1435,1.435,L2,AC,20240726,ส.008,
3126,1.15,0.14,0.64,1630,1635,20240726RUN03,13.852612787504743,100.47966398151998,2.075135984102861,2.609047775982821,2.342091880042841,2.530613406097327,1630,6035,0,857,226,1630.0,01900990008L1AC05,191,101641,47,252,0+000,2+520,1435,1.435,L2,AC,20240726,ส.008,
3128,1.16,0.04,0.6,1635,1640,20240726RUN03,13.852578644462126,100.47963367923894,2.075135984102861,2.609047775982821,2.342091880042841,2.318020879671767,1635,6035,0,857,227,1637.0,01900990008L1AC05,191,101641,47,252,0+000,2+520,1435,1.435,L2,AC,20240726,ส.008,
3130,1.37,0.23,0.8,1640,1645,20240726RUN03,13.85254453501161,100.47960333735486,1.8753532751359565,2.2773489172164023,2.0763510961761793,2.113392585406679,1640,6035,0,857,228,1644.0,01900990008L1AC05,191,101641,47,252,0+000,2+520,1435,1.435,L2,AC,20240726,ส.008,
3134,1.17,0.0,0.58,1650,1655,20240726RUN03,13.852476398604372,100.4795425566462,1.8753532751359565,2.2773489172164023,2.0763510961761793,2.2092769010796327,1650,6035,0,857,229,1651.0,01900990008L1AC05,191,101641,47,252,0+000,2+520,1435,1.435,L2,AC,20240726,ส.008,
3136,1.34,0.0,0.67,1655,1660,20240726RUN03,13.852442393596464,100.4795120922331,1.8753532751359565,2.2773489172164023,2.0763510961761793,1.9216286904083157,1655,6035,0,857,230,1659.0,01900990008L1AC05,191,101641,47,252,0+000,2+520,1435,1.435,L2,AC,20240726,ส.008,
3140,1.35,0.0,0.68,1665,1670,20240726RUN03,13.852374426296825,100.4794511135397,2.061120350950854,2.253208542141663,2.1571644465462585,2.1828479081792036,1665,6035,0,857,231,1666.0,01900990008L1AC05,191,101641,47,252,0+000,2+520,1435,1.435,L2,AC,20240726,ส.008,
3142,0.98,0.0,0.49,1670,1675,20240726RUN03,13.85234046659044,100.47942059627287,2.061120350950854,2.253208542141663,2.1571644465462585,2.1738929692297666,1670,6035,0,857,232,1673.0,01900990008L1AC05,191,101641,47,252,0+000,2+520,1435,1.435,L2,AC,20240726,ส.008,
3146,0.41,0.0,0.2,1680,1685,20240726RUN03,13.852272610879792,100.47935948758344,1.8205103132274756,1.4891213323894266,1.654815822808451,1.5734104321291313,1680,6035,0,857,233,1680.0,01900990008L1AC05,191,101641,47,252,0+000,2+520,1435,1.435,L2,AC,20240726,ส.008,
3148,0.53,0.0,0.26,1685,1690,20240726RUN03,13.852238676240585,100.47932894113656,1.8205103132274756,1.4891213323894266,1.654815822808451,1.646551978603826,1685,6035,0,857,234,1687.0,01900990008L1AC05,191,101641,47,252,0+000,2+520,1435,1.435,L2,AC,20240726,ส.008,
3152,0.48,0.0,0.24,1695,1700,20240726RUN03,13.852170798900199,100.47926785763978,1.8205103132274756,1.4891213323894266,1.654815822808451,1.6448046381940844,1695,6035,0,857,235,1695.0,01900990008L1AC05,191,101641,47,252,0+000,2+520,1435,1.435,L2,AC,20240726,ส.008,
3154,0.59,0.0,0.3,1700,1705,20240726RUN03,13.852136878938948,100.47923729411879,2.854348556872295,2.967888132997765,2.91111834493503,2.727416778863537,1700,6035,0,857,236,1702.0,01900990008L1AC05,191,101641,47,252,0+000,2+520,1435,1.435,L2,AC,20240726,ส.008,
3156,0.29,0.0,0.14,1705,1710,20240726RUN03,13.852102981108263,100.47920670490291,2.854348556872295,2.967888132997765,2.91111834493503,2.985515237530185,1705,6035,0,857,237,1709.0,01900990008L1AC05,191,101641,47,252,0+000,2+520,1435,1.435,L2,AC,20240726,ส.008,
3160,0.83,0.0,0.42,1715,1720,20240726RUN03,13.852035260557535,100.47914543942063,2.854348556872295,2.967888132997765,2.91111834493503,3.089982959116515,1715,6035,0,857,238,1716.0,01900990008L1AC05,191,101641,47,252,0+000,2+520,1435,1.435,L2,AC,20240726,ส.008,
3162,0.36,0.0,0.18,1720,1725,20240726RUN03,13.852001428016134,100.47911477460481,2.191984985860444,2.4374837509205696,2.314734368390507,2.3574548514244027,1720,6035,0,857,239,1723.0,01900990008L1AC05,191,101641,47,252,0+000,2+520,1435,1.435,L2,AC,20240726,ส.008,
3166,0.36,0.0,0.18,1730,1735,20240726RUN03,13.851933834541091,100.47905336230707,2.191984985860444,2.4374837509205696,2.314734368390507,2.285022171137296,1730,6035,0,857,240,1731.0,01900990008L1AC05,191,101641,47,252,0+000,2+520,1435,1.435,L2,AC,20240726,ส.008,
3168,0.25,0.0,0.12,1735,1740,20240726RUN03,13.851900057223475,100.47902263377672,2.191984985860444,2.4374837509205696,2.314734368390507,2.2716434420809875,1735,6035,0,857,241,1738.0,01900990008L1AC05,191,101641,47,252,0+000,2+520,1435,1.435,L2,AC,20240726,ส.008,
3172,0.32,0.0,0.16,1745,1750,20240726RUN03,13.85183255966165,100.478961111095,2.1301210103605697,2.512649973124659,2.3213854917426144,2.4488154039730223,1745,6035,0,857,242,1745.0,01900990008L1AC05,191,101641,47,252,0+000,2+520,1435,1.435,L2,AC,20240726,ส.008,
3174,0.09,0.74,0.42,1750,1755,20240726RUN03,13.851798854136176,100.47893030010516,2.1301210103605697,2.512649973124659,2.3213854917426144,2.4181032731362544,1750,6035,0,857,243,1752.0,01900990008L1AC05,191,101641,47,252,0+000,2+520,1435,1.435,L2,AC,20240726,ส.008,
3178,0.04,3.86,1.95,1760,1765,20240726RUN03,13.851731461925292,100.47886865652143,2.1685600633110096,2.1109952793584896,2.1397776713347496,2.125128280623377,1760,6035,0,857,244,1760.0,01900990008L1AC05,191,101641,47,252,0+000,2+520,1435,1.435,L2,AC,20240726,ส.008,
3180,0.08,2.7,1.39,1765,1770,20240726RUN03,13.851697694789735,100.47883791628048,2.1685600633110096,2.1109952793584896,2.1397776713347496,2.2891640140244585,1765,6035,0,857,245,1767.0,01900990008L1AC05,191,101641,47,252,0+000,2+520,1435,1.435,L2,AC,20240726,ส.008,
3182,0.08,2.46,1.27,1770,1775,20240726RUN03,13.851663875941572,100.47880723565073,2.1685600633110096,2.1109952793584896,2.1397776713347496,1.9857342140275138,1770,6035,0,857,246,1774.0,01900990008L1AC05,191,101641,47,252,0+000,2+520,1435,1.435,L2,AC,20240726,ส.008,
3186,1.03,1.67,1.35,1780,1785,20240726RUN03,13.851596174104106,100.47874594852809,2.470365915541748,1.7257109423514487,2.098038428946598,2.034718237705469,1780,6035,0,857,247,1781.0,01900990008L1AC05,191,101641,47,252,0+000,2+520,1435,1.435,L2,AC,20240726,ส.008,
3188,0.62,0.17,0.4,1785,1790,20240726RUN03,13.851562277749052,100.47871535761585,2.470365915541748,1.7257109423514487,2.098038428946598,1.962881080104809,1785,6035,0,857,248,1788.0,01900990008L1AC05,191,101641,47,252,0+000,2+520,1435,1.435,L2,AC,20240726,ส.008,
3192,0.2,0.0,0.1,1795,1800,20240726RUN03,13.851494399428967,100.47865427532828,2.470365915541748,1.7257109423514487,2.098038428946598,2.1869298951851333,1795,6035,0,857,249,1796.0,01900990008L1AC05,191,101641,47,252,0+000,2+520,1435,1.435,L2,AC,20240726,ส.008,
3194,1.03,0.01,0.52,1800,1805,20240726RUN03,13.851460415426354,100.47862378646096,2.0093914902785714,1.9286987226341317,1.9690451064563517,1.9665325793585715,1800,6035,0,857,250,1803.0,01900990008L1AC05,191,101641,47,252,0+000,2+520,1435,1.435,L2,AC,20240726,ส.008,
3198,1.06,0.05,0.56,1810,1815,20240726RUN03,13.851392346147653,100.47856292719776,2.0093914902785714,1.9286987226341317,1.9690451064563517,2.150531175436109,1810,6035,0,857,251,1810.0,01900990008L1AC05,191,101641,47,252,0+000,2+520,1435,1.435,L2,AC,20240726,ส.008,
3201,1.28,0.01,0.64,1815,1820,20240726RUN03,13.851358282113752,100.4785325320029,2.0093914902785714,1.9286987226341317,1.9690451064563517,1.8931805885817317,1815,6035,0,857,252,1817.0,01900124046L1AC06,191,101655,252,852,0+000,4+300,4200,4.2,L2,AC,20240726,นบ.5038,
3203,1.36,0.01,0.68,1820,1825,20240726RUN03,13.851324232533786,100.4785021198644,2.3181335487250347,2.398472103675372,2.3583028262002035,2.234032179949232,1820,6035,0,857,253,1824.0,01900124046L1AC06,191,101655,252,852,0+000,4+300,4200,4.2,L2,AC,20240726,นบ.5038,
3207,1.69,0.0,0.84,1830,1835,20240726RUN03,13.851256196645876,100.47844122147248,2.3181335487250347,2.398472103675372,2.3583028262002035,2.4132841548636166,1830,6035,0,857,254,1832.0,01900124046L1AC06,191,101655,252,852,0+000,4+300,4200,4.2,L2,AC,20240726,นบ.5038,
3209,1.85,0.06,0.96,1835,1840,20240726RUN03,13.85122218343463,100.47841076673431,2.3181335487250347,2.398472103675372,2.3583028262002035,2.5924420193154423,1835,6035,0,857,255,1839.0,01900124046L1AC06,191,101655,252,852,0+000,4+300,4200,4.2,L2,AC,20240726,นบ.5038,
3213,1.73,0.18,0.96,1845,1850,20240726RUN03,13.851154132724341,100.47834988569511,1.7132162170764893,1.521614756523375,1.6174154867999322,1.5330287296728184,1845,6035,0,857,256,1846.0,01900124046L1AC06,191,101655,252,852,0+000,4+300,4200,4.2,L2,AC,20240726,นบ.5038,
3215,1.36,0.07,0.72,1850,1855,20240726RUN03,13.851120124953672,100.47831942460294,1.7132162170764893,1.521614756523375,1.6174154867999322,1.7786180814401165,1850,6035,0,857,257,1853.0,01900124046L1AC06,191,101655,252,852,0+000,4+300,4200,4.2,L2,AC,20240726,นบ.5038,
3219,1.25,0.0,0.62,1860,1865,20240726RUN03,13.851052167403102,100.47825843468229,1.560289358312679,2.057840598927499,1.8090649786200887,1.887286476300781,1860,6035,0,857,258,1860.0,01900124046L1AC06,191,101655,252,852,0+000,4+300,4200,4.2,L2,AC,20240726,นบ.5038,
3221,1.46,0.0,0.73,1865,1870,20240726RUN03,13.851018192556733,100.47822793514707,1.560289358312679,2.057840598927499,1.8090649786200887,1.9779089653940547,1865,6035,0,857,259,1868.0,01900124046L1AC06,191,101655,252,852,0+000,4+300,4200,4.2,L2,AC,20240726,นบ.5038,
3225,0.7,0.05,0.38,1875,1880,20240726RUN03,13.850950191198043,100.47816699646594,1.560289358312679,2.057840598927499,1.8090649786200887,1.812933344979247,1875,6035,0,857,260,1875.0,01900124046L1AC06,191,101655,252,852,0+000,4+300,4200,4.2,L2,AC,20240726,นบ.5038,
3227,0.74,0.0,0.37,1880,1885,20240726RUN03,13.850916140442985,100.47813658574162,1.9695043036419115,2.4529446542795514,2.2112244789607316,2.2109484053637454,1880,6035,0,857,261,1882.0,01900124046L1AC06,191,101655,252,852,0+000,4+300,4200,4.2,L2,AC,20240726,นบ.5038,
3229,0.99,0.04,0.52,1885,1890,20240726RUN03,13.850882080173115,100.47810618619266,1.9695043036419115,2.4529446542795514,2.2112244789607316,1.990686208046138,1885,6035,0,857,262,1889.0,01900124046L1AC06,191,101655,252,852,0+000,4+300,4200,4.2,L2,AC,20240726,นบ.5038,
3233,1.44,0.53,0.98,1895,1900,20240726RUN03,13.850813929945355,100.47804542197676,1.9695043036419115,2.4529446542795514,2.2112244789607316,2.353217996715877,1895,6035,0,857,263,1897.0,01900124046L1AC06,191,101655,252,852,0+000,4+300,4200,4.2,L2,AC,20240726,นบ.5038,
3235,1.14,0.14,0.64,1900,1905,20240726RUN03,13.850779861345009,100.47801503223762,4.242369758896617,3.838207998119956,4.040288878508287,4.274377136549781,1900,6035,0,857,264,1904.0,01900124046L1AC06,191,101655,252,852,0+000,4+300,4200,4.2,L2,AC,20240726,นบ.5038,
3239,2.76,0.53,1.64,1910,1915,20240726RUN03,13.850711653410064,100.47795433597904,4.242369758896617,3.838207998119956,4.040288878508287,4.330644484408861,1910,6035,0,857,265,1911.0,01900124046L1AC06,191,101655,252,852,0+000,4+300,4200,4.2,L2,AC,20240726,นบ.5038,
3241,1.87,0.07,0.97,1915,1920,20240726RUN03,13.850677500579456,100.47792404540948,4.242369758896617,3.838207998119956,4.040288878508287,4.019317951650633,1915,6035,0,857,266,1918.0,01900124046L1AC06,191,101655,252,852,0+000,4+300,4200,4.2,L2,AC,20240726,นบ.5038,
3245,0.83,0.03,0.43,1925,1930,20240726RUN03,13.850609173514673,100.4778634895745,1.564151824184515,2.312069673278692,1.9381107487316034,2.1236587934731173,1925,6035,0,857,267,1925.0,01900124046L1AC06,191,101655,252,852,0+000,4+300,4200,4.2,L2,AC,20240726,นบ.5038,
3247,1.2,0.02,0.61,1930,1935,20240726RUN03,13.85057496843873,100.47783326085471,1.564151824184515,2.312069673278692,1.9381107487316034,1.9136864093862895,1930,6035,0,857,268,1933.0,01900124046L1AC06,191,101655,252,852,0+000,4+300,4200,4.2,L2,AC,20240726,นบ.5038,
3251,1.98,0.0,0.99,1940,1945,20240726RUN03,13.85050650920192,100.47777286164799,1.508860181289067,1.2363471384884033,1.372603659888735,1.3461588884601035,1940,6035,0,857,269,1940.0,01900124046L1AC06,191,101655,252,852,0+000,4+300,4200,4.2,L2,AC,20240726,นบ.5038,
3253,2.26,0.01,1.13,1945,1950,20240726RUN03,13.850472275923968,100.47774266636475,1.508860181289067,1.2363471384884033,1.372603659888735,1.3922013752275224,1945,6035,0,857,270,1947.0,01900124046L1AC06,191,101655,252,852,0+000,4+300,4200,4.2,L2,AC,20240726,นบ.5038,
3255,2.78,0.09,1.43,1950,1955,20240726RUN03,13.85043802397187,100.47771249330724,1.508860181289067,1.2363471384884033,1.372603659888735,1.438605828446311,1950,6035,0,857,271,1954.0,01900124046L1AC06,191,101655,252,852,0+000,4+300,4200,4.2,L2,AC,20240726,นบ.5038,
3259,2.92,0.03,1.48,1960,1965,20240726RUN03,13.85036955656313,100.47765210379983,1.4653253448983812,1.908918242147858,1.6871217935231195,1.7562011554913375,1960,6035,0,857,272,1961.0,01900124046L1AC06,191,101655,252,852,0+000,4+300,4200,4.2,L2,AC,20240726,นบ.5038,
3261,2.24,0.0,1.12,1965,1970,20240726RUN03,13.850335370837051,100.47762185217627,1.4653253448983812,1.908918242147858,1.6871217935231195,1.6784713639862352,1965,6035,0,857,273,1969.0,01900124046L1AC06,191,101655,252,852,0+000,4+300,4200,4.2,L2,AC,20240726,นบ.5038,
3265,2.76,0.03,1.39,1975,1980,20240726RUN03,13.850267069842573,100.477561265694,1.4653253448983812,1.908918242147858,1.6871217935231195,1.8492479820503729,1975,6035,0,857,274,1976.0,01900124046L1AC06,191,101655,252,852,0+000,4+300,4200,4.2,L2,AC,20240726,นบ.5038,
3267,2.75,0.09,1.42,1980,1985,20240726RUN03,13.850232952979582,100.47753093275738,1.6058781930005883,1.5566726006884468,1.5812753968445175,1.7173261187335507,1980,6035,0,857,275,1983.0,01900124046L1AC06,191,101655,252,852,0+000,4+300,4200,4.2,L2,AC,20240726,นบ.5038,
3271,2.06,0.06,1.06,1990,1995,20240726RUN03,13.850164724268183,100.47747026097528,1.6058781930005883,1.5566726006884468,1.5812753968445175,1.59761106091401,1990,6035,0,857,276,1990.0,01900124046L1AC06,191,101655,252,852,0+000,4+300,4200,4.2,L2,AC,20240726,นบ.5038,
3273,2.41,0.03,1.22,1995,2000,20240726RUN03,13.850130583065056,100.47743995677448,1.6058781930005883,1.5566726006884468,1.5812753968445175,1.5731626577662665,1995,6035,0,857,277,1998.0,01900124046L1AC06,191,101655,252,852,0+000,4+300,4200,4.2,L2,AC,20240726,นบ.5038,
3277,1.87,0.19,1.03,2005,2010,20240726RUN03,13.850062382986906,100.47737925142297,2.9330870137124063,1.9556545578831372,2.444370785797772,2.4318833835569147,2005,6035,0,857,278,2005.0,01900124046L1AC06,191,101655,252,852,0+000,4+300,4200,4.2,L2,AC,20240726,นบ.5038,
3279,1.72,0.02,0.87,2010,2015,20240726RUN03,13.850028344456346,100.47734882645624,2.9330870137124063,1.9556545578831372,2.444370785797772,2.67838465652813,2010,6035,0,857,279,2012.0,01900124046L1AC06,191,101655,252,852,0+000,4+300,4200,4.2,L2,AC,20240726,นบ.5038,
3281,1.41,0.0,0.7,2015,2020,20240726RUN03,13.849994318297435,100.4773183870332,2.9330870137124063,1.9556545578831372,2.444370785797772,2.277561871821722,2015,6035,0,857,280,2019.0,01900124046L1AC06,191,101655,252,852,0+000,4+300,4200,4.2,L2,AC,20240726,นบ.5038,
3285,2.39,0.0,1.2,2025,2030,20240726RUN03,13.849926307953659,100.47725745910377,2.791317315983794,2.6212951100570603,2.706306213020427,2.624870483500913,2025,6035,0,857,281,2026.0,01900124046L1AC06,191,101655,252,852,0+000,4+300,4200,4.2,L2,AC,20240726,นบ.5038,
3287,2.61,0.0,1.3,2030,2035,20240726RUN03,13.849892291882757,100.47722700789822,2.791317315983794,2.6212951100570603,2.706306213020427,2.812909057641544,2030,6035,0,857,282,2034.0,01900124046L1AC06,191,101655,252,852,0+000,4+300,4200,4.2,L2,AC,20240726,นบ.5038,
3291,1.83,0.03,0.93,2040,2045,20240726RUN03,13.849824181977182,100.47716619655918,2.035618755356544,2.126951164671018,2.081284960013781,2.0002089214401906,2040,6035,0,857,283,2041.0,01900124046L1AC06,191,101655,252,852,0+000,4+300,4200,4.2,L2,AC,20240726,นบ.5038,
3293,1.87,0.03,0.95,2045,2050,20240726RUN03,13.849790111777299,100.47713580880053,2.035618755356544,2.126951164671018,2.081284960013781,2.206207930657579,2045,6035,0,857,284,2048.0,01900124046L1AC06,191,101655,252,852,0+000,4+300,4200,4.2,L2,AC,20240726,นบ.5038,
3297,1.76,0.02,0.89,2055,2060,20240726RUN03,13.849721836669776,100.4770751918704,2.035618755356544,2.126951164671018,2.081284960013781,2.0092368092821618,2055,6035,0,857,285,2055.0,01900124046L1AC06,191,101655,252,852,0+000,4+300,4200,4.2,L2,AC,20240726,นบ.5038,
3299,2.33,0.06,1.2,2060,2065,20240726RUN03,13.849687673308477,100.47704491387131,2.2765852698806457,2.438939378650931,2.3577623242657886,2.269331814194665,2060,6035,0,857,286,2062.0,01900124046L1AC06,191,101655,252,852,0+000,4+300,4200,4.2,L2,AC,20240726,นบ.5038,
3303,2.57,0.03,1.3,2070,2075,20240726RUN03,13.849619311715436,100.47698439916647,2.2765852698806457,2.438939378650931,2.3577623242657886,2.5084355935754488,2070,6035,0,857,287,2070.0,01900124046L1AC06,191,101655,252,852,0+000,4+300,4200,4.2,L2,AC,20240726,นบ.5038,
3305,2.57,0.05,1.31,2075,2080,20240726RUN03,13.849585218447652,100.47695403857756,2.2765852698806457,2.438939378650931,2.3577623242657886,2.144952493341161,2075,6035,0,857,288,2077.0,01900124046L1AC06,191,101655,252,852,0+000,4+300,4200,4.2,L2,AC,20240726,นบ.5038,
3307,2.46,0.01,1.23,2080,2085,20240726RUN03,13.849551173412639,100.47692362129966,1.923495504188284,1.728884844118299,1.8261901741532913,1.8959873594052485,2080,6035,0,857,289,2084.0,01900124046L1AC06,191,101655,252,852,0+000,4+300,4200,4.2,L2,AC,20240726,นบ.5038,
3311,1.93,0.01,0.97,2090,2095,20240726RUN03,13.849483138655508,100.47686272201304,1.923495504188284,1.728884844118299,1.8261901741532913,1.8194461612289434,2090,6035,0,857,290,2091.0,01900124046L1AC06,191,101655,252,852,0+000,4+300,4200,4.2,L2,AC,20240726,นบ.5038,
3313,1.46,0.02,0.74,2095,2100,20240726RUN03,13.849449124716315,100.47683226837361,1.923495504188284,1.728884844118299,1.8261901741532913,1.9071426044211393,2095,6035,0,857,291,2098.0,01900124046L1AC06,191,101655,252,852,0+000,4+300,4200,4.2,L2,AC,20240726,นบ.5038,
3317,1.29,0.0,0.64,2105,2110,20240726RUN03,13.849381102306625,100.47677135464694,2.651157946004428,3.378392376955301,3.0147751614798644,3.101241355425728,2105,6035,0,857,292,2106.0,01900124046L1AC06,191,101655,252,852,0+000,4+300,4200,4.2,L2,AC,20240726,นบ.5038,
3319,1.14,0.0,0.57,2110,2115,20240726RUN03,13.849347075326309,100.4767409162641,2.651157946004428,3.378392376955301,3.0147751614798644,3.0513943600664684,2110,6035,0,857,293,2113.0,01900124046L1AC06,191,101655,252,852,0+000,4+300,4200,4.2,L2,AC,20240726,นบ.5038,
3323,1.24,0.0,0.62,2120,2125,20240726RUN03,13.849279134131699,100.47667990775442,2.38423251616951,2.603651259817528,2.493941887993519,2.6659201861840103,2120,6035,0,857,294,2120.0,01900124046L1AC06,191,101655,252,852,0+000,4+300,4200,4.2,L2,AC,20240726,นบ.5038,
3325,0.77,0.0,0.38,2125,2130,20240726RUN03,13.84924518130747,100.4766493827479,2.38423251616951,2.603651259817528,2.493941887993519,2.5211198577634706,2125,6035,0,857,295,2127.0,01900124046L1AC06,191,101655,252,852,0+000,4+300,4200,4.2,L2,AC,20240726,นบ.5038,
3329,1.06,0.0,0.53,2135,2140,20240726RUN03,13.849177219195726,100.47658839860641,2.38423251616951,2.603651259817528,2.493941887993519,2.647824443518139,2135,6035,0,857,296,2135.0,01900124046L1AC06,191,101655,252,852,0+000,4+300,4200,4.2,L2,AC,20240726,นบ.5038,
3331,1.64,0.02,0.83,2140,2145,20240726RUN03,13.84914320985832,100.47655793960148,1.6202069084876711,1.7478331117041723,1.6840200100959217,1.6890667943545288,2140,6035,0,857,297,2142.0,01900124046L1AC06,191,101655,252,852,0+000,4+300,4200,4.2,L2,AC,20240726,นบ.5038,
3333,1.11,0.0,0.56,2145,2150,20240726RUN03,13.84910921193317,100.47652746723871,1.6202069084876711,1.7478331117041723,1.6840200100959217,1.675140798054295,2145,6035,0,857,298,2149.0,01900124046L1AC06,191,101655,252,852,0+000,4+300,4200,4.2,L2,AC,20240726,นบ.5038,
3337,1.21,0.0,0.6,2155,2160,20240726RUN03,13.849041266722802,100.47646646344577,1.6202069084876711,1.7478331117041723,1.6840200100959217,1.6218148100575929,2155,6035,0,857,299,2156.0,01900124046L1AC06,191,101655,252,852,0+000,4+300,4200,4.2,L2,AC,20240726,นบ.5038,
3339,0.68,0.01,0.34,2160,2165,20240726RUN03,13.84900730950659,100.47643594361087,2.3127802099001804,2.566585991949553,2.4396831009248667,2.305102666781265,2160,6035,0,857,300,2163.0,01900124046L1AC06,191,101655,252,852,0+000,4+300,4200,4.2,L2,AC,20240726,นบ.5038,
3343,0.6,0.1,0.35,2170,2175,20240726RUN03,13.8489394932418,100.47637478975452,2.3127802099001804,2.566585991949553,2.4396831009248667,2.5543291705242637,2170,6035,0,857,301,2171.0,01900124046L1AC06,191,101655,252,852,0+000,4+300,4200,4.2,L2,AC,20240726,นบ.5038,
3345,0.55,0.0,0.28,2175,2180,20240726RUN03,13.84890557164558,100.47634422844506,2.3127802099001804,2.566585991949553,2.4396831009248667,2.5561007538907403,2175,6035,0,857,302,2178.0,01900124046L1AC06,191,101655,252,852,0+000,4+300,4200,4.2,L2,AC,20240726,นบ.5038,
3349,1.02,0.0,0.51,2185,2190,20240726RUN03,13.848837592419459,100.4762832644529,1.6559922759069754,2.0871656562628527,1.871578966084914,1.9155738044398976,2185,6035,0,857,303,2185.0,01900124046L1AC06,191,101655,252,852,0+000,4+300,4200,4.2,L2,AC,20240726,นบ.5038,
3351,0.43,0.0,0.22,2190,2195,20240726RUN03,13.848803554117088,100.47625283938939,1.6559922759069754,2.0871656562628527,1.871578966084914,1.9877629745398058,2190,6035,0,857,304,2192.0,01900124046L1AC06,191,101655,252,852,0+000,4+300,4200,4.2,L2,AC,20240726,นบ.5038,
3353,0.38,0.0,0.19,2195,2200,20240726RUN03,13.84876948564249,100.47622244974819,1.6559922759069754,2.0871656562628527,1.871578966084914,1.9897406641603346,2195,6035,0,857,305,2199.0,01900124046L1AC06,191,101655,252,852,0+000,4+300,4200,4.2,L2,AC,20240726,นบ.5038,
3357,0.3,0.0,0.15,2205,2210,20240726RUN03,13.84870138388819,100.47616162921695,1.813525389987164,2.133568158687225,1.9735467743371946,2.052572063982579,2205,6035,0,857,306,2207.0,01900124046L1AC06,191,101655,252,852,0+000,4+300,4200,4.2,L2,AC,20240726,นบ.5038,
3359,0.26,0.09,0.18,2210,2215,20240726RUN03,13.848667388758887,100.47613115368154,1.813525389987164,2.133568158687225,1.9735467743371946,2.1069313875423026,2210,6035,0,857,307,2214.0,01900124046L1AC06,191,101655,252,852,0+000,4+300,4200,4.2,L2,AC,20240726,นบ.5038,
3363,0.48,0.03,0.26,2220,2225,20240726RUN03,13.84859944556547,100.4760701476586,1.7298654448603652,1.830261010039876,1.7800632274501207,1.8078438415483666,2220,6035,0,857,308,2221.0,01900124046L1AC06,191,101655,252,852,0+000,4+300,4200,4.2,L2,AC,20240726,นบ.5038,
3365,0.4,0.21,0.3,2225,2230,20240726RUN03,13.84856544494839,100.47603967854282,1.7298654448603652,1.830261010039876,1.7800632274501207,1.692760144689781,2225,6035,0,857,309,2228.0,01900124046L1AC06,191,101655,252,852,0+000,4+300,4200,4.2,L2,AC,20240726,นบ.5038,
3369,0.17,0.07,0.12,2235,2240,20240726RUN03,13.848497398107666,100.4759787936751,1.7298654448603652,1.830261010039876,1.7800632274501207,1.7564763531900052,2235,6035,0,857,310,2235.0,01900124046L1AC06,191,101655,252,852,0+000,4+300,4200,4.2,L2,AC,20240726,นบ.5038,
3371,0.3,0.06,0.18,2240,2245,20240726RUN03,13.84846336441257,100.47594836328861,1.2190988570320556,1.711558087045571,1.4653284720388133,1.5566315197922473,2240,6035,0,857,311,2243.0,01900124046L1AC06,191,101655,252,852,0+000,4+300,4200,4.2,L2,AC,20240726,นบ.5038,
3375,0.05,0.01,0.03,2250,2255,20240726RUN03,13.84839530331492,100.47588749514695,1.2190988570320556,1.711558087045571,1.4653284720388133,1.3237903631679226,2250,6035,0,857,312,2250.0,01900124046L1AC06,191,101655,252,852,0+000,4+300,4200,4.2,L2,AC,20240726,นบ.5038,
3377,0.09,0.0,0.04,2255,2260,20240726RUN03,13.848361282559933,100.47585704962661,1.2190988570320556,1.711558087045571,1.4653284720388133,1.5010847871982262,2255,6035,0,857,313,2257.0,01900124046L1AC06,191,101655,252,852,0+000,4+300,4200,4.2,L2,AC,20240726,นบ.5038,
3379,0.04,0.0,0.02,2260,2265,20240726RUN03,13.848327248342063,100.47582661986706,1.4843747069627455,1.7038545881107034,1.5941146475367245,1.7508472450860346,2260,6035,0,857,314,2264.0,01900124046L1AC06,191,101655,252,852,0+000,4+300,4200,4.2,L2,AC,20240726,นบ.5038,
3383,0.07,0.0,0.04,2270,2275,20240726RUN03,13.848259093697147,100.47576586152044,1.4843747069627455,1.7038545881107034,1.5941146475367245,1.572428985223131,2270,6035,0,857,315,2272.0,01900124046L1AC06,191,101655,252,852,0+000,4+300,4200,4.2,L2,AC,20240726,นบ.5038,
3385,0.17,0.0,0.08,2275,2280,20240726RUN03,13.848225003954354,100.47573549695976,1.4843747069627455,1.7038545881107034,1.5941146475367245,1.6963376321082735,2275,6035,0,857,316,2279.0,01900124046L1AC06,191,101655,252,852,0+000,4+300,4200,4.2,L2,AC,20240726,นบ.5038,
3389,0.19,0.0,0.1,2285,2290,20240726RUN03,13.848156797536694,100.47567479952268,1.6753530483975545,1.748150770734896,1.7117519095662252,1.779438958013701,2285,6035,0,857,317,2286.0,01900124046L1AC06,191,101655,252,852,0+000,4+300,4200,4.2,L2,AC,20240726,นบ.5038,
3391,0.15,0.02,0.08,2290,2295,20240726RUN03,13.848122688871001,100.47564445726033,1.6753530483975545,1.748150770734896,1.7117519095662252,1.6688118885908065,2290,6035,0,857,318,2293.0,01900124046L1AC06,191,101655,252,852,0+000,4+300,4200,4.2,L2,AC,20240726,นบ.5038,
3395,0.27,0.14,0.2,2300,2305,20240726RUN03,13.848054525455755,100.47558370929876,1.650318120733603,1.7952447974198984,1.7227814590767507,1.592793837097747,2300,6035,0,857,319,2300.0,01900124046L1AC06,191,101655,252,852,0+000,4+300,4200,4.2,L2,AC,20240726,นบ.5038,
3397,0.44,0.07,0.26,2305,2310,20240726RUN03,13.848020479808842,100.47555329299159,1.650318120733603,1.7952447974198984,1.7227814590767507,1.5793160773409598,2305,6035,0,857,320,2308.0,01900124046L1AC06,191,101655,252,852,0+000,4+300,4200,4.2,L2,AC,20240726,นบ.5038,
3401,0.01,0.0,0.0,2315,2320,20240726RUN03,13.847952463781684,100.47549237223794,1.650318120733603,1.7952447974198984,1.7227814590767507,1.8400673060455726,2315,6035,0,857,321,2315.0,01900124046L1AC06,191,101655,252,852,0+000,4+300,4200,4.2,L2,AC,20240726,นบ.5038,
3403,0.24,0.03,0.14,2320,2325,20240726RUN03,13.847918476758522,100.47546188733928,1.6155780907060568,1.920745751004315,1.768161920855186,1.758046172935725,2320,6035,0,857,322,2322.0,01900124046L1AC06,191,101655,252,852,0+000,4+300,4200,4.2,L2,AC,20240726,นบ.5038,
3405,0.15,0.02,0.08,2325,2330,20240726RUN03,13.847884483309798,100.47543140995256,1.6155780907060568,1.920745751004315,1.768161920855186,1.6480798733662037,2325,6035,0,857,323,2329.0,01900124046L1AC06,191,101655,252,852,0+000,4+300,4200,4.2,L2,AC,20240726,นบ.5038,
3409,0.08,0.0,0.04,2335,2340,20240726RUN03,13.847816394654673,100.47537057431074,1.6155780907060568,1.920745751004315,1.768161920855186,1.686640120180779,2335,6035,0,857,324,2336.0,01900124046L1AC06,191,101655,252,852,0+000,4+300,4200,4.2,L2,AC,20240726,นบ.5038,
3411,0.14,0.02,0.08,2340,2345,20240726RUN03,13.847782341930507,100.47534016634489,1.81681290917034,1.8817946709061408,1.8493037900382405,1.8788156820086608,2340,6035,0,857,325,2344.0,01900124046L1AC06,191,101655,252,852,0+000,4+300,4200,4.2,L2,AC,20240726,นบ.5038,
3415,0.29,0.08,0.18,2350,2355,20240726RUN03,13.847714197762118,100.47527939584857,1.81681290917034,1.8817946709061408,1.8493037900382405,1.9484953789030417,2350,6035,0,857,326,2351.0,01900124046L1AC06,191,101655,252,852,0+000,4+300,4200,4.2,L2,AC,20240726,นบ.5038,
3417,0.01,0.01,0.01,2355,2360,20240726RUN03,13.847680122901004,100.47524901386565,1.81681290917034,1.8817946709061408,1.8493037900382405,1.9026572763079055,2355,6035,0,857,327,2358.0,01900124046L1AC06,191,101655,252,852,0+000,4+300,4200,4.2,L2,AC,20240726,นบ.5038,
3421,0.01,0.0,0.0,2365,2370,20240726RUN03,13.847612034073869,100.47518817844957,2.426783471026009,2.368262257877244,2.3975228644516267,2.255956070723577,2365,6035,0,857,328,2365.0,01900124046L1AC06,191,101655,252,852,0+000,4+300,4200,4.2,L2,AC,20240726,นบ.5038,
3423,0.0,0.03,0.02,2370,2375,20240726RUN03,13.847578011670901,100.47515773497099,2.426783471026009,2.368262257877244,2.3975228644516267,2.532052021248043,2370,6035,0,857,329,2372.0,01900124046L1AC06,191,101655,252,852,0+000,4+300,4200,4.2,L2,AC,20240726,นบ.5038,
3427,0.01,0.05,0.03,2380,2385,20240726RUN03,13.84751007746587,100.47509671888875,1.502080862054718,2.197846254533342,1.84996355829403,1.7392204596804848,2380,6035,0,857,330,2380.0,01900124046L1AC06,191,101655,252,852,0+000,4+300,4200,4.2,L2,AC,20240726,นบ.5038,
3429,0.01,0.2,0.11,2385,2390,20240726RUN03,13.847476148158666,100.47506616683727,1.502080862054718,2.197846254533342,1.84996355829403,1.9054648619706733,2385,6035,0,857,331,2387.0,01900124046L1AC06,191,101655,252,852,0+000,4+300,4200,4.2,L2,AC,20240726,นบ.5038,
3431,0.15,0.0,0.08,2390,2395,20240726RUN03,13.847442229350222,100.47503560257694,1.502080862054718,2.197846254533342,1.84996355829403,1.8357864740728265,2390,6035,0,857,332,2394.0,01900124046L1AC06,191,101655,252,852,0+000,4+300,4200,4.2,L2,AC,20240726,นบ.5038,
3435,0.07,0.0,0.04,2400,2405,20240726RUN03,13.847374409843967,100.47497445302093,1.635098518881179,1.197182151074483,1.416140334977831,1.376123202342429,2400,6035,0,857,333,2401.0,01900124046L1AC06,191,101655,252,852,0+000,4+300,4200,4.2,L2,AC,20240726,นบ.5038,
3437,0.03,0.06,0.04,2405,2410,20240726RUN03,13.847340546437964,100.4749438245214,1.635098518881179,1.197182151074483,1.416140334977831,1.4343438891802673,2405,6035,0,857,334,2409.0,01900124046L1AC06,191,101655,252,852,0+000,4+300,4200,4.2,L2,AC,20240726,นบ.5038,
3441,0.11,0.0,0.06,2415,2420,20240726RUN03,13.84727287611174,100.47488250216738,1.635098518881179,1.197182151074483,1.416140334977831,1.3880366075672141,2415,6035,0,857,335,2416.0,01900124046L1AC06,191,101655,252,852,0+000,4+300,4200,4.2,L2,AC,20240726,นบ.5038,
3443,0.53,0.08,0.3,2420,2425,20240726RUN03,13.847239043105406,100.47485183850563,1.6939508222998831,1.9407062125899168,1.8173285174449,1.8180219429913549,2420,6035,0,857,336,2423.0,01900124046L1AC06,191,101655,252,852,0+000,4+300,4200,4.2,L2,AC,20240726,นบ.5038,
3447,0.3,0.0,0.15,2430,2435,20240726RUN03,13.847171373251108,100.47479051561513,1.6939508222998831,1.9407062125899168,1.8173285174449,1.840535605273751,2430,6035,0,857,337,2430.0,01900124046L1AC06,191,101655,252,852,0+000,4+300,4200,4.2,L2,AC,20240726,นบ.5038,
3449,0.75,0.0,0.38,2435,2440,20240726RUN03,13.847137578017707,100.47475980839624,1.6939508222998831,1.9407062125899168,1.8173285174449,1.7932803639254309,2435,6035,0,857,338,2437.0,01900124046L1AC06,191,101655,252,852,0+000,4+300,4200,4.2,L2,AC,20240726,นบ.5038,
3453,0.63,0.0,0.32,2445,2450,20240726RUN03,13.847070212544695,100.4746981357133,1.6243455527637318,1.524950554461331,1.5746480536125316,1.5620940911775973,2445,6035,0,857,339,2445.0,01900124046L1AC06,191,101655,252,852,0+000,4+300,4200,4.2,L2,AC,20240726,นบ.5038,
3455,0.8,0.0,0.4,2450,2455,20240726RUN03,13.847036632823132,100.47466718186291,1.6243455527637318,1.524950554461331,1.5746480536125316,1.6008153707160697,2450,6035,0,857,340,2452.0,01900124046L1AC06,191,101655,252,852,0+000,4+300,4200,4.2,L2,AC,20240726,นบ.5038,
3457,1.19,0.0,0.6,2455,2460,20240726RUN03,13.847003130793361,100.47463614001272,1.6243455527637318,1.524950554461331,1.5746480536125316,1.42194242958999,2455,6035,0,857,341,2459.0,01900124046L1AC06,191,101655,252,852,0+000,4+300,4200,4.2,L2,AC,20240726,นบ.5038,
3461,1.21,0.0,0.6,2465,2470,20240726RUN03,13.846936447716557,100.47457369554834,1.6854903188729935,1.891422811286384,1.7884565650796889,1.783195168173494,2465,6035,0,857,342,2466.0,01900124046L1AC06,191,101655,252,852,0+000,4+300,4200,4.2,L2,AC,20240726,นบ.5038,
3463,1.09,0.0,0.55,2470,2475,20240726RUN03,13.846903267255968,100.4745422940242,1.6854903188729935,1.891422811286384,1.7884565650796889,1.8217856866463065,2470,6035,0,857,343,2473.0,01900124046L1AC06,191,101655,252,852,0+000,4+300,4200,4.2,L2,AC,20240726,นบ.5038,
3467,1.04,0.0,0.52,2480,2485,20240726RUN03,13.846837216241427,100.4744791498694,2.5073365527089835,2.862607766066517,2.6849721593877502,2.637378487543543,2480,6035,0,857,344,2481.0,01900124046L1AC06,191,101655,252,852,0+000,4+300,4200,4.2,L2,AC,20240726,นบ.5038,
3469,0.75,0.0,0.38,2485,2490,20240726RUN03,13.846804340471737,100.47444741449186,2.5073365527089835,2.862607766066517,2.6849721593877502,2.6593354395918563,2485,6035,0,857,345,2488.0,01900124046L1AC06,191,101655,252,852,0+000,4+300,4200,4.2,L2,AC,20240726,นบ.5038,
3473,0.42,0.0,0.21,2495,2500,20240726RUN03,13.84673885147194,100.47438366008376,2.5073365527089835,2.862607766066517,2.6849721593877502,2.7493155975591548,2495,6035,0,857,346,2495.0,01900124046L1AC06,191,101655,252,852,0+000,4+300,4200,4.2,L2,AC,20240726,นบ.5038,
3475,0.21,0.0,0.1,2500,2505,20240726RUN03,13.846706202648672,100.47435168022203,2.201650859680292,1.8813169912557857,2.041483925468039,1.9046102403710055,2500,6035,0,857,347,2502.0,01900124046L1AC06,191,101655,252,852,0+000,4+300,4200,4.2,L2,AC,20240726,นบ.5038,
3477,0.4,0.0,0.2,2505,2510,20240726RUN03,13.846673669314336,100.4743195774024,2.201650859680292,1.8813169912557857,2.041483925468039,2.1168441127480477,2505,6035,0,857,348,2509.0,01900124046L1AC06,191,101655,252,852,0+000,4+300,4200,4.2,L2,AC,20240726,นบ.5038,
3481,0.45,0.0,0.22,2515,2520,20240726RUN03,13.846609144991126,100.47425480173972,2.201650859680292,1.8813169912557857,2.041483925468039,2.076718311036929,2515,6035,0,857,349,2517.0,01900124046L1AC06,191,101655,252,852,0+000,4+300,4200,4.2,L2,AC,20240726,นบ.5038,
3483,0.45,0.0,0.22,2520,2525,20240726RUN03,13.846577139135041,100.47422214833335,1.987679809156534,2.041814308107015,2.0147470586317744,2.208712533668022,2520,6035,0,857,350,2524.0,01900124046L1AC06,191,101655,252,852,0+000,4+300,4200,4.2,L2,AC,20240726,นบ.5038,
3487,1.09,0.0,0.55,2530,2535,20240726RUN03,13.846513633851789,100.47415632638625,1.987679809156534,2.041814308107015,2.0147470586317744,1.9563161299251168,2530,6035,0,857,351,2531.0,01900124046L1AC06,191,101655,252,852,0+000,4+300,4200,4.2,L2,AC,20240726,นบ.5038,
3489,1.35,0.0,0.68,2535,2540,20240726RUN03,13.846482178781791,100.47412311717686,1.987679809156534,2.041814308107015,2.0147470586317744,1.9757941534544587,2535,6035,0,857,352,2538.0,01900124046L1AC06,191,101655,252,852,0+000,4+300,4200,4.2,L2,AC,20240726,นบ.5038,
3493,1.41,0.0,0.7,2545,2550,20240726RUN03,13.84642005000453,100.47405593446832,1.956414130404461,1.8568266170460832,1.9066203737252723,1.7419458162677202,2545,6035,0,857,353,2546.0,01900124046L1AC06,191,101655,252,852,0+000,4+300,4200,4.2,L2,AC,20240726,นบ.5038,
3495,1.06,0.0,0.53,2550,2555,20240726RUN03,13.846389444369308,100.47402190426136,1.956414130404461,1.8568266170460832,1.9066203737252723,1.930098193181873,2550,6035,0,857,354,2553.0,01900124046L1AC06,191,101655,252,852,0+000,4+300,4200,4.2,L2,AC,20240726,นบ.5038,
3499,0.92,0.0,0.46,2560,2565,20240726RUN03,13.846329212609549,100.47395293614352,1.2937825546981796,1.664561103372478,1.4791718290353288,1.4648811794650132,2560,6035,0,857,355,2560.0,01900124046L1AC06,191,101655,252,852,0+000,4+300,4200,4.2,L2,AC,20240726,นบ.5038,
3501,0.36,0.0,0.18,2565,2570,20240726RUN03,13.84629955689485,100.47391803609537,1.2937825546981796,1.664561103372478,1.4791718290353288,1.3766001916063053,2565,6035,0,857,356,2567.0,01900124046L1AC06,191,101655,252,852,0+000,4+300,4200,4.2,L2,AC,20240726,นบ.5038,
3503,0.4,0.0,0.2,2570,2575,20240726RUN03,13.846270173652076,100.47388289548604,1.2937825546981796,1.664561103372478,1.4791718290353288,1.3672055619565455,2570,6035,0,857,357,2574.0,01900124046L1AC06,191,101655,252,852,0+000,4+300,4200,4.2,L2,AC,20240726,นบ.5038,
3507,1.14,0.0,0.57,2580,2585,20240726RUN03,13.846212039102271,100.47381206636362,1.9048112785762537,2.7553801312926103,2.3300957049344317,2.2884541398470923,2580,6035,0,857,358,2582.0,01900124046L1AC06,191,101655,252,852,0+000,4+300,4200,4.2,L2,AC,20240726,นบ.5038,
3509,0.65,0.0,0.32,2585,2590,20240726RUN03,13.846183296935774,100.47377637468219,1.9048112785762537,2.7553801312926103,2.3300957049344317,2.176925324507713,2585,6035,0,857,359,2589.0,01900124046L1AC06,191,101655,252,852,0+000,4+300,4200,4.2,L2,AC,20240726,นบ.5038,
3513,0.41,0.0,0.2,2595,2600,20240726RUN03,13.846126650470296,100.47370429545995,1.9048112785762537,2.7553801312926103,2.3300957049344317,2.281677187076486,2595,6035,0,857,360,2596.0,01900124046L1AC06,191,101655,252,852,0+000,4+300,4200,4.2,L2,AC,20240726,นบ.5038,
3515,0.61,0.0,0.3,2600,2605,20240726RUN03,13.84609909237619,100.47366763943731,3.598869880850084,3.2139800761956625,3.4064249785228733,3.2000039664969644,2600,6035,0,857,361,2603.0,01900124046L1AC06,191,101655,252,852,0+000,4+300,4200,4.2,L2,AC,20240726,นบ.5038,
3519,1.31,0.0,0.66,2610,2615,20240726RUN03,13.846045592808085,100.47359308576233,3.598869880850084,3.2139800761956625,3.4064249785228733,3.339238734437966,2610,6035,0,857,362,2610.0,01900124046L1AC06,191,101655,252,852,0+000,4+300,4200,4.2,L2,AC,20240726,นบ.5038,
3521,1.5,0.0,0.75,2615,2620,20240726RUN03,13.846019547765616,100.47355528850193,3.598869880850084,3.2139800761956625,3.4064249785228733,3.4149991998387916,2615,6035,0,857,363,2618.0,01900124046L1AC06,191,101655,252,852,0+000,4+300,4200,4.2,L2,AC,20240726,นบ.5038,
3525,0.91,0.0,0.46,2625,2630,20240726RUN03,13.845968744912211,100.47347878361325,1.8436607810462933,1.921686071433354,1.8826734262398235,1.9175833649482543,2625,6035,0,857,364,2625.0,01900124046L1AC06,191,101655,252,852,0+000,4+300,4200,4.2,L2,AC,20240726,นบ.5038,
3527,0.78,0.0,0.39,2630,2635,20240726RUN03,13.845943878260023,100.47344016389327,1.8436607810462933,1.921686071433354,1.8826734262398235,1.8509051716867841,2630,6035,0,857,365,2632.0,01900124046L1AC06,191,101655,252,852,0+000,4+300,4200,4.2,L2,AC,20240726,นบ.5038,
3529,0.35,0.0,0.18,2635,2640,20240726RUN03,13.845919248963366,100.4734013851484,1.8436607810462933,1.921686071433354,1.8826734262398235,1.7756406000957887,2635,6035,0,857,366,2639.0,01900124046L1AC06,191,101655,252,852,0+000,4+300,4200,4.2,L2,AC,20240726,นบ.5038,
3533,0.93,0.0,0.46,2645,2650,20240726RUN03,13.845870876207263,100.4733232471413,2.687604647797169,2.166001389180053,2.426803018488611,2.287080030021274,2645,6035,0,857,367,2647.0,01900124046L1AC06,191,101655,252,852,0+000,4+300,4200,4.2,L2,AC,20240726,นบ.5038,
3535,0.86,0.0,0.43,2650,2655,20240726RUN03,13.845847175040738,100.4732838673511,2.687604647797169,2.166001389180053,2.426803018488611,2.340011423805733,2650,6035,0,857,368,2654.0,01900124046L1AC06,191,101655,252,852,0+000,4+300,4200,4.2,L2,AC,20240726,นบ.5038,
3539,1.4,0.0,0.7,2660,2665,20240726RUN03,13.845800756739584,100.47320449742926,2.0038868448114666,2.371693901313267,2.187790373062367,2.22571733117591,2660,6035,0,857,369,2661.0,01900124046L1AC06,191,101655,252,852,0+000,4+300,4200,4.2,L2,AC,20240726,นบ.5038,
3541,0.78,0.0,0.39,2665,2670,20240726RUN03,13.845778072457385,100.47316449539404,2.0038868448114666,2.371693901313267,2.187790373062367,2.0222001994911674,2665,6035,0,857,370,2668.0,01900124046L1AC06,191,101655,252,852,0+000,4+300,4200,4.2,L2,AC,20240726,นบ.5038,
3545,0.59,0.0,0.3,2675,2680,20240726RUN03,13.84573383737994,100.47308383044472,2.0038868448114666,2.371693901313267,2.187790373062367,2.254485606263899,2675,6035,0,857,371,2675.0,01900124046L1AC06,191,101655,252,852,0+000,4+300,4200,4.2,L2,AC,20240726,นบ.5038,
3547,0.77,0.0,0.38,2680,2685,20240726RUN03,13.845712270613225,100.47304318612163,1.9239291654968096,2.140992667502408,2.0324609164996086,1.9001387273647636,2680,6035,0,857,372,2683.0,01900124046L1AC06,191,101655,252,852,0+000,4+300,4200,4.2,L2,AC,20240726,นบ.5038,
3551,0.73,0.0,0.36,2690,2695,20240726RUN03,13.84567014990755,100.4729613439089,1.9239291654968096,2.140992667502408,2.0324609164996086,2.1625376520399673,2690,6035,0,857,373,2690.0,01900124046L1AC06,191,101655,252,852,0+000,4+300,4200,4.2,L2,AC,20240726,นบ.5038,
3553,0.86,0.0,0.43,2695,2700,20240726RUN03,13.845649520246115,100.47292019314186,1.9239291654968096,2.140992667502408,2.0324609164996086,2.16196981305018,2695,6035,0,857,374,2697.0,01900124046L1AC06,191,101655,252,852,0+000,4+300,4200,4.2,L2,AC,20240726,นบ.5038,
3555,0.35,0.0,0.18,2700,2705,20240726RUN03,13.845629096179238,100.47287893510754,2.8408181013293783,2.7910097530424838,2.815913927185931,3.0232864936350112,2700,6035,0,857,375,2704.0,01900124046L1AC06,191,101655,252,852,0+000,4+300,4200,4.2,L2,AC,20240726,นบ.5038,
3559,0.97,0.0,0.48,2710,2715,20240726RUN03,13.845589049456581,100.4727960096091,2.8408181013293783,2.7910097530424838,2.815913927185931,2.5546748185250148,2710,6035,0,857,376,2711.0,01900124046L1AC06,191,101655,252,852,0+000,4+300,4200,4.2,L2,AC,20240726,นบ.5038,
3561,0.52,0.0,0.26,2715,2720,20240726RUN03,13.845569504671257,100.47275430794431,2.8408181013293783,2.7910097530424838,2.815913927185931,2.9285241379780897,2715,6035,0,857,377,2719.0,01900124046L1AC06,191,101655,252,852,0+000,4+300,4200,4.2,L2,AC,20240726,นบ.5038,
3565,0.55,0.0,0.28,2725,2730,20240726RUN03,13.84553123019417,100.47267051006632,1.5123558287046637,3.385846711345846,2.449101270025255,2.487726628959025,2725,6035,0,857,378,2726.0,01900124046L1AC06,191,101655,252,852,0+000,4+300,4200,4.2,L2,AC,20240726,นบ.5038,
3567,0.42,0.0,0.21,2730,2735,20240726RUN03,13.845512503506125,100.47262841704834,1.5123558287046637,3.385846711345846,2.449101270025255,2.6774306667197494,2730,6035,0,857,379,2733.0,01900124046L1AC06,191,101655,252,852,0+000,4+300,4200,4.2,L2,AC,20240726,นบ.5038,
3571,0.28,0.0,0.14,2740,2745,20240726RUN03,13.845476043948125,100.47254377617683,2.6349462520614715,3.3515254884236136,2.9932358702425423,3.1522044923912516,2740,6035,0,857,380,2740.0,01900124046L1AC06,191,101655,252,852,0+000,4+300,4200,4.2,L2,AC,20240726,นบ.5038,
3573,0.14,0.0,0.07,2745,2750,20240726RUN03,13.845458224005277,100.47250127280854,2.6349462520614715,3.3515254884236136,2.9932358702425423,2.88741571098583,2745,6035,0,857,381,2747.0,01900124046L1AC06,191,101655,252,852,0+000,4+300,4200,4.2,L2,AC,20240726,นบ.5038,
3577,1.0,0.0,0.5,2755,2760,20240726RUN03,13.845423215400775,100.47241599247918,2.6349462520614715,3.3515254884236136,2.9932358702425423,3.0109410669595813,2755,6035,0,857,382,2755.0,01900124046L1AC06,191,101655,252,852,0+000,4+300,4200,4.2,L2,AC,20240726,นบ.5038,
3579,0.51,0.0,0.26,2760,2765,20240726RUN03,13.845406106840166,100.47237318406793,2.488742145397621,3.141141439498769,2.814941792448195,2.5742290242056,2760,6035,0,857,383,2762.0,01900124046L1AC06,191,101655,252,852,0+000,4+300,4200,4.2,L2,AC,20240726,นบ.5038,
3581,1.14,0.0,0.57,2765,2770,20240726RUN03,13.845389171327637,100.47233030364448,2.488742145397621,3.141141439498769,2.814941792448195,2.69593998175796,2765,6035,0,857,384,2769.0,01900124046L1AC06,191,101655,252,852,0+000,4+300,4200,4.2,L2,AC,20240726,นบ.5038,
3585,0.36,0.0,0.18,2775,2780,20240726RUN03,13.84535579649804,100.47224433945233,2.488742145397621,3.141141439498769,2.814941792448195,3.0273556839656983,2775,6035,0,857,385,2776.0,01900124046L1AC06,191,101655,252,852,0+000,4+300,4200,4.2,L2,AC,20240726,นบ.5038,
3587,0.61,0.0,0.3,2780,2785,20240726RUN03,13.845339349331661,100.47220126037388,3.03565530816854,3.2211067341196773,3.1283810211441088,3.072161261250937,2780,6035,0,857,386,2784.0,01900124046L1AC06,191,101655,252,852,0+000,4+300,4200,4.2,L2,AC,20240726,นบ.5038,
3591,1.08,0.0,0.54,2790,2795,20240726RUN03,13.845306775973864,100.47211497475057,3.03565530816854,3.2211067341196773,3.1283810211441088,3.1504390913070988,2790,6035,0,857,387,2791.0,01900124046L1AC06,191,101655,252,852,0+000,4+300,4200,4.2,L2,AC,20240726,นบ.5038,
3593,1.27,0.0,0.64,2795,2800,20240726RUN03,13.845290759675132,100.47207172596367,3.03565530816854,3.2211067341196773,3.1283810211441088,2.897528144570142,2795,6035,0,857,388,2798.0,01900124046L1AC06,191,101655,252,852,0+000,4+300,4200,4.2,L2,AC,20240726,นบ.5038,
3597,1.82,0.0,0.91,2805,2810,20240726RUN03,13.845259009087135,100.47198511953546,4.037505153154559,3.884496111050871,3.961000632102715,3.591785271632612,2805,6035,0,857,389,2805.0,01900124046L1AC06,191,101655,252,852,0+000,4+300,4200,4.2,L2,AC,20240726,นบ.5038,
3599,1.53,0.0,0.76,2810,2815,20240726RUN03,13.845243290297391,100.47194175665565,4.037505153154559,3.884496111050871,3.961000632102715,3.9834536107150353,2810,6035,0,857,390,2812.0,01900124046L1AC06,191,101655,252,852,0+000,4+300,4200,4.2,L2,AC,20240726,นบ.5038,
3603,4.23,0.0,2.12,2820,2825,20240726RUN03,13.845212003084903,100.47185497376415,2.6769308271135803,1.3138595603109382,1.9953951937122594,1.9112991972404876,2820,6035,0,857,391,2820.0,01900124046L1AC06,191,101655,252,852,0+000,4+300,4200,4.2,L2,AC,20240726,นบ.5038,
3605,6.16,0.0,3.08,2825,2830,20240726RUN03,13.845196346466501,100.47181158724764,2.6769308271135803,1.3138595603109382,1.9953951937122594,1.8938395960953378,2825,6035,0,857,392,2827.0,01900124046L1AC06,191,101655,252,852,0+000,4+300,4200,4.2,L2,AC,20240726,นบ.5038,
3607,8.48,0.0,4.24,2830,2835,20240726RUN03,13.84518069862649,100.47176819737963,2.6769308271135803,1.3138595603109382,1.9953951937122594,2.1820503548406016,2830,6035,0,857,393,2834.0,01900124046L1AC06,191,101655,252,852,0+000,4+300,4200,4.2,L2,AC,20240726,นบ.5038,
3611,9.49,0.0,4.74,2840,2845,20240726RUN03,13.845149811493405,100.47168126512979,1.7133409383686682,0.995008979068263,1.3541749587184655,1.4128330182663444,2840,6035,0,857,394,2841.0,01900124046L1AC06,191,101655,252,852,0+000,4+300,4200,4.2,L2,AC,20240726,นบ.5038,
3613,10.33,0.0,5.16,2845,2850,20240726RUN03,13.845134788058845,100.47163764474412,1.7133409383686682,0.995008979068263,1.3541749587184655,1.4394437816989811,2845,6035,0,857,395,2848.0,01900124046L1AC06,191,101655,252,852,0+000,4+300,4200,4.2,L2,AC,20240726,นบ.5038,
3617,7.33,0.0,3.66,2855,2860,20240726RUN03,13.84510498886258,100.47155031487226,1.7133409383686682,0.995008979068263,1.3541749587184655,1.4109487133491705,2855,6035,0,857,396,2856.0,01900124046L1AC06,191,101655,252,852,0+000,4+300,4200,4.2,L2,AC,20240726,นบ.5038,
3619,7.19,0.0,3.6,2860,2865,20240726RUN03,13.84509015998332,100.47150662471061,1.2610076255511595,1.184879894444419,1.2229437599977893,1.2778958213315308,2860,6035,0,857,397,2863.0,01900124046L1AC06,191,101655,252,852,0+000,4+300,4200,4.2,L2,AC,20240726,นบ.5038,
3623,6.59,0.0,3.3,2870,2875,20240726RUN03,13.845060607408964,100.47141920701854,1.2610076255511595,1.184879894444419,1.2229437599977893,1.1565378059801967,2870,6035,0,857,398,2870.0,01900124046L1AC06,191,101655,252,852,0+000,4+300,4200,4.2,L2,AC,20240726,นบ.5038,
3625,7.22,0.0,3.61,2875,2880,20240726RUN03,13.84504586885962,100.47137548482922,1.2610076255511595,1.184879894444419,1.2229437599977893,1.3280326326490013,2875,6035,0,857,399,2877.0,01900124046L1AC06,191,101655,252,852,0+000,4+300,4200,4.2,L2,AC,20240726,นบ.5038,
3627,5.32,0.0,2.66,2880,2885,20240726RUN03,13.845031181087228,100.47133174474895,1.967062845844036,1.8143997222556172,1.8907312840498265,1.7554257806934968,2880,6035,0,857,400,2884.0,01900124046L1AC06,191,101655,252,852,0+000,4+300,4200,4.2,L2,AC,20240726,นบ.5038,
3631,4.86,0.0,2.43,2890,2895,20240726RUN03,13.845001897474347,100.47124423227866,1.967062845844036,1.8143997222556172,1.8907312840498265,1.8729674160293774,2890,6035,0,857,401,2892.0,01900124046L1AC06,191,101655,252,852,0+000,4+300,4200,4.2,L2,AC,20240726,นบ.5038,
3633,3.97,0.0,1.98,2895,2900,20240726RUN03,13.844987236688757,100.47120048269473,1.967062845844036,1.8143997222556172,1.8907312840498265,1.7993992296285832,2895,6035,0,857,402,2899.0,01900124046L1AC06,191,101655,252,852,0+000,4+300,4200,4.2,L2,AC,20240726,นบ.5038,
3637,4.7,0.0,2.35,2905,2910,20240726RUN03,13.844957985754904,100.4711129588652,2.3536996257576632,1.9395570858669744,2.146628355812319,2.109237634158245,2905,6035,0,857,403,2906.0,01900124046L1AC06,191,101655,252,852,0+000,4+300,4200,4.2,L2,AC,20240726,นบ.5038,
3639,4.52,0.0,2.26,2910,2915,20240726RUN03,13.844943545880598,100.47106913247337,2.3536996257576632,1.9395570858669744,2.146628355812319,2.0552278521303577,2910,6035,0,857,404,2913.0,01900124046L1AC06,191,101655,252,852,0+000,4+300,4200,4.2,L2,AC,20240726,นบ.5038,
3643,1.51,0.0,0.76,2920,2925,20240726RUN03,13.844914818556463,100.47098142710017,1.7741666039960542,2.6498459619084027,2.2120062829522285,2.372652599517017,2920,6035,0,857,405,2921.0,01900124046L1AC06,191,101655,252,852,0+000,4+300,4200,4.2,L2,AC,20240726,นบ.5038,
3645,0.91,0.0,0.46,2925,2930,20240726RUN03,13.844900490120997,100.47093756238242,1.7741666039960542,2.6498459619084027,2.2120062829522285,2.25079208372078,2925,6035,0,857,406,2928.0,01900124046L1AC06,191,101655,252,852,0+000,4+300,4200,4.2,L2,AC,20240726,นบ.5038,
3649,0.63,0.0,0.32,2935,2940,20240726RUN03,13.844872002311083,100.4708497752838,1.7741666039960542,2.6498459619084027,2.2120062829522285,1.99144157274298,2935,6035,0,857,407,2935.0,01900124046L1AC06,191,101655,252,852,0+000,4+300,4200,4.2,L2,AC,20240726,นบ.5038,
3651,1.12,0.0,0.56,2940,2945,20240726RUN03,13.844857826256028,100.47080585875122,2.3043106557644384,2.743643427888938,2.5239770418266883,2.387804228640724,2940,6035,0,857,408,2942.0,01900124046L1AC06,191,101655,252,852,0+000,4+300,4200,4.2,L2,AC,20240726,นบ.5038,
3653,1.05,0.0,0.52,2945,2950,20240726RUN03,13.844843666029035,100.47076193686445,2.3043106557644384,2.743643427888938,2.5239770418266883,2.5685650567346268,2945,6035,0,857,409,2949.0,01900124046L1AC06,191,101655,252,852,0+000,4+300,4200,4.2,L2,AC,20240726,นบ.5038,
3657,1.36,0.0,0.68,2955,2960,20240726RUN03,13.844815344265331,100.47067409350814,2.3043106557644384,2.743643427888938,2.5239770418266883,2.3053558664376865,2955,6035,0,857,410,2957.0,01900124046L1AC06,191,101655,252,852,0+000,4+300,4200,4.2,L2,AC,20240726,นบ.5038,
3659,0.73,0.0,0.36,2960,2965,20240726RUN03,13.844801097766142,100.47063020082376,1.4265447840971568,1.6873812417482388,1.5569630129226977,1.62352410449021,2960,6035,0,857,411,2964.0,01900124046L1AC06,191,101655,252,852,0+000,4+300,4200,4.2,L2,AC,20240726,นบ.5038,
3663,0.72,0.0,0.36,2970,2975,20240726RUN03,13.844772658914826,100.4705423971411,1.4265447840971568,1.6873812417482388,1.5569630129226977,1.5082058246835508,2970,6035,0,857,412,2971.0,01900124046L1AC06,191,101655,252,852,0+000,4+300,4200,4.2,L2,AC,20240726,นบ.5038,
3665,2.13,0.11,1.12,2975,2980,20240726RUN03,13.844758504442588,100.4704984733177,1.4265447840971568,1.6873812417482388,1.5569630129226977,1.4124514538609092,2975,6035,0,857,413,2978.0,01900124046L1AC06,191,101655,252,852,0+000,4+300,4200,4.2,L2,AC,20240726,นบ.5038,
3669,2.44,0.0,1.22,2985,2990,20240726RUN03,13.84473039560423,100.47041055840093,1.3570835179366232,2.8255442959183723,2.091313906927498,2.1730045198965415,2985,6035,0,857,414,2985.0,01900124046L1AC06,191,101655,252,852,0+000,4+300,4200,4.2,L2,AC,20240726,นบ.5038,
3671,2.03,0.08,1.06,2990,2995,20240726RUN03,13.844716323310704,100.47036660689938,1.3570835179366232,2.8255442959183723,2.091313906927498,2.1149776667202307,2990,6035,0,857,415,2993.0,01900124046L1AC06,191,101655,252,852,0+000,4+300,4200,4.2,L2,AC,20240726,นบ.5038,
3675,2.08,0.0,1.04,3000,3005,20240726RUN03,13.844688239076017,100.47027868372868,1.6402895948808447,1.8778850372742937,1.759087316077569,1.7266907614154132,3000,6035,0,857,416,3000.0,01900124046L1AC06,191,101655,252,852,0+000,4+300,4200,4.2,L2,AC,20240726,นบ.5038,
3677,0.69,0.0,0.34,3005,3010,20240726RUN03,13.84467423808605,100.4702347084186,1.6402895948808447,1.8778850372742937,1.759087316077569,1.8933132026005155,3005,6035,0,857,417,3007.0,01900124046L1AC06,191,101655,252,852,0+000,4+300,4200,4.2,L2,AC,20240726,นบ.5038,
3679,0.31,0.0,0.16,3010,3015,20240726RUN03,13.84466026317656,100.4701907243904,1.6402895948808447,1.8778850372742937,1.759087316077569,1.8418375011839758,3010,6035,0,857,418,3014.0,01900124046L1AC06,191,101655,252,852,0+000,4+300,4200,4.2,L2,AC,20240726,นบ.5038,
3683,0.68,0.0,0.34,3020,3025,20240726RUN03,13.844632414012402,100.47010272296313,2.266636595313959,2.3608477472206157,2.3137421712672874,2.355892864485397,3020,6035,0,857,419,3021.0,01900124046L1AC06,191,101655,252,852,0+000,4+300,4200,4.2,L2,AC,20240726,นบ.5038,
3685,0.32,0.0,0.16,3025,3030,20240726RUN03,13.844618501414153,100.47005871825199,2.266636595313959,2.3608477472206157,2.3137421712672874,2.304566488684675,3025,6035,0,857,420,3029.0,01900124046L1AC06,191,101655,252,852,0+000,4+300,4200,4.2,L2,AC,20240726,นบ.5038,
3689,0.12,0.0,0.06,3035,3040,20240726RUN03,13.844590584455212,100.46997073928166,2.266636595313959,2.3608477472206157,2.3137421712672874,2.2240471573891214,3035,6035,0,857,421,3036.0,01900124046L1AC06,191,101655,252,852,0+000,4+300,4200,4.2,L2,AC,20240726,นบ.5038,
3691,0.02,0.0,0.01,3040,3045,20240726RUN03,13.844576673156064,100.46992673414678,1.300015806828997,2.179163666728648,1.7395897367788224,1.7089290629219203,3040,6035,0,857,422,3043.0,01900124046L1AC06,191,101655,252,852,0+000,4+300,4200,4.2,L2,AC,20240726,นบ.5038,
3695,0.05,0.0,0.02,3050,3055,20240726RUN03,13.844548812267037,100.46983873660368,1.300015806828997,2.179163666728648,1.7395897367788224,1.7491118743696963,3050,6035,0,857,423,3050.0,01900124046L1AC06,191,101655,252,852,0+000,4+300,4200,4.2,L2,AC,20240726,นบ.5038,
3697,0.01,0.12,0.06,3055,3060,20240726RUN03,13.844534849919444,100.46979474843161,1.300015806828997,2.179163666728648,1.7395897367788224,1.8073453829650257,3055,6035,0,857,424,3058.0,01900124046L1AC06,191,101655,252,852,0+000,4+300,4200,4.2,L2,AC,20240726,นบ.5038,
3701,0.14,0.27,0.2,3065,3070,20240726RUN03,13.844506811880532,100.4697068098429,1.300154062392063,2.0234520734327743,1.6618030679124187,1.5385317999980461,3065,6035,0,857,425,3065.0,01900124046L1AC06,191,101655,252,852,0+000,4+300,4200,4.2,L2,AC,20240726,นบ.5038,
3703,0.36,0.0,0.18,3070,3075,20240726RUN03,13.844492853829843,100.46966282019062,1.300154062392063,2.0234520734327743,1.6618030679124187,1.6619810118233806,3070,6035,0,857,426,3072.0,01900124046L1AC06,191,101655,252,852,0+000,4+300,4200,4.2,L2,AC,20240726,นบ.5038,
3705,0.07,0.0,0.04,3075,3080,20240726RUN03,13.844478864189288,100.46961884106582,1.300154062392063,2.0234520734327743,1.6618030679124187,1.7833293421514944,3075,6035,0,857,427,3079.0,01900124046L1AC06,191,101655,252,852,0+000,4+300,4200,4.2,L2,AC,20240726,นบ.5038,
3709,0.18,0.14,0.16,3085,3090,20240726RUN03,13.844450469483549,100.46953102254393,1.9892189455545013,1.5054907257770216,1.7473548356657616,1.606733997214456,3085,6035,0,857,428,3086.0,01900124046L1AC06,191,101655,252,852,0+000,4+300,4200,4.2,L2,AC,20240726,นบ.5038,
3711,0.02,0.0,0.01,3090,3095,20240726RUN03,13.84443628105657,100.46948711026795,1.9892189455545013,1.5054907257770216,1.7473548356657616,1.6119785957113597,3090,6035,0,857,429,3094.0,01900124046L1AC06,191,101655,252,852,0+000,4+300,4200,4.2,L2,AC,20240726,นบ.5038,
3715,0.47,0.0,0.24,3100,3105,20240726RUN03,13.844408084274262,100.46939922477875,1.7201900649911996,1.8646321938089965,1.7924111294000982,1.6408254948178589,3100,6035,0,857,430,3101.0,01900124046L1AC06,191,101655,252,852,0+000,4+300,4200,4.2,L2,AC,20240726,นบ.5038,
3717,0.87,0.0,0.44,3105,3110,20240726RUN03,13.844393962148056,100.46935529001671,1.7201900649911996,1.8646321938089965,1.7924111294000982,1.77752527276466,3105,6035,0,857,431,3108.0,01900124046L1AC06,191,101655,252,852,0+000,4+300,4200,4.2,L2,AC,20240726,นบ.5038,
3721,1.56,0.16,0.86,3115,3120,20240726RUN03,13.844365865231458,100.46926737099122,1.7201900649911996,1.8646321938089965,1.7924111294000982,1.7587940649647036,3115,6035,0,857,432,3115.0,01900124046L1AC06,191,101655,252,852,0+000,4+300,4200,4.2,L2,AC,20240726,นบ.5038,
3723,1.53,0.04,0.78,3120,3125,20240726RUN03,13.844351855484929,100.46922339848986,4.258287816563218,4.447372995608318,4.3528304060857685,4.75474883436933,3120,6035,0,857,433,3122.0,01900124046L1AC06,191,101655,252,852,0+000,4+300,4200,4.2,L2,AC,20240726,นบ.5038,
3727,1.64,1.06,1.35,3130,3135,20240726RUN03,13.844323761306782,100.46913547854741,4.258287816563218,4.447372995608318,4.3528304060857685,4.004504712021178,3130,6035,0,857,434,3130.0,01900124046L1AC06,191,101655,252,852,0+000,4+300,4200,4.2,L2,AC,20240726,นบ.5038,
3729,1.48,0.3,0.89,3135,3140,20240726RUN03,13.844309679711703,100.46909153021626,4.258287816563218,4.447372995608318,4.3528304060857685,4.133526350827386,3135,6035,0,857,435,3137.0,01900124046L1AC06,191,101655,252,852,0+000,4+300,4200,4.2,L2,AC,20240726,นบ.5038,
3731,2.01,0.1,1.06,3140,3145,20240726RUN03,13.844295623137187,100.46904757351824,3.7342777882548153,2.9523139295589957,3.3432958589069055,3.086590960596164,3140,6035,0,857,436,3144.0,01900124046L1AC06,191,101655,252,852,0+000,4+300,4200,4.2,L2,AC,20240726,นบ.5038,
3735,1.37,0.47,0.92,3150,3155,20240726RUN03,13.844267535652195,100.46895965153092,3.7342777882548153,2.9523139295589957,3.3432958589069055,3.1010735735972754,3150,6035,0,857,437,3151.0,01900124046L1AC06,191,101655,252,852,0+000,4+300,4200,4.2,L2,AC,20240726,นบ.5038,
3737,2.11,1.02,1.56,3155,3160,20240726RUN03,13.844253482200246,100.46891569377804,3.7342777882548153,2.9523139295589957,3.3432958589069055,3.6154068988577484,3155,6035,0,857,438,3159.0,01900124046L1AC06,191,101655,252,852,0+000,4+300,4200,4.2,L2,AC,20240726,นบ.5038,
3741,0.87,0.0,0.44,3165,3170,20240726RUN03,13.84422552888836,100.46882772694794,2.197428765747416,3.710311513299242,2.953870139523329,2.71325814413585,3165,6035,0,857,439,3166.0,01900124046L1AC06,191,101655,252,852,0+000,4+300,4200,4.2,L2,AC,20240726,นบ.5038,
3743,0.1,0.0,0.05,3170,3175,20240726RUN03,13.844211578748071,100.46878373482319,2.197428765747416,3.710311513299242,2.953870139523329,3.130369217889845,3170,6035,0,857,440,3173.0,01900124046L1AC06,191,101655,252,852,0+000,4+300,4200,4.2,L2,AC,20240726,นบ.5038,
3747,0.08,0.0,0.04,3180,3185,20240726RUN03,13.844183731592844,100.4686957329628,1.843493499651608,3.251304845281494,2.547399172466551,2.4065108322386135,3180,6035,0,857,441,3180.0,01900124046L1AC06,191,101655,252,852,0+000,4+300,4200,4.2,L2,AC,20240726,นบ.5038,
3749,0.33,0.0,0.16,3185,3190,20240726RUN03,13.844169718336145,100.46865176185231,1.843493499651608,3.251304845281494,2.547399172466551,2.491253536392675,3185,6035,0,857,442,3187.0,01900124046L1AC06,191,101655,252,852,0+000,4+300,4200,4.2,L2,AC,20240726,นบ.5038,
3753,0.0,0.0,0.0,3195,3200,20240726RUN03,13.844141755373066,100.46856379842882,1.843493499651608,3.251304845281494,2.547399172466551,2.7679142471074654,3195,6035,0,857,443,3195.0,01900124046L1AC06,191,101655,252,852,0+000,4+300,4200,4.2,L2,AC,20240726,นบ.5038,
3755,0.09,0.0,0.04,3200,3205,20240726RUN03,13.844127825566984,100.4685197995219,2.239935685330324,2.503915185644067,2.3719254354871957,2.2884967791747735,3200,6035,0,857,444,3202.0,01900124046L1AC06,191,101655,252,852,0+000,4+300,4200,4.2,L2,AC,20240726,นบ.5038,
3757,0.16,0.0,0.08,3205,3210,20240726RUN03,13.844113865091579,100.46847581078728,2.239935685330324,2.503915185644067,2.3719254354871957,2.522697827236257,3205,6035,0,857,445,3209.0,01900124046L1AC06,191,101655,252,852,0+000,4+300,4200,4.2,L2,AC,20240726,นบ.5038,
3761,0.39,0.0,0.2,3215,3220,20240726RUN03,13.844085961467085,100.46838782754895,2.239935685330324,2.503915185644067,2.3719254354871957,2.3273945796930295,3215,6035,0,857,446,3216.0,01900124046L1AC06,191,101655,252,852,0+000,4+300,4200,4.2,L2,AC,20240726,นบ.5038,
3763,0.39,0.29,0.34,3220,3225,20240726RUN03,13.844072013893859,100.46834383452733,2.3262938969957987,2.3251030732945903,2.3256984851451943,2.3267005410051778,3220,6035,0,857,447,3223.0,01900124046L1AC06,191,101655,252,852,0+000,4+300,4200,4.2,L2,AC,20240726,นบ.5038,
3767,0.2,0.0,0.1,3230,3235,20240726RUN03,13.844043879744195,100.4682559283734,2.3262938969957987,2.3251030732945903,2.3256984851451943,2.236944899287064,3230,6035,0,857,448,3231.0,01900124046L1AC06,191,101655,252,852,0+000,4+300,4200,4.2,L2,AC,20240726,นบ.5038,
3769,0.38,0.0,0.19,3235,3240,20240726RUN03,13.844029738458788,100.46821200017649,2.3262938969957987,2.3251030732945903,2.3256984851451943,2.2915729448186792,3235,6035,0,857,449,3238.0,01900124046L1AC06,191,101655,252,852,0+000,4+300,4200,4.2,L2,AC,20240726,นบ.5038,
3773,0.51,0.0,0.26,3245,3250,20240726RUN03,13.844001847067645,100.46812401304857,1.7524406007253135,1.6028391584781154,1.6776398796017145,1.813816291368802,3245,6035,0,857,450,3245.0,01900124046L1AC06,191,101655,252,852,0+000,4+300,4200,4.2,L2,AC,20240726,นบ.5038,
3775,0.83,0.0,0.42,3250,3255,20240726RUN03,13.84398793490848,100.46808000832347,1.7524406007253135,1.6028391584781154,1.6776398796017145,1.686944059668475,3250,6035,0,857,451,3252.0,01900124046L1AC06,191,101655,252,852,0+000,4+300,4200,4.2,L2,AC,20240726,นบ.5038,
3777,0.8,0.0,0.4,3255,3260,20240726RUN03,13.843973946657966,100.46803602885365,1.7524406007253135,1.6028391584781154,1.6776398796017145,1.8434547047056915,3255,6035,0,857,452,3259.0,01900124046L1AC06,191,101655,252,852,0+000,4+300,4200,4.2,L2,AC,20240726,นบ.5038,
3781,1.38,0.0,0.69,3265,3270,20240726RUN03,13.84394607955218,100.46794803375042,1.245077367028436,1.3543349860581535,1.2997061765432947,1.215083954474909,3265,6035,0,857,453,3267.0,01900124046L1AC06,191,101655,252,852,0+000,4+300,4200,4.2,L2,AC,20240726,นบ.5038,
3783,0.78,0.0,0.39,3270,3275,20240726RUN03,13.843932262097528,100.46790399781386,1.245077367028436,1.3543349860581535,1.2997061765432947,1.4063215277382088,3270,6035,0,857,454,3274.0,01900124046L1AC06,191,101655,252,852,0+000,4+300,4200,4.2,L2,AC,20240726,นบ.5038,
3787,0.06,0.06,0.06,3280,3285,20240726RUN03,13.843904858924354,100.46781585019993,1.6368950572612595,1.2808560884582914,1.4588755728597755,1.5517190107118255,3280,6035,0,857,455,3281.0,01900124046L1AC06,191,101655,252,852,0+000,4+300,4200,4.2,L2,AC,20240726,นบ.5038,
3789,0.0,0.03,0.02,3285,3290,20240726RUN03,13.843891324621511,100.46777172225643,1.6368950572612595,1.2808560884582914,1.4588755728597755,1.412166608281848,3285,6035,0,857,456,3288.0,01900124046L1AC06,191,101655,252,852,0+000,4+300,4200,4.2,L2,AC,20240726,นบ.5038,
3793,0.0,0.61,0.3,3295,3300,20240726RUN03,13.84386408983654,100.46768352005842,1.6368950572612595,1.2808560884582914,1.4588755728597755,1.3666678096622926,3295,6035,0,857,457,3296.0,01900124046L1AC06,191,101655,252,852,0+000,4+300,4200,4.2,L2,AC,20240726,นบ.5038,
3795,0.18,0.0,0.09,3300,3305,20240726RUN03,13.843850288778901,100.46763947876393,1.689803195251935,1.298907575566198,1.4943553854090665,1.5039357307599774,3300,6035,0,857,458,3303.0,01900124046L1AC06,191,101655,252,852,0+000,4+300,4200,4.2,L2,AC,20240726,นบ.5038,
3799,0.3,0.0,0.15,3310,3315,20240726RUN03,13.843822866195582,100.46755133752622,1.689803195251935,1.298907575566198,1.4943553854090665,1.4666923992260603,3310,6035,0,857,459,3310.0,01900124046L1AC06,191,101655,252,852,0+000,4+300,4200,4.2,L2,AC,20240726,นบ.5038,
3801,0.0,0.0,0.0,3315,3320,20240726RUN03,13.843809192673543,100.46750725453292,1.689803195251935,1.298907575566198,1.4943553854090665,1.511077945504885,3315,6035,0,857,460,3317.0,01900124046L1AC06,191,101655,252,852,0+000,4+300,4200,4.2,L2,AC,20240726,นบ.5038,
3803,0.16,0.0,0.08,3320,3325,20240726RUN03,13.84379549169899,100.46746318045858,3.249327941429476,1.8853030090203284,2.567315475224902,2.4314315377329367,3320,6035,0,857,461,3324.0,01900124046L1AC06,191,101655,252,852,0+000,4+300,4200,4.2,L2,AC,20240726,นบ.5038,
3807,0.18,0.0,0.09,3330,3335,20240726RUN03,13.84376873533672,100.46737482636753,3.249327941429476,1.8853030090203284,2.567315475224902,2.611735650064107,3330,6035,0,857,462,3332.0,01900124046L1AC06,191,101655,252,852,0+000,4+300,4200,4.2,L2,AC,20240726,นบ.5038,
3809,0.71,0.0,0.36,3335,3340,20240726RUN03,13.843756062799358,100.46733043133901,3.249327941429476,1.8853030090203284,2.567315475224902,2.4124331195457036,3335,6035,0,857,463,3339.0,01900124046L1AC06,191,101655,252,852,0+000,4+300,4200,4.2,L2,AC,20240726,นบ.5038,
3813,0.47,0.0,0.24,3345,3350,20240726RUN03,13.84373070546526,100.46724164522803,2.2414519256134904,2.4234747108161767,2.3324633182148338,2.2624172997070984,3345,6035,0,857,464,3346.0,01900124046L1AC06,191,101655,252,852,0+000,4+300,4200,4.2,L2,AC,20240726,นบ.5038,
3815,0.38,0.0,0.19,3350,3355,20240726RUN03,13.843717603771442,100.46719738079457,2.2414519256134904,2.4234747108161767,2.3324633182148338,2.1702997763053036,3350,6035,0,857,465,3353.0,01900124046L1AC06,191,101655,252,852,0+000,4+300,4200,4.2,L2,AC,20240726,นบ.5038,
3819,2.03,0.0,1.01,3360,3365,20240726RUN03,13.843690811142666,100.46710903684003,2.4535342266159,2.028075013380344,2.240804619998122,2.0434022679927506,3360,6035,0,857,466,3360.0,01900124046L1AC06,191,101655,252,852,0+000,4+300,4200,4.2,L2,AC,20240726,นบ.5038,
3821,2.8,0.0,1.4,3365,3370,20240726RUN03,13.843677528617718,100.46706482899125,2.4535342266159,2.028075013380344,2.240804619998122,2.1936029314373675,3365,6035,0,857,467,3368.0,01900124046L1AC06,191,101655,252,852,0+000,4+300,4200,4.2,L2,AC,20240726,นบ.5038,
3825,2.58,0.0,1.29,3375,3380,20240726RUN03,13.843652003420571,100.4669760936794,2.4535342266159,2.028075013380344,2.240804619998122,2.2304991186321623,3375,6035,0,857,468,3375.0,01900124046L1AC06,191,101655,252,852,0+000,4+300,4200,4.2,L2,AC,20240726,นบ.5038,
3827,1.58,0.0,0.79,3380,3385,20240726RUN03,13.843639752360316,100.46693157496651,1.6054325429543554,2.3518252161867466,1.9786288795705511,1.9078118748530877,3380,6035,0,857,469,3382.0,01900124046L1AC06,191,101655,252,852,0+000,4+300,4200,4.2,L2,AC,20240726,นบ.5038,
3829,2.0,0.0,1.0,3385,3390,20240726RUN03,13.843627882401796,100.46688694824759,1.6054325429543554,2.3518252161867466,1.9786288795705511,2.166517043108139,3385,6035,0,857,470,3389.0,01900124046L1AC06,191,101655,252,852,0+000,4+300,4200,4.2,L2,AC,20240726,นบ.5038,
3833,1.9,0.0,0.95,3395,3400,20240726RUN03,13.84360505291874,100.46679744674663,1.6054325429543554,2.3518252161867466,1.9786288795705511,1.8548858675522424,3395,6035,0,857,471,3396.0,01900124046L1AC06,191,101655,252,852,0+000,4+300,4200,4.2,L2,AC,20240726,นบ.5038,
3835,0.81,0.0,0.4,3400,3405,20240726RUN03,13.843593983258002,100.4667526050236,2.2648967851116475,2.365193907096147,2.315045346103897,2.4486373709815115,3400,6035,0,857,472,3404.0,01900124046L1AC06,191,101655,252,852,0+000,4+300,4200,4.2,L2,AC,20240726,นบ.5038,
3839,0.32,0.0,0.16,3410,3415,20240726RUN03,13.843572377350096,100.46666278572664,2.2648967851116475,2.365193907096147,2.315045346103897,2.2121514895909478,3410,6035,0,857,473,3411.0,01900124046L1AC06,191,101655,252,852,0+000,4+300,4200,4.2,L2,AC,20240726,นบ.5038,
3841,0.25,0.0,0.12,3415,3420,20240726RUN03,13.843562013090589,100.46661776789237,2.2648967851116475,2.365193907096147,2.315045346103897,2.4277547244553994,3415,6035,0,857,474,3418.0,01900124046L1AC06,191,101655,252,852,0+000,4+300,4200,4.2,L2,AC,20240726,นบ.5038,
3845,0.0,0.0,0.0,3425,3430,20240726RUN03,13.84354196281194,100.46652757132404,1.7513143162640807,1.9272343463741288,1.8392743313191047,1.6557869618961245,3425,6035,0,857,475,3425.0,01900124046L1AC06,191,101655,252,852,0+000,4+300,4200,4.2,L2,AC,20240726,นบ.5038,
3847,0.0,0.0,0.0,3430,3435,20240726RUN03,13.843532020323309,100.46648245384489,1.7513143162640807,1.9272343463741288,1.8392743313191047,1.8203078113469684,3430,6035,0,857,476,3433.0,01900124046L1AC06,191,101655,252,852,0+000,4+300,4200,4.2,L2,AC,20240726,นบ.5038,
3851,0.06,0.0,0.03,3440,3445,20240726RUN03,13.843512251548093,100.46639219215125,1.785904174058959,1.9299805571614448,1.8579423656102019,1.9462920667487646,3440,6035,0,857,477,3440.0,01900124046L1AC06,191,101655,252,852,0+000,4+300,4200,4.2,L2,AC,20240726,นบ.5038,
3853,0.0,0.0,0.0,3445,3450,20240726RUN03,13.843502529433806,100.46634702445287,1.785904174058959,1.9299805571614448,1.8579423656102019,1.6779551926774734,3445,6035,0,857,478,3447.0,01900124046L1AC06,191,101655,252,852,0+000,4+300,4200,4.2,L2,AC,20240726,นบ.5038,
3855,0.2,0.0,0.1,3450,3455,20240726RUN03,13.84349297079371,100.4663018201679,1.785904174058959,1.9299805571614448,1.8579423656102019,1.7836162604728574,3450,6035,0,857,479,3454.0,01900124046L1AC06,191,101655,252,852,0+000,4+300,4200,4.2,L2,AC,20240726,นบ.5038,
3859,0.0,0.0,0.0,3460,3465,20240726RUN03,13.84347436794471,100.4662112996592,1.8712817247866365,2.0996735539653,1.985477639375968,2.039234404402521,3460,6035,0,857,480,3461.0,01900124046L1AC06,191,101655,252,852,0+000,4+300,4200,4.2,L2,AC,20240726,นบ.5038,
3861,0.1,0.0,0.05,3465,3470,20240726RUN03,13.84346540989635,100.46616596676331,1.8712817247866365,2.0996735539653,1.985477639375968,2.0472291375380207,3465,6035,0,857,481,3469.0,01900124046L1AC06,191,101655,252,852,0+000,4+300,4200,4.2,L2,AC,20240726,นบ.5038,
3865,0.05,0.0,0.02,3475,3480,20240726RUN03,13.843448003202926,100.46607519721834,1.8712817247866365,2.0996735539653,1.985477639375968,1.8156379010086703,3475,6035,0,857,482,3476.0,01900124046L1AC06,191,101655,252,852,0+000,4+300,4200,4.2,L2,AC,20240726,นบ.5038,
3867,0.01,0.0,0.0,3480,3485,20240726RUN03,13.843439548899726,100.46602976308763,1.6377851738804818,1.9594762497641427,1.7986307118223124,1.6400197266690655,3480,6035,0,857,483,3483.0,01900124046L1AC06,191,101655,252,852,0+000,4+300,4200,4.2,L2,AC,20240726,นบ.5038,
3871,0.26,0.0,0.13,3490,3495,20240726RUN03,13.843423216834246,100.465938784767,1.6377851738804818,1.9594762497641427,1.7986307118223124,1.9039925927832502,3490,6035,0,857,484,3490.0,01900124046L1AC06,191,101655,252,852,0+000,4+300,4200,4.2,L2,AC,20240726,นบ.5038,
3873,0.04,0.0,0.02,3495,3500,20240726RUN03,13.843415325043047,100.46589324480534,1.6377851738804818,1.9594762497641427,1.7986307118223124,1.6833139353965705,3495,6035,0,857,485,3497.0,01900124046L1AC06,191,101655,252,852,0+000,4+300,4200,4.2,L2,AC,20240726,นบ.5038,
3877,0.22,0.0,0.11,3505,3510,20240726RUN03,13.843400123992103,100.46580206154337,2.410661001598202,2.0579772328248134,2.2343191172115078,2.400009139174763,3505,6035,0,857,486,3505.0,01900124046L1AC06,191,101655,252,852,0+000,4+300,4200,4.2,L2,AC,20240726,นบ.5038,
3879,0.05,0.0,0.02,3510,3515,20240726RUN03,13.84339281945877,100.46575641902919,2.410661001598202,2.0579772328248134,2.2343191172115078,2.176518003735179,3510,6035,0,857,487,3512.0,01900124046L1AC06,191,101655,252,852,0+000,4+300,4200,4.2,L2,AC,20240726,นบ.5038,
3881,0.02,0.0,0.01,3515,3520,20240726RUN03,13.843385686158086,100.46571074818989,2.410661001598202,2.0579772328248134,2.2343191172115078,2.1775927028644153,3515,6035,0,857,488,3519.0,01900124046L1AC06,191,101655,252,852,0+000,4+300,4200,4.2,L2,AC,20240726,นบ.5038,
3885,0.05,0.0,0.02,3525,3530,20240726RUN03,13.84337220949203,100.46561928154952,1.2108851221781751,1.990547310511084,1.6007162163446296,1.5652076920565319,3525,6035,0,857,489,3526.0,01900124046L1AC06,191,101655,252,852,0+000,4+300,4200,4.2,L2,AC,20240726,นบ.5038,
3887,0.1,0.0,0.05,3530,3535,20240726RUN03,13.843365857857822,100.46557349006129,1.2108851221781751,1.990547310511084,1.6007162163446296,1.539025855181643,3530,6035,0,857,490,3533.0,01900124046L1AC06,191,101655,252,852,0+000,4+300,4200,4.2,L2,AC,20240726,นบ.5038,
3891,0.5,0.0,0.25,3540,3545,20240726RUN03,13.843353730842347,100.46548182532037,1.1320725784978565,1.5729684676874198,1.3525205230926383,1.2418401916159605,3540,6035,0,857,491,3541.0,01900124046L1AC06,191,101655,252,852,0+000,4+300,4200,4.2,L2,AC,20240726,นบ.5038,
3893,0.82,0.0,0.41,3545,3550,20240726RUN03,13.843347901988166,100.46543596103918,1.1320725784978565,1.5729684676874198,1.3525205230926383,1.4738255004586929,3545,6035,0,857,492,3548.0,01900124046L1AC06,191,101655,252,852,0+000,4+300,4200,4.2,L2,AC,20240726,นบ.5038,
3897,0.39,0.0,0.2,3555,3560,20240726RUN03,13.84333675850201,100.46534416564984,1.1320725784978565,1.5729684676874198,1.3525205230926383,1.3155947574632711,3555,6035,0,857,493,3555.0,01900124046L1AC06,191,101655,252,852,0+000,4+300,4200,4.2,L2,AC,20240726,นบ.5038,
3899,0.85,0.0,0.42,3560,3565,20240726RUN03,13.843331402836435,100.46529824094414,2.4926474178469498,1.7428175181443646,2.117732467995657,2.0120545161802244,3560,6035,0,857,494,3562.0,01900124046L1AC06,191,101655,252,852,0+000,4+300,4200,4.2,L2,AC,20240726,นบ.5038,
3903,1.53,0.0,0.76,3570,3575,20240726RUN03,13.84332125781183,100.46520632462543,2.4926474178469498,1.7428175181443646,2.117732467995657,2.183782261907904,3570,6035,0,857,495,3570.0,01900124046L1AC06,191,101655,252,852,0+000,4+300,4200,4.2,L2,AC,20240726,นบ.5038,
3905,0.24,0.0,0.12,3575,3580,20240726RUN03,13.843316496634245,100.4651603314709,2.4926474178469498,1.7428175181443646,2.117732467995657,2.2876634293232128,3575,6035,0,857,496,3577.0,01900124046L1AC06,191,101655,252,852,0+000,4+300,4200,4.2,L2,AC,20240726,นบ.5038,
3907,0.16,0.0,0.08,3580,3585,20240726RUN03,13.843311915965414,100.46511431901641,2.152523244890304,1.775284234564016,1.9639037397271601,2.1452080229021777,3580,6035,0,857,497,3584.0,01900124046L1AC06,191,101655,252,852,0+000,4+300,4200,4.2,L2,AC,20240726,นบ.5038,
3911,0.02,0.0,0.01,3590,3595,20240726RUN03,13.843303333869251,100.46502223605424,2.152523244890304,1.775284234564016,1.9639037397271601,1.8731325236722105,3590,6035,0,857,498,3591.0,01900124046L1AC06,191,101655,252,852,0+000,4+300,4200,4.2,L2,AC,20240726,นบ.5038,
3913,0.15,0.0,0.08,3595,3600,20240726RUN03,13.843299478816204,100.46497615414448,2.152523244890304,1.775284234564016,1.9639037397271601,1.7759736189010369,3595,6035,0,857,499,3598.0,01900124046L1AC06,191,101655,252,852,0+000,4+300,4200,4.2,L2,AC,20240726,นบ.5038,
3917,0.84,0.0,0.42,3605,3610,20240726RUN03,13.843293022573548,100.46488389035522,2.567277338310562,2.1862090948211588,2.3767432165658606,2.28394490223765,3605,6035,0,857,500,3606.0,01900124046L1AC06,191,101655,252,852,0+000,4+300,4200,4.2,L2,AC,20240726,นบ.5038,
3919,0.71,0.0,0.36,3610,3615,20240726RUN03,13.843290230495663,100.46483772813069,2.567277338310562,2.1862090948211588,2.3767432165658606,2.4309787848516136,3610,6035,0,857,501,3613.0,01900124046L1AC06,191,101655,252,852,0+000,4+300,4200,4.2,L2,AC,20240726,นบ.5038,
3923,1.4,0.0,0.7,3620,3625,20240726RUN03,13.843285236767702,100.46474536839101,2.9524163831363444,4.900050754961049,3.9262335690486965,3.61214683888422,3620,6035,0,857,502,3620.0,01900124046L1AC06,191,101655,252,852,0+000,4+300,4200,4.2,L2,AC,20240726,นบ.5038,
3925,0.77,0.0,0.38,3625,3630,20240726RUN03,13.843283004945345,100.46469917433618,2.9524163831363444,4.900050754961049,3.9262335690486965,4.317302889128278,3625,6035,0,857,503,3627.0,01900124046L1AC06,191,101655,252,852,0+000,4+300,4200,4.2,L2,AC,20240726,นบ.5038,
3927,1.23,0.0,0.62,3630,3635,20240726RUN03,13.843281028871973,100.46465296812293,2.9524163831363444,4.900050754961049,3.9262335690486965,4.027046363698635,3630,6035,0,857,504,3634.0,01900124046L1AC06,191,101655,252,852,0+000,4+300,4200,4.2,L2,AC,20240726,นบ.5038,
3931,0.71,0.0,0.36,3640,3645,20240726RUN03,13.843277933391745,100.4645605219061,3.391421066761984,2.5201329755811184,2.955777021171551,2.9865321533938083,3640,6035,0,857,505,3642.0,01900124046L1AC06,191,101655,252,852,0+000,4+300,4200,4.2,L2,AC,20240726,นบ.5038,
3933,1.43,0.0,0.72,3645,3650,20240726RUN03,13.843276801442947,100.46451428600271,3.391421066761984,2.5201329755811184,2.955777021171551,3.1015916225549436,3645,6035,0,857,506,3649.0,01900124046L1AC06,191,101655,252,852,0+000,4+300,4200,4.2,L2,AC,20240726,นบ.5038,
3937,0.89,0.0,0.44,3655,3660,20240726RUN03,13.84327534694347,100.46442179769903,3.391421066761984,2.5201329755811184,2.955777021171551,2.709389337992759,3655,6035,0,857,507,3656.0,01900124046L1AC06,191,101655,252,852,0+000,4+300,4200,4.2,L2,AC,20240726,นบ.5038,
3939,1.75,0.0,0.88,3660,3665,20240726RUN03,13.843275007409206,100.46437554848458,3.2919430511809136,3.4908968962436724,3.391419973712293,3.0998693306994296,3660,6035,0,857,508,3663.0,01900124046L1AC06,191,101655,252,852,0+000,4+300,4200,4.2,L2,AC,20240726,นบ.5038,
3943,0.13,0.0,0.06,3670,3675,20240726RUN03,13.84327479956395,100.46428304798415,3.2919430511809136,3.4908968962436724,3.391419973712293,3.6334765652696834,3670,6035,0,857,509,3671.0,01900124046L1AC06,191,101655,252,852,0+000,4+300,4200,4.2,L2,AC,20240726,นบ.5038,
3945,0.17,0.0,0.08,3675,3680,20240726RUN03,13.843275036871301,100.46423679826464,3.2919430511809136,3.4908968962436724,3.391419973712293,3.6098711579411344,3675,6035,0,857,510,3678.0,01900124046L1AC06,191,101655,252,852,0+000,4+300,4200,4.2,L2,AC,20240726,นบ.5038,
3949,0.0,0.0,0.0,3685,3690,20240726RUN03,13.843276118659467,100.46414430413931,2.237810789537783,2.166184815630597,2.2019978025841898,2.015162914989769,3685,6035,0,857,511,3685.0,01900124046L1AC06,191,101655,252,852,0+000,4+300,4200,4.2,L2,AC,20240726,นบ.5038,
3951,0.07,0.0,0.04,3690,3695,20240726RUN03,13.843276917688579,100.46409806099503,2.237810789537783,2.166184815630597,2.2019978025841898,2.2437412707204847,3690,6035,0,857,512,3692.0,01900124046L1AC06,191,101655,252,852,0+000,4+300,4200,4.2,L2,AC,20240726,นบ.5038,
3953,1.04,0.0,0.52,3695,3700,20240726RUN03,13.843277984167901,100.46405182354935,2.237810789537783,2.166184815630597,2.2019978025841898,1.994252731707516,3695,6035,0,857,513,3699.0,01900124046L1AC06,191,101655,252,852,0+000,4+300,4200,4.2,L2,AC,20240726,นบ.5038,
3957,0.0,0.0,0.0,3705,3710,20240726RUN03,13.843280763359763,100.46395936660934,1.7709955433678477,1.704636937399279,1.7378162403835633,1.572284574703499,3705,6035,0,857,514,3707.0,01900124046L1AC06,191,101655,252,852,0+000,4+300,4200,4.2,L2,AC,20240726,นบ.5038,
3959,0.0,0.0,0.0,3710,3715,20240726RUN03,13.843282468266926,100.46391314913598,1.7709955433678477,1.704636937399279,1.7378162403835633,1.7535308531448535,3710,6035,0,857,515,3714.0,01900124046L1AC06,191,101655,252,852,0+000,4+300,4200,4.2,L2,AC,20240726,นบ.5038,
3963,0.14,0.0,0.07,3720,3725,20240726RUN03,13.84328650609435,100.46382074073419,3.359312272002791,3.2309860133555355,3.295149142679163,3.4912050382143995,3720,6035,0,857,516,3721.0,01900124046L1AC06,191,101655,252,852,0+000,4+300,4200,4.2,L2,AC,20240726,นบ.5038,
3965,0.72,0.0,0.36,3725,3730,20240726RUN03,13.843288770673125,100.46377454841594,3.359312272002791,3.2309860133555355,3.295149142679163,3.424750106474229,3725,6035,0,857,517,3728.0,01900124046L1AC06,191,101655,252,852,0+000,4+300,4200,4.2,L2,AC,20240726,นบ.5038,
3969,0.02,0.0,0.01,3735,3740,20240726RUN03,13.84329396429172,100.46368220082024,3.359312272002791,3.2309860133555355,3.295149142679163,2.997371372435514,3735,6035,0,857,518,3735.0,01900124046L1AC06,191,101655,252,852,0+000,4+300,4200,4.2,L2,AC,20240726,นบ.5038,
3971,0.03,0.0,0.02,3740,3745,20240726RUN03,13.84329693392112,100.46363605033464,2.5876840248718085,2.8829354886546064,2.7353097567632076,2.924114511038818,3740,6035,0,857,519,3743.0,01900124046L1AC06,191,101655,252,852,0+000,4+300,4200,4.2,L2,AC,20240726,นบ.5038,
3975,0.17,0.0,0.08,3750,3755,20240726RUN03,13.843303378386377,100.46354378513982,2.5876840248718085,2.8829354886546064,2.7353097567632076,2.5817440978215607,3750,6035,0,857,520,3750.0,01900124046L1AC06,191,101655,252,852,0+000,4+300,4200,4.2,L2,AC,20240726,นบ.5038,
3977,0.05,0.0,0.02,3755,3760,20240726RUN03,13.843306880520872,100.46349767375999,2.5876840248718085,2.8829354886546064,2.7353097567632076,2.6444782533847024,3755,6035,0,857,521,3757.0,01900124046L1AC06,191,101655,252,852,0+000,4+300,4200,4.2,L2,AC,20240726,นบ.5038,
3979,0.06,0.0,0.03,3760,3765,20240726RUN03,13.843310518755608,100.46345157344774,2.1175602209666247,1.6130428686003078,1.8653015447834662,1.790360233682296,3760,6035,0,857,522,3764.0,01900124046L1AC06,191,101655,252,852,0+000,4+300,4200,4.2,L2,AC,20240726,นบ.5038,
3983,0.23,0.0,0.12,3770,3775,20240726RUN03,13.843318386559256,100.46335942400574,2.1175602209666247,1.6130428686003078,1.8653015447834662,1.9515349013151913,3770,6035,0,857,523,3771.0,01900124046L1AC06,191,101655,252,852,0+000,4+300,4200,4.2,L2,AC,20240726,นบ.5038,
3985,0.17,0.0,0.08,3775,3780,20240726RUN03,13.84332264277671,100.46331337912824,2.1175602209666247,1.6130428686003078,1.8653015447834662,1.7649310235111235,3775,6035,0,857,524,3779.0,01900124046L1AC06,191,101655,252,852,0+000,4+300,4200,4.2,L2,AC,20240726,นบ.5038,
3989,0.07,0.0,0.04,3785,3790,20240726RUN03,13.843331906855132,100.4632213658616,2.483059030799052,2.1025422958742164,2.2928006633366342,2.2768306188049143,3785,6035,0,857,525,3786.0,01900124046L1AC06,191,101655,252,852,0+000,4+300,4200,4.2,L2,AC,20240726,นบ.5038,
3991,0.82,0.0,0.41,3790,3795,20240726RUN03,13.843336887342023,100.46317539713576,2.483059030799052,2.1025422958742164,2.2928006633366342,2.221378368148156,3790,6035,0,857,526,3793.0,01900124046L1AC06,191,101655,252,852,0+000,4+300,4200,4.2,L2,AC,20240726,นบ.5038,
3995,0.43,0.0,0.22,3800,3805,20240726RUN03,13.843347405623982,100.46308352491394,3.6775919154522505,3.881238301021062,3.7794151082366563,4.148968646447772,3800,6035,0,857,527,3800.0,01900124046L1AC06,191,101655,252,852,0+000,4+300,4200,4.2,L2,AC,20240726,นบ.5038,
3997,0.03,0.0,0.02,3805,3810,20240726RUN03,13.843352975552497,100.4630376270675,3.6775919154522505,3.881238301021062,3.7794151082366563,3.411897308510152,3805,6035,0,857,528,3808.0,01900124046L1AC06,191,101655,252,852,0+000,4+300,4200,4.2,L2,AC,20240726,นบ.5038,
4001,0.0,0.0,0.0,3815,3820,20240726RUN03,13.843364727404058,100.4629459113886,3.6775919154522505,3.881238301021062,3.7794151082366563,3.6601521089570066,3815,6035,0,857,529,3815.0,01900124046L1AC06,191,101655,252,852,0+000,4+300,4200,4.2,L2,AC,20240726,นบ.5038,
4003,0.03,0.0,0.02,3820,3825,20240726RUN03,13.843370909371743,100.46290009551204,2.287894646574373,2.2219857730017933,2.2549402097880833,2.415179139589121,3820,6035,0,857,530,3822.0,01900124046L1AC06,191,101655,252,852,0+000,4+300,4200,4.2,L2,AC,20240726,นบ.5038,
4005,0.0,0.0,0.0,3825,3830,20240726RUN03,13.843377255823201,100.46285430315787,2.287894646574373,2.2219857730017933,2.2549402097880833,2.166588214236922,3825,6035,0,857,531,3829.0,01900124046L1AC06,191,101655,252,852,0+000,4+300,4200,4.2,L2,AC,20240726,นบ.5038,
4009,0.0,0.98,0.49,3835,3840,20240726RUN03,13.843390208683225,100.46276275652342,2.287894646574373,2.2219857730017933,2.2549402097880833,2.1642633355921923,3835,6035,0,857,532,3836.0,01900124046L1AC06,191,101655,252,852,0+000,4+300,4200,4.2,L2,AC,20240726,นบ.5038,
4011,0.0,0.2,0.1,3840,3845,20240726RUN03,13.843396835137362,100.4627170057128,2.096834343397638,3.520558228102105,2.8086962857498716,2.6106623351563787,3840,6035,0,857,533,3844.0,01900124046L1AC06,191,101655,252,852,0+000,4+300,4200,4.2,L2,AC,20240726,นบ.5038,
4015,0.11,0.0,0.06,3850,3855,20240726RUN03,13.843410389389978,100.4626255502687,2.096834343397638,3.520558228102105,2.8086962857498716,2.9452538585984853,3850,6035,0,857,534,3851.0,01900124046L1AC06,191,101655,252,852,0+000,4+300,4200,4.2,L2,AC,20240726,นบ.5038,
4017,0.32,0.48,0.4,3855,3860,20240726RUN03,13.843417190890971,100.4625798263385,2.096834343397638,3.520558228102105,2.8086962857498716,2.600541360076898,3855,6035,0,857,535,3858.0,01900124046L1AC06,191,101655,252,852,0+000,4+300,4200,4.2,L2,AC,20240726,นบ.5038,
4021,0.44,0.0,0.22,3865,3870,20240726RUN03,13.843430911434854,100.46248839693415,1.8609174584678323,1.5831209273873048,1.7220191929275686,1.5632178554480136,3865,6035,0,857,536,3865.0,01900124046L1AC06,191,101655,252,852,0+000,4+300,4200,4.2,L2,AC,20240726,นบ.5038,
4023,0.3,0.0,0.15,3870,3875,20240726RUN03,13.843437825883907,100.46244269074464,1.8609174584678323,1.5831209273873048,1.7220191929275686,1.6976247063647865,3870,6035,0,857,537,3872.0,01900124046L1AC06,191,101655,252,852,0+000,4+300,4200,4.2,L2,AC,20240726,นบ.5038,
4027,0.11,0.0,0.06,3880,3885,20240726RUN03,13.843451878970452,100.46235131423133,1.1309993790783517,1.9431789905297567,1.5370891848040542,1.4783866909354395,3880,6035,0,857,538,3880.0,01900124046L1AC06,191,101655,252,852,0+000,4+300,4200,4.2,L2,AC,20240726,นบ.5038,
4029,0.09,0.0,0.04,3885,3890,20240726RUN03,13.843458965118769,100.4623056356355,1.1309993790783517,1.9431789905297567,1.5370891848040542,1.4836785862377366,3885,6035,0,857,539,3887.0,01900124046L1AC06,191,101655,252,852,0+000,4+300,4200,4.2,L2,AC,20240726,นบ.5038,
4031,0.7,0.0,0.35,3890,3895,20240726RUN03,13.843466113613015,100.4622599672273,1.1309993790783517,1.9431789905297567,1.5370891848040542,1.530147714567189,3890,6035,0,857,540,3894.0,01900124046L1AC06,191,101655,252,852,0+000,4+300,4200,4.2,L2,AC,20240726,นบ.5038,
4035,0.34,0.0,0.17,3900,3905,20240726RUN03,13.843480886601698,100.46216870995744,1.2573218947820324,1.6229460786101295,1.440133986696081,1.3340195592136253,3900,6035,0,857,541,3901.0,01900124046L1AC06,191,101655,252,852,0+000,4+300,4200,4.2,L2,AC,20240726,นบ.5038,
4037,0.17,0.0,0.08,3905,3910,20240726RUN03,13.843488415594106,100.46212310559211,1.2573218947820324,1.6229460786101295,1.440133986696081,1.4578350187885885,3905,6035,0,857,542,3908.0,01900124046L1AC06,191,101655,252,852,0+000,4+300,4200,4.2,L2,AC,20240726,นบ.5038,
4041,0.16,0.11,0.14,3915,3920,20240726RUN03,13.84350341368757,100.46203188660974,1.2573218947820324,1.6229460786101295,1.440133986696081,1.3361674310449339,3915,6035,0,857,543,3916.0,01900124046L1AC06,191,101655,252,852,0+000,4+300,4200,4.2,L2,AC,20240726,นบ.5038,
4043,1.07,0.68,0.88,3920,3925,20240726RUN03,13.8435109100025,100.46198627663702,2.577674106348475,2.3995759921826654,2.48862504926557,2.335448568404642,3920,6035,0,857,544,3923.0,01900124046L1AC06,191,101655,252,852,0+000,4+300,4200,4.2,L2,AC,20240726,นบ.5038,
4047,0.46,0.0,0.23,3930,3935,20240726RUN03,13.84352587772075,100.46189505239657,2.577674106348475,2.3995759921826654,2.48862504926557,2.5879015498130196,3930,6035,0,857,545,3930.0,01900124046L1AC06,191,101655,252,852,0+000,4+300,4200,4.2,L2,AC,20240726,นบ.5038,
4049,0.16,0.23,0.2,3935,3940,20240726RUN03,13.843533473697738,100.46184945974854,2.577674106348475,2.3995759921826654,2.48862504926557,2.4982764944334246,3935,6035,0,857,546,3937.0,01900124046L1AC06,191,101655,252,852,0+000,4+300,4200,4.2,L2,AC,20240726,นบ.5038,
4053,0.18,0.06,0.12,3945,3950,20240726RUN03,13.843548755452028,100.46175829006768,1.6502229360978586,1.423212189151211,1.5367175626245348,1.677206943161438,3945,6035,0,857,547,3945.0,01900124046L1AC06,191,101655,252,852,0+000,4+300,4200,4.2,L2,AC,20240726,นบ.5038,
4055,0.64,0.39,0.52,3950,3955,20240726RUN03,13.843556419091549,100.46171270926841,1.6502229360978586,1.423212189151211,1.5367175626245348,1.5922790766026331,3950,6035,0,857,548,3952.0,01900124046L1AC06,191,101655,252,852,0+000,4+300,4200,4.2,L2,AC,20240726,นบ.5038,
4057,0.53,0.0,0.26,3955,3960,20240726RUN03,13.843564095811349,100.46166713072887,1.6502229360978586,1.423212189151211,1.5367175626245348,1.60411053215728,3955,6035,0,857,549,3959.0,01900124046L1AC06,191,101655,252,852,0+000,4+300,4200,4.2,L2,AC,20240726,นบ.5038,
4061,0.05,0.57,0.31,3965,3970,20240726RUN03,13.843579462967337,100.46157597608514,1.2332217041454965,1.9685092821504155,1.600865493147956,1.7143795357110903,3965,6035,0,857,550,3966.0,01900124046L1AC06,191,101655,252,852,0+000,4+300,4200,4.2,L2,AC,20240726,นบ.5038,
4063,0.06,0.06,0.06,3970,3975,20240726RUN03,13.843587143751936,100.46153039828242,1.2332217041454965,1.9685092821504155,1.600865493147956,1.6457846950350863,3970,6035,0,857,551,3973.0,01900124046L1AC06,191,101655,252,852,0+000,4+300,4200,4.2,L2,AC,20240726,นบ.5038,
4067,0.05,0.62,0.34,3980,3985,20240726RUN03,13.843602534102846,100.46143924776197,1.7533864709960114,1.1499306929019468,1.4516585819489791,1.507063886927302,3980,6035,0,857,552,3981.0,01900124046L1AC06,191,101655,252,852,0+000,4+300,4200,4.2,L2,AC,20240726,นบ.5038,
4069,0.19,1.07,0.63,3985,3990,20240726RUN03,13.843610234550653,100.46139367343618,1.7533864709960114,1.1499306929019468,1.4516585819489791,1.5642518388037092,3985,6035,0,857,553,3988.0,01900124046L1AC06,191,101655,252,852,0+000,4+300,4200,4.2,L2,AC,20240726,นบ.5038,
4073,0.1,0.15,0.12,3995,4000,20240726RUN03,13.843625681590838,100.46130253295316,1.7533864709960114,1.1499306929019468,1.4516585819489791,1.4613120885301045,3995,6035,0,857,554,3995.0,01900124046L1AC06,191,101655,252,852,0+000,4+300,4200,4.2,L2,AC,20240726,นบ.5038,
4075,0.15,0.17,0.16,4000,4005,20240726RUN03,13.843633441514479,100.46125696916802,0.94683137193316,1.2723287278591813,1.1095800498961705,1.1854414974451388,4000,6035,0,857,555,4002.0,01900124046L1AC06,191,101655,252,852,0+000,4+300,4200,4.2,L2,AC,20240726,นบ.5038,
4077,0.01,0.0,0.0,4005,4010,20240726RUN03,13.843641182645198,100.46121140207802,0.94683137193316,1.2723287278591813,1.1095800498961705,1.1932720781943695,4005,6035,0,857,556,4009.0,01900124046L1AC06,191,101655,252,852,0+000,4+300,4200,4.2,L2,AC,20240726,นบ.5038,
4081,0.07,0.32,0.2,4015,4020,20240726RUN03,13.843656503523157,100.46112023934495,0.94683137193316,1.2723287278591813,1.1095800498961705,1.0848442410019004,4015,6035,0,857,557,4017.0,01900124046L1AC06,191,101655,252,852,0+000,4+300,4200,4.2,L2,AC,20240726,นบ.5038,
4083,0.28,0.13,0.2,4020,4025,20240726RUN03,13.84366415495584,100.46107465639317,1.8397761135250097,2.2459499173838657,2.042863015454438,2.189602084491234,4020,6035,0,857,558,4024.0,01900124046L1AC06,191,101655,252,852,0+000,4+300,4200,4.2,L2,AC,20240726,นบ.5038,
4087,0.45,0.23,0.34,4030,4035,20240726RUN03,13.843679607753746,100.46098351694846,1.8397761135250097,2.2459499173838657,2.042863015454438,2.126116598987409,4030,6035,0,857,559,4031.0,01900124046L1AC06,191,101655,252,852,0+000,4+300,4200,4.2,L2,AC,20240726,นบ.5038,
4089,0.57,0.83,0.7,4035,4040,20240726RUN03,13.843687318352222,100.46093794439955,1.8397761135250097,2.2459499173838657,2.042863015454438,1.9100335908672483,4035,6035,0,857,560,4038.0,01900124046L1AC06,191,101655,252,852,0+000,4+300,4200,4.2,L2,AC,20240726,นบ.5038,
4093,0.99,0.03,0.51,4045,4050,20240726RUN03,13.843702945393778,100.46084683606361,2.572017673390462,2.200124436407504,2.386071054898983,2.1527371972972844,4045,6035,0,857,561,4045.0,01900124046L1AC06,191,101655,252,852,0+000,4+300,4200,4.2,L2,AC,20240726,นบ.5038,
4095,0.64,0.11,0.38,4050,4055,20240726RUN03,13.84371079446059,100.46080128819281,2.572017673390462,2.200124436407504,2.386071054898983,2.426685073108574,4050,6035,0,857,562,4053.0,01900124046L1AC06,191,101655,252,852,0+000,4+300,4200,4.2,L2,AC,20240726,นบ.5038,
4099,0.29,0.22,0.26,4060,4065,20240726RUN03,13.843726459176175,100.46071018635011,1.3863873826962132,1.3937489834262935,1.3900681830612533,1.401287133416948,4060,6035,0,857,563,4060.0,01900124046L1AC06,191,101655,252,852,0+000,4+300,4200,4.2,L2,AC,20240726,นบ.5038,
4101,0.38,0.18,0.28,4065,4070,20240726RUN03,13.843734295061113,100.4606646360271,1.3863873826962132,1.3937489834262935,1.3900681830612533,1.4728769985220598,4065,6035,0,857,564,4067.0,01900124046L1AC06,191,101655,252,852,0+000,4+300,4200,4.2,L2,AC,20240726,นบ.5038,
4103,0.57,0.09,0.33,4070,4075,20240726RUN03,13.843742148460718,100.4606190888197,1.3863873826962132,1.3937489834262935,1.3900681830612533,1.3860907831172773,4070,6035,0,857,565,4074.0,01900124046L1AC06,191,101655,252,852,0+000,4+300,4200,4.2,L2,AC,20240726,นบ.5038,
4107,0.16,0.0,0.08,4080,4085,20240726RUN03,13.843757867422328,100.46052799666383,1.1453332715924311,1.7196995792681573,1.4325164254302942,1.37922989084556,4080,6035,0,857,566,4082.0,01900124046L1AC06,191,101655,252,852,0+000,4+300,4200,4.2,L2,AC,20240726,นบ.5038,
4109,0.27,0.05,0.16,4085,4090,20240726RUN03,13.843765619726577,100.46048243138418,1.1453332715924311,1.7196995792681573,1.4325164254302942,1.4197149315998674,4085,6035,0,857,567,4089.0,01900124046L1AC06,191,101655,252,852,0+000,4+300,4200,4.2,L2,AC,20240726,นบ.5038,
4113,0.44,0.21,0.32,4095,4100,20240726RUN03,13.8437811381346,100.46039130329525,1.1453332715924311,1.7196995792681573,1.4325164254302942,1.337459210298859,4095,6035,0,857,568,4096.0,01900124046L1AC06,191,101655,252,852,0+000,4+300,4200,4.2,L2,AC,20240726,นบ.5038,
4115,0.86,0.17,0.52,4100,4105,20240726RUN03,13.843788940432132,100.46034574693333,1.0842382727702955,1.37973137723516,1.2319848250027277,1.2913579240948991,4100,6035,0,857,569,4103.0,01900124046L1AC06,191,101655,252,852,0+000,4+300,4200,4.2,L2,AC,20240726,นบ.5038,
4119,0.99,0.11,0.55,4110,4115,20240726RUN03,13.843804433129598,100.46025461418807,1.0842382727702955,1.37973137723516,1.2319848250027277,1.2841329347837585,4110,6035,0,857,570,4110.0,01900124046L1AC06,191,101655,252,852,0+000,4+300,4200,4.2,L2,AC,20240726,นบ.5038,
4121,1.5,0.29,0.9,4115,4120,20240726RUN03,13.843812156189555,100.46020904366574,1.0842382727702955,1.37973137723516,1.2319848250027277,1.2261400155915854,4115,6035,0,857,571,4118.0,01900124046L1AC06,191,101655,252,852,0+000,4+300,4200,4.2,L2,AC,20240726,นบ.5038,
4125,0.76,0.0,0.38,4125,4130,20240726RUN03,13.843827515108826,100.46011788722468,1.633504951125223,1.5477408297133328,1.590622890419278,1.7363296047780354,4125,6035,0,857,572,4125.0,01900124046L1AC06,191,101655,252,852,0+000,4+300,4200,4.2,L2,AC,20240726,นบ.5038,
4127,0.96,0.0,0.48,4130,4135,20240726RUN03,13.843835228729487,100.4600723150455,1.633504951125223,1.5477408297133328,1.590622890419278,1.479167471842231,4130,6035,0,857,573,4132.0,01900124046L1AC06,191,101655,252,852,0+000,4+300,4200,4.2,L2,AC,20240726,นบ.5038,
4129,0.79,0.05,0.42,4135,4140,20240726RUN03,13.843842935260385,100.4600267416181,1.633504951125223,1.5477408297133328,1.590622890419278,1.631664254787429,4135,6035,0,857,574,4139.0,01900124046L1AC06,191,101655,252,852,0+000,4+300,4200,4.2,L2,AC,20240726,นบ.5038,
4133,0.23,0.05,0.14,4145,4150,20240726RUN03,13.843858311761071,100.45993558828567,1.9027266502902744,1.013366522063324,1.458046586176799,1.5696276280935626,4145,6035,0,857,575,4146.0,01900124046L1AC06,191,101655,252,852,0+000,4+300,4200,4.2,L2,AC,20240726,นบ.5038,
4135,0.38,0.71,0.54,4150,4155,20240726RUN03,13.843865918839075,100.45988999737962,1.9027266502902744,1.013366522063324,1.458046586176799,1.4794947240407845,4150,6035,0,857,576,4154.0,01900124046L1AC06,191,101655,252,852,0+000,4+300,4200,4.2,L2,AC,20240726,นบ.5038,
4139,0.64,0.46,0.55,4160,4165,20240726RUN03,13.843880803026291,100.45979875860769,1.3458846325542406,1.1809041188616316,1.2633943757079362,1.3566952196319673,4160,6035,0,857,577,4161.0,01900124046L1AC06,191,101655,252,852,0+000,4+300,4200,4.2,L2,AC,20240726,นบ.5038,
4141,0.52,0.19,0.36,4165,4170,20240726RUN03,13.843888128622826,100.45975311943043,1.3458846325542406,1.1809041188616316,1.2633943757079362,1.2777389611801304,4165,6035,0,857,578,4168.0,01900124046L1AC06,191,101655,252,852,0+000,4+300,4200,4.2,L2,AC,20240726,นบ.5038,
4145,1.33,1.53,1.43,4175,4180,20240726RUN03,13.843902892593269,100.45966186018606,1.3458846325542406,1.1809041188616316,1.2633943757079362,1.2735196437960552,4175,6035,0,857,579,4175.0,01900124046L1AC06,191,101655,252,852,0+000,4+300,4200,4.2,L2,AC,20240726,นบ.5038,
4147,0.46,1.76,1.11,4180,4185,20240726RUN03,13.843910556269071,100.45961627929672,1.2362432137598736,-1.0,0.11812160687993678,0.12397597503299694,4180,6035,0,857,580,4182.0,01900124046L1AC06,191,101655,252,852,0+000,4+300,4200,4.2,L2,AC,20240726,นบ.5038,
4151,0.46,1.23,0.84,4190,4195,20240726RUN03,13.843926798451138,100.45952528393703,1.2362432137598736,-1.0,0.11812160687993678,0.1225335995816486,4190,6035,0,857,581,4190.0,01900124046L1AC06,191,101655,252,852,0+000,4+300,4200,4.2,L2,AC,20240726,นบ.5038,
4153,0.23,1.24,0.74,4195,4200,20240726RUN03,13.84393510611634,100.4594798212967,1.2362432137598736,-1.0,0.11812160687993678,0.10859954366970427,4195,6035,0,857,582,4197.0,01900124046L1AC06,191,101655,252,852,0+000,4+300,4200,4.2,L2,AC,20240726,นบ.5038,
4155,0.09,0.31,0.2,4200,4205,20240726RUN03,13.8439433207417,100.45943434095773,1.1608265749591378,1.3609744066288612,1.2609004907939996,1.2537737631300363,4200,6035,0,857,583,4204.0,01900124046L1AC06,191,101655,252,852,0+000,4+300,4200,4.2,L2,AC,20240726,นบ.5038,
4159,0.63,0.21,0.42,4210,4215,20240726RUN03,13.843959379087789,100.45934331095856,1.1608265749591378,1.3609744066288612,1.2609004907939996,1.3364225148257933,4210,6035,0,857,584,4211.0,01900124046L1AC06,191,101655,252,852,0+000,4+300,4200,4.2,L2,AC,20240726,นบ.5038,
4161,0.07,0.24,0.16,4215,4220,20240726RUN03,13.843967274608508,100.45929777143701,1.1608265749591378,1.3609744066288612,1.2609004907939996,1.3023782719754542,4215,6035,0,857,585,4219.0,01900124046L1AC06,191,101655,252,852,0+000,4+300,4200,4.2,L2,AC,20240726,นบ.5038,
4165,0.27,0.0,0.14,4225,4230,20240726RUN03,13.843982817043122,100.45920664764557,1.047583417861757,1.2827735771487507,1.165178497505254,1.1332164772152848,4225,6035,0,857,586,4226.0,01900124046L1AC06,191,101655,252,852,0+000,4+300,4200,4.2,L2,AC,20240726,นบ.5038,
4167,0.39,0.02,0.2,4230,4235,20240726RUN03,13.843990538388462,100.45916107688896,1.047583417861757,1.2827735771487507,1.165178497505254,1.0498351428375443,4230,6035,0,857,587,4233.0,01900124046L1AC06,191,101655,252,852,0+000,4+300,4200,4.2,L2,AC,20240726,นบ.5038,
4171,0.33,0.29,0.31,4240,4245,20240726RUN03,13.844005925269599,100.45906992545956,1.4511946544714094,0.910910475473837,1.1810525649726231,1.2434849245274664,4240,6035,0,857,588,4240.0,01900124046L1AC06,191,101655,252,852,0+000,4+300,4200,4.2,L2,AC,20240726,นบ.5038,
4173,0.19,0.11,0.15,4245,4250,20240726RUN03,13.844013605951194,100.45902434747639,1.4511946544714094,0.910910475473837,1.1810525649726231,1.1295393014541313,4245,6035,0,857,589,4247.0,01900124046L1AC06,191,101655,252,852,0+000,4+300,4200,4.2,L2,AC,20240726,นบ.5038,
4177,0.17,0.28,0.23,4255,4260,20240726RUN03,13.844028984260904,100.45893319450212,1.4511946544714094,0.910910475473837,1.1810525649726231,1.2469391123623597,4255,6035,0,857,590,4255.0,01900124046L1AC06,191,101655,252,852,0+000,4+300,4200,4.2,L2,AC,20240726,นบ.5038,
4179,0.36,0.12,0.24,4260,4265,20240726RUN03,13.844036749418041,100.45888763154674,1.9905036366126845,1.1802201537249757,1.58536189516883,1.6118376166894515,4260,6035,0,857,591,4262.0,01900124046L1AC06,191,101655,252,852,0+000,4+300,4200,4.2,L2,AC,20240726,นบ.5038,
4181,0.19,0.0,0.1,4265,4270,20240726RUN03,13.844044524420847,100.45884207031409,1.9905036366126845,1.1802201537249757,1.58536189516883,1.7005837152329848,4265,6035,0,857,592,4269.0,01900124046L1AC06,191,101655,252,852,0+000,4+300,4200,4.2,L2,AC,20240726,นบ.5038,
4185,0.14,0.0,0.07,4275,4280,20240726RUN03,13.844059903148198,100.45875091742596,1.9905036366126845,1.1802201537249757,1.58536189516883,1.4344240202915988,4275,6035,0,857,593,4276.0,01900124046L1AC06,191,101655,252,852,0+000,4+300,4200,4.2,L2,AC,20240726,นบ.5038,
4187,0.44,0.09,0.26,4280,4285,20240726RUN03,13.844067506604176,100.458705325874,2.6678796101715694,2.0414858259870305,2.3546827180793,2.438985431381975,4280,6035,0,857,594,4283.0,01900124046L1AC06,191,101655,252,852,0+000,4+300,4200,4.2,L2,AC,20240726,นบ.5038,
4191,0.41,0.1,0.26,4290,4295,20240726RUN03,13.8440827337173,100.45861414637456,2.6678796101715694,2.0414858259870305,2.3546827180793,2.146726141544461,4290,6035,0,857,595,4291.0,01900124046L1AC06,191,101655,252,852,0+000,4+300,4200,4.2,L2,AC,20240726,นบ.5038,
4193,0.05,0.16,0.11,4295,4300,20240726RUN03,13.844090412323816,100.45856856800127,2.6678796101715694,2.0414858259870305,2.3546827180793,2.3571691368600716,4295,6035,0,857,596,4298.0,01900124046L1AC06,191,101655,252,852,0+000,4+300,4200,4.2,L2,AC,20240726,นบ.5038,
4197,0.35,0.48,0.42,4305,4310,20240726RUN03,13.844105850774515,100.45847742567908,1.2053802669760558,1.99886917703147,1.6021247220037629,1.5848006370333407,4305,6035,0,857,597,4305.0,01900124046L1AC06,191,101655,252,852,0+000,4+300,4200,4.2,L2,AC,20240726,นบ.5038,
4199,0.7,0.31,0.5,4310,4315,20240726RUN03,13.844113596652278,100.45843185919671,1.2053802669760558,1.99886917703147,1.6021247220037629,1.7385258002318764,4310,6035,0,857,598,4312.0,01900124046L1AC06,191,101655,252,852,0+000,4+300,4200,4.2,L2,AC,20240726,นบ.5038,
4203,0.56,0.18,0.37,4320,4325,20240726RUN03,13.844129027599248,100.4583407153369,1.3615480724594342,2.1791182387471717,1.770333155603303,1.7398360701249356,4320,6035,0,857,599,4320.0,01900124046L1AC06,191,101655,252,852,0+000,4+300,4200,4.2,L2,AC,20240726,นบ.5038,
4205,1.31,0.53,0.92,4325,4330,20240726RUN03,13.844136653529844,100.4582951275789,1.3615480724594342,2.1791182387471717,1.770333155603303,1.80611282205122,4325,6035,0,857,600,4327.0,01900124046L1AC06,191,101655,252,852,0+000,4+300,4200,4.2,L2,AC,20240726,นบ.5038,
4207,0.73,0.3,0.52,4330,4335,20240726RUN03,13.844144222129577,100.45824952980425,1.3615480724594342,2.1791182387471717,1.770333155603303,1.629945791203213,4330,6035,0,857,601,4334.0,01900124046L1AC06,191,101655,252,852,0+000,4+300,4200,4.2,L2,AC,20240726,นบ.5038,
4211,0.64,2.26,1.45,4340,4345,20240726RUN03,13.84415940251728,100.45815834178212,0.8829039610870851,1.1231844076757358,1.0030441843814104,0.9772696833843885,4340,6035,0,857,602,4341.0,01900124046L1AC06,191,101655,252,852,0+000,4+300,4200,4.2,L2,AC,20240726,นบ.5038,
4213,0.54,1.8,1.17,4345,4350,20240726RUN03,13.844167005293418,100.45811274996277,0.8829039610870851,1.1231844076757358,1.0030441843814104,0.9375841864987275,4345,6035,0,857,603,4348.0,01900124046L1AC06,191,101655,252,852,0+000,4+300,4200,4.2,L2,AC,20240726,นบ.5038,
4217,0.11,0.31,0.21,4355,4360,20240726RUN03,13.84418219982899,100.45802156440453,0.8829039610870851,1.1231844076757358,1.0030441843814104,1.005859746574767,4355,6035,0,857,604,4356.0,01900124046L1AC06,191,101655,252,852,0+000,4+300,4200,4.2,L2,AC,20240726,นบ.5038,
4219,0.12,0.21,0.16,4360,4365,20240726RUN03,13.84418980417843,100.45797597286621,1.0108414837262605,1.0909023607176311,1.0508719222219458,0.9974705231360599,4360,6035,0,857,605,4363.0,01900124046L1AC06,191,101655,252,852,0+000,4+300,4200,4.2,L2,AC,20240726,นบ.5038,
4223,0.03,2.84,1.43,4370,4375,20240726RUN03,13.844205093091432,100.45788480390645,1.0108414837262605,1.0909023607176311,1.0508719222219458,1.02652148717241,4370,6035,0,857,606,4370.0,01900124046L1AC06,191,101655,252,852,0+000,4+300,4200,4.2,L2,AC,20240726,นบ.5038,
4225,0.03,2.87,1.45,4375,4380,20240726RUN03,13.844212908465785,100.45783924981173,1.0108414837262605,1.0909023607176311,1.0508719222219458,1.0794603607497297,4375,6035,0,857,607,4377.0,01900124046L1AC06,191,101655,252,852,0+000,4+300,4200,4.2,L2,AC,20240726,นบ.5038,
4227,2.56,1.51,2.04,4380,4385,20240726RUN03,13.844220902779195,100.4577937282395,3.0331206069416683,1.5652049218850927,2.2991627644133805,2.281682561988837,4380,6035,0,857,608,4384.0,01900124046L1AC06,191,101655,252,852,0+000,4+300,4200,4.2,L2,AC,20240726,นบ.5038,
4231,5.61,0.0,2.8,4390,4395,20240726RUN03,13.844236897508228,100.45770268622377,3.0331206069416683,1.5652049218850927,2.2991627644133805,2.491273693189491,4390,6035,0,857,609,4392.0,01900124046L1AC06,191,101655,252,852,0+000,4+300,4200,4.2,L2,AC,20240726,นบ.5038,
4233,3.68,0.0,1.84,4395,4400,20240726RUN03,13.844244654078857,100.4576571215694,3.0331206069416683,1.5652049218850927,2.2991627644133805,2.0818780566300337,4395,6035,0,857,610,4399.0,01900124046L1AC06,191,101655,252,852,0+000,4+300,4200,4.2,L2,AC,20240726,นบ.5038,
4237,5.28,0.0,2.64,4405,4410,20240726RUN03,13.84425964367605,100.45756590070246,1.4396983404632837,1.5269795058835671,1.4833389231734255,1.3375514138341504,4405,6035,0,857,611,4406.0,01900124046L1AC06,191,101655,252,852,0+000,4+300,4200,4.2,L2,AC,20240726,นบ.5038,
4239,4.25,0.03,2.14,4410,4415,20240726RUN03,13.844267001028783,100.45752026673051,1.4396983404632837,1.5269795058835671,1.4833389231734255,1.3442966060185404,4410,6035,0,857,612,4413.0,01900124046L1AC06,191,101655,252,852,0+000,4+300,4200,4.2,L2,AC,20240726,นบ.5038,
4243,0.05,0.98,0.52,4420,4425,20240726RUN03,13.844281513406637,100.4574289649498,1.340981284921234,1.8141362070427556,1.5775587459819946,1.606499162420409,4420,6035,0,857,613,4420.0,01900124046L1AC06,191,101655,252,852,0+000,4+300,4200,4.2,L2,AC,20240726,นบ.5038,
4245,0.16,0.71,0.44,4425,4430,20240726RUN03,13.844288852630717,100.45738332796098,1.340981284921234,1.8141362070427556,1.5775587459819946,1.4199737523931724,4425,6035,0,857,614,4428.0,01900124046L1AC06,191,101655,252,852,0+000,4+300,4200,4.2,L2,AC,20240726,นบ.5038,
4249,0.3,0.72,0.51,4435,4440,20240726RUN03,13.844303566257333,100.45729205988304,1.340981284921234,1.8141362070427556,1.5775587459819946,1.4801989878646067,4435,6035,0,857,615,4435.0,01900124046L1AC06,191,101655,252,852,0+000,4+300,4200,4.2,L2,AC,20240726,นบ.5038,
4251,0.54,0.21,0.38,4440,4445,20240726RUN03,13.844310948303846,100.4572464301232,1.169027642134437,2.0014499238545818,1.5852387829945094,1.4299530925854456,4440,6035,0,857,616,4442.0,01900124046L1AC06,191,101655,252,852,0+000,4+300,4200,4.2,L2,AC,20240726,นบ.5038,
4253,0.18,0.33,0.26,4445,4450,20240726RUN03,13.84431837672664,100.45720080826811,1.169027642134437,2.0014499238545818,1.5852387829945094,1.6910288221772043,4445,6035,0,857,617,4449.0,01900124046L1AC06,191,101655,252,852,0+000,4+300,4200,4.2,L2,AC,20240726,นบ.5038,
4257,0.66,0.92,0.79,4455,4460,20240726RUN03,13.84433321757526,100.45710956184557,1.169027642134437,2.0014499238545818,1.5852387829945094,1.5088473821522785,4455,6035,0,857,618,4457.0,01900124046L1AC06,191,101655,252,852,0+000,4+300,4200,4.2,L2,AC,20240726,นบ.5038,
4259,0.61,0.11,0.36,4460,4465,20240726RUN03,13.84434071991313,100.45706395263299,1.0590660440608644,1.1718928541221385,1.1154794490915014,1.0278393590401085,4460,6035,0,857,619,4464.0,01900124046L1AC06,191,101655,252,852,0+000,4+300,4200,4.2,L2,AC,20240726,นบ.5038,
4263,0.64,0.0,0.32,4470,4475,20240726RUN03,13.844355661254482,100.45697272334357,1.0590660440608644,1.1718928541221385,1.1154794490915014,1.1010046990959608,4470,6035,0,857,620,4471.0,01900124046L1AC06,191,101655,252,852,0+000,4+300,4200,4.2,L2,AC,20240726,นบ.5038,
4265,0.59,0.0,0.3,4475,4480,20240726RUN03,13.844363164385896,100.45692711430544,1.0590660440608644,1.1718928541221385,1.1154794490915014,1.1196594830412745,4475,6035,0,857,621,4478.0,01900124046L1AC06,191,101655,252,852,0+000,4+300,4200,4.2,L2,AC,20240726,นบ.5038,
4269,0.58,0.15,0.36,4485,4490,20240726RUN03,13.844378339486978,100.45683592547003,1.4354047167253643,1.6358665217828068,1.5356356192540854,1.625200427650475,4485,6035,0,857,622,4485.0,01900124046L1AC06,191,101655,252,852,0+000,4+300,4200,4.2,L2,AC,20240726,นบ.5038,
4271,1.14,0.26,0.7,4490,4495,20240726RUN03,13.84438595382907,100.45679033575495,1.4354047167253643,1.6358665217828068,1.5356356192540854,1.4358155435001294,4490,6035,0,857,623,4493.0,01900124046L1AC06,191,101655,252,852,0+000,4+300,4200,4.2,L2,AC,20240726,นบ.5038,
4275,0.28,0.0,0.14,4500,4505,20240726RUN03,13.844401024280724,100.45669912874298,1.7203532251293547,1.8113357483014565,1.7658444867154057,1.8832834205410631,4500,6035,0,857,624,4500.0,01900124046L1AC06,191,101655,252,852,0+000,4+300,4200,4.2,L2,AC,20240726,นบ.5038,
4277,0.59,0.05,0.32,4505,4510,20240726RUN03,13.844408497138405,100.45665351449907,1.7203532251293547,1.8113357483014565,1.7658444867154057,1.7009110574203143,4505,6035,0,857,625,4507.0,01900124046L1AC06,191,101655,252,852,0+000,4+300,4200,4.2,L2,AC,20240726,นบ.5038,
4279,0.72,0.0,0.36,4510,4515,20240726RUN03,13.844415976861441,100.45660790148091,1.7203532251293547,1.8113357483014565,1.7658444867154057,1.6487104604200578,4510,6035,0,857,626,4514.0,01900124046L1AC06,191,101655,252,852,0+000,4+300,4200,4.2,L2,AC,20240726,นบ.5038,
4283,0.98,0.06,0.52,4520,4525,20240726RUN03,13.844430980877206,100.45651668300913,1.385185193316847,1.223608912433501,1.304397052875174,1.4110733170629814,4520,6035,0,857,627,4521.0,01900124046L1AC06,191,101655,252,852,0+000,4+300,4200,4.2,L2,AC,20240726,นบ.5038,
4285,0.86,0.1,0.48,4525,4530,20240726RUN03,13.844438442347013,100.45647106680254,1.385185193316847,1.223608912433501,1.304397052875174,1.4263822482217088,4525,6035,0,857,628,4529.0,01900124046L1AC06,191,101655,252,852,0+000,4+300,4200,4.2,L2,AC,20240726,นบ.5038,
4289,0.8,0.07,0.44,4535,4540,20240726RUN03,13.844453327928422,100.45637982795984,1.385185193316847,1.223608912433501,1.304397052875174,1.4274336281901492,4535,6035,0,857,629,4536.0,01900124046L1AC06,191,101655,252,852,0+000,4+300,4200,4.2,L2,AC,20240726,นบ.5038,
4291,1.24,0.02,0.63,4540,4545,20240726RUN03,13.844460735418162,100.45633420247376,1.0723915763444531,1.056556565813889,1.0644740710791711,0.9860493087320628,4540,6035,0,857,630,4543.0,01900124046L1AC06,191,101655,252,852,0+000,4+300,4200,4.2,L2,AC,20240726,นบ.5038,
4295,0.91,0.0,0.46,4550,4555,20240726RUN03,13.844475446657814,100.4562429338802,1.0723915763444531,1.056556565813889,1.0644740710791711,1.1659022316219894,4550,6035,0,857,631,4550.0,01900124046L1AC06,191,101655,252,852,0+000,4+300,4200,4.2,L2,AC,20240726,นบ.5038,
4297,0.89,0.0,0.44,4555,4560,20240726RUN03,13.844482833776297,100.45619730492942,1.0723915763444531,1.056556565813889,1.0644740710791711,1.1076014030883676,4555,6035,0,857,632,4557.0,01900124046L1AC06,191,101655,252,852,0+000,4+300,4200,4.2,L2,AC,20240726,นบ.5038,
4301,1.04,0.1,0.57,4565,4570,20240726RUN03,13.84449765954959,100.45610605578545,1.2372578743352984,1.4326147681136243,1.3349363212244614,1.4502099170143974,4565,6035,0,857,633,4565.0,01900124046L1AC06,191,101655,252,852,0+000,4+300,4200,4.2,L2,AC,20240726,นบ.5038,
4303,0.48,0.02,0.25,4570,4575,20240726RUN03,13.844505016858283,100.45606042181754,1.2372578743352984,1.4326147681136243,1.3349363212244614,1.3494959012048868,4570,6035,0,857,634,4572.0,01900124046L1AC06,191,101655,252,852,0+000,4+300,4200,4.2,L2,AC,20240726,นบ.5038,
4305,0.79,0.0,0.4,4575,4580,20240726RUN03,13.844512399545279,100.45601479210212,1.2372578743352984,1.4326147681136243,1.3349363212244614,1.4208906562043537,4575,6035,0,857,635,4579.0,01900124046L1AC06,191,101655,252,852,0+000,4+300,4200,4.2,L2,AC,20240726,นบ.5038,
4309,0.3,0.0,0.15,4585,4590,20240726RUN03,13.844527183932286,100.45592353594441,1.274939489872767,1.1993639706454595,1.2371517302591133,1.1549217259487337,4585,6035,0,857,636,4586.0,01900124046L1AC06,191,101655,252,852,0+000,4+300,4200,4.2,L2,AC,20240726,นบ.5038,
4311,0.28,0.0,0.14,4590,4595,20240726RUN03,13.844534469276761,100.4558778898354,1.274939489872767,1.1993639706454595,1.2371517302591133,1.1898664814978575,4590,6035,0,857,637,4594.0,01900124046L1AC06,191,101655,252,852,0+000,4+300,4200,4.2,L2,AC,20240726,นบ.5038,
4315,0.18,0.29,0.24,4600,4605,20240726RUN03,13.844548912577292,100.4557865764986,1.8469028163332173,1.8555149502188395,1.8512088832760285,1.8234158874355901,4600,6035,0,857,638,4601.0,01900124046L1AC06,191,101655,252,852,0+000,4+300,4200,4.2,L2,AC,20240726,นบ.5038,
4317,0.37,0.02,0.2,4605,4610,20240726RUN03,13.844556170562596,100.45574092583414,1.8469028163332173,1.8555149502188395,1.8512088832760285,2.028698127350027,4605,6035,0,857,639,4608.0,01900124046L1AC06,191,101655,252,852,0+000,4+300,4200,4.2,L2,AC,20240726,นบ.5038,
4321,0.17,0.58,0.38,4615,4620,20240726RUN03,13.844570702754535,100.45564962722759,1.8469028163332173,1.8555149502188395,1.8512088832760285,1.9902235155909385,4615,6035,0,857,640,4615.0,01900124046L1AC06,191,101655,252,852,0+000,4+300,4200,4.2,L2,AC,20240726,นบ.5038,
4323,0.31,0.96,0.64,4620,4625,20240726RUN03,13.844577990125432,100.45560398150711,1.1018035985641688,1.1776338519746703,1.1397187252694194,1.1585111117417302,4620,6035,0,857,641,4622.0,01900124046L1AC06,191,101655,252,852,0+000,4+300,4200,4.2,L2,AC,20240726,นบ.5038,
4327,0.41,1.8,1.1,4630,4635,20240726RUN03,13.8445927436442,100.4555127201456,1.1018035985641688,1.1776338519746703,1.1397187252694194,1.0683716093422475,4630,6035,0,857,642,4630.0,01900124046L1AC06,191,101655,252,852,0+000,4+300,4200,4.2,L2,AC,20240726,นบ.5038,
4329,0.7,2.04,1.37,4635,4640,20240726RUN03,13.844600180113636,100.45546709960203,1.1018035985641688,1.1776338519746703,1.1397187252694194,1.0474918125902795,4635,6035,0,857,643,4637.0,01900124046L1AC06,191,101655,252,852,0+000,4+300,4200,4.2,L2,AC,20240726,นบ.5038,
4331,0.89,0.58,0.74,4640,4645,20240726RUN03,13.844607661252734,100.45542148671643,1.3008149496085808,1.7142601202047976,1.5075375349066893,1.432359722144177,4640,6035,0,857,644,4644.0,01900124046L1AC06,191,101655,252,852,0+000,4+300,4200,4.2,L2,AC,20240726,นบ.5038,
4335,0.52,0.73,0.62,4650,4655,20240726RUN03,13.844622659209218,100.45533026705326,1.3008149496085808,1.7142601202047976,1.5075375349066893,1.446857748935153,4650,6035,0,857,645,4651.0,01900124046L1AC06,191,101655,252,852,0+000,4+300,4200,4.2,L2,AC,20240726,นบ.5038,
4337,0.58,0.0,0.29,4655,4660,20240726RUN03,13.844630125592175,100.4552846516256,1.3008149496085808,1.7142601202047976,1.5075375349066893,1.6552544746093472,4655,6035,0,857,646,4658.0,01900124046L1AC06,191,101655,252,852,0+000,4+300,4200,4.2,L2,AC,20240726,นบ.5038,
4341,0.04,0.11,0.08,4665,4670,20240726RUN03,13.844644874285784,100.45519338944771,1.483804101991486,1.4560691971553297,1.4699366495734079,1.4530530906753008,4665,6035,0,857,647,4666.0,01900124046L1AC06,191,101655,252,852,0+000,4+300,4200,4.2,L2,AC,20240726,นบ.5038,
4343,0.11,0.32,0.22,4670,4675,20240726RUN03,13.84465219953287,100.45514775009266,1.483804101991486,1.4560691971553297,1.4699366495734079,1.438015861449248,4670,6035,0,857,648,4673.0,01900124046L1AC06,191,101655,252,852,0+000,4+300,4200,4.2,L2,AC,20240726,นบ.5038,
4347,0.3,0.06,0.18,4680,4685,20240726RUN03,13.844666757921726,100.45505645590883,1.818915862784432,1.2648504352726029,1.5418831490285174,1.5957872570818092,4680,6035,0,857,649,4680.0,01900124046L1AC06,191,101655,252,852,0+000,4+300,4200,4.2,L2,AC,20240726,นบ.5038,
4349,0.26,0.43,0.34,4685,4690,20240726RUN03,13.844673986768482,100.45501080039467,1.818915862784432,1.2648504352726029,1.5418831490285174,1.5998013068582342,4685,6035,0,857,650,4687.0,01900124046L1AC06,191,101655,252,852,0+000,4+300,4200,4.2,L2,AC,20240726,นบ.5038,
4351,0.57,0.27,0.42,4690,4695,20240726RUN03,13.844681214267247,100.45496514468779,1.818915862784432,1.2648504352726029,1.5418831490285174,1.6285721516298903,4690,6035,0,857,651,4694.0,01900124046L1AC06,191,101655,252,852,0+000,4+300,4200,4.2,L2,AC,20240726,นบ.5038,
4355,0.43,0.16,0.3,4700,4705,20240726RUN03,13.844696083409717,100.45487390312313,1.2683772085702667,1.6525403614137333,1.4604587849919999,1.5822356321654025,4700,6035,0,857,652,4702.0,01900124046L1AC06,191,101655,252,852,0+000,4+300,4200,4.2,L2,AC,20240726,นบ.5038,
4357,0.22,0.47,0.34,4705,4710,20240726RUN03,13.844703584449704,100.45482829363766,1.2683772085702667,1.6525403614137333,1.4604587849919999,1.5400075396665995,4705,6035,0,857,653,4709.0,01900124046L1AC06,191,101655,252,852,0+000,4+300,4200,4.2,L2,AC,20240726,นบ.5038,
4361,1.38,0.69,1.03,4715,4720,20240726RUN03,13.84471838748063,100.45473704066573,1.2683772085702667,1.6525403614137333,1.4604587849919999,1.5710481733125725,4715,6035,0,857,654,4716.0,01900124046L1AC06,191,101655,252,852,0+000,4+300,4200,4.2,L2,AC,20240726,นบ.5038,
4363,0.76,0.1,0.43,4720,4725,20240726RUN03,13.844725834786592,100.45469142197591,1.4440127544109664,1.4048052264713302,1.4244089904411483,1.5488755984610012,4720,6035,0,857,655,4723.0,01900124046L1AC06,191,101655,252,852,0+000,4+300,4200,4.2,L2,AC,20240726,นบ.5038,
4367,1.01,0.04,0.52,4730,4735,20240726RUN03,13.844740767253532,100.45460019104672,1.4440127544109664,1.4048052264713302,1.4244089904411483,1.5062424260955993,4730,6035,0,857,656,4731.0,01900124046L1AC06,191,101655,252,852,0+000,4+300,4200,4.2,L2,AC,20240726,นบ.5038,
4369,0.98,0.17,0.57,4735,4740,20240726RUN03,13.844748187028445,100.45455456765544,1.4440127544109664,1.4048052264713302,1.4244089904411483,1.4411979845347769,4735,6035,0,857,657,4738.0,01900124046L1AC06,191,101655,252,852,0+000,4+300,4200,4.2,L2,AC,20240726,นบ.5038,
4373,0.7,0.01,0.36,4745,4750,20240726RUN03,13.84476308899768,100.45446333155022,1.405604006040604,1.43525618297216,1.420430094506382,1.5558098015362314,4745,6035,0,857,658,4745.0,01900124046L1AC06,191,101655,252,852,0+000,4+300,4200,4.2,L2,AC,20240726,นบ.5038,
4375,0.79,0.0,0.4,4750,4755,20240726RUN03,13.844770650051046,100.45441773248686,1.405604006040604,1.43525618297216,1.420430094506382,1.2949976326846457,4750,6035,0,857,659,4752.0,01900124046L1AC06,191,101655,252,852,0+000,4+300,4200,4.2,L2,AC,20240726,นบ.5038,
4377,0.59,0.0,0.3,4755,4760,20240726RUN03,13.844778278265695,100.45437214519437,1.405604006040604,1.43525618297216,1.420430094506382,1.3330010377225852,4755,6035,0,857,660,4759.0,01900124046L1AC06,191,101655,252,852,0+000,4+300,4200,4.2,L2,AC,20240726,นบ.5038,
4381,0.88,0.0,0.44,4765,4770,20240726RUN03,13.844793659127157,100.45428099255976,2.587410348685273,2.902037223702405,2.744723786193839,2.9086722454288907,4765,6035,0,857,661,4767.0,01900124046L1AC06,191,101655,252,852,0+000,4+300,4200,4.2,L2,AC,20240726,นบ.5038,
4383,1.17,0.0,0.58,4770,4775,20240726RUN03,13.844801329120209,100.45423541275163,2.587410348685273,2.902037223702405,2.744723786193839,2.754362203423861,4770,6035,0,857,662,4774.0,01900124046L1AC06,191,101655,252,852,0+000,4+300,4200,4.2,L2,AC,20240726,นบ.5038,
4387,0.11,0.0,0.06,4780,4785,20240726RUN03,13.844816438636387,100.45414421279757,1.6035334993900845,1.5368121152853234,1.570172807337704,1.4216693481232128,4780,6035,0,857,663,4781.0,01900124046L1AC06,191,101655,252,852,0+000,4+300,4200,4.2,L2,AC,20240726,นบ.5038,
4389,0.08,0.02,0.05,4785,4790,20240726RUN03,13.844823940093097,100.45409860364079,1.6035334993900845,1.5368121152853234,1.570172807337704,1.6366427515758282,4785,6035,0,857,664,4788.0,01900124046L1AC06,191,101655,252,852,0+000,4+300,4200,4.2,L2,AC,20240726,นบ.5038,
4393,0.52,0.0,0.26,4795,4800,20240726RUN03,13.84483884928293,100.45400736922711,1.6035334993900845,1.5368121152853234,1.570172807337704,1.6231821062699536,4795,6035,0,857,665,4795.0,01900124046L1AC06,191,101655,252,852,0+000,4+300,4200,4.2,L2,AC,20240726,นบ.5038,
4395,0.8,0.23,0.52,4800,4805,20240726RUN03,13.844846389401173,100.45396176672155,1.6725825796210376,1.957324690497104,1.8149536350590707,1.9263355550887422,4800,6035,0,857,666,4803.0,01900124046L1AC06,191,101655,252,852,0+000,4+300,4200,4.2,L2,AC,20240726,นบ.5038,
4399,0.65,0.0,0.32,4810,4815,20240726RUN03,13.844862279601342,100.45387070629839,1.6725825796210376,1.957324690497104,1.8149536350590707,1.9558271847842388,4810,6035,0,857,667,4810.0,01900124046L1AC06,191,101655,252,852,0+000,4+300,4200,4.2,L2,AC,20240726,นบ.5038,
4401,0.16,0.0,0.08,4815,4820,20240726RUN03,13.844870745114903,100.4538252741637,1.6725825796210376,1.957324690497104,1.8149536350590707,1.87839814301556,4815,6035,0,857,668,4817.0,01900124046L1AC06,191,101655,252,852,0+000,4+300,4200,4.2,L2,AC,20240726,นบ.5038,
4403,2.26,0.0,1.13,4820,4825,20240726RUN03,13.844879673245135,100.45377993488476,1.4518067955168137,1.938954790888964,1.6953807932028888,1.6824793945569487,4820,6035,0,857,669,4824.0,01900124046L1AC06,191,101655,252,852,0+000,4+300,4200,4.2,L2,AC,20240726,นบ.5038,
4407,0.77,0.0,0.38,4830,4835,20240726RUN03,13.844899366947713,100.45368965878643,1.4518067955168137,1.938954790888964,1.6953807932028888,1.795811892328329,4830,6035,0,857,670,4832.0,01900124046L1AC06,191,101655,252,852,0+000,4+300,4200,4.2,L2,AC,20240726,นบ.5038,
4409,1.05,0.0,0.52,4835,4840,20240726RUN03,13.844910239152957,100.45364476633587,1.4518067955168137,1.938954790888964,1.6953807932028888,1.6092634183439418,4835,6035,0,857,671,4839.0,01900124046L1AC06,191,101655,252,852,0+000,4+300,4200,4.2,L2,AC,20240726,นบ.5038,
4413,0.85,0.0,0.42,4845,4850,20240726RUN03,13.844934198701885,100.45355557779595,1.5008121786269106,2.0109003021506293,1.7558562403887699,1.6851512607872157,4845,6035,0,857,672,4846.0,01900124046L1AC06,191,101655,252,852,0+000,4+300,4200,4.2,L2,AC,20240726,นบ.5038,
4415,0.26,0.0,0.13,4850,4855,20240726RUN03,13.844947342831599,100.45351132641031,1.5008121786269106,2.0109003021506293,1.7558562403887699,1.7336307490216345,4850,6035,0,857,673,4853.0,01900124046L1AC06,191,101655,252,852,0+000,4+300,4200,4.2,L2,AC,20240726,นบ.5038,
4419,0.43,0.0,0.22,4860,4865,20240726RUN03,13.844976083970913,100.45342363085483,1.806660954412772,2.4774141081955467,2.1420375313041595,2.1872566670734153,4860,6035,0,857,674,4860.0,01900124046L1AC06,191,101655,252,852,0+000,4+300,4200,4.2,L2,AC,20240726,นบ.5038,
4421,0.79,0.0,0.4,4865,4870,20240726RUN03,13.844991744367501,100.45338024566239,1.806660954412772,2.4774141081955467,2.1420375313041595,2.0426920545269174,4865,6035,0,857,675,4868.0,01900124046L1AC06,191,101655,252,852,0+000,4+300,4200,4.2,L2,AC,20240726,นบ.5038,
4425,2.19,0.0,1.1,4875,4880,20240726RUN03,13.845025108768285,100.45329427846998,1.806660954412772,2.4774141081955467,2.1420375313041595,2.167183198114031,4875,6035,0,857,676,4875.0,01900124046L1AC06,191,101655,252,852,0+000,4+300,4200,4.2,L2,AC,20240726,นบ.5038,
4427,1.84,0.0,0.92,4880,4885,20240726RUN03,13.845042550934028,100.45325161064758,2.457670351646086,1.87653396353959,2.1671021575928378,2.3139568551372474,4880,6035,0,857,677,4882.0,01900124046L1AC06,191,101655,252,852,0+000,4+300,4200,4.2,L2,AC,20240726,นบ.5038,
4429,1.81,0.0,0.9,4885,4890,20240726RUN03,13.845060348455075,100.45320909684361,2.457670351646086,1.87653396353959,2.1671021575928378,1.9597479792172579,4885,6035,0,857,678,4889.0,01900124046L1AC06,191,101655,252,852,0+000,4+300,4200,4.2,L2,AC,20240726,นบ.5038,
4433,1.21,0.0,0.6,4895,4900,20240726RUN03,13.845096570776096,100.4531243476107,2.457670351646086,1.87653396353959,2.1671021575928378,2.0961933232006302,4895,6035,0,857,679,4896.0,01900124046L1AC06,191,101655,252,852,0+000,4+300,4200,4.2,L2,AC,20240726,นบ.5038,
4435,0.5,0.0,0.25,4900,4905,20240726RUN03,13.845114602768874,100.45308193788543,2.1910406101229976,1.412041614661277,1.8015411123921372,1.737072980430266,4900,6035,0,857,680,4904.0,01900124046L1AC06,191,101655,252,852,0+000,4+300,4200,4.2,L2,AC,20240726,นบ.5038,
4439,0.3,0.0,0.15,4910,4915,20240726RUN03,13.845149406822413,100.45299657153441,2.1910406101229976,1.412041614661277,1.8015411123921372,1.6963009440773096,4910,6035,0,857,681,4911.0,01900124046L1AC06,191,101655,252,852,0+000,4+300,4200,4.2,L2,AC,20240726,นบ.5038,
4441,0.16,0.0,0.08,4915,4920,20240726RUN03,13.8451658877644,100.45295350681205,2.1910406101229976,1.412041614661277,1.8015411123921372,1.6603475533525354,4915,6035,0,857,682,4918.0,01900124046L1AC06,191,101655,252,852,0+000,4+300,4200,4.2,L2,AC,20240726,นบ.5038,
4445,1.13,0.0,0.56,4925,4930,20240726RUN03,13.845196257893663,100.4528663910171,2.9467127150123686,2.698474695869924,2.8225937054411463,2.9647053594797903,4925,6035,0,857,683,4925.0,01900124046L1AC06,191,101655,252,852,0+000,4+300,4200,4.2,L2,AC,20240726,นบ.5038,
4447,1.07,0.0,0.54,4930,4935,20240726RUN03,13.845210155373506,100.45282238286931,2.9467127150123686,2.698474695869924,2.8225937054411463,2.8675328411076864,4930,6035,0,857,684,4932.0,01900124046L1AC06,191,101655,252,852,0+000,4+300,4200,4.2,L2,AC,20240726,นบ.5038,
4451,0.84,0.0,0.42,4940,4945,20240726RUN03,13.845235635728464,100.45273363818379,4.076641244302051,5.413521821180183,4.745081532741117,4.5277801162603675,4940,6035,0,857,685,4940.0,01900124046L1AC06,191,101655,252,852,0+000,4+300,4200,4.2,L2,AC,20240726,นบ.5038,
4453,0.86,0.03,0.44,4945,4950,20240726RUN03,13.845247505688983,100.45268901201601,4.076641244302051,5.413521821180183,4.745081532741117,4.9143378247287774,4945,6035,0,857,686,4947.0,01900124046L1AC06,191,101655,252,852,0+000,4+300,4200,4.2,L2,AC,20240726,นบ.5038,
4455,1.16,0.24,0.7,4950,4955,20240726RUN03,13.845259044015258,100.45264429465993,4.076641244302051,5.413521821180183,4.745081532741117,4.379653546422776,4950,6035,0,857,687,4954.0,01900124046L1AC06,191,101655,252,852,0+000,4+300,4200,4.2,L2,AC,20240726,นบ.5038,
4459,1.86,0.03,0.94,4960,4965,20240726RUN03,13.845281882468008,100.45255479505795,2.3111816293018173,2.208147530779711,2.259664580040764,2.4789610383551643,4960,6035,0,857,688,4961.0,01900124046L1AC06,191,101655,252,852,0+000,4+300,4200,4.2,L2,AC,20240726,นบ.5038,
4461,2.87,0.02,1.44,4965,4970,20240726RUN03,13.845293632210675,100.45251013478284,2.3111816293018173,2.208147530779711,2.259664580040764,2.0897041495502306,4965,6035,0,857,689,4969.0,01900124046L1AC06,191,101655,252,852,0+000,4+300,4200,4.2,L2,AC,20240726,นบ.5038,
4465,1.46,0.06,0.76,4975,4980,20240726RUN03,13.845318096720062,100.45242108698491,2.3111816293018173,2.208147530779711,2.259664580040764,2.19206799782679,4975,6035,0,857,690,4976.0,01900124046L1AC06,191,101655,252,852,0+000,4+300,4200,4.2,L2,AC,20240726,นบ.5038,
4467,2.26,0.21,1.23,4980,4985,20240726RUN03,13.845330936170612,100.45237674208929,2.645033270512181,1.7393925559646386,2.19221291323841,2.242045695357595,4980,6035,0,857,691,4983.0,01900124046L1AC06,191,101655,252,852,0+000,4+300,4200,4.2,L2,AC,20240726,นบ.5038,
4471,1.06,0.27,0.66,4990,4995,20240726RUN03,13.845357635726884,100.4522883692648,2.645033270512181,1.7393925559646386,2.19221291323841,2.2956963360417015,4990,6035,0,857,692,4990.0,01900124046L1AC06,191,101655,252,852,0+000,4+300,4200,4.2,L2,AC,20240726,นบ.5038,
4473,0.84,0.16,0.5,4995,5000,20240726RUN03,13.845371668906633,100.45224440506279,2.645033270512181,1.7393925559646386,2.19221291323841,1.9862022105215023,4995,6035,0,857,693,4997.0,01900124046L1AC06,191,101655,252,852,0+000,4+300,4200,4.2,L2,AC,20240726,นบ.5038,
4477,2.07,0.04,1.06,5005,5010,20240726RUN03,13.845401281146938,100.45215700981312,1.343216143389013,1.5746396467398307,1.4589278950644218,1.4026446282940885,5005,6035,0,857,694,5005.0,01900124046L1AC06,191,101655,252,852,0+000,4+300,4200,4.2,L2,AC,20240726,นบ.5038,
4479,2.41,0.0,1.2,5010,5015,20240726RUN03,13.84541647144739,100.45211344992389,1.343216143389013,1.5746396467398307,1.4589278950644218,1.468148937737955,5010,6035,0,857,695,5012.0,01900124046L1AC06,191,101655,252,852,0+000,4+300,4200,4.2,L2,AC,20240726,นบ.5038,
4481,2.2,0.09,1.14,5015,5020,20240726RUN03,13.845431684955122,100.45206989852225,1.343216143389013,1.5746396467398307,1.4589278950644218,1.599345788923254,5015,6035,0,857,696,5019.0,01900124046L1AC06,191,101655,252,852,0+000,4+300,4200,4.2,L2,AC,20240726,นบ.5038,
4485,0.89,0.03,0.46,5025,5030,20240726RUN03,13.845461933675828,100.45198273079424,-1.0,-1.0,-1.0,-0.9007109019101254,5025,6035,0,857,697,5026.0,01900124046L1AC06,191,101655,252,852,0+000,4+300,4200,4.2,L2,AC,20240726,นบ.5038,
4487,0.72,0.12,0.42,5030,5035,20240726RUN03,13.845477129394714,100.45193917307328,-1.0,-1.0,-1.0,-1.0436520422930762,5030,6035,0,857,698,5033.0,01900124046L1AC06,191,101655,252,852,0+000,4+300,4200,4.2,L2,AC,20240726,นบ.5038,
4491,1.97,0.12,1.04,5040,5045,20240726RUN03,13.845512097688392,100.45185393604804,-1.0,-1.0,-1.0,-1.0005347305388326,5040,6035,0,857,699,5041.0,01900124046L1AC06,191,101655,252,852,0+000,4+300,4200,4.2,L2,AC,20240726,นบ.5038,
4493,0.73,0.19,0.46,5045,5050,20240726RUN03,13.84553363171416,100.45181328004952,-1.0,-1.0,-1.0,-1.0913107392375456,5045,6035,0,857,700,5048.0,01900124046L1AC06,191,101655,252,852,0+000,4+300,4200,4.2,L2,AC,20240726,นบ.5038,
4497,0.0,0.0,0.0,5055,5060,20240726RUN03,0.0,0.0,-1.0,-1.0,-1.0,-0.9361552718230329,5055,6035,0,857,701,5055.0,01900124046L1AC06,191,101655,252,852,0+000,4+300,4200,4.2,L2,AC,20240726,นบ.5038,
4499,0.0,0.0,0.0,5060,5065,20240726RUN03,0.0,0.0,-1.0,-1.0,-1.0,-0.9443890168731836,5060,6035,0,857,702,5062.0,01900124046L1AC06,191,101655,252,852,0+000,4+300,4200,4.2,L2,AC,20240726,นบ.5038,
4501,0.0,0.0,0.0,5065,5070,20240726RUN03,0.0,0.0,-1.0,-1.0,-1.0,-0.9208114533916906,5065,6035,0,857,703,5069.0,01900124046L1AC06,191,101655,252,852,0+000,4+300,4200,4.2,L2,AC,20240726,นบ.5038,
4505,0.0,0.0,0.0,5075,5080,20240726RUN03,0.0,0.0,-1.0,-1.0,-1.0,-0.9129757173602441,5075,6035,0,857,704,5077.0,01900124046L1AC06,191,101655,252,852,0+000,4+300,4200,4.2,L2,AC,20240726,นบ.5038,
4507,0.0,0.0,0.0,5080,5085,20240726RUN03,0.0,0.0,-1.0,-1.0,-1.0,-1.0078336234129153,5080,6035,0,857,705,5084.0,01900124046L1AC06,191,101655,252,852,0+000,4+300,4200,4.2,L2,AC,20240726,นบ.5038,
4511,0.0,0.0,0.0,5090,5095,20240726RUN03,0.0,0.0,-1.0,-1.0,-1.0,-0.9183464689741787,5090,6035,0,857,706,5091.0,01900124046L1AC06,191,101655,252,852,0+000,4+300,4200,4.2,L2,AC,20240726,นบ.5038,
4513,1.49,0.07,0.78,5095,5100,20240726RUN03,0.0,0.0,-1.0,-1.0,-1.0,-1.03310113706163,5095,6035,0,857,707,5098.0,01900124046L1AC06,191,101655,252,852,0+000,4+300,4200,4.2,L2,AC,20240726,นบ.5038,
4517,6.21,0.62,3.42,5105,5110,20240726RUN03,13.845834167021941,100.45135140575724,4.300426728719573,6.212833551089334,5.256630139904454,4.998316051235777,5105,6035,0,857,708,5106.0,01900124046L1AC06,191,101655,252,852,0+000,4+300,4200,4.2,L2,AC,20240726,นบ.5038,
4519,3.87,0.09,1.98,5110,5115,20240726RUN03,13.845856551757807,100.4513112304338,4.300426728719573,6.212833551089334,5.256630139904454,5.78141017614735,5110,6035,0,857,709,5113.0,01900124046L1AC06,191,101655,252,852,0+000,4+300,4200,4.2,L2,AC,20240726,นบ.5038,
4523,2.42,0.12,1.27,5120,5125,20240726RUN03,13.845898387972317,100.45122923682413,2.2130671209399786,2.7381832149993195,2.475625167969649,2.5354767533627802,5120,6035,0,857,710,5120.0,01900124046L1AC06,191,101655,252,852,0+000,4+300,4200,4.2,L2,AC,20240726,นบ.5038,
4525,2.67,0.14,1.4,5125,5130,20240726RUN03,13.845918870140384,100.45118800831881,2.2130671209399786,2.7381832149993195,2.475625167969649,2.3467759944655167,5125,6035,0,857,711,5127.0,01900124046L1AC06,191,101655,252,852,0+000,4+300,4200,4.2,L2,AC,20240726,นบ.5038,
4527,3.2,0.08,1.64,5130,5135,20240726RUN03,13.845939354085596,100.45114678084207,2.2130671209399786,2.7381832149993195,2.475625167969649,2.3191058812801173,5130,6035,0,857,712,5134.0,01900124046L1AC06,191,101655,252,852,0+000,4+300,4200,4.2,L2,AC,20240726,นบ.5038,
4531,3.08,0.35,1.72,5140,5145,20240726RUN03,13.84598047455712,100.45106440571878,3.032531872036964,3.003147008668988,3.017839440352976,3.2938007967963574,5140,6035,0,857,713,5142.0,01900124046L1AC06,191,101655,252,852,0+000,4+300,4200,4.2,L2,AC,20240726,นบ.5038,
4533,2.66,3.94,3.3,5145,5150,20240726RUN03,13.846001152027624,100.45102327968617,3.032531872036964,3.003147008668988,3.017839440352976,2.946524835654845,5145,6035,0,857,714,5149.0,01900124046L1AC06,191,101655,252,852,0+000,4+300,4200,4.2,L2,AC,20240726,นบ.5038,
4537,2.91,1.37,2.14,5155,5160,20240726RUN03,13.846042751379185,100.45094115680092,3.032531872036964,3.003147008668988,3.017839440352976,2.917857508238682,5155,6035,0,857,715,5156.0,01900124046L1AC06,191,101655,252,852,0+000,4+300,4200,4.2,L2,AC,20240726,นบ.5038,
4539,2.47,0.08,1.28,5160,5165,20240726RUN03,13.846063640719924,100.45090014287605,3.5051737789507804,3.378208888386065,3.4416913336684227,3.5527489992547387,5160,6035,0,857,716,5163.0,01900124046L1AC06,191,101655,252,852,0+000,4+300,4200,4.2,L2,AC,20240726,นบ.5038,
4543,0.5,0.75,0.62,5170,5175,20240726RUN03,13.846105543407136,100.45081818158835,3.5051737789507804,3.378208888386065,3.4416913336684227,3.284959147076688,5170,6035,0,857,717,5170.0,01900124046L1AC06,191,101655,252,852,0+000,4+300,4200,4.2,L2,AC,20240726,นบ.5038,
4545,0.24,0.37,0.3,5175,5180,20240726RUN03,13.846126662555317,100.45077729127279,3.5051737789507804,3.378208888386065,3.4416913336684227,3.3560529698471857,5175,6035,0,857,718,5178.0,01900124046L1AC06,191,101655,252,852,0+000,4+300,4200,4.2,L2,AC,20240726,นบ.5038,
4549,1.52,0.39,0.96,5185,5190,20240726RUN03,13.846169344494959,100.45069575229455,1.7644808665658616,2.594010743909532,2.179245805237697,2.2176712025772525,5185,6035,0,857,719,5185.0,01900124046L1AC06,191,101655,252,852,0+000,4+300,4200,4.2,L2,AC,20240726,นบ.5038,
4551,2.01,1.01,1.51,5190,5195,20240726RUN03,13.84619082462978,100.45065505934912,1.7644808665658616,2.594010743909532,2.179245805237697,2.3585041549313526,5190,6035,0,857,720,5192.0,01900124046L1AC06,191,101655,252,852,0+000,4+300,4200,4.2,L2,AC,20240726,นบ.5038,
4553,0.63,2.08,1.36,5195,5200,20240726RUN03,13.846212348254605,100.45061439052822,1.7644808665658616,2.594010743909532,2.179245805237697,2.007425088027255,5195,6035,0,857,721,5199.0,01900124046L1AC06,191,101655,252,852,0+000,4+300,4200,4.2,L2,AC,20240726,นบ.5038,
4557,0.0,8.58,4.29,5205,5210,20240726RUN03,13.84625522373998,100.45053295803592,3.0765335681896326,3.404775380759799,3.2406544744747157,3.3935664481430106,5205,6035,0,857,722,5206.0,01900124046L1AC06,191,101655,252,852,0+000,4+300,4200,4.2,L2,AC,20240726,นบ.5038,
4559,0.14,3.62,1.88,5210,5215,20240726RUN03,13.846276522089005,100.45049216517464,3.0765335681896326,3.404775380759799,3.2406544744747157,3.2055228446373807,5210,6035,0,857,723,5214.0,01900124046L1AC06,191,101655,252,852,0+000,4+300,4200,4.2,L2,AC,20240726,นบ.5038,
4563,1.21,4.99,3.1,5220,5225,20240726RUN03,13.84631904009664,100.45041053638761,10.509316321730129,11.292199087972252,10.900757704851191,10.900636962429807,5220,6035,0,857,724,5221.0,01900124046L1AC06,191,101655,252,852,0+000,4+300,4200,4.2,L2,AC,20240726,นบ.5038,
4565,0.81,5.33,3.07,5225,5230,20240726RUN03,13.84634027512311,100.45036970923607,10.509316321730129,11.292199087972252,10.900757704851191,10.352779215966148,5225,6035,0,857,725,5228.0,01900124046L1AC06,191,101655,252,852,0+000,4+300,4200,4.2,L2,AC,20240726,นบ.5038,
4569,0.81,5.03,2.92,5235,5240,20240726RUN03,13.846382453616663,100.45028789709926,10.509316321730129,11.292199087972252,10.900757704851191,10.801461815535287,5235,6035,0,857,726,5235.0,01900124046L1AC06,191,101655,252,852,0+000,4+300,4200,4.2,L2,AC,20240726,นบ.5038,
4571,0.06,2.36,1.21,5240,5245,20240726RUN03,13.846403405794966,100.45024691628339,4.243086335068521,5.120563813482221,4.6818250742753715,4.5038131675361806,5240,6035,0,857,727,5243.0,01900124046L1AC06,191,101655,252,852,0+000,4+300,4200,4.2,L2,AC,20240726,นบ.5038,
4575,0.06,1.55,0.8,5250,5255,20240726RUN03,13.846445262724432,100.45016492953648,4.243086335068521,5.120563813482221,4.6818250742753715,4.679914393936589,5250,6035,0,857,728,5250.0,01900124046L1AC06,191,101655,252,852,0+000,4+300,4200,4.2,L2,AC,20240726,นบ.5038,
4577,0.16,1.04,0.6,5255,5260,20240726RUN03,13.846466017292903,100.45012384369946,4.243086335068521,5.120563813482221,4.6818250742753715,4.432496332346026,5255,6035,0,857,729,5257.0,01900124046L1AC06,191,101655,252,852,0+000,4+300,4200,4.2,L2,AC,20240726,นบ.5038,
4579,0.71,0.77,0.74,5260,5265,20240726RUN03,13.846486606661609,100.4500826707501,3.5385885138932824,3.988477462763302,3.763532988328292,3.584944968414655,5260,6035,0,857,730,5264.0,01900124046L1AC06,191,101655,252,852,0+000,4+300,4200,4.2,L2,AC,20240726,นบ.5038,
4583,0.05,1.03,0.54,5270,5275,20240726RUN03,13.846527338379145,100.45000009214286,3.5385885138932824,3.988477462763302,3.763532988328292,3.921504333747461,5270,6035,0,857,731,5271.0,01900124046L1AC06,191,101655,252,852,0+000,4+300,4200,4.2,L2,AC,20240726,นบ.5038,
4585,0.18,0.92,0.55,5275,5280,20240726RUN03,13.846547471086005,100.44995868303741,3.5385885138932824,3.988477462763302,3.763532988328292,4.113871566658421,5275,6035,0,857,732,5279.0,01900124046L1AC06,191,101655,252,852,0+000,4+300,4200,4.2,L2,AC,20240726,นบ.5038,
4589,1.74,4.83,3.28,5285,5290,20240726RUN03,13.84658706773861,100.4498755278243,6.841057980566463,6.498399741442648,6.669728861004556,6.219642309158344,5285,6035,0,857,733,5286.0,01900124046L1AC06,191,101655,252,852,0+000,4+300,4200,4.2,L2,AC,20240726,นบ.5038,
4591,1.59,4.64,3.12,5290,5295,20240726RUN03,13.84660658992913,100.44983381323813,6.841057980566463,6.498399741442648,6.669728861004556,6.196410053472635,5290,6035,0,857,734,5293.0,01900124046L1AC06,191,101655,252,852,0+000,4+300,4200,4.2,L2,AC,20240726,นบ.5038,
4595,4.05,0.08,2.06,5300,5305,20240726RUN03,13.846645559549561,100.44975034698732,8.32033583850243,9.095936638212349,8.70813623835739,9.193716523544786,5300,6035,0,857,735,5300.0,01900124046L1AC06,191,101655,252,852,0+000,4+300,4200,4.2,L2,AC,20240726,นบ.5038,
4597,1.42,0.0,0.71,5305,5310,20240726RUN03,13.846665157747752,100.4497086693983,8.32033583850243,9.095936638212349,8.70813623835739,8.221583905543694,5305,6035,0,857,736,5307.0,01900124046L1AC06,191,101655,252,852,0+000,4+300,4200,4.2,L2,AC,20240726,นบ.5038,
4601,0.66,8.05,4.36,5315,5320,20240726RUN03,13.846704650248887,100.4496254605888,8.32033583850243,9.095936638212349,8.70813623835739,9.278624208453738,5315,6035,0,857,737,5315.0,01900124046L1AC06,191,101655,252,852,0+000,4+300,4200,4.2,L2,AC,20240726,นบ.5038,
4603,0.14,7.0,3.57,5320,5325,20240726RUN03,13.846724527179365,100.44958392139294,12.11580682498483,12.577607546651375,12.346707185818103,13.465699000514487,5320,6035,0,857,738,5322.0,01900124046L1AC06,191,101655,252,852,0+000,4+300,4200,4.2,L2,AC,20240726,นบ.5038,
4605,6.57,0.93,3.75,5325,5330,20240726RUN03,13.846744426793355,100.44954239395672,12.11580682498483,12.577607546651375,12.346707185818103,11.3387615472038,5325,6035,0,857,739,5329.0,01900124046L1AC06,191,101655,252,852,0+000,4+300,4200,4.2,L2,AC,20240726,นบ.5038,
4609,4.58,0.36,2.47,5335,5340,20240726RUN03,13.846784202345573,100.44945932715949,12.11580682498483,12.577607546651375,12.346707185818103,11.250046861588263,5335,6035,0,857,740,5336.0,01900124046L1AC06,191,101655,252,852,0+000,4+300,4200,4.2,L2,AC,20240726,นบ.5038,
4611,3.34,0.7,2.02,5340,5345,20240726RUN03,13.846803991278419,100.44941774410279,6.100140256909113,5.018202895879421,5.559171576394267,5.324394542530275,5340,6035,0,857,741,5344.0,01900124046L1AC06,191,101655,252,852,0+000,4+300,4200,4.2,L2,AC,20240726,นบ.5038,
4615,4.26,0.0,2.13,5350,5355,20240726RUN03,13.846843509196274,100.44933454802336,6.100140256909113,5.018202895879421,5.559171576394267,6.02026776898016,5350,6035,0,857,742,5351.0,01900124046L1AC06,191,101655,252,852,0+000,4+300,4200,4.2,L2,AC,20240726,นบ.5038,
4617,4.75,0.0,2.38,5355,5360,20240726RUN03,13.846863278615185,100.44929295526066,6.100140256909113,5.018202895879421,5.559171576394267,5.527730849164003,5355,6035,0,857,743,5358.0,01900124046L1AC06,191,101655,252,852,0+000,4+300,4200,4.2,L2,AC,20240726,นบ.5038,
4621,6.09,0.0,3.04,5365,5370,20240726RUN03,13.846902743101056,100.44920973256419,4.776205336419839,5.843762696022649,5.309984016221244,5.738179192571255,5365,6035,0,857,744,5365.0,01900124046L1AC06,191,101655,252,852,0+000,4+300,4200,4.2,L2,AC,20240726,นบ.5038,
4623,5.32,0.0,2.66,5370,5375,20240726RUN03,13.846922386422214,100.44916807713747,4.776205336419839,5.843762696022649,5.309984016221244,4.959005129819787,5370,6035,0,857,745,5372.0,01900124046L1AC06,191,101655,252,852,0+000,4+300,4200,4.2,L2,AC,20240726,นบ.5038,
4627,2.6,0.0,1.3,5380,5385,20240726RUN03,13.846961520019434,100.44908469107833,2.4192637777626125,3.415798509492488,2.91753114362755,3.188399859454799,5380,6035,0,857,746,5380.0,01900124046L1AC06,191,101655,252,852,0+000,4+300,4200,4.2,L2,AC,20240726,นบ.5038,
4629,3.17,0.0,1.58,5385,5390,20240726RUN03,13.846981016163786,100.44904296331809,2.4192637777626125,3.415798509492488,2.91753114362755,2.7661885526272165,5385,6035,0,857,747,5387.0,01900124046L1AC06,191,101655,252,852,0+000,4+300,4200,4.2,L2,AC,20240726,นบ.5038,
4631,2.28,0.0,1.14,5390,5395,20240726RUN03,13.847000501337348,100.44900123022707,2.4192637777626125,3.415798509492488,2.91753114362755,2.9569060675682963,5390,6035,0,857,748,5394.0,01900124046L1AC06,191,101655,252,852,0+000,4+300,4200,4.2,L2,AC,20240726,นบ.5038,
4635,0.93,0.0,0.46,5400,5405,20240726RUN03,13.847039471087019,100.44891776410556,2.175765827618286,3.432889619435917,2.8043277235271016,2.9080724642288547,5400,6035,0,857,749,5401.0,01900124046L1AC06,191,101655,252,852,0+000,4+300,4200,4.2,L2,AC,20240726,นบ.5038,
4637,0.32,0.0,0.16,5405,5410,20240726RUN03,13.847058976028483,100.44887604096988,2.175765827618286,3.432889619435917,2.8043277235271016,2.777207431968093,5405,6035,0,857,750,5408.0,01900124046L1AC06,191,101655,252,852,0+000,4+300,4200,4.2,L2,AC,20240726,นบ.5038,
4641,0.48,0.0,0.24,5415,5420,20240726RUN03,13.84709795512186,100.44879258000225,2.175765827618286,3.432889619435917,2.8043277235271016,2.53913077419797,5415,6035,0,857,751,5416.0,01900124046L1AC06,191,101655,252,852,0+000,4+300,4200,4.2,L2,AC,20240726,นบ.5038,
4643,0.5,0.0,0.25,5420,5425,20240726RUN03,13.847117429015183,100.44875084205987,1.585611505615253,2.515592377032433,2.050601941323843,1.8498186758302337,5420,6035,0,857,752,5423.0,01900124046L1AC06,191,101655,252,852,0+000,4+300,4200,4.2,L2,AC,20240726,นบ.5038,
4647,0.51,0.0,0.26,5430,5435,20240726RUN03,13.847156332356446,100.44866734473187,1.585611505615253,2.515592377032433,2.050601941323843,2.0409414526786898,5430,6035,0,857,753,5430.0,01900124046L1AC06,191,101655,252,852,0+000,4+300,4200,4.2,L2,AC,20240726,นบ.5038,
4649,0.71,0.0,0.36,5435,5440,20240726RUN03,13.847175759784573,100.44862558439888,1.585611505615253,2.515592377032433,2.050601941323843,2.085453864343396,5435,6035,0,857,754,5437.0,01900124046L1AC06,191,101655,252,852,0+000,4+300,4200,4.2,L2,AC,20240726,นบ.5038,
4651,0.7,0.0,0.35,5440,5445,20240726RUN03,13.847195164330634,100.44858381304365,1.4802880471002668,2.183349805871798,1.8318189264860325,1.8258555408297295,5440,6035,0,857,755,5444.0,01900124046L1AC06,191,101655,252,852,0+000,4+300,4200,4.2,L2,AC,20240726,นบ.5038,
4655,0.95,0.0,0.48,5450,5455,20240726RUN03,13.847233979508358,100.4485002735714,1.4802880471002668,2.183349805871798,1.8318189264860325,1.6838861538801022,5450,6035,0,857,756,5452.0,01900124046L1AC06,191,101655,252,852,0+000,4+300,4200,4.2,L2,AC,20240726,นบ.5038,
4657,1.74,0.0,0.87,5455,5460,20240726RUN03,13.847253418166163,100.44845851907986,1.4802880471002668,2.183349805871798,1.8318189264860325,1.9967583483429079,5455,6035,0,857,757,5459.0,01900124046L1AC06,191,101655,252,852,0+000,4+300,4200,4.2,L2,AC,20240726,นบ.5038,
4661,0.9,0.0,0.45,5465,5470,20240726RUN03,13.847292393580581,100.44837505835778,1.646551576775043,1.9153875146777823,1.7809695457264128,1.7144606093959942,5465,6035,0,857,758,5466.0,01900124046L1AC06,191,101655,252,852,0+000,4+300,4200,4.2,L2,AC,20240726,นบ.5038,
4663,0.98,0.0,0.49,5470,5475,20240726RUN03,13.84731196953531,100.44833337143102,1.646551576775043,1.9153875146777823,1.7809695457264128,1.741386593246946,5470,6035,0,857,759,5473.0,01900124046L1AC06,191,101655,252,852,0+000,4+300,4200,4.2,L2,AC,20240726,นบ.5038,
4667,1.2,0.0,0.6,5480,5485,20240726RUN03,13.847351347985512,100.44825010974414,1.7144116583773266,2.672313839760001,2.1933627490686636,2.334277569444519,5480,6035,0,857,760,5481.0,01900124046L1AC06,191,101655,252,852,0+000,4+300,4200,4.2,L2,AC,20240726,นบ.5038,
4669,0.47,0.0,0.24,5485,5490,20240726RUN03,13.847371125012861,100.44820852266027,1.7144116583773266,2.672313839760001,2.1933627490686636,2.1541010360401263,5485,6035,0,857,761,5488.0,01900124046L1AC06,191,101655,252,852,0+000,4+300,4200,4.2,L2,AC,20240726,นบ.5038,
4673,1.45,0.0,0.72,5495,5500,20240726RUN03,13.847410704722048,100.44812536161311,1.7144116583773266,2.672313839760001,2.1933627490686636,2.1829444162059297,5495,6035,0,857,762,5495.0,01900124046L1AC06,191,101655,252,852,0+000,4+300,4200,4.2,L2,AC,20240726,นบ.5038,
4675,0.91,0.0,0.46,5500,5505,20240726RUN03,13.847430482822974,100.44808377540856,2.2480581262718853,2.7143841067169583,2.481221116494422,2.420451466540014,5500,6035,0,857,763,5502.0,01900124046L1AC06,191,101655,252,852,0+000,4+300,4200,4.2,L2,AC,20240726,นบ.5038,
4677,1.18,0.0,0.59,5505,5510,20240726RUN03,13.8474503104615,100.44804221402107,2.2480581262718853,2.7143841067169583,2.481221116494422,2.4824182666274677,5505,6035,0,857,764,5509.0,01900124046L1AC06,191,101655,252,852,0+000,4+300,4200,4.2,L2,AC,20240726,นบ.5038,
4681,0.62,0.0,0.31,5515,5520,20240726RUN03,13.84749004243642,100.44795912979178,2.2480581262718853,2.7143841067169583,2.481221116494422,2.5182217049910167,5515,6035,0,857,765,5517.0,01900124046L1AC06,191,101655,252,852,0+000,4+300,4200,4.2,L2,AC,20240726,นบ.5038,
4683,1.45,0.0,0.72,5520,5525,20240726RUN03,13.847509865419273,100.44791756633063,1.7465946649636683,2.6239283373127624,2.1852615011382155,1.9897482001943172,5520,6035,0,857,766,5524.0,01900124046L1AC06,191,101655,252,852,0+000,4+300,4200,4.2,L2,AC,20240726,นบ.5038,
4687,0.59,0.0,0.3,5530,5535,20240726RUN03,13.847549401321578,100.44783438486915,1.7465946649636683,2.6239283373127624,2.1852615011382155,2.3592717669161343,5530,6035,0,857,767,5531.0,01900124046L1AC06,191,101655,252,852,0+000,4+300,4200,4.2,L2,AC,20240726,นบ.5038,
4689,0.65,0.0,0.32,5535,5540,20240726RUN03,13.84756909394943,100.44779275682394,1.7465946649636683,2.6239283373127624,2.1852615011382155,2.1495667859838616,5535,6035,0,857,768,5538.0,01900124046L1AC06,191,101655,252,852,0+000,4+300,4200,4.2,L2,AC,20240726,นบ.5038,
4693,0.63,0.0,0.32,5545,5550,20240726RUN03,13.847608391775188,100.44770945740784,2.1187347190668744,2.8791519308096643,2.4989433249382693,2.518250735364295,5545,6035,0,857,769,5545.0,01900124046L1AC06,191,101655,252,852,0+000,4+300,4200,4.2,L2,AC,20240726,นบ.5038,
4695,0.36,0.0,0.18,5550,5555,20240726RUN03,13.847628065699613,100.44766782008048,2.1187347190668744,2.8791519308096643,2.4989433249382693,2.494195165536516,5550,6035,0,857,770,5553.0,01900124046L1AC06,191,101655,252,852,0+000,4+300,4200,4.2,L2,AC,20240726,นบ.5038,
4699,0.21,0.0,0.1,5560,5565,20240726RUN03,13.847667426882367,100.4475845520706,3.4630406141299286,3.872107000229812,3.6675738071798705,3.4875289704539463,5560,6035,0,857,771,5560.0,01900124046L1AC06,191,101655,252,852,0+000,4+300,4200,4.2,L2,AC,20240726,นบ.5038,
4701,0.37,0.0,0.18,5565,5570,20240726RUN03,13.847687104733334,100.44754291674033,3.4630406141299286,3.872107000229812,3.6675738071798705,3.469966339084895,5565,6035,0,857,772,5567.0,01900124046L1AC06,191,101655,252,852,0+000,4+300,4200,4.2,L2,AC,20240726,นบ.5038,
4703,0.53,0.0,0.26,5570,5575,20240726RUN03,13.847706786202648,100.44750128317915,3.4630406141299286,3.872107000229812,3.6675738071798705,3.9558558844559055,5570,6035,0,857,773,5574.0,01900124046L1AC06,191,101655,252,852,0+000,4+300,4200,4.2,L2,AC,20240726,นบ.5038,
4707,0.21,0.0,0.1,5580,5585,20240726RUN03,13.847746253707976,100.44741806797398,4.392489426417845,2.6939547489599485,3.543222087688897,3.833960847246555,5580,6035,0,857,774,5581.0,01900124046L1AC06,191,101655,252,852,0+000,4+300,4200,4.2,L2,AC,20240726,นบ.5038,
4709,0.22,0.05,0.14,5585,5590,20240726RUN03,13.847766013413084,100.44737647328218,4.392489426417845,2.6939547489599485,3.543222087688897,3.2731899577872996,5585,6035,0,857,775,5589.0,01900124046L1AC06,191,101655,252,852,0+000,4+300,4200,4.2,L2,AC,20240726,นบ.5038,
4713,0.06,0.0,0.03,5595,5600,20240726RUN03,13.847805350836962,100.44729319404472,4.392489426417845,2.6939547489599485,3.543222087688897,3.7139621497841304,5595,6035,0,857,776,5596.0,01900124046L1AC06,191,101655,252,852,0+000,4+300,4200,4.2,L2,AC,20240726,นบ.5038,
4715,0.19,0.0,0.1,5600,5605,20240726RUN03,13.847824935624605,100.44725151310698,2.1643354153059,3.205082104468625,2.684708759887262,2.46650427641608,5600,6035,0,857,777,5603.0,01900124046L1AC06,191,101655,252,852,0+000,4+300,4200,4.2,L2,AC,20240726,นบ.5038,
4719,0.19,0.29,0.24,5610,5615,20240726RUN03,13.847864080377931,100.44716813862851,2.1643354153059,3.205082104468625,2.684708759887262,2.7867609749588405,5610,6035,0,857,778,5610.0,01900124046L1AC06,191,101655,252,852,0+000,4+300,4200,4.2,L2,AC,20240726,นบ.5038,
4721,0.34,0.28,0.31,5615,5620,20240726RUN03,13.847883702310588,100.44712647579311,2.1643354153059,3.205082104468625,2.684708759887262,2.4672403062025796,5615,6035,0,857,779,5618.0,01900124046L1AC06,191,101655,252,852,0+000,4+300,4200,4.2,L2,AC,20240726,นบ.5038,
4725,0.26,1.22,0.74,5625,5630,20240726RUN03,13.847922882943706,100.4470431187631,5.415418213317721,4.954987287329031,5.185202750323375,5.339020042326923,5625,6035,0,857,780,5625.0,01900124046L1AC06,191,101655,252,852,0+000,4+300,4200,4.2,L2,AC,20240726,นบ.5038,
4727,0.15,0.23,0.19,5630,5635,20240726RUN03,13.847942432543856,100.44700142013691,5.415418213317721,4.954987287329031,5.185202750323375,5.191243603983084,5630,6035,0,857,781,5632.0,01900124046L1AC06,191,101655,252,852,0+000,4+300,4200,4.2,L2,AC,20240726,นบ.5038,
4729,0.01,0.29,0.15,5635,5640,20240726RUN03,13.847961892344456,100.44695967745831,5.415418213317721,4.954987287329031,5.185202750323375,5.46633816816542,5635,6035,0,857,782,5639.0,01900124046L1AC06,191,101655,252,852,0+000,4+300,4200,4.2,L2,AC,20240726,นบ.5038,
4733,1.44,0.04,0.74,5645,5650,20240726RUN03,13.848000812881043,100.44687619220778,2.397953151373753,3.693623417341693,3.045788284357723,3.0689995476826986,5645,6035,0,857,783,5646.0,01900124046L1AC06,191,101655,252,852,0+000,4+300,4200,4.2,L2,AC,20240726,นบ.5038,
4735,1.41,0.17,0.79,5650,5655,20240726RUN03,13.848020277192518,100.44683445123032,2.397953151373753,3.693623417341693,3.045788284357723,3.1268942240740913,5650,6035,0,857,784,5654.0,01900124046L1AC06,191,101655,252,852,0+000,4+300,4200,4.2,L2,AC,20240726,นบ.5038,
4739,0.14,0.0,0.07,5660,5665,20240726RUN03,13.848059383937754,100.44675105602329,2.496491904824661,3.513231282097242,3.0048615934609515,2.793646598427979,5660,6035,0,857,785,5661.0,01900124046L1AC06,191,101655,252,852,0+000,4+300,4200,4.2,L2,AC,20240726,นบ.5038,
4741,0.03,0.0,0.02,5665,5670,20240726RUN03,13.8480789560081,100.44670936745608,2.496491904824661,3.513231282097242,3.0048615934609515,3.0048669442772,5665,6035,0,857,786,5668.0,01900124046L1AC06,191,101655,252,852,0+000,4+300,4200,4.2,L2,AC,20240726,นบ.5038,
4745,0.56,0.0,0.28,5675,5680,20240726RUN03,13.848117807533708,100.44662584693647,2.496491904824661,3.513231282097242,3.0048615934609515,3.1545283770691017,5675,6035,0,857,787,5675.0,01900124046L1AC06,191,101655,252,852,0+000,4+300,4200,4.2,L2,AC,20240726,นบ.5038,
4747,0.57,0.0,0.28,5680,5685,20240726RUN03,13.848137174276781,100.44658405789774,3.473861706724865,4.744358332868491,4.109110019796678,4.156061144998198,5680,6035,0,857,788,5682.0,01900124046L1AC06,191,101655,252,852,0+000,4+300,4200,4.2,L2,AC,20240726,นบ.5038,
4751,1.19,0.68,0.94,5690,5695,20240726RUN03,13.848175865806901,100.44650045914094,3.473861706724865,4.744358332868491,4.109110019796678,4.280977617504402,5690,6035,0,857,789,5690.0,01900124046L1AC06,191,101655,252,852,0+000,4+300,4200,4.2,L2,AC,20240726,นบ.5038,
4753,0.6,0.54,0.57,5695,5700,20240726RUN03,13.848195175436564,100.44645864202928,3.473861706724865,4.744358332868491,4.109110019796678,4.372582978519581,5695,6035,0,857,790,5697.0,01900124046L1AC06,191,101655,252,852,0+000,4+300,4200,4.2,L2,AC,20240726,นบ.5038,
4755,0.99,0.0,0.5,5700,5705,20240726RUN03,13.848214398645705,100.4464167829695,3.353872364313003,3.707309960827215,3.5305911625701087,3.5931466340862435,5700,6035,0,857,791,5704.0,01900124046L1AC06,191,101655,252,852,0+000,4+300,4200,4.2,L2,AC,20240726,นบ.5038,
4759,2.51,0.0,1.25,5710,5715,20240726RUN03,13.848252673670476,100.44633298298947,3.353872364313003,3.707309960827215,3.5305911625701087,3.7248870892975217,5710,6035,0,857,792,5711.0,01900124046L1AC06,191,101655,252,852,0+000,4+300,4200,4.2,L2,AC,20240726,นบ.5038,
4761,1.62,0.29,0.96,5715,5720,20240726RUN03,13.848271735890243,100.44629104706466,3.353872364313003,3.707309960827215,3.5305911625701087,3.4242745747798455,5715,6035,0,857,793,5718.0,01900124046L1AC06,191,101655,252,852,0+000,4+300,4200,4.2,L2,AC,20240726,นบ.5038,
4765,1.67,0.22,0.94,5725,5730,20240726RUN03,13.848309935281458,100.44620721129147,3.871250108326314,3.3373405688400704,3.604295338583192,3.800385252943859,5725,6035,0,857,794,5726.0,01900124046L1AC06,191,101655,252,852,0+000,4+300,4200,4.2,L2,AC,20240726,นบ.5038,
4767,1.72,0.01,0.86,5730,5735,20240726RUN03,13.848329245981358,100.44616539476645,3.871250108326314,3.3373405688400704,3.604295338583192,3.8899181207222355,5730,6035,0,857,795,5733.0,01900124046L1AC06,191,101655,252,852,0+000,4+300,4200,4.2,L2,AC,20240726,นบ.5038,
4771,2.2,0.01,1.1,5740,5745,20240726RUN03,13.84836837868867,100.44608201103664,3.0966203021453347,2.589796261846905,2.8432082819961195,3.1249171130466866,5740,6035,0,857,796,5740.0,01900124046L1AC06,191,101655,252,852,0+000,4+300,4200,4.2,L2,AC,20240726,นบ.5038,
4773,0.53,0.0,0.26,5745,5750,20240726RUN03,13.848388165935853,100.44604042846585,3.0966203021453347,2.589796261846905,2.8432082819961195,2.964136625906655,5745,6035,0,857,797,5747.0,01900124046L1AC06,191,101655,252,852,0+000,4+300,4200,4.2,L2,AC,20240726,นบ.5038,
4777,0.89,0.19,0.54,5755,5760,20240726RUN03,13.848428070788984,100.44595742865297,3.0966203021453347,2.589796261846905,2.8432082819961195,2.8633225238057864,5755,6035,0,857,798,5755.0,01900124046L1AC06,191,101655,252,852,0+000,4+300,4200,4.2,L2,AC,20240726,นบ.5038,
4779,0.85,0.0,0.42,5760,5765,20240726RUN03,13.848448114428878,100.44591597469699,2.926370628520273,1.9292201254290493,2.427795376974661,2.6558613608878754,5760,6035,0,857,799,5762.0,01900124046L1AC06,191,101655,252,852,0+000,4+300,4200,4.2,L2,AC,20240726,นบ.5038,
4781,0.76,0.0,0.38,5765,5770,20240726RUN03,13.848468263405515,100.44587457437034,2.926370628520273,1.9292201254290493,2.427795376974661,2.2163471130918304,5765,6035,0,857,800,5769.0,01900124046L1AC06,191,101655,252,852,0+000,4+300,4200,4.2,L2,AC,20240726,นบ.5038,
4785,0.24,0.0,0.12,5775,5780,20240726RUN03,13.848509044050838,100.44579202172763,2.926370628520273,1.9292201254290493,2.427795376974661,2.265941680615981,5775,6035,0,857,801,5776.0,01900124046L1AC06,191,101655,252,852,0+000,4+300,4200,4.2,L2,AC,20240726,นบ.5038,
4787,0.37,0.0,0.18,5780,5785,20240726RUN03,13.848529570743787,100.44575081617185,3.79075023043408,2.318872125697096,3.054811178065588,3.2252039596727764,5780,6035,0,857,802,5783.0,01900124046L1AC06,191,101655,252,852,0+000,4+300,4200,4.2,L2,AC,20240726,นบ.5038,
4791,1.86,0.0,0.93,5790,5795,20240726RUN03,13.848570696105536,100.44566844280001,3.79075023043408,2.318872125697096,3.054811178065588,2.866865532784232,5790,6035,0,857,803,5791.0,01900124046L1AC06,191,101655,252,852,0+000,4+300,4200,4.2,L2,AC,20240726,นบ.5038,
4793,1.67,0.0,0.84,5795,5800,20240726RUN03,13.848591298377416,100.44562727671774,3.79075023043408,2.318872125697096,3.054811178065588,3.0692004276621065,5795,6035,0,857,804,5798.0,01900124046L1AC06,191,101655,252,852,0+000,4+300,4200,4.2,L2,AC,20240726,นบ.5038,
4797,1.33,0.0,0.66,5805,5810,20240726RUN03,13.848632515369504,100.44554495131824,3.4484273927888616,3.443222098991836,3.4458247458903486,3.369298330044813,5805,6035,0,857,805,5805.0,01900124046L1AC06,191,101655,252,852,0+000,4+300,4200,4.2,L2,AC,20240726,นบ.5038,
4799,1.33,0.0,0.66,5810,5815,20240726RUN03,13.848653316577353,100.44550389016773,3.4484273927888616,3.443222098991836,3.4458247458903486,3.3449391099268944,5810,6035,0,857,806,5812.0,01900124046L1AC06,191,101655,252,852,0+000,4+300,4200,4.2,L2,AC,20240726,นบ.5038,
4801,0.82,0.0,0.41,5815,5820,20240726RUN03,13.848674289576596,100.4454629205739,3.4484273927888616,3.443222098991836,3.4458247458903486,3.643041107652168,5815,6035,0,857,807,5819.0,01900124046L1AC06,191,101655,252,852,0+000,4+300,4200,4.2,L2,AC,20240726,นบ.5038,
4805,1.06,0.0,0.53,5825,5830,20240726RUN03,13.84871664620064,100.44538120341305,3.0499885519027137,2.433292155052282,2.741640353477498,2.4714190919437926,5825,6035,0,857,808,5827.0,01900124046L1AC06,191,101655,252,852,0+000,4+300,4200,4.2,L2,AC,20240726,นบ.5038,
4807,2.11,0.0,1.06,5830,5835,20240726RUN03,13.848737999768261,100.44534044036418,3.0499885519027137,2.433292155052282,2.741640353477498,2.6734538839378192,5830,6035,0,857,809,5834.0,01900124046L1AC06,191,101655,252,852,0+000,4+300,4200,4.2,L2,AC,20240726,นบ.5038,
4811,0.18,0.0,0.09,5840,5845,20240726RUN03,13.848780538288874,100.44525882214222,2.2689428630975788,2.2476578112950008,2.2583003371962898,2.058990356136031,5840,6035,0,857,810,5841.0,01900124046L1AC06,191,101655,252,852,0+000,4+300,4200,4.2,L2,AC,20240726,นบ.5038,
4813,0.68,0.0,0.34,5845,5850,20240726RUN03,13.8488016271455,100.44521791496896,2.2689428630975788,2.2476578112950008,2.2583003371962898,2.4553881324293685,5845,6035,0,857,811,5848.0,01900124046L1AC06,191,101655,252,852,0+000,4+300,4200,4.2,L2,AC,20240726,นบ.5038,
4817,0.26,0.0,0.13,5855,5860,20240726RUN03,13.84884326424482,100.44513581148477,2.2689428630975788,2.2476578112950008,2.2583003371962898,2.3109209415648237,5855,6035,0,857,812,5855.0,01900124046L1AC06,191,101655,252,852,0+000,4+300,4200,4.2,L2,AC,20240726,นบ.5038,
4819,0.54,0.0,0.27,5860,5865,20240726RUN03,13.848863874425781,100.44509464955804,4.546524642603369,3.041138499145058,3.7938315708742136,3.967135657937692,5860,6035,0,857,813,5863.0,01900124046L1AC06,191,101655,252,852,0+000,4+300,4200,4.2,L2,AC,20240726,นบ.5038,
4823,1.41,0.0,0.7,5870,5875,20240726RUN03,13.848904941605932,100.4450122455656,4.546524642603369,3.041138499145058,3.7938315708742136,3.892531711145166,5870,6035,0,857,814,5870.0,01900124046L1AC06,191,101655,252,852,0+000,4+300,4200,4.2,L2,AC,20240726,นบ.5038,
4825,1.12,0.1,0.61,5875,5880,20240726RUN03,13.848925396492682,100.44497100273261,4.546524642603369,3.041138499145058,3.7938315708742136,3.6204384710898774,5875,6035,0,857,815,5877.0,01900124046L1AC06,191,101655,252,852,0+000,4+300,4200,4.2,L2,AC,20240726,นบ.5038,
4827,1.66,0.0,0.83,5880,5885,20240726RUN03,13.848945865042591,100.44492976699124,3.823193226669431,4.534175831113731,4.178684528891581,3.931420446887697,5880,6035,0,857,816,5884.0,01900124046L1AC06,191,101655,252,852,0+000,4+300,4200,4.2,L2,AC,20240726,นบ.5038,
4831,0.85,0.0,0.42,5890,5895,20240726RUN03,13.848986921399042,100.44484735745718,3.823193226669431,4.534175831113731,4.178684528891581,4.413183444992072,5890,6035,0,857,817,5892.0,01900124046L1AC06,191,101655,252,852,0+000,4+300,4200,4.2,L2,AC,20240726,นบ.5038,
4833,0.52,0.1,0.31,5895,5900,20240726RUN03,13.849007458649478,100.44480615731115,3.823193226669431,4.534175831113731,4.178684528891581,4.422205579880539,5895,6035,0,857,818,5899.0,01900124046L1AC06,191,101655,252,852,0+000,4+300,4200,4.2,L2,AC,20240726,นบ.5038,
4837,1.5,0.55,1.02,5905,5910,20240726RUN03,13.849048463558386,100.44472372089166,4.372934431877932,4.463495682257372,4.418215057067652,3.9953472922527844,5905,6035,0,857,819,5906.0,01900124046L1AC06,191,101655,252,852,0+000,4+300,4200,4.2,L2,AC,20240726,นบ.5038,
4839,1.04,0.17,0.6,5910,5915,20240726RUN03,13.849068901473878,100.44468246903773,4.372934431877932,4.463495682257372,4.418215057067652,4.696803959559158,5910,6035,0,857,820,5913.0,01900124046L1AC06,191,101655,252,852,0+000,4+300,4200,4.2,L2,AC,20240726,นบ.5038,
4843,3.31,0.17,1.74,5920,5925,20240726RUN03,13.849109507695927,100.44459982629792,3.0182414364966315,4.021036470719882,3.519638953608257,3.816945680131058,5920,6035,0,857,821,5920.0,01900124046L1AC06,191,101655,252,852,0+000,4+300,4200,4.2,L2,AC,20240726,นบ.5038,
4845,5.32,0.0,2.66,5925,5930,20240726RUN03,13.849129642087073,100.4445584183986,3.0182414364966315,4.021036470719882,3.519638953608257,3.5048500820488715,5925,6035,0,857,822,5928.0,01900124046L1AC06,191,101655,252,852,0+000,4+300,4200,4.2,L2,AC,20240726,นบ.5038,
4849,7.46,0.0,3.73,5935,5940,20240726RUN03,13.849169699945657,100.4444754955336,3.0182414364966315,4.021036470719882,3.519638953608257,3.7471304435696164,5935,6035,0,857,823,5935.0,01900124046L1AC06,191,101655,252,852,0+000,4+300,4200,4.2,L2,AC,20240726,นบ.5038,
4851,3.81,0.0,1.9,5940,5945,20240726RUN03,13.849189840815491,100.44443409116344,6.739421899349434,7.535903812064106,7.13766285570677,7.246032341643159,5940,6035,0,857,824,5942.0,01900124046L1AC06,191,101655,252,852,0+000,4+300,4200,4.2,L2,AC,20240726,นบ.5038,
4853,1.01,0.16,0.58,5945,5950,20240726RUN03,13.84921024099064,100.44439281982238,6.739421899349434,7.535903812064106,7.13766285570677,7.26760031054363,5945,6035,0,857,825,5949.0,01900124046L1AC06,191,101655,252,852,0+000,4+300,4200,4.2,L2,AC,20240726,นบ.5038,
4857,6.21,0.04,3.12,5955,5960,20240726RUN03,13.849250723864827,100.4443101140135,6.739421899349434,7.535903812064106,7.13766285570677,6.867992598225463,5955,6035,0,857,826,5956.0,01900124046L1AC06,191,101655,252,852,0+000,4+300,4200,4.2,L2,AC,20240726,นบ.5038,
4859,7.76,0.0,3.88,5960,5965,20240726RUN03,13.849270996968302,100.44426877702882,8.031086273361359,10.226871240098108,9.128978756729733,8.253163270751287,5960,6035,0,857,827,5964.0,01900124046L1AC06,191,101655,252,852,0+000,4+300,4200,4.2,L2,AC,20240726,นบ.5038,
4863,4.07,0.0,2.04,5970,5975,20240726RUN03,13.849311827112835,100.444186250069,8.031086273361359,10.226871240098108,9.128978756729733,9.329693285774459,5970,6035,0,857,828,5971.0,01900124046L1AC06,191,101655,252,852,0+000,4+300,4200,4.2,L2,AC,20240726,นบ.5038,
4865,1.07,0.03,0.55,5975,5980,20240726RUN03,13.849332414345904,100.4441450759854,8.031086273361359,10.226871240098108,9.128978756729733,8.874596200644147,5975,6035,0,857,829,5978.0,01900124046L1AC06,191,101655,252,852,0+000,4+300,4200,4.2,L2,AC,20240726,นบ.5038,
4869,0.3,0.45,0.38,5985,5990,20240726RUN03,13.849373963454797,100.44406292509976,8.690156673505662,10.062782828033685,9.376469750769672,10.205803160490497,5985,6035,0,857,830,5985.0,01900124046L1AC06,191,101655,252,852,0+000,4+300,4200,4.2,L2,AC,20240726,นบ.5038,
4871,0.26,2.96,1.61,5990,5995,20240726RUN03,13.849394669313407,100.44402181338992,8.690156673505662,10.062782828033685,9.376469750769672,8.875794358633055,5990,6035,0,857,831,5993.0,01900124046L1AC06,191,101655,252,852,0+000,4+300,4200,4.2,L2,AC,20240726,นบ.5038,
4875,0.34,6.09,3.22,6000,6005,20240726RUN03,13.849436063259947,100.44393958502631,15.84045880884452,16.280329870080642,16.060394339462583,16.766943836409304,6000,6035,0,857,832,6000.0,01900124046L1AC06,191,101655,252,852,0+000,4+300,4200,4.2,L2,AC,20240726,นบ.5038,
4877,5.66,2.46,4.06,6005,6010,20240726RUN03,13.84945940932183,100.44390000290738,15.84045880884452,16.280329870080642,16.060394339462583,15.625236640392384,6005,6035,0,857,833,6007.0,01900124046L1AC06,191,101655,252,852,0+000,4+300,4200,4.2,L2,AC,20240726,นบ.5038,
4879,6.84,0.27,3.56,6010,6015,20240726RUN03,13.849487700991446,100.44386401205081,15.84045880884452,16.280329870080642,16.060394339462583,16.0794687291603,6010,6035,0,857,834,6014.0,01900124046L1AC06,191,101655,252,852,0+000,4+300,4200,4.2,L2,AC,20240726,นบ.5038,
4883,36.1,0.0,18.05,6020,6025,20240726RUN03,13.849564500070434,100.44381771560568,,,,,6020,6035,0,857,835,6021.0,01900124046L1AC06,191,101655,252,852,0+000,4+300,4200,4.2,L2,AC,20240726,นบ.5038,
4885,16.73,0.0,8.36,6025,6030,20240726RUN03,13.84960935499728,100.44381344231503,,,,,6025,6035,0,857,836,6029.0,01900124046L1AC06,191,101655,252,852,0+000,4+300,4200,4.2,L2,AC,20240726,นบ.5038,
4889,0.43,0.92,0.68,6035,6040,20240726RUN03,13.849697678750779,100.4438319157022,,,,,6035,6035,0,857,837,6036.0,01900124046L1AC06,191,101655,252,852,0+000,4+300,4200,4.2,L2,AC,20240726,นบ.5038,
